airline,airport,type,block,n,airline_airport,year
AA,ORD,arr,1970-01-01T00:01:00Z,-128,AA/ ORD,1995
AA,ORD,arr,1970-01-01T00:11:00Z,-67,AA/ ORD,1995
AA,ORD,arr,1970-01-01T00:21:00Z,-26,AA/ ORD,1995
AA,ORD,arr,1970-01-01T00:31:00Z,-14,AA/ ORD,1995
AA,ORD,arr,1970-01-01T00:41:00Z,-12,AA/ ORD,1995
AA,ORD,arr,1970-01-01T00:51:00Z,-16,AA/ ORD,1995
AA,ORD,arr,1970-01-01T01:01:00Z,-10,AA/ ORD,1995
AA,ORD,arr,1970-01-01T01:11:00Z,-8,AA/ ORD,1995
AA,ORD,arr,1970-01-01T01:21:00Z,-7,AA/ ORD,1995
AA,ORD,arr,1970-01-01T01:31:00Z,-8,AA/ ORD,1995
AA,ORD,arr,1970-01-01T01:51:00Z,-4,AA/ ORD,1995
AA,ORD,arr,1970-01-01T02:01:00Z,-3,AA/ ORD,1995
AA,ORD,arr,1970-01-01T02:21:00Z,-1,AA/ ORD,1995
AA,ORD,arr,1970-01-01T02:31:00Z,-2,AA/ ORD,1995
AA,ORD,arr,1970-01-01T03:01:00Z,-3,AA/ ORD,1995
AA,ORD,arr,1970-01-01T03:11:00Z,-1,AA/ ORD,1995
AA,ORD,arr,1970-01-01T03:31:00Z,-1,AA/ ORD,1995
AA,ORD,arr,1970-01-01T03:41:00Z,-1,AA/ ORD,1995
AA,ORD,arr,1970-01-01T03:51:00Z,-1,AA/ ORD,1995
AA,ORD,arr,1970-01-01T04:11:00Z,-1,AA/ ORD,1995
AA,ORD,arr,1970-01-01T04:21:00Z,-17,AA/ ORD,1995
AA,ORD,arr,1970-01-01T04:31:00Z,-64,AA/ ORD,1995
AA,ORD,arr,1970-01-01T04:41:00Z,-135,AA/ ORD,1995
AA,ORD,arr,1970-01-01T04:51:00Z,-224,AA/ ORD,1995
AA,ORD,arr,1970-01-01T05:01:00Z,-176,AA/ ORD,1995
AA,ORD,arr,1970-01-01T05:11:00Z,-181,AA/ ORD,1995
AA,ORD,arr,1970-01-01T05:21:00Z,-442,AA/ ORD,1995
AA,ORD,arr,1970-01-01T05:31:00Z,-730,AA/ ORD,1995
AA,ORD,arr,1970-01-01T05:41:00Z,-638,AA/ ORD,1995
AA,ORD,arr,1970-01-01T05:51:00Z,-294,AA/ ORD,1995
AA,ORD,arr,1970-01-01T06:01:00Z,-130,AA/ ORD,1995
AA,ORD,arr,1970-01-01T06:11:00Z,-43,AA/ ORD,1995
AA,ORD,arr,1970-01-01T06:21:00Z,-18,AA/ ORD,1995
AA,ORD,arr,1970-01-01T06:31:00Z,-15,AA/ ORD,1995
AA,ORD,arr,1970-01-01T06:41:00Z,-12,AA/ ORD,1995
AA,ORD,arr,1970-01-01T06:51:00Z,-19,AA/ ORD,1995
AA,ORD,arr,1970-01-01T07:01:00Z,-42,AA/ ORD,1995
AA,ORD,arr,1970-01-01T07:11:00Z,-36,AA/ ORD,1995
AA,ORD,arr,1970-01-01T07:21:00Z,-294,AA/ ORD,1995
AA,ORD,arr,1970-01-01T07:31:00Z,-903,AA/ ORD,1995
AA,ORD,arr,1970-01-01T07:41:00Z,-1667,AA/ ORD,1995
AA,ORD,arr,1970-01-01T07:51:00Z,-2522,AA/ ORD,1995
AA,ORD,arr,1970-01-01T08:01:00Z,-2450,AA/ ORD,1995
AA,ORD,arr,1970-01-01T08:11:00Z,-1498,AA/ ORD,1995
AA,ORD,arr,1970-01-01T08:21:00Z,-645,AA/ ORD,1995
AA,ORD,arr,1970-01-01T08:31:00Z,-319,AA/ ORD,1995
AA,ORD,arr,1970-01-01T08:41:00Z,-183,AA/ ORD,1995
AA,ORD,arr,1970-01-01T08:51:00Z,-125,AA/ ORD,1995
AA,ORD,arr,1970-01-01T09:01:00Z,-312,AA/ ORD,1995
AA,ORD,arr,1970-01-01T09:11:00Z,-1599,AA/ ORD,1995
AA,ORD,arr,1970-01-01T09:21:00Z,-2785,AA/ ORD,1995
AA,ORD,arr,1970-01-01T09:31:00Z,-2097,AA/ ORD,1995
AA,ORD,arr,1970-01-01T09:41:00Z,-839,AA/ ORD,1995
AA,ORD,arr,1970-01-01T09:51:00Z,-307,AA/ ORD,1995
AA,ORD,arr,1970-01-01T10:01:00Z,-255,AA/ ORD,1995
AA,ORD,arr,1970-01-01T10:11:00Z,-193,AA/ ORD,1995
AA,ORD,arr,1970-01-01T10:21:00Z,-522,AA/ ORD,1995
AA,ORD,arr,1970-01-01T10:31:00Z,-1366,AA/ ORD,1995
AA,ORD,arr,1970-01-01T10:41:00Z,-2066,AA/ ORD,1995
AA,ORD,arr,1970-01-01T10:51:00Z,-2353,AA/ ORD,1995
AA,ORD,arr,1970-01-01T11:01:00Z,-1843,AA/ ORD,1995
AA,ORD,arr,1970-01-01T11:11:00Z,-970,AA/ ORD,1995
AA,ORD,arr,1970-01-01T11:21:00Z,-480,AA/ ORD,1995
AA,ORD,arr,1970-01-01T11:31:00Z,-291,AA/ ORD,1995
AA,ORD,arr,1970-01-01T11:41:00Z,-216,AA/ ORD,1995
AA,ORD,arr,1970-01-01T11:51:00Z,-406,AA/ ORD,1995
AA,ORD,arr,1970-01-01T12:01:00Z,-1061,AA/ ORD,1995
AA,ORD,arr,1970-01-01T12:11:00Z,-2031,AA/ ORD,1995
AA,ORD,arr,1970-01-01T12:21:00Z,-2448,AA/ ORD,1995
AA,ORD,arr,1970-01-01T12:31:00Z,-1913,AA/ ORD,1995
AA,ORD,arr,1970-01-01T12:41:00Z,-1113,AA/ ORD,1995
AA,ORD,arr,1970-01-01T12:51:00Z,-609,AA/ ORD,1995
AA,ORD,arr,1970-01-01T13:01:00Z,-526,AA/ ORD,1995
AA,ORD,arr,1970-01-01T13:11:00Z,-482,AA/ ORD,1995
AA,ORD,arr,1970-01-01T13:21:00Z,-459,AA/ ORD,1995
AA,ORD,arr,1970-01-01T13:31:00Z,-833,AA/ ORD,1995
AA,ORD,arr,1970-01-01T13:41:00Z,-1747,AA/ ORD,1995
AA,ORD,arr,1970-01-01T13:51:00Z,-2207,AA/ ORD,1995
AA,ORD,arr,1970-01-01T14:01:00Z,-2070,AA/ ORD,1995
AA,ORD,arr,1970-01-01T14:11:00Z,-1388,AA/ ORD,1995
AA,ORD,arr,1970-01-01T14:21:00Z,-674,AA/ ORD,1995
AA,ORD,arr,1970-01-01T14:31:00Z,-429,AA/ ORD,1995
AA,ORD,arr,1970-01-01T14:41:00Z,-374,AA/ ORD,1995
AA,ORD,arr,1970-01-01T14:51:00Z,-569,AA/ ORD,1995
AA,ORD,arr,1970-01-01T15:01:00Z,-1267,AA/ ORD,1995
AA,ORD,arr,1970-01-01T15:11:00Z,-2513,AA/ ORD,1995
AA,ORD,arr,1970-01-01T15:21:00Z,-2441,AA/ ORD,1995
AA,ORD,arr,1970-01-01T15:31:00Z,-2019,AA/ ORD,1995
AA,ORD,arr,1970-01-01T15:41:00Z,-1436,AA/ ORD,1995
AA,ORD,arr,1970-01-01T15:51:00Z,-824,AA/ ORD,1995
AA,ORD,arr,1970-01-01T16:01:00Z,-597,AA/ ORD,1995
AA,ORD,arr,1970-01-01T16:11:00Z,-577,AA/ ORD,1995
AA,ORD,arr,1970-01-01T16:21:00Z,-940,AA/ ORD,1995
AA,ORD,arr,1970-01-01T16:31:00Z,-1364,AA/ ORD,1995
AA,ORD,arr,1970-01-01T16:41:00Z,-1237,AA/ ORD,1995
AA,ORD,arr,1970-01-01T16:51:00Z,-591,AA/ ORD,1995
AA,ORD,arr,1970-01-01T17:01:00Z,-658,AA/ ORD,1995
AA,ORD,arr,1970-01-01T17:11:00Z,-1305,AA/ ORD,1995
AA,ORD,arr,1970-01-01T17:21:00Z,-1888,AA/ ORD,1995
AA,ORD,arr,1970-01-01T17:31:00Z,-1999,AA/ ORD,1995
AA,ORD,arr,1970-01-01T17:41:00Z,-1966,AA/ ORD,1995
AA,ORD,arr,1970-01-01T17:51:00Z,-1086,AA/ ORD,1995
AA,ORD,arr,1970-01-01T18:01:00Z,-734,AA/ ORD,1995
AA,ORD,arr,1970-01-01T18:11:00Z,-557,AA/ ORD,1995
AA,ORD,arr,1970-01-01T18:21:00Z,-628,AA/ ORD,1995
AA,ORD,arr,1970-01-01T18:31:00Z,-730,AA/ ORD,1995
AA,ORD,arr,1970-01-01T18:41:00Z,-798,AA/ ORD,1995
AA,ORD,arr,1970-01-01T18:51:00Z,-844,AA/ ORD,1995
AA,ORD,arr,1970-01-01T19:01:00Z,-1172,AA/ ORD,1995
AA,ORD,arr,1970-01-01T19:11:00Z,-1697,AA/ ORD,1995
AA,ORD,arr,1970-01-01T19:21:00Z,-2307,AA/ ORD,1995
AA,ORD,arr,1970-01-01T19:31:00Z,-2354,AA/ ORD,1995
AA,ORD,arr,1970-01-01T19:41:00Z,-1884,AA/ ORD,1995
AA,ORD,arr,1970-01-01T19:51:00Z,-1176,AA/ ORD,1995
AA,ORD,arr,1970-01-01T20:01:00Z,-768,AA/ ORD,1995
AA,ORD,arr,1970-01-01T20:11:00Z,-633,AA/ ORD,1995
AA,ORD,arr,1970-01-01T20:21:00Z,-741,AA/ ORD,1995
AA,ORD,arr,1970-01-01T20:31:00Z,-934,AA/ ORD,1995
AA,ORD,arr,1970-01-01T20:41:00Z,-1655,AA/ ORD,1995
AA,ORD,arr,1970-01-01T20:51:00Z,-1694,AA/ ORD,1995
AA,ORD,arr,1970-01-01T21:01:00Z,-1302,AA/ ORD,1995
AA,ORD,arr,1970-01-01T21:11:00Z,-1030,AA/ ORD,1995
AA,ORD,arr,1970-01-01T21:21:00Z,-724,AA/ ORD,1995
AA,ORD,arr,1970-01-01T21:31:00Z,-575,AA/ ORD,1995
AA,ORD,arr,1970-01-01T21:41:00Z,-531,AA/ ORD,1995
AA,ORD,arr,1970-01-01T21:51:00Z,-520,AA/ ORD,1995
AA,ORD,arr,1970-01-01T22:01:00Z,-533,AA/ ORD,1995
AA,ORD,arr,1970-01-01T22:11:00Z,-349,AA/ ORD,1995
AA,ORD,arr,1970-01-01T22:21:00Z,-248,AA/ ORD,1995
AA,ORD,arr,1970-01-01T22:31:00Z,-215,AA/ ORD,1995
AA,ORD,arr,1970-01-01T22:41:00Z,-243,AA/ ORD,1995
AA,ORD,arr,1970-01-01T22:51:00Z,-225,AA/ ORD,1995
AA,ORD,arr,1970-01-01T23:01:00Z,-128,AA/ ORD,1995
AA,ORD,arr,1970-01-01T23:11:00Z,-72,AA/ ORD,1995
AA,ORD,arr,1970-01-01T23:21:00Z,-50,AA/ ORD,1995
AA,ORD,arr,1970-01-01T23:31:00Z,-39,AA/ ORD,1995
AA,ORD,arr,1970-01-01T23:41:00Z,-55,AA/ ORD,1995
AA,ORD,arr,1970-01-01T23:51:00Z,-144,AA/ ORD,1995
AA,ORD,dep,1970-01-01T00:01:00Z,16,AA/ ORD,1995
AA,ORD,dep,1970-01-01T00:11:00Z,16,AA/ ORD,1995
AA,ORD,dep,1970-01-01T00:21:00Z,5,AA/ ORD,1995
AA,ORD,dep,1970-01-01T00:31:00Z,3,AA/ ORD,1995
AA,ORD,dep,1970-01-01T00:41:00Z,4,AA/ ORD,1995
AA,ORD,dep,1970-01-01T00:51:00Z,2,AA/ ORD,1995
AA,ORD,dep,1970-01-01T01:01:00Z,4,AA/ ORD,1995
AA,ORD,dep,1970-01-01T01:11:00Z,4,AA/ ORD,1995
AA,ORD,dep,1970-01-01T01:31:00Z,1,AA/ ORD,1995
AA,ORD,dep,1970-01-01T01:51:00Z,1,AA/ ORD,1995
AA,ORD,dep,1970-01-01T02:01:00Z,2,AA/ ORD,1995
AA,ORD,dep,1970-01-01T03:11:00Z,1,AA/ ORD,1995
AA,ORD,dep,1970-01-01T03:31:00Z,1,AA/ ORD,1995
AA,ORD,dep,1970-01-01T03:41:00Z,1,AA/ ORD,1995
AA,ORD,dep,1970-01-01T03:51:00Z,1,AA/ ORD,1995
AA,ORD,dep,1970-01-01T04:31:00Z,1,AA/ ORD,1995
AA,ORD,dep,1970-01-01T05:01:00Z,1,AA/ ORD,1995
AA,ORD,dep,1970-01-01T05:51:00Z,219,AA/ ORD,1995
AA,ORD,dep,1970-01-01T06:01:00Z,109,AA/ ORD,1995
AA,ORD,dep,1970-01-01T06:11:00Z,314,AA/ ORD,1995
AA,ORD,dep,1970-01-01T06:21:00Z,1339,AA/ ORD,1995
AA,ORD,dep,1970-01-01T06:31:00Z,598,AA/ ORD,1995
AA,ORD,dep,1970-01-01T06:41:00Z,655,AA/ ORD,1995
AA,ORD,dep,1970-01-01T06:51:00Z,2765,AA/ ORD,1995
AA,ORD,dep,1970-01-01T07:01:00Z,806,AA/ ORD,1995
AA,ORD,dep,1970-01-01T07:11:00Z,841,AA/ ORD,1995
AA,ORD,dep,1970-01-01T07:21:00Z,585,AA/ ORD,1995
AA,ORD,dep,1970-01-01T07:31:00Z,223,AA/ ORD,1995
AA,ORD,dep,1970-01-01T07:41:00Z,275,AA/ ORD,1995
AA,ORD,dep,1970-01-01T07:51:00Z,611,AA/ ORD,1995
AA,ORD,dep,1970-01-01T08:01:00Z,173,AA/ ORD,1995
AA,ORD,dep,1970-01-01T08:11:00Z,145,AA/ ORD,1995
AA,ORD,dep,1970-01-01T08:21:00Z,378,AA/ ORD,1995
AA,ORD,dep,1970-01-01T08:31:00Z,354,AA/ ORD,1995
AA,ORD,dep,1970-01-01T08:41:00Z,3350,AA/ ORD,1995
AA,ORD,dep,1970-01-01T08:51:00Z,4935,AA/ ORD,1995
AA,ORD,dep,1970-01-01T09:01:00Z,2011,AA/ ORD,1995
AA,ORD,dep,1970-01-01T09:11:00Z,918,AA/ ORD,1995
AA,ORD,dep,1970-01-01T09:21:00Z,238,AA/ ORD,1995
AA,ORD,dep,1970-01-01T09:31:00Z,116,AA/ ORD,1995
AA,ORD,dep,1970-01-01T09:41:00Z,81,AA/ ORD,1995
AA,ORD,dep,1970-01-01T09:51:00Z,611,AA/ ORD,1995
AA,ORD,dep,1970-01-01T10:01:00Z,1543,AA/ ORD,1995
AA,ORD,dep,1970-01-01T10:11:00Z,4070,AA/ ORD,1995
AA,ORD,dep,1970-01-01T10:21:00Z,1481,AA/ ORD,1995
AA,ORD,dep,1970-01-01T10:31:00Z,371,AA/ ORD,1995
AA,ORD,dep,1970-01-01T10:41:00Z,143,AA/ ORD,1995
AA,ORD,dep,1970-01-01T10:51:00Z,748,AA/ ORD,1995
AA,ORD,dep,1970-01-01T11:01:00Z,250,AA/ ORD,1995
AA,ORD,dep,1970-01-01T11:11:00Z,159,AA/ ORD,1995
AA,ORD,dep,1970-01-01T11:21:00Z,331,AA/ ORD,1995
AA,ORD,dep,1970-01-01T11:31:00Z,1836,AA/ ORD,1995
AA,ORD,dep,1970-01-01T11:41:00Z,3468,AA/ ORD,1995
AA,ORD,dep,1970-01-01T11:51:00Z,3246,AA/ ORD,1995
AA,ORD,dep,1970-01-01T12:01:00Z,757,AA/ ORD,1995
AA,ORD,dep,1970-01-01T12:11:00Z,398,AA/ ORD,1995
AA,ORD,dep,1970-01-01T12:21:00Z,182,AA/ ORD,1995
AA,ORD,dep,1970-01-01T12:31:00Z,153,AA/ ORD,1995
AA,ORD,dep,1970-01-01T12:41:00Z,278,AA/ ORD,1995
AA,ORD,dep,1970-01-01T12:51:00Z,616,AA/ ORD,1995
AA,ORD,dep,1970-01-01T13:01:00Z,750,AA/ ORD,1995
AA,ORD,dep,1970-01-01T13:11:00Z,3014,AA/ ORD,1995
AA,ORD,dep,1970-01-01T13:21:00Z,3217,AA/ ORD,1995
AA,ORD,dep,1970-01-01T13:31:00Z,913,AA/ ORD,1995
AA,ORD,dep,1970-01-01T13:41:00Z,555,AA/ ORD,1995
AA,ORD,dep,1970-01-01T13:51:00Z,695,AA/ ORD,1995
AA,ORD,dep,1970-01-01T14:01:00Z,397,AA/ ORD,1995
AA,ORD,dep,1970-01-01T14:11:00Z,227,AA/ ORD,1995
AA,ORD,dep,1970-01-01T14:21:00Z,178,AA/ ORD,1995
AA,ORD,dep,1970-01-01T14:31:00Z,201,AA/ ORD,1995
AA,ORD,dep,1970-01-01T14:41:00Z,2647,AA/ ORD,1995
AA,ORD,dep,1970-01-01T14:51:00Z,4137,AA/ ORD,1995
AA,ORD,dep,1970-01-01T15:01:00Z,1906,AA/ ORD,1995
AA,ORD,dep,1970-01-01T15:11:00Z,729,AA/ ORD,1995
AA,ORD,dep,1970-01-01T15:21:00Z,510,AA/ ORD,1995
AA,ORD,dep,1970-01-01T15:31:00Z,374,AA/ ORD,1995
AA,ORD,dep,1970-01-01T15:41:00Z,291,AA/ ORD,1995
AA,ORD,dep,1970-01-01T15:51:00Z,514,AA/ ORD,1995
AA,ORD,dep,1970-01-01T16:01:00Z,487,AA/ ORD,1995
AA,ORD,dep,1970-01-01T16:11:00Z,2588,AA/ ORD,1995
AA,ORD,dep,1970-01-01T16:21:00Z,2762,AA/ ORD,1995
AA,ORD,dep,1970-01-01T16:31:00Z,1459,AA/ ORD,1995
AA,ORD,dep,1970-01-01T16:41:00Z,687,AA/ ORD,1995
AA,ORD,dep,1970-01-01T16:51:00Z,844,AA/ ORD,1995
AA,ORD,dep,1970-01-01T17:01:00Z,553,AA/ ORD,1995
AA,ORD,dep,1970-01-01T17:11:00Z,431,AA/ ORD,1995
AA,ORD,dep,1970-01-01T17:21:00Z,2043,AA/ ORD,1995
AA,ORD,dep,1970-01-01T17:31:00Z,1086,AA/ ORD,1995
AA,ORD,dep,1970-01-01T17:41:00Z,494,AA/ ORD,1995
AA,ORD,dep,1970-01-01T17:51:00Z,711,AA/ ORD,1995
AA,ORD,dep,1970-01-01T18:01:00Z,536,AA/ ORD,1995
AA,ORD,dep,1970-01-01T18:11:00Z,1628,AA/ ORD,1995
AA,ORD,dep,1970-01-01T18:21:00Z,3178,AA/ ORD,1995
AA,ORD,dep,1970-01-01T18:31:00Z,1871,AA/ ORD,1995
AA,ORD,dep,1970-01-01T18:41:00Z,1705,AA/ ORD,1995
AA,ORD,dep,1970-01-01T18:51:00Z,1076,AA/ ORD,1995
AA,ORD,dep,1970-01-01T19:01:00Z,702,AA/ ORD,1995
AA,ORD,dep,1970-01-01T19:11:00Z,802,AA/ ORD,1995
AA,ORD,dep,1970-01-01T19:21:00Z,546,AA/ ORD,1995
AA,ORD,dep,1970-01-01T19:31:00Z,348,AA/ ORD,1995
AA,ORD,dep,1970-01-01T19:41:00Z,257,AA/ ORD,1995
AA,ORD,dep,1970-01-01T19:51:00Z,295,AA/ ORD,1995
AA,ORD,dep,1970-01-01T20:01:00Z,307,AA/ ORD,1995
AA,ORD,dep,1970-01-01T20:11:00Z,2521,AA/ ORD,1995
AA,ORD,dep,1970-01-01T20:21:00Z,3349,AA/ ORD,1995
AA,ORD,dep,1970-01-01T20:31:00Z,1687,AA/ ORD,1995
AA,ORD,dep,1970-01-01T20:41:00Z,1003,AA/ ORD,1995
AA,ORD,dep,1970-01-01T20:51:00Z,529,AA/ ORD,1995
AA,ORD,dep,1970-01-01T21:01:00Z,423,AA/ ORD,1995
AA,ORD,dep,1970-01-01T21:11:00Z,333,AA/ ORD,1995
AA,ORD,dep,1970-01-01T21:21:00Z,252,AA/ ORD,1995
AA,ORD,dep,1970-01-01T21:31:00Z,767,AA/ ORD,1995
AA,ORD,dep,1970-01-01T21:41:00Z,1967,AA/ ORD,1995
AA,ORD,dep,1970-01-01T21:51:00Z,1197,AA/ ORD,1995
AA,ORD,dep,1970-01-01T22:01:00Z,429,AA/ ORD,1995
AA,ORD,dep,1970-01-01T22:11:00Z,258,AA/ ORD,1995
AA,ORD,dep,1970-01-01T22:21:00Z,227,AA/ ORD,1995
AA,ORD,dep,1970-01-01T22:31:00Z,167,AA/ ORD,1995
AA,ORD,dep,1970-01-01T22:41:00Z,119,AA/ ORD,1995
AA,ORD,dep,1970-01-01T22:51:00Z,139,AA/ ORD,1995
AA,ORD,dep,1970-01-01T23:01:00Z,102,AA/ ORD,1995
AA,ORD,dep,1970-01-01T23:11:00Z,95,AA/ ORD,1995
AA,ORD,dep,1970-01-01T23:21:00Z,58,AA/ ORD,1995
AA,ORD,dep,1970-01-01T23:31:00Z,44,AA/ ORD,1995
AA,ORD,dep,1970-01-01T23:41:00Z,41,AA/ ORD,1995
AA,ORD,dep,1970-01-01T23:51:00Z,33,AA/ ORD,1995
UA,ORD,arr,1970-01-01T00:01:00Z,-121,UA/ ORD,1995
UA,ORD,arr,1970-01-01T00:11:00Z,-135,UA/ ORD,1995
UA,ORD,arr,1970-01-01T00:21:00Z,-147,UA/ ORD,1995
UA,ORD,arr,1970-01-01T00:31:00Z,-160,UA/ ORD,1995
UA,ORD,arr,1970-01-01T00:41:00Z,-110,UA/ ORD,1995
UA,ORD,arr,1970-01-01T00:51:00Z,-47,UA/ ORD,1995
UA,ORD,arr,1970-01-01T01:01:00Z,-30,UA/ ORD,1995
UA,ORD,arr,1970-01-01T01:11:00Z,-20,UA/ ORD,1995
UA,ORD,arr,1970-01-01T01:21:00Z,-15,UA/ ORD,1995
UA,ORD,arr,1970-01-01T01:31:00Z,-4,UA/ ORD,1995
UA,ORD,arr,1970-01-01T01:41:00Z,-6,UA/ ORD,1995
UA,ORD,arr,1970-01-01T01:51:00Z,-5,UA/ ORD,1995
UA,ORD,arr,1970-01-01T02:01:00Z,-7,UA/ ORD,1995
UA,ORD,arr,1970-01-01T02:11:00Z,-2,UA/ ORD,1995
UA,ORD,arr,1970-01-01T02:21:00Z,-3,UA/ ORD,1995
UA,ORD,arr,1970-01-01T02:31:00Z,-2,UA/ ORD,1995
UA,ORD,arr,1970-01-01T02:51:00Z,-2,UA/ ORD,1995
UA,ORD,arr,1970-01-01T03:11:00Z,-1,UA/ ORD,1995
UA,ORD,arr,1970-01-01T03:21:00Z,-1,UA/ ORD,1995
UA,ORD,arr,1970-01-01T03:31:00Z,-5,UA/ ORD,1995
UA,ORD,arr,1970-01-01T03:41:00Z,-2,UA/ ORD,1995
UA,ORD,arr,1970-01-01T03:51:00Z,-4,UA/ ORD,1995
UA,ORD,arr,1970-01-01T04:01:00Z,-3,UA/ ORD,1995
UA,ORD,arr,1970-01-01T04:11:00Z,-16,UA/ ORD,1995
UA,ORD,arr,1970-01-01T04:21:00Z,-83,UA/ ORD,1995
UA,ORD,arr,1970-01-01T04:31:00Z,-224,UA/ ORD,1995
UA,ORD,arr,1970-01-01T04:41:00Z,-436,UA/ ORD,1995
UA,ORD,arr,1970-01-01T04:51:00Z,-752,UA/ ORD,1995
UA,ORD,arr,1970-01-01T05:01:00Z,-1102,UA/ ORD,1995
UA,ORD,arr,1970-01-01T05:11:00Z,-805,UA/ ORD,1995
UA,ORD,arr,1970-01-01T05:21:00Z,-355,UA/ ORD,1995
UA,ORD,arr,1970-01-01T05:31:00Z,-194,UA/ ORD,1995
UA,ORD,arr,1970-01-01T05:41:00Z,-100,UA/ ORD,1995
UA,ORD,arr,1970-01-01T05:51:00Z,-47,UA/ ORD,1995
UA,ORD,arr,1970-01-01T06:01:00Z,-38,UA/ ORD,1995
UA,ORD,arr,1970-01-01T06:11:00Z,-26,UA/ ORD,1995
UA,ORD,arr,1970-01-01T06:21:00Z,-19,UA/ ORD,1995
UA,ORD,arr,1970-01-01T06:31:00Z,-75,UA/ ORD,1995
UA,ORD,arr,1970-01-01T06:41:00Z,-326,UA/ ORD,1995
UA,ORD,arr,1970-01-01T06:51:00Z,-1346,UA/ ORD,1995
UA,ORD,arr,1970-01-01T07:01:00Z,-2245,UA/ ORD,1995
UA,ORD,arr,1970-01-01T07:11:00Z,-2362,UA/ ORD,1995
UA,ORD,arr,1970-01-01T07:21:00Z,-1328,UA/ ORD,1995
UA,ORD,arr,1970-01-01T07:31:00Z,-773,UA/ ORD,1995
UA,ORD,arr,1970-01-01T07:41:00Z,-709,UA/ ORD,1995
UA,ORD,arr,1970-01-01T07:51:00Z,-630,UA/ ORD,1995
UA,ORD,arr,1970-01-01T08:01:00Z,-917,UA/ ORD,1995
UA,ORD,arr,1970-01-01T08:11:00Z,-1303,UA/ ORD,1995
UA,ORD,arr,1970-01-01T08:21:00Z,-1810,UA/ ORD,1995
UA,ORD,arr,1970-01-01T08:31:00Z,-2654,UA/ ORD,1995
UA,ORD,arr,1970-01-01T08:41:00Z,-3073,UA/ ORD,1995
UA,ORD,arr,1970-01-01T08:51:00Z,-2815,UA/ ORD,1995
UA,ORD,arr,1970-01-01T09:01:00Z,-1737,UA/ ORD,1995
UA,ORD,arr,1970-01-01T09:11:00Z,-952,UA/ ORD,1995
UA,ORD,arr,1970-01-01T09:21:00Z,-435,UA/ ORD,1995
UA,ORD,arr,1970-01-01T09:31:00Z,-444,UA/ ORD,1995
UA,ORD,arr,1970-01-01T09:41:00Z,-713,UA/ ORD,1995
UA,ORD,arr,1970-01-01T09:51:00Z,-1193,UA/ ORD,1995
UA,ORD,arr,1970-01-01T10:01:00Z,-2548,UA/ ORD,1995
UA,ORD,arr,1970-01-01T10:11:00Z,-2795,UA/ ORD,1995
UA,ORD,arr,1970-01-01T10:21:00Z,-1428,UA/ ORD,1995
UA,ORD,arr,1970-01-01T10:31:00Z,-961,UA/ ORD,1995
UA,ORD,arr,1970-01-01T10:41:00Z,-807,UA/ ORD,1995
UA,ORD,arr,1970-01-01T10:51:00Z,-671,UA/ ORD,1995
UA,ORD,arr,1970-01-01T11:01:00Z,-1281,UA/ ORD,1995
UA,ORD,arr,1970-01-01T11:11:00Z,-2256,UA/ ORD,1995
UA,ORD,arr,1970-01-01T11:21:00Z,-2775,UA/ ORD,1995
UA,ORD,arr,1970-01-01T11:31:00Z,-2796,UA/ ORD,1995
UA,ORD,arr,1970-01-01T11:41:00Z,-2000,UA/ ORD,1995
UA,ORD,arr,1970-01-01T11:51:00Z,-1276,UA/ ORD,1995
UA,ORD,arr,1970-01-01T12:01:00Z,-1022,UA/ ORD,1995
UA,ORD,arr,1970-01-01T12:11:00Z,-773,UA/ ORD,1995
UA,ORD,arr,1970-01-01T12:21:00Z,-870,UA/ ORD,1995
UA,ORD,arr,1970-01-01T12:31:00Z,-1646,UA/ ORD,1995
UA,ORD,arr,1970-01-01T12:41:00Z,-2804,UA/ ORD,1995
UA,ORD,arr,1970-01-01T12:51:00Z,-2803,UA/ ORD,1995
UA,ORD,arr,1970-01-01T13:01:00Z,-1668,UA/ ORD,1995
UA,ORD,arr,1970-01-01T13:11:00Z,-1002,UA/ ORD,1995
UA,ORD,arr,1970-01-01T13:21:00Z,-778,UA/ ORD,1995
UA,ORD,arr,1970-01-01T13:31:00Z,-749,UA/ ORD,1995
UA,ORD,arr,1970-01-01T13:41:00Z,-929,UA/ ORD,1995
UA,ORD,arr,1970-01-01T13:51:00Z,-1071,UA/ ORD,1995
UA,ORD,arr,1970-01-01T14:01:00Z,-1236,UA/ ORD,1995
UA,ORD,arr,1970-01-01T14:11:00Z,-1807,UA/ ORD,1995
UA,ORD,arr,1970-01-01T14:21:00Z,-2532,UA/ ORD,1995
UA,ORD,arr,1970-01-01T14:31:00Z,-2405,UA/ ORD,1995
UA,ORD,arr,1970-01-01T14:41:00Z,-1551,UA/ ORD,1995
UA,ORD,arr,1970-01-01T14:51:00Z,-922,UA/ ORD,1995
UA,ORD,arr,1970-01-01T15:01:00Z,-819,UA/ ORD,1995
UA,ORD,arr,1970-01-01T15:11:00Z,-775,UA/ ORD,1995
UA,ORD,arr,1970-01-01T15:21:00Z,-958,UA/ ORD,1995
UA,ORD,arr,1970-01-01T15:31:00Z,-1435,UA/ ORD,1995
UA,ORD,arr,1970-01-01T15:41:00Z,-2043,UA/ ORD,1995
UA,ORD,arr,1970-01-01T15:51:00Z,-2560,UA/ ORD,1995
UA,ORD,arr,1970-01-01T16:01:00Z,-2426,UA/ ORD,1995
UA,ORD,arr,1970-01-01T16:11:00Z,-1669,UA/ ORD,1995
UA,ORD,arr,1970-01-01T16:21:00Z,-972,UA/ ORD,1995
UA,ORD,arr,1970-01-01T16:31:00Z,-723,UA/ ORD,1995
UA,ORD,arr,1970-01-01T16:41:00Z,-803,UA/ ORD,1995
UA,ORD,arr,1970-01-01T16:51:00Z,-1484,UA/ ORD,1995
UA,ORD,arr,1970-01-01T17:01:00Z,-1575,UA/ ORD,1995
UA,ORD,arr,1970-01-01T17:11:00Z,-1309,UA/ ORD,1995
UA,ORD,arr,1970-01-01T17:21:00Z,-902,UA/ ORD,1995
UA,ORD,arr,1970-01-01T17:31:00Z,-981,UA/ ORD,1995
UA,ORD,arr,1970-01-01T17:41:00Z,-1512,UA/ ORD,1995
UA,ORD,arr,1970-01-01T17:51:00Z,-2368,UA/ ORD,1995
UA,ORD,arr,1970-01-01T18:01:00Z,-2851,UA/ ORD,1995
UA,ORD,arr,1970-01-01T18:11:00Z,-2782,UA/ ORD,1995
UA,ORD,arr,1970-01-01T18:21:00Z,-1779,UA/ ORD,1995
UA,ORD,arr,1970-01-01T18:31:00Z,-1158,UA/ ORD,1995
UA,ORD,arr,1970-01-01T18:41:00Z,-1086,UA/ ORD,1995
UA,ORD,arr,1970-01-01T18:51:00Z,-1537,UA/ ORD,1995
UA,ORD,arr,1970-01-01T19:01:00Z,-1957,UA/ ORD,1995
UA,ORD,arr,1970-01-01T19:11:00Z,-2545,UA/ ORD,1995
UA,ORD,arr,1970-01-01T19:21:00Z,-2328,UA/ ORD,1995
UA,ORD,arr,1970-01-01T19:31:00Z,-1318,UA/ ORD,1995
UA,ORD,arr,1970-01-01T19:41:00Z,-980,UA/ ORD,1995
UA,ORD,arr,1970-01-01T19:51:00Z,-884,UA/ ORD,1995
UA,ORD,arr,1970-01-01T20:01:00Z,-1050,UA/ ORD,1995
UA,ORD,arr,1970-01-01T20:11:00Z,-984,UA/ ORD,1995
UA,ORD,arr,1970-01-01T20:21:00Z,-730,UA/ ORD,1995
UA,ORD,arr,1970-01-01T20:31:00Z,-656,UA/ ORD,1995
UA,ORD,arr,1970-01-01T20:41:00Z,-842,UA/ ORD,1995
UA,ORD,arr,1970-01-01T20:51:00Z,-1004,UA/ ORD,1995
UA,ORD,arr,1970-01-01T21:01:00Z,-1182,UA/ ORD,1995
UA,ORD,arr,1970-01-01T21:11:00Z,-1533,UA/ ORD,1995
UA,ORD,arr,1970-01-01T21:21:00Z,-1273,UA/ ORD,1995
UA,ORD,arr,1970-01-01T21:31:00Z,-926,UA/ ORD,1995
UA,ORD,arr,1970-01-01T21:41:00Z,-667,UA/ ORD,1995
UA,ORD,arr,1970-01-01T21:51:00Z,-475,UA/ ORD,1995
UA,ORD,arr,1970-01-01T22:01:00Z,-360,UA/ ORD,1995
UA,ORD,arr,1970-01-01T22:11:00Z,-243,UA/ ORD,1995
UA,ORD,arr,1970-01-01T22:21:00Z,-221,UA/ ORD,1995
UA,ORD,arr,1970-01-01T22:31:00Z,-268,UA/ ORD,1995
UA,ORD,arr,1970-01-01T22:41:00Z,-310,UA/ ORD,1995
UA,ORD,arr,1970-01-01T22:51:00Z,-235,UA/ ORD,1995
UA,ORD,arr,1970-01-01T23:01:00Z,-258,UA/ ORD,1995
UA,ORD,arr,1970-01-01T23:11:00Z,-158,UA/ ORD,1995
UA,ORD,arr,1970-01-01T23:21:00Z,-98,UA/ ORD,1995
UA,ORD,arr,1970-01-01T23:31:00Z,-91,UA/ ORD,1995
UA,ORD,arr,1970-01-01T23:41:00Z,-93,UA/ ORD,1995
UA,ORD,arr,1970-01-01T23:51:00Z,-82,UA/ ORD,1995
UA,ORD,dep,1970-01-01T00:01:00Z,14,UA/ ORD,1995
UA,ORD,dep,1970-01-01T00:11:00Z,14,UA/ ORD,1995
UA,ORD,dep,1970-01-01T00:21:00Z,13,UA/ ORD,1995
UA,ORD,dep,1970-01-01T00:31:00Z,4,UA/ ORD,1995
UA,ORD,dep,1970-01-01T00:41:00Z,2,UA/ ORD,1995
UA,ORD,dep,1970-01-01T00:51:00Z,6,UA/ ORD,1995
UA,ORD,dep,1970-01-01T01:01:00Z,7,UA/ ORD,1995
UA,ORD,dep,1970-01-01T01:11:00Z,3,UA/ ORD,1995
UA,ORD,dep,1970-01-01T01:21:00Z,1,UA/ ORD,1995
UA,ORD,dep,1970-01-01T01:31:00Z,3,UA/ ORD,1995
UA,ORD,dep,1970-01-01T05:41:00Z,56,UA/ ORD,1995
UA,ORD,dep,1970-01-01T05:51:00Z,335,UA/ ORD,1995
UA,ORD,dep,1970-01-01T06:01:00Z,626,UA/ ORD,1995
UA,ORD,dep,1970-01-01T06:11:00Z,662,UA/ ORD,1995
UA,ORD,dep,1970-01-01T06:21:00Z,696,UA/ ORD,1995
UA,ORD,dep,1970-01-01T06:31:00Z,930,UA/ ORD,1995
UA,ORD,dep,1970-01-01T06:41:00Z,2010,UA/ ORD,1995
UA,ORD,dep,1970-01-01T06:51:00Z,1185,UA/ ORD,1995
UA,ORD,dep,1970-01-01T07:01:00Z,1077,UA/ ORD,1995
UA,ORD,dep,1970-01-01T07:11:00Z,572,UA/ ORD,1995
UA,ORD,dep,1970-01-01T07:21:00Z,233,UA/ ORD,1995
UA,ORD,dep,1970-01-01T07:31:00Z,266,UA/ ORD,1995
UA,ORD,dep,1970-01-01T07:41:00Z,3213,UA/ ORD,1995
UA,ORD,dep,1970-01-01T07:51:00Z,2565,UA/ ORD,1995
UA,ORD,dep,1970-01-01T08:01:00Z,2430,UA/ ORD,1995
UA,ORD,dep,1970-01-01T08:11:00Z,2596,UA/ ORD,1995
UA,ORD,dep,1970-01-01T08:21:00Z,1395,UA/ ORD,1995
UA,ORD,dep,1970-01-01T08:31:00Z,906,UA/ ORD,1995
UA,ORD,dep,1970-01-01T08:41:00Z,1106,UA/ ORD,1995
UA,ORD,dep,1970-01-01T08:51:00Z,835,UA/ ORD,1995
UA,ORD,dep,1970-01-01T09:01:00Z,686,UA/ ORD,1995
UA,ORD,dep,1970-01-01T09:11:00Z,1003,UA/ ORD,1995
UA,ORD,dep,1970-01-01T09:21:00Z,2179,UA/ ORD,1995
UA,ORD,dep,1970-01-01T09:31:00Z,2640,UA/ ORD,1995
UA,ORD,dep,1970-01-01T09:41:00Z,3284,UA/ ORD,1995
UA,ORD,dep,1970-01-01T09:51:00Z,3093,UA/ ORD,1995
UA,ORD,dep,1970-01-01T10:01:00Z,1367,UA/ ORD,1995
UA,ORD,dep,1970-01-01T10:11:00Z,846,UA/ ORD,1995
UA,ORD,dep,1970-01-01T10:21:00Z,474,UA/ ORD,1995
UA,ORD,dep,1970-01-01T10:31:00Z,436,UA/ ORD,1995
UA,ORD,dep,1970-01-01T10:41:00Z,990,UA/ ORD,1995
UA,ORD,dep,1970-01-01T10:51:00Z,2697,UA/ ORD,1995
UA,ORD,dep,1970-01-01T11:01:00Z,2601,UA/ ORD,1995
UA,ORD,dep,1970-01-01T11:11:00Z,1361,UA/ ORD,1995
UA,ORD,dep,1970-01-01T11:21:00Z,1011,UA/ ORD,1995
UA,ORD,dep,1970-01-01T11:31:00Z,752,UA/ ORD,1995
UA,ORD,dep,1970-01-01T11:41:00Z,875,UA/ ORD,1995
UA,ORD,dep,1970-01-01T11:51:00Z,664,UA/ ORD,1995
UA,ORD,dep,1970-01-01T12:01:00Z,537,UA/ ORD,1995
UA,ORD,dep,1970-01-01T12:11:00Z,3805,UA/ ORD,1995
UA,ORD,dep,1970-01-01T12:21:00Z,3430,UA/ ORD,1995
UA,ORD,dep,1970-01-01T12:31:00Z,2124,UA/ ORD,1995
UA,ORD,dep,1970-01-01T12:41:00Z,1891,UA/ ORD,1995
UA,ORD,dep,1970-01-01T12:51:00Z,948,UA/ ORD,1995
UA,ORD,dep,1970-01-01T13:01:00Z,629,UA/ ORD,1995
UA,ORD,dep,1970-01-01T13:11:00Z,786,UA/ ORD,1995
UA,ORD,dep,1970-01-01T13:21:00Z,1369,UA/ ORD,1995
UA,ORD,dep,1970-01-01T13:31:00Z,3060,UA/ ORD,1995
UA,ORD,dep,1970-01-01T13:41:00Z,3490,UA/ ORD,1995
UA,ORD,dep,1970-01-01T13:51:00Z,1996,UA/ ORD,1995
UA,ORD,dep,1970-01-01T14:01:00Z,1225,UA/ ORD,1995
UA,ORD,dep,1970-01-01T14:11:00Z,1027,UA/ ORD,1995
UA,ORD,dep,1970-01-01T14:21:00Z,728,UA/ ORD,1995
UA,ORD,dep,1970-01-01T14:31:00Z,619,UA/ ORD,1995
UA,ORD,dep,1970-01-01T14:41:00Z,745,UA/ ORD,1995
UA,ORD,dep,1970-01-01T14:51:00Z,459,UA/ ORD,1995
UA,ORD,dep,1970-01-01T15:01:00Z,628,UA/ ORD,1995
UA,ORD,dep,1970-01-01T15:11:00Z,3409,UA/ ORD,1995
UA,ORD,dep,1970-01-01T15:21:00Z,2869,UA/ ORD,1995
UA,ORD,dep,1970-01-01T15:31:00Z,1985,UA/ ORD,1995
UA,ORD,dep,1970-01-01T15:41:00Z,1363,UA/ ORD,1995
UA,ORD,dep,1970-01-01T15:51:00Z,745,UA/ ORD,1995
UA,ORD,dep,1970-01-01T16:01:00Z,824,UA/ ORD,1995
UA,ORD,dep,1970-01-01T16:11:00Z,672,UA/ ORD,1995
UA,ORD,dep,1970-01-01T16:21:00Z,335,UA/ ORD,1995
UA,ORD,dep,1970-01-01T16:31:00Z,325,UA/ ORD,1995
UA,ORD,dep,1970-01-01T16:41:00Z,2760,UA/ ORD,1995
UA,ORD,dep,1970-01-01T16:51:00Z,2528,UA/ ORD,1995
UA,ORD,dep,1970-01-01T17:01:00Z,3340,UA/ ORD,1995
UA,ORD,dep,1970-01-01T17:11:00Z,1664,UA/ ORD,1995
UA,ORD,dep,1970-01-01T17:21:00Z,871,UA/ ORD,1995
UA,ORD,dep,1970-01-01T17:31:00Z,803,UA/ ORD,1995
UA,ORD,dep,1970-01-01T17:41:00Z,1416,UA/ ORD,1995
UA,ORD,dep,1970-01-01T17:51:00Z,1360,UA/ ORD,1995
UA,ORD,dep,1970-01-01T18:01:00Z,1301,UA/ ORD,1995
UA,ORD,dep,1970-01-01T18:11:00Z,1059,UA/ ORD,1995
UA,ORD,dep,1970-01-01T18:21:00Z,634,UA/ ORD,1995
UA,ORD,dep,1970-01-01T18:31:00Z,667,UA/ ORD,1995
UA,ORD,dep,1970-01-01T18:41:00Z,1706,UA/ ORD,1995
UA,ORD,dep,1970-01-01T18:51:00Z,2236,UA/ ORD,1995
UA,ORD,dep,1970-01-01T19:01:00Z,3092,UA/ ORD,1995
UA,ORD,dep,1970-01-01T19:11:00Z,2412,UA/ ORD,1995
UA,ORD,dep,1970-01-01T19:21:00Z,1280,UA/ ORD,1995
UA,ORD,dep,1970-01-01T19:31:00Z,809,UA/ ORD,1995
UA,ORD,dep,1970-01-01T19:41:00Z,1061,UA/ ORD,1995
UA,ORD,dep,1970-01-01T19:51:00Z,1593,UA/ ORD,1995
UA,ORD,dep,1970-01-01T20:01:00Z,2230,UA/ ORD,1995
UA,ORD,dep,1970-01-01T20:11:00Z,2594,UA/ ORD,1995
UA,ORD,dep,1970-01-01T20:21:00Z,1387,UA/ ORD,1995
UA,ORD,dep,1970-01-01T20:31:00Z,764,UA/ ORD,1995
UA,ORD,dep,1970-01-01T20:41:00Z,1630,UA/ ORD,1995
UA,ORD,dep,1970-01-01T20:51:00Z,1122,UA/ ORD,1995
UA,ORD,dep,1970-01-01T21:01:00Z,772,UA/ ORD,1995
UA,ORD,dep,1970-01-01T21:11:00Z,503,UA/ ORD,1995
UA,ORD,dep,1970-01-01T21:21:00Z,406,UA/ ORD,1995
UA,ORD,dep,1970-01-01T21:31:00Z,329,UA/ ORD,1995
UA,ORD,dep,1970-01-01T21:41:00Z,233,UA/ ORD,1995
UA,ORD,dep,1970-01-01T21:51:00Z,797,UA/ ORD,1995
UA,ORD,dep,1970-01-01T22:01:00Z,1578,UA/ ORD,1995
UA,ORD,dep,1970-01-01T22:11:00Z,912,UA/ ORD,1995
UA,ORD,dep,1970-01-01T22:21:00Z,393,UA/ ORD,1995
UA,ORD,dep,1970-01-01T22:31:00Z,238,UA/ ORD,1995
UA,ORD,dep,1970-01-01T22:41:00Z,198,UA/ ORD,1995
UA,ORD,dep,1970-01-01T22:51:00Z,105,UA/ ORD,1995
UA,ORD,dep,1970-01-01T23:01:00Z,97,UA/ ORD,1995
UA,ORD,dep,1970-01-01T23:11:00Z,54,UA/ ORD,1995
UA,ORD,dep,1970-01-01T23:21:00Z,52,UA/ ORD,1995
UA,ORD,dep,1970-01-01T23:31:00Z,35,UA/ ORD,1995
UA,ORD,dep,1970-01-01T23:41:00Z,34,UA/ ORD,1995
UA,ORD,dep,1970-01-01T23:51:00Z,21,UA/ ORD,1995
AA,ORD,arr,1970-01-01T00:01:00Z,-143,AA/ ORD,1996
AA,ORD,arr,1970-01-01T00:11:00Z,-86,AA/ ORD,1996
AA,ORD,arr,1970-01-01T00:21:00Z,-53,AA/ ORD,1996
AA,ORD,arr,1970-01-01T00:31:00Z,-27,AA/ ORD,1996
AA,ORD,arr,1970-01-01T00:41:00Z,-27,AA/ ORD,1996
AA,ORD,arr,1970-01-01T00:51:00Z,-21,AA/ ORD,1996
AA,ORD,arr,1970-01-01T01:01:00Z,-14,AA/ ORD,1996
AA,ORD,arr,1970-01-01T01:11:00Z,-10,AA/ ORD,1996
AA,ORD,arr,1970-01-01T01:21:00Z,-12,AA/ ORD,1996
AA,ORD,arr,1970-01-01T01:31:00Z,-9,AA/ ORD,1996
AA,ORD,arr,1970-01-01T01:41:00Z,-11,AA/ ORD,1996
AA,ORD,arr,1970-01-01T01:51:00Z,-3,AA/ ORD,1996
AA,ORD,arr,1970-01-01T02:01:00Z,-9,AA/ ORD,1996
AA,ORD,arr,1970-01-01T02:11:00Z,-6,AA/ ORD,1996
AA,ORD,arr,1970-01-01T02:21:00Z,-5,AA/ ORD,1996
AA,ORD,arr,1970-01-01T02:31:00Z,-2,AA/ ORD,1996
AA,ORD,arr,1970-01-01T02:41:00Z,-2,AA/ ORD,1996
AA,ORD,arr,1970-01-01T02:51:00Z,-4,AA/ ORD,1996
AA,ORD,arr,1970-01-01T03:01:00Z,-2,AA/ ORD,1996
AA,ORD,arr,1970-01-01T03:11:00Z,-2,AA/ ORD,1996
AA,ORD,arr,1970-01-01T03:21:00Z,-1,AA/ ORD,1996
AA,ORD,arr,1970-01-01T03:31:00Z,-1,AA/ ORD,1996
AA,ORD,arr,1970-01-01T03:41:00Z,-1,AA/ ORD,1996
AA,ORD,arr,1970-01-01T03:51:00Z,-1,AA/ ORD,1996
AA,ORD,arr,1970-01-01T04:01:00Z,-3,AA/ ORD,1996
AA,ORD,arr,1970-01-01T04:11:00Z,-6,AA/ ORD,1996
AA,ORD,arr,1970-01-01T04:21:00Z,-31,AA/ ORD,1996
AA,ORD,arr,1970-01-01T04:31:00Z,-119,AA/ ORD,1996
AA,ORD,arr,1970-01-01T04:41:00Z,-191,AA/ ORD,1996
AA,ORD,arr,1970-01-01T04:51:00Z,-180,AA/ ORD,1996
AA,ORD,arr,1970-01-01T05:01:00Z,-157,AA/ ORD,1996
AA,ORD,arr,1970-01-01T05:11:00Z,-228,AA/ ORD,1996
AA,ORD,arr,1970-01-01T05:21:00Z,-441,AA/ ORD,1996
AA,ORD,arr,1970-01-01T05:31:00Z,-621,AA/ ORD,1996
AA,ORD,arr,1970-01-01T05:41:00Z,-533,AA/ ORD,1996
AA,ORD,arr,1970-01-01T05:51:00Z,-351,AA/ ORD,1996
AA,ORD,arr,1970-01-01T06:01:00Z,-165,AA/ ORD,1996
AA,ORD,arr,1970-01-01T06:11:00Z,-64,AA/ ORD,1996
AA,ORD,arr,1970-01-01T06:21:00Z,-29,AA/ ORD,1996
AA,ORD,arr,1970-01-01T06:31:00Z,-20,AA/ ORD,1996
AA,ORD,arr,1970-01-01T06:41:00Z,-7,AA/ ORD,1996
AA,ORD,arr,1970-01-01T06:51:00Z,-6,AA/ ORD,1996
AA,ORD,arr,1970-01-01T07:01:00Z,-5,AA/ ORD,1996
AA,ORD,arr,1970-01-01T07:11:00Z,-11,AA/ ORD,1996
AA,ORD,arr,1970-01-01T07:21:00Z,-226,AA/ ORD,1996
AA,ORD,arr,1970-01-01T07:31:00Z,-881,AA/ ORD,1996
AA,ORD,arr,1970-01-01T07:41:00Z,-1699,AA/ ORD,1996
AA,ORD,arr,1970-01-01T07:51:00Z,-2109,AA/ ORD,1996
AA,ORD,arr,1970-01-01T08:01:00Z,-1961,AA/ ORD,1996
AA,ORD,arr,1970-01-01T08:11:00Z,-1325,AA/ ORD,1996
AA,ORD,arr,1970-01-01T08:21:00Z,-625,AA/ ORD,1996
AA,ORD,arr,1970-01-01T08:31:00Z,-336,AA/ ORD,1996
AA,ORD,arr,1970-01-01T08:41:00Z,-222,AA/ ORD,1996
AA,ORD,arr,1970-01-01T08:51:00Z,-221,AA/ ORD,1996
AA,ORD,arr,1970-01-01T09:01:00Z,-496,AA/ ORD,1996
AA,ORD,arr,1970-01-01T09:11:00Z,-1646,AA/ ORD,1996
AA,ORD,arr,1970-01-01T09:21:00Z,-2372,AA/ ORD,1996
AA,ORD,arr,1970-01-01T09:31:00Z,-1741,AA/ ORD,1996
AA,ORD,arr,1970-01-01T09:41:00Z,-750,AA/ ORD,1996
AA,ORD,arr,1970-01-01T09:51:00Z,-411,AA/ ORD,1996
AA,ORD,arr,1970-01-01T10:01:00Z,-338,AA/ ORD,1996
AA,ORD,arr,1970-01-01T10:11:00Z,-434,AA/ ORD,1996
AA,ORD,arr,1970-01-01T10:21:00Z,-797,AA/ ORD,1996
AA,ORD,arr,1970-01-01T10:31:00Z,-1585,AA/ ORD,1996
AA,ORD,arr,1970-01-01T10:41:00Z,-1801,AA/ ORD,1996
AA,ORD,arr,1970-01-01T10:51:00Z,-1926,AA/ ORD,1996
AA,ORD,arr,1970-01-01T11:01:00Z,-1608,AA/ ORD,1996
AA,ORD,arr,1970-01-01T11:11:00Z,-903,AA/ ORD,1996
AA,ORD,arr,1970-01-01T11:21:00Z,-442,AA/ ORD,1996
AA,ORD,arr,1970-01-01T11:31:00Z,-338,AA/ ORD,1996
AA,ORD,arr,1970-01-01T11:41:00Z,-280,AA/ ORD,1996
AA,ORD,arr,1970-01-01T11:51:00Z,-446,AA/ ORD,1996
AA,ORD,arr,1970-01-01T12:01:00Z,-1126,AA/ ORD,1996
AA,ORD,arr,1970-01-01T12:11:00Z,-1913,AA/ ORD,1996
AA,ORD,arr,1970-01-01T12:21:00Z,-2073,AA/ ORD,1996
AA,ORD,arr,1970-01-01T12:31:00Z,-1800,AA/ ORD,1996
AA,ORD,arr,1970-01-01T12:41:00Z,-1063,AA/ ORD,1996
AA,ORD,arr,1970-01-01T12:51:00Z,-634,AA/ ORD,1996
AA,ORD,arr,1970-01-01T13:01:00Z,-509,AA/ ORD,1996
AA,ORD,arr,1970-01-01T13:11:00Z,-478,AA/ ORD,1996
AA,ORD,arr,1970-01-01T13:21:00Z,-539,AA/ ORD,1996
AA,ORD,arr,1970-01-01T13:31:00Z,-763,AA/ ORD,1996
AA,ORD,arr,1970-01-01T13:41:00Z,-1541,AA/ ORD,1996
AA,ORD,arr,1970-01-01T13:51:00Z,-2173,AA/ ORD,1996
AA,ORD,arr,1970-01-01T14:01:00Z,-1926,AA/ ORD,1996
AA,ORD,arr,1970-01-01T14:11:00Z,-1343,AA/ ORD,1996
AA,ORD,arr,1970-01-01T14:21:00Z,-714,AA/ ORD,1996
AA,ORD,arr,1970-01-01T14:31:00Z,-536,AA/ ORD,1996
AA,ORD,arr,1970-01-01T14:41:00Z,-540,AA/ ORD,1996
AA,ORD,arr,1970-01-01T14:51:00Z,-841,AA/ ORD,1996
AA,ORD,arr,1970-01-01T15:01:00Z,-1283,AA/ ORD,1996
AA,ORD,arr,1970-01-01T15:11:00Z,-2410,AA/ ORD,1996
AA,ORD,arr,1970-01-01T15:21:00Z,-2568,AA/ ORD,1996
AA,ORD,arr,1970-01-01T15:31:00Z,-1974,AA/ ORD,1996
AA,ORD,arr,1970-01-01T15:41:00Z,-1301,AA/ ORD,1996
AA,ORD,arr,1970-01-01T15:51:00Z,-783,AA/ ORD,1996
AA,ORD,arr,1970-01-01T16:01:00Z,-720,AA/ ORD,1996
AA,ORD,arr,1970-01-01T16:11:00Z,-674,AA/ ORD,1996
AA,ORD,arr,1970-01-01T16:21:00Z,-1021,AA/ ORD,1996
AA,ORD,arr,1970-01-01T16:31:00Z,-1484,AA/ ORD,1996
AA,ORD,arr,1970-01-01T16:41:00Z,-1218,AA/ ORD,1996
AA,ORD,arr,1970-01-01T16:51:00Z,-713,AA/ ORD,1996
AA,ORD,arr,1970-01-01T17:01:00Z,-854,AA/ ORD,1996
AA,ORD,arr,1970-01-01T17:11:00Z,-1341,AA/ ORD,1996
AA,ORD,arr,1970-01-01T17:21:00Z,-1688,AA/ ORD,1996
AA,ORD,arr,1970-01-01T17:31:00Z,-1691,AA/ ORD,1996
AA,ORD,arr,1970-01-01T17:41:00Z,-1814,AA/ ORD,1996
AA,ORD,arr,1970-01-01T17:51:00Z,-1282,AA/ ORD,1996
AA,ORD,arr,1970-01-01T18:01:00Z,-890,AA/ ORD,1996
AA,ORD,arr,1970-01-01T18:11:00Z,-709,AA/ ORD,1996
AA,ORD,arr,1970-01-01T18:21:00Z,-649,AA/ ORD,1996
AA,ORD,arr,1970-01-01T18:31:00Z,-697,AA/ ORD,1996
AA,ORD,arr,1970-01-01T18:41:00Z,-784,AA/ ORD,1996
AA,ORD,arr,1970-01-01T18:51:00Z,-837,AA/ ORD,1996
AA,ORD,arr,1970-01-01T19:01:00Z,-1239,AA/ ORD,1996
AA,ORD,arr,1970-01-01T19:11:00Z,-1625,AA/ ORD,1996
AA,ORD,arr,1970-01-01T19:21:00Z,-1931,AA/ ORD,1996
AA,ORD,arr,1970-01-01T19:31:00Z,-2247,AA/ ORD,1996
AA,ORD,arr,1970-01-01T19:41:00Z,-2019,AA/ ORD,1996
AA,ORD,arr,1970-01-01T19:51:00Z,-1492,AA/ ORD,1996
AA,ORD,arr,1970-01-01T20:01:00Z,-976,AA/ ORD,1996
AA,ORD,arr,1970-01-01T20:11:00Z,-710,AA/ ORD,1996
AA,ORD,arr,1970-01-01T20:21:00Z,-646,AA/ ORD,1996
AA,ORD,arr,1970-01-01T20:31:00Z,-917,AA/ ORD,1996
AA,ORD,arr,1970-01-01T20:41:00Z,-1324,AA/ ORD,1996
AA,ORD,arr,1970-01-01T20:51:00Z,-1418,AA/ ORD,1996
AA,ORD,arr,1970-01-01T21:01:00Z,-1339,AA/ ORD,1996
AA,ORD,arr,1970-01-01T21:11:00Z,-1192,AA/ ORD,1996
AA,ORD,arr,1970-01-01T21:21:00Z,-865,AA/ ORD,1996
AA,ORD,arr,1970-01-01T21:31:00Z,-654,AA/ ORD,1996
AA,ORD,arr,1970-01-01T21:41:00Z,-530,AA/ ORD,1996
AA,ORD,arr,1970-01-01T21:51:00Z,-453,AA/ ORD,1996
AA,ORD,arr,1970-01-01T22:01:00Z,-439,AA/ ORD,1996
AA,ORD,arr,1970-01-01T22:11:00Z,-341,AA/ ORD,1996
AA,ORD,arr,1970-01-01T22:21:00Z,-280,AA/ ORD,1996
AA,ORD,arr,1970-01-01T22:31:00Z,-240,AA/ ORD,1996
AA,ORD,arr,1970-01-01T22:41:00Z,-267,AA/ ORD,1996
AA,ORD,arr,1970-01-01T22:51:00Z,-354,AA/ ORD,1996
AA,ORD,arr,1970-01-01T23:01:00Z,-210,AA/ ORD,1996
AA,ORD,arr,1970-01-01T23:11:00Z,-173,AA/ ORD,1996
AA,ORD,arr,1970-01-01T23:21:00Z,-113,AA/ ORD,1996
AA,ORD,arr,1970-01-01T23:31:00Z,-82,AA/ ORD,1996
AA,ORD,arr,1970-01-01T23:41:00Z,-78,AA/ ORD,1996
AA,ORD,arr,1970-01-01T23:51:00Z,-183,AA/ ORD,1996
AA,ORD,dep,1970-01-01T00:01:00Z,34,AA/ ORD,1996
AA,ORD,dep,1970-01-01T00:11:00Z,30,AA/ ORD,1996
AA,ORD,dep,1970-01-01T00:21:00Z,24,AA/ ORD,1996
AA,ORD,dep,1970-01-01T00:31:00Z,8,AA/ ORD,1996
AA,ORD,dep,1970-01-01T00:41:00Z,12,AA/ ORD,1996
AA,ORD,dep,1970-01-01T00:51:00Z,17,AA/ ORD,1996
AA,ORD,dep,1970-01-01T01:01:00Z,13,AA/ ORD,1996
AA,ORD,dep,1970-01-01T01:11:00Z,3,AA/ ORD,1996
AA,ORD,dep,1970-01-01T01:21:00Z,7,AA/ ORD,1996
AA,ORD,dep,1970-01-01T01:31:00Z,10,AA/ ORD,1996
AA,ORD,dep,1970-01-01T01:41:00Z,4,AA/ ORD,1996
AA,ORD,dep,1970-01-01T01:51:00Z,1,AA/ ORD,1996
AA,ORD,dep,1970-01-01T02:01:00Z,3,AA/ ORD,1996
AA,ORD,dep,1970-01-01T02:31:00Z,1,AA/ ORD,1996
AA,ORD,dep,1970-01-01T02:41:00Z,2,AA/ ORD,1996
AA,ORD,dep,1970-01-01T02:51:00Z,1,AA/ ORD,1996
AA,ORD,dep,1970-01-01T03:01:00Z,1,AA/ ORD,1996
AA,ORD,dep,1970-01-01T03:41:00Z,1,AA/ ORD,1996
AA,ORD,dep,1970-01-01T04:01:00Z,1,AA/ ORD,1996
AA,ORD,dep,1970-01-01T04:31:00Z,1,AA/ ORD,1996
AA,ORD,dep,1970-01-01T05:51:00Z,318,AA/ ORD,1996
AA,ORD,dep,1970-01-01T06:01:00Z,129,AA/ ORD,1996
AA,ORD,dep,1970-01-01T06:11:00Z,266,AA/ ORD,1996
AA,ORD,dep,1970-01-01T06:21:00Z,1766,AA/ ORD,1996
AA,ORD,dep,1970-01-01T06:31:00Z,853,AA/ ORD,1996
AA,ORD,dep,1970-01-01T06:41:00Z,1409,AA/ ORD,1996
AA,ORD,dep,1970-01-01T06:51:00Z,2095,AA/ ORD,1996
AA,ORD,dep,1970-01-01T07:01:00Z,568,AA/ ORD,1996
AA,ORD,dep,1970-01-01T07:11:00Z,182,AA/ ORD,1996
AA,ORD,dep,1970-01-01T07:21:00Z,404,AA/ ORD,1996
AA,ORD,dep,1970-01-01T07:31:00Z,126,AA/ ORD,1996
AA,ORD,dep,1970-01-01T07:41:00Z,131,AA/ ORD,1996
AA,ORD,dep,1970-01-01T07:51:00Z,497,AA/ ORD,1996
AA,ORD,dep,1970-01-01T08:01:00Z,125,AA/ ORD,1996
AA,ORD,dep,1970-01-01T08:11:00Z,202,AA/ ORD,1996
AA,ORD,dep,1970-01-01T08:21:00Z,239,AA/ ORD,1996
AA,ORD,dep,1970-01-01T08:31:00Z,650,AA/ ORD,1996
AA,ORD,dep,1970-01-01T08:41:00Z,3367,AA/ ORD,1996
AA,ORD,dep,1970-01-01T08:51:00Z,4414,AA/ ORD,1996
AA,ORD,dep,1970-01-01T09:01:00Z,1966,AA/ ORD,1996
AA,ORD,dep,1970-01-01T09:11:00Z,976,AA/ ORD,1996
AA,ORD,dep,1970-01-01T09:21:00Z,411,AA/ ORD,1996
AA,ORD,dep,1970-01-01T09:31:00Z,213,AA/ ORD,1996
AA,ORD,dep,1970-01-01T09:41:00Z,155,AA/ ORD,1996
AA,ORD,dep,1970-01-01T09:51:00Z,552,AA/ ORD,1996
AA,ORD,dep,1970-01-01T10:01:00Z,1354,AA/ ORD,1996
AA,ORD,dep,1970-01-01T10:11:00Z,3714,AA/ ORD,1996
AA,ORD,dep,1970-01-01T10:21:00Z,1383,AA/ ORD,1996
AA,ORD,dep,1970-01-01T10:31:00Z,475,AA/ ORD,1996
AA,ORD,dep,1970-01-01T10:41:00Z,246,AA/ ORD,1996
AA,ORD,dep,1970-01-01T10:51:00Z,671,AA/ ORD,1996
AA,ORD,dep,1970-01-01T11:01:00Z,324,AA/ ORD,1996
AA,ORD,dep,1970-01-01T11:11:00Z,163,AA/ ORD,1996
AA,ORD,dep,1970-01-01T11:21:00Z,321,AA/ ORD,1996
AA,ORD,dep,1970-01-01T11:31:00Z,1523,AA/ ORD,1996
AA,ORD,dep,1970-01-01T11:41:00Z,2906,AA/ ORD,1996
AA,ORD,dep,1970-01-01T11:51:00Z,3360,AA/ ORD,1996
AA,ORD,dep,1970-01-01T12:01:00Z,860,AA/ ORD,1996
AA,ORD,dep,1970-01-01T12:11:00Z,385,AA/ ORD,1996
AA,ORD,dep,1970-01-01T12:21:00Z,260,AA/ ORD,1996
AA,ORD,dep,1970-01-01T12:31:00Z,302,AA/ ORD,1996
AA,ORD,dep,1970-01-01T12:41:00Z,342,AA/ ORD,1996
AA,ORD,dep,1970-01-01T12:51:00Z,565,AA/ ORD,1996
AA,ORD,dep,1970-01-01T13:01:00Z,961,AA/ ORD,1996
AA,ORD,dep,1970-01-01T13:11:00Z,2507,AA/ ORD,1996
AA,ORD,dep,1970-01-01T13:21:00Z,2471,AA/ ORD,1996
AA,ORD,dep,1970-01-01T13:31:00Z,799,AA/ ORD,1996
AA,ORD,dep,1970-01-01T13:41:00Z,592,AA/ ORD,1996
AA,ORD,dep,1970-01-01T13:51:00Z,707,AA/ ORD,1996
AA,ORD,dep,1970-01-01T14:01:00Z,338,AA/ ORD,1996
AA,ORD,dep,1970-01-01T14:11:00Z,161,AA/ ORD,1996
AA,ORD,dep,1970-01-01T14:21:00Z,296,AA/ ORD,1996
AA,ORD,dep,1970-01-01T14:31:00Z,724,AA/ ORD,1996
AA,ORD,dep,1970-01-01T14:41:00Z,2770,AA/ ORD,1996
AA,ORD,dep,1970-01-01T14:51:00Z,3825,AA/ ORD,1996
AA,ORD,dep,1970-01-01T15:01:00Z,1969,AA/ ORD,1996
AA,ORD,dep,1970-01-01T15:11:00Z,776,AA/ ORD,1996
AA,ORD,dep,1970-01-01T15:21:00Z,620,AA/ ORD,1996
AA,ORD,dep,1970-01-01T15:31:00Z,433,AA/ ORD,1996
AA,ORD,dep,1970-01-01T15:41:00Z,442,AA/ ORD,1996
AA,ORD,dep,1970-01-01T15:51:00Z,675,AA/ ORD,1996
AA,ORD,dep,1970-01-01T16:01:00Z,777,AA/ ORD,1996
AA,ORD,dep,1970-01-01T16:11:00Z,2469,AA/ ORD,1996
AA,ORD,dep,1970-01-01T16:21:00Z,2572,AA/ ORD,1996
AA,ORD,dep,1970-01-01T16:31:00Z,1643,AA/ ORD,1996
AA,ORD,dep,1970-01-01T16:41:00Z,844,AA/ ORD,1996
AA,ORD,dep,1970-01-01T16:51:00Z,991,AA/ ORD,1996
AA,ORD,dep,1970-01-01T17:01:00Z,637,AA/ ORD,1996
AA,ORD,dep,1970-01-01T17:11:00Z,535,AA/ ORD,1996
AA,ORD,dep,1970-01-01T17:21:00Z,1952,AA/ ORD,1996
AA,ORD,dep,1970-01-01T17:31:00Z,1130,AA/ ORD,1996
AA,ORD,dep,1970-01-01T17:41:00Z,516,AA/ ORD,1996
AA,ORD,dep,1970-01-01T17:51:00Z,1017,AA/ ORD,1996
AA,ORD,dep,1970-01-01T18:01:00Z,601,AA/ ORD,1996
AA,ORD,dep,1970-01-01T18:11:00Z,1330,AA/ ORD,1996
AA,ORD,dep,1970-01-01T18:21:00Z,2348,AA/ ORD,1996
AA,ORD,dep,1970-01-01T18:31:00Z,1669,AA/ ORD,1996
AA,ORD,dep,1970-01-01T18:41:00Z,1812,AA/ ORD,1996
AA,ORD,dep,1970-01-01T18:51:00Z,1158,AA/ ORD,1996
AA,ORD,dep,1970-01-01T19:01:00Z,724,AA/ ORD,1996
AA,ORD,dep,1970-01-01T19:11:00Z,997,AA/ ORD,1996
AA,ORD,dep,1970-01-01T19:21:00Z,683,AA/ ORD,1996
AA,ORD,dep,1970-01-01T19:31:00Z,440,AA/ ORD,1996
AA,ORD,dep,1970-01-01T19:41:00Z,348,AA/ ORD,1996
AA,ORD,dep,1970-01-01T19:51:00Z,580,AA/ ORD,1996
AA,ORD,dep,1970-01-01T20:01:00Z,370,AA/ ORD,1996
AA,ORD,dep,1970-01-01T20:11:00Z,1344,AA/ ORD,1996
AA,ORD,dep,1970-01-01T20:21:00Z,2759,AA/ ORD,1996
AA,ORD,dep,1970-01-01T20:31:00Z,1871,AA/ ORD,1996
AA,ORD,dep,1970-01-01T20:41:00Z,1743,AA/ ORD,1996
AA,ORD,dep,1970-01-01T20:51:00Z,660,AA/ ORD,1996
AA,ORD,dep,1970-01-01T21:01:00Z,455,AA/ ORD,1996
AA,ORD,dep,1970-01-01T21:11:00Z,345,AA/ ORD,1996
AA,ORD,dep,1970-01-01T21:21:00Z,283,AA/ ORD,1996
AA,ORD,dep,1970-01-01T21:31:00Z,554,AA/ ORD,1996
AA,ORD,dep,1970-01-01T21:41:00Z,1240,AA/ ORD,1996
AA,ORD,dep,1970-01-01T21:51:00Z,1603,AA/ ORD,1996
AA,ORD,dep,1970-01-01T22:01:00Z,657,AA/ ORD,1996
AA,ORD,dep,1970-01-01T22:11:00Z,431,AA/ ORD,1996
AA,ORD,dep,1970-01-01T22:21:00Z,332,AA/ ORD,1996
AA,ORD,dep,1970-01-01T22:31:00Z,225,AA/ ORD,1996
AA,ORD,dep,1970-01-01T22:41:00Z,188,AA/ ORD,1996
AA,ORD,dep,1970-01-01T22:51:00Z,142,AA/ ORD,1996
AA,ORD,dep,1970-01-01T23:01:00Z,107,AA/ ORD,1996
AA,ORD,dep,1970-01-01T23:11:00Z,118,AA/ ORD,1996
AA,ORD,dep,1970-01-01T23:21:00Z,85,AA/ ORD,1996
AA,ORD,dep,1970-01-01T23:31:00Z,61,AA/ ORD,1996
AA,ORD,dep,1970-01-01T23:41:00Z,49,AA/ ORD,1996
AA,ORD,dep,1970-01-01T23:51:00Z,39,AA/ ORD,1996
UA,ORD,arr,1970-01-01T00:01:00Z,-66,UA/ ORD,1996
UA,ORD,arr,1970-01-01T00:11:00Z,-121,UA/ ORD,1996
UA,ORD,arr,1970-01-01T00:21:00Z,-172,UA/ ORD,1996
UA,ORD,arr,1970-01-01T00:31:00Z,-190,UA/ ORD,1996
UA,ORD,arr,1970-01-01T00:41:00Z,-163,UA/ ORD,1996
UA,ORD,arr,1970-01-01T00:51:00Z,-90,UA/ ORD,1996
UA,ORD,arr,1970-01-01T01:01:00Z,-55,UA/ ORD,1996
UA,ORD,arr,1970-01-01T01:11:00Z,-31,UA/ ORD,1996
UA,ORD,arr,1970-01-01T01:21:00Z,-26,UA/ ORD,1996
UA,ORD,arr,1970-01-01T01:31:00Z,-21,UA/ ORD,1996
UA,ORD,arr,1970-01-01T01:41:00Z,-17,UA/ ORD,1996
UA,ORD,arr,1970-01-01T01:51:00Z,-10,UA/ ORD,1996
UA,ORD,arr,1970-01-01T02:01:00Z,-11,UA/ ORD,1996
UA,ORD,arr,1970-01-01T02:11:00Z,-12,UA/ ORD,1996
UA,ORD,arr,1970-01-01T02:21:00Z,-7,UA/ ORD,1996
UA,ORD,arr,1970-01-01T02:31:00Z,-6,UA/ ORD,1996
UA,ORD,arr,1970-01-01T02:41:00Z,-3,UA/ ORD,1996
UA,ORD,arr,1970-01-01T02:51:00Z,-2,UA/ ORD,1996
UA,ORD,arr,1970-01-01T03:01:00Z,-2,UA/ ORD,1996
UA,ORD,arr,1970-01-01T03:11:00Z,-6,UA/ ORD,1996
UA,ORD,arr,1970-01-01T03:31:00Z,-1,UA/ ORD,1996
UA,ORD,arr,1970-01-01T03:41:00Z,-2,UA/ ORD,1996
UA,ORD,arr,1970-01-01T04:01:00Z,-5,UA/ ORD,1996
UA,ORD,arr,1970-01-01T04:11:00Z,-17,UA/ ORD,1996
UA,ORD,arr,1970-01-01T04:21:00Z,-71,UA/ ORD,1996
UA,ORD,arr,1970-01-01T04:31:00Z,-158,UA/ ORD,1996
UA,ORD,arr,1970-01-01T04:41:00Z,-281,UA/ ORD,1996
UA,ORD,arr,1970-01-01T04:51:00Z,-585,UA/ ORD,1996
UA,ORD,arr,1970-01-01T05:01:00Z,-1006,UA/ ORD,1996
UA,ORD,arr,1970-01-01T05:11:00Z,-990,UA/ ORD,1996
UA,ORD,arr,1970-01-01T05:21:00Z,-613,UA/ ORD,1996
UA,ORD,arr,1970-01-01T05:31:00Z,-326,UA/ ORD,1996
UA,ORD,arr,1970-01-01T05:41:00Z,-138,UA/ ORD,1996
UA,ORD,arr,1970-01-01T05:51:00Z,-77,UA/ ORD,1996
UA,ORD,arr,1970-01-01T06:01:00Z,-92,UA/ ORD,1996
UA,ORD,arr,1970-01-01T06:11:00Z,-62,UA/ ORD,1996
UA,ORD,arr,1970-01-01T06:21:00Z,-150,UA/ ORD,1996
UA,ORD,arr,1970-01-01T06:31:00Z,-413,UA/ ORD,1996
UA,ORD,arr,1970-01-01T06:41:00Z,-587,UA/ ORD,1996
UA,ORD,arr,1970-01-01T06:51:00Z,-1990,UA/ ORD,1996
UA,ORD,arr,1970-01-01T07:01:00Z,-2447,UA/ ORD,1996
UA,ORD,arr,1970-01-01T07:11:00Z,-1971,UA/ ORD,1996
UA,ORD,arr,1970-01-01T07:21:00Z,-941,UA/ ORD,1996
UA,ORD,arr,1970-01-01T07:31:00Z,-740,UA/ ORD,1996
UA,ORD,arr,1970-01-01T07:41:00Z,-579,UA/ ORD,1996
UA,ORD,arr,1970-01-01T07:51:00Z,-677,UA/ ORD,1996
UA,ORD,arr,1970-01-01T08:01:00Z,-973,UA/ ORD,1996
UA,ORD,arr,1970-01-01T08:11:00Z,-1343,UA/ ORD,1996
UA,ORD,arr,1970-01-01T08:21:00Z,-2352,UA/ ORD,1996
UA,ORD,arr,1970-01-01T08:31:00Z,-2933,UA/ ORD,1996
UA,ORD,arr,1970-01-01T08:41:00Z,-2882,UA/ ORD,1996
UA,ORD,arr,1970-01-01T08:51:00Z,-2192,UA/ ORD,1996
UA,ORD,arr,1970-01-01T09:01:00Z,-1363,UA/ ORD,1996
UA,ORD,arr,1970-01-01T09:11:00Z,-896,UA/ ORD,1996
UA,ORD,arr,1970-01-01T09:21:00Z,-599,UA/ ORD,1996
UA,ORD,arr,1970-01-01T09:31:00Z,-608,UA/ ORD,1996
UA,ORD,arr,1970-01-01T09:41:00Z,-942,UA/ ORD,1996
UA,ORD,arr,1970-01-01T09:51:00Z,-1324,UA/ ORD,1996
UA,ORD,arr,1970-01-01T10:01:00Z,-2237,UA/ ORD,1996
UA,ORD,arr,1970-01-01T10:11:00Z,-2422,UA/ ORD,1996
UA,ORD,arr,1970-01-01T10:21:00Z,-1366,UA/ ORD,1996
UA,ORD,arr,1970-01-01T10:31:00Z,-897,UA/ ORD,1996
UA,ORD,arr,1970-01-01T10:41:00Z,-842,UA/ ORD,1996
UA,ORD,arr,1970-01-01T10:51:00Z,-826,UA/ ORD,1996
UA,ORD,arr,1970-01-01T11:01:00Z,-1150,UA/ ORD,1996
UA,ORD,arr,1970-01-01T11:11:00Z,-1861,UA/ ORD,1996
UA,ORD,arr,1970-01-01T11:21:00Z,-2633,UA/ ORD,1996
UA,ORD,arr,1970-01-01T11:31:00Z,-2639,UA/ ORD,1996
UA,ORD,arr,1970-01-01T11:41:00Z,-2106,UA/ ORD,1996
UA,ORD,arr,1970-01-01T11:51:00Z,-1430,UA/ ORD,1996
UA,ORD,arr,1970-01-01T12:01:00Z,-1250,UA/ ORD,1996
UA,ORD,arr,1970-01-01T12:11:00Z,-861,UA/ ORD,1996
UA,ORD,arr,1970-01-01T12:21:00Z,-986,UA/ ORD,1996
UA,ORD,arr,1970-01-01T12:31:00Z,-1551,UA/ ORD,1996
UA,ORD,arr,1970-01-01T12:41:00Z,-2548,UA/ ORD,1996
UA,ORD,arr,1970-01-01T12:51:00Z,-2724,UA/ ORD,1996
UA,ORD,arr,1970-01-01T13:01:00Z,-1798,UA/ ORD,1996
UA,ORD,arr,1970-01-01T13:11:00Z,-1243,UA/ ORD,1996
UA,ORD,arr,1970-01-01T13:21:00Z,-974,UA/ ORD,1996
UA,ORD,arr,1970-01-01T13:31:00Z,-906,UA/ ORD,1996
UA,ORD,arr,1970-01-01T13:41:00Z,-995,UA/ ORD,1996
UA,ORD,arr,1970-01-01T13:51:00Z,-1011,UA/ ORD,1996
UA,ORD,arr,1970-01-01T14:01:00Z,-1203,UA/ ORD,1996
UA,ORD,arr,1970-01-01T14:11:00Z,-1568,UA/ ORD,1996
UA,ORD,arr,1970-01-01T14:21:00Z,-2174,UA/ ORD,1996
UA,ORD,arr,1970-01-01T14:31:00Z,-2285,UA/ ORD,1996
UA,ORD,arr,1970-01-01T14:41:00Z,-1579,UA/ ORD,1996
UA,ORD,arr,1970-01-01T14:51:00Z,-1022,UA/ ORD,1996
UA,ORD,arr,1970-01-01T15:01:00Z,-897,UA/ ORD,1996
UA,ORD,arr,1970-01-01T15:11:00Z,-809,UA/ ORD,1996
UA,ORD,arr,1970-01-01T15:21:00Z,-877,UA/ ORD,1996
UA,ORD,arr,1970-01-01T15:31:00Z,-1148,UA/ ORD,1996
UA,ORD,arr,1970-01-01T15:41:00Z,-1750,UA/ ORD,1996
UA,ORD,arr,1970-01-01T15:51:00Z,-2217,UA/ ORD,1996
UA,ORD,arr,1970-01-01T16:01:00Z,-2260,UA/ ORD,1996
UA,ORD,arr,1970-01-01T16:11:00Z,-1943,UA/ ORD,1996
UA,ORD,arr,1970-01-01T16:21:00Z,-1130,UA/ ORD,1996
UA,ORD,arr,1970-01-01T16:31:00Z,-835,UA/ ORD,1996
UA,ORD,arr,1970-01-01T16:41:00Z,-836,UA/ ORD,1996
UA,ORD,arr,1970-01-01T16:51:00Z,-1127,UA/ ORD,1996
UA,ORD,arr,1970-01-01T17:01:00Z,-1172,UA/ ORD,1996
UA,ORD,arr,1970-01-01T17:11:00Z,-1146,UA/ ORD,1996
UA,ORD,arr,1970-01-01T17:21:00Z,-965,UA/ ORD,1996
UA,ORD,arr,1970-01-01T17:31:00Z,-1181,UA/ ORD,1996
UA,ORD,arr,1970-01-01T17:41:00Z,-1661,UA/ ORD,1996
UA,ORD,arr,1970-01-01T17:51:00Z,-2216,UA/ ORD,1996
UA,ORD,arr,1970-01-01T18:01:00Z,-2377,UA/ ORD,1996
UA,ORD,arr,1970-01-01T18:11:00Z,-2489,UA/ ORD,1996
UA,ORD,arr,1970-01-01T18:21:00Z,-1928,UA/ ORD,1996
UA,ORD,arr,1970-01-01T18:31:00Z,-1265,UA/ ORD,1996
UA,ORD,arr,1970-01-01T18:41:00Z,-1039,UA/ ORD,1996
UA,ORD,arr,1970-01-01T18:51:00Z,-1137,UA/ ORD,1996
UA,ORD,arr,1970-01-01T19:01:00Z,-1569,UA/ ORD,1996
UA,ORD,arr,1970-01-01T19:11:00Z,-2083,UA/ ORD,1996
UA,ORD,arr,1970-01-01T19:21:00Z,-2082,UA/ ORD,1996
UA,ORD,arr,1970-01-01T19:31:00Z,-1715,UA/ ORD,1996
UA,ORD,arr,1970-01-01T19:41:00Z,-1628,UA/ ORD,1996
UA,ORD,arr,1970-01-01T19:51:00Z,-1405,UA/ ORD,1996
UA,ORD,arr,1970-01-01T20:01:00Z,-1296,UA/ ORD,1996
UA,ORD,arr,1970-01-01T20:11:00Z,-1071,UA/ ORD,1996
UA,ORD,arr,1970-01-01T20:21:00Z,-816,UA/ ORD,1996
UA,ORD,arr,1970-01-01T20:31:00Z,-654,UA/ ORD,1996
UA,ORD,arr,1970-01-01T20:41:00Z,-601,UA/ ORD,1996
UA,ORD,arr,1970-01-01T20:51:00Z,-657,UA/ ORD,1996
UA,ORD,arr,1970-01-01T21:01:00Z,-1245,UA/ ORD,1996
UA,ORD,arr,1970-01-01T21:11:00Z,-1690,UA/ ORD,1996
UA,ORD,arr,1970-01-01T21:21:00Z,-1658,UA/ ORD,1996
UA,ORD,arr,1970-01-01T21:31:00Z,-1133,UA/ ORD,1996
UA,ORD,arr,1970-01-01T21:41:00Z,-794,UA/ ORD,1996
UA,ORD,arr,1970-01-01T21:51:00Z,-528,UA/ ORD,1996
UA,ORD,arr,1970-01-01T22:01:00Z,-379,UA/ ORD,1996
UA,ORD,arr,1970-01-01T22:11:00Z,-298,UA/ ORD,1996
UA,ORD,arr,1970-01-01T22:21:00Z,-241,UA/ ORD,1996
UA,ORD,arr,1970-01-01T22:31:00Z,-266,UA/ ORD,1996
UA,ORD,arr,1970-01-01T22:41:00Z,-323,UA/ ORD,1996
UA,ORD,arr,1970-01-01T22:51:00Z,-258,UA/ ORD,1996
UA,ORD,arr,1970-01-01T23:01:00Z,-175,UA/ ORD,1996
UA,ORD,arr,1970-01-01T23:11:00Z,-134,UA/ ORD,1996
UA,ORD,arr,1970-01-01T23:21:00Z,-124,UA/ ORD,1996
UA,ORD,arr,1970-01-01T23:31:00Z,-168,UA/ ORD,1996
UA,ORD,arr,1970-01-01T23:41:00Z,-162,UA/ ORD,1996
UA,ORD,arr,1970-01-01T23:51:00Z,-115,UA/ ORD,1996
UA,ORD,dep,1970-01-01T00:01:00Z,33,UA/ ORD,1996
UA,ORD,dep,1970-01-01T00:11:00Z,36,UA/ ORD,1996
UA,ORD,dep,1970-01-01T00:21:00Z,23,UA/ ORD,1996
UA,ORD,dep,1970-01-01T00:31:00Z,21,UA/ ORD,1996
UA,ORD,dep,1970-01-01T00:41:00Z,14,UA/ ORD,1996
UA,ORD,dep,1970-01-01T00:51:00Z,13,UA/ ORD,1996
UA,ORD,dep,1970-01-01T01:01:00Z,11,UA/ ORD,1996
UA,ORD,dep,1970-01-01T01:11:00Z,4,UA/ ORD,1996
UA,ORD,dep,1970-01-01T01:21:00Z,4,UA/ ORD,1996
UA,ORD,dep,1970-01-01T01:31:00Z,2,UA/ ORD,1996
UA,ORD,dep,1970-01-01T01:41:00Z,2,UA/ ORD,1996
UA,ORD,dep,1970-01-01T02:01:00Z,2,UA/ ORD,1996
UA,ORD,dep,1970-01-01T02:11:00Z,1,UA/ ORD,1996
UA,ORD,dep,1970-01-01T02:31:00Z,1,UA/ ORD,1996
UA,ORD,dep,1970-01-01T05:51:00Z,341,UA/ ORD,1996
UA,ORD,dep,1970-01-01T06:01:00Z,461,UA/ ORD,1996
UA,ORD,dep,1970-01-01T06:11:00Z,628,UA/ ORD,1996
UA,ORD,dep,1970-01-01T06:21:00Z,1095,UA/ ORD,1996
UA,ORD,dep,1970-01-01T06:31:00Z,1305,UA/ ORD,1996
UA,ORD,dep,1970-01-01T06:41:00Z,1491,UA/ ORD,1996
UA,ORD,dep,1970-01-01T06:51:00Z,1058,UA/ ORD,1996
UA,ORD,dep,1970-01-01T07:01:00Z,824,UA/ ORD,1996
UA,ORD,dep,1970-01-01T07:11:00Z,632,UA/ ORD,1996
UA,ORD,dep,1970-01-01T07:21:00Z,465,UA/ ORD,1996
UA,ORD,dep,1970-01-01T07:31:00Z,946,UA/ ORD,1996
UA,ORD,dep,1970-01-01T07:41:00Z,3388,UA/ ORD,1996
UA,ORD,dep,1970-01-01T07:51:00Z,2484,UA/ ORD,1996
UA,ORD,dep,1970-01-01T08:01:00Z,2325,UA/ ORD,1996
UA,ORD,dep,1970-01-01T08:11:00Z,2301,UA/ ORD,1996
UA,ORD,dep,1970-01-01T08:21:00Z,1003,UA/ ORD,1996
UA,ORD,dep,1970-01-01T08:31:00Z,834,UA/ ORD,1996
UA,ORD,dep,1970-01-01T08:41:00Z,938,UA/ ORD,1996
UA,ORD,dep,1970-01-01T08:51:00Z,879,UA/ ORD,1996
UA,ORD,dep,1970-01-01T09:01:00Z,606,UA/ ORD,1996
UA,ORD,dep,1970-01-01T09:11:00Z,1654,UA/ ORD,1996
UA,ORD,dep,1970-01-01T09:21:00Z,2660,UA/ ORD,1996
UA,ORD,dep,1970-01-01T09:31:00Z,2342,UA/ ORD,1996
UA,ORD,dep,1970-01-01T09:41:00Z,3305,UA/ ORD,1996
UA,ORD,dep,1970-01-01T09:51:00Z,2258,UA/ ORD,1996
UA,ORD,dep,1970-01-01T10:01:00Z,1502,UA/ ORD,1996
UA,ORD,dep,1970-01-01T10:11:00Z,828,UA/ ORD,1996
UA,ORD,dep,1970-01-01T10:21:00Z,544,UA/ ORD,1996
UA,ORD,dep,1970-01-01T10:31:00Z,356,UA/ ORD,1996
UA,ORD,dep,1970-01-01T10:41:00Z,1460,UA/ ORD,1996
UA,ORD,dep,1970-01-01T10:51:00Z,3105,UA/ ORD,1996
UA,ORD,dep,1970-01-01T11:01:00Z,2195,UA/ ORD,1996
UA,ORD,dep,1970-01-01T11:11:00Z,1354,UA/ ORD,1996
UA,ORD,dep,1970-01-01T11:21:00Z,857,UA/ ORD,1996
UA,ORD,dep,1970-01-01T11:31:00Z,662,UA/ ORD,1996
UA,ORD,dep,1970-01-01T11:41:00Z,992,UA/ ORD,1996
UA,ORD,dep,1970-01-01T11:51:00Z,557,UA/ ORD,1996
UA,ORD,dep,1970-01-01T12:01:00Z,572,UA/ ORD,1996
UA,ORD,dep,1970-01-01T12:11:00Z,3625,UA/ ORD,1996
UA,ORD,dep,1970-01-01T12:21:00Z,3196,UA/ ORD,1996
UA,ORD,dep,1970-01-01T12:31:00Z,2088,UA/ ORD,1996
UA,ORD,dep,1970-01-01T12:41:00Z,1752,UA/ ORD,1996
UA,ORD,dep,1970-01-01T12:51:00Z,1020,UA/ ORD,1996
UA,ORD,dep,1970-01-01T13:01:00Z,788,UA/ ORD,1996
UA,ORD,dep,1970-01-01T13:11:00Z,701,UA/ ORD,1996
UA,ORD,dep,1970-01-01T13:21:00Z,1424,UA/ ORD,1996
UA,ORD,dep,1970-01-01T13:31:00Z,2901,UA/ ORD,1996
UA,ORD,dep,1970-01-01T13:41:00Z,2846,UA/ ORD,1996
UA,ORD,dep,1970-01-01T13:51:00Z,2024,UA/ ORD,1996
UA,ORD,dep,1970-01-01T14:01:00Z,1244,UA/ ORD,1996
UA,ORD,dep,1970-01-01T14:11:00Z,1175,UA/ ORD,1996
UA,ORD,dep,1970-01-01T14:21:00Z,813,UA/ ORD,1996
UA,ORD,dep,1970-01-01T14:31:00Z,931,UA/ ORD,1996
UA,ORD,dep,1970-01-01T14:41:00Z,896,UA/ ORD,1996
UA,ORD,dep,1970-01-01T14:51:00Z,536,UA/ ORD,1996
UA,ORD,dep,1970-01-01T15:01:00Z,676,UA/ ORD,1996
UA,ORD,dep,1970-01-01T15:11:00Z,2795,UA/ ORD,1996
UA,ORD,dep,1970-01-01T15:21:00Z,2454,UA/ ORD,1996
UA,ORD,dep,1970-01-01T15:31:00Z,1948,UA/ ORD,1996
UA,ORD,dep,1970-01-01T15:41:00Z,1601,UA/ ORD,1996
UA,ORD,dep,1970-01-01T15:51:00Z,1227,UA/ ORD,1996
UA,ORD,dep,1970-01-01T16:01:00Z,951,UA/ ORD,1996
UA,ORD,dep,1970-01-01T16:11:00Z,689,UA/ ORD,1996
UA,ORD,dep,1970-01-01T16:21:00Z,387,UA/ ORD,1996
UA,ORD,dep,1970-01-01T16:31:00Z,415,UA/ ORD,1996
UA,ORD,dep,1970-01-01T16:41:00Z,1898,UA/ ORD,1996
UA,ORD,dep,1970-01-01T16:51:00Z,2400,UA/ ORD,1996
UA,ORD,dep,1970-01-01T17:01:00Z,2895,UA/ ORD,1996
UA,ORD,dep,1970-01-01T17:11:00Z,1602,UA/ ORD,1996
UA,ORD,dep,1970-01-01T17:21:00Z,976,UA/ ORD,1996
UA,ORD,dep,1970-01-01T17:31:00Z,854,UA/ ORD,1996
UA,ORD,dep,1970-01-01T17:41:00Z,1010,UA/ ORD,1996
UA,ORD,dep,1970-01-01T17:51:00Z,1265,UA/ ORD,1996
UA,ORD,dep,1970-01-01T18:01:00Z,1279,UA/ ORD,1996
UA,ORD,dep,1970-01-01T18:11:00Z,1061,UA/ ORD,1996
UA,ORD,dep,1970-01-01T18:21:00Z,790,UA/ ORD,1996
UA,ORD,dep,1970-01-01T18:31:00Z,686,UA/ ORD,1996
UA,ORD,dep,1970-01-01T18:41:00Z,1601,UA/ ORD,1996
UA,ORD,dep,1970-01-01T18:51:00Z,2428,UA/ ORD,1996
UA,ORD,dep,1970-01-01T19:01:00Z,2989,UA/ ORD,1996
UA,ORD,dep,1970-01-01T19:11:00Z,2395,UA/ ORD,1996
UA,ORD,dep,1970-01-01T19:21:00Z,1374,UA/ ORD,1996
UA,ORD,dep,1970-01-01T19:31:00Z,800,UA/ ORD,1996
UA,ORD,dep,1970-01-01T19:41:00Z,903,UA/ ORD,1996
UA,ORD,dep,1970-01-01T19:51:00Z,1180,UA/ ORD,1996
UA,ORD,dep,1970-01-01T20:01:00Z,1207,UA/ ORD,1996
UA,ORD,dep,1970-01-01T20:11:00Z,2214,UA/ ORD,1996
UA,ORD,dep,1970-01-01T20:21:00Z,1602,UA/ ORD,1996
UA,ORD,dep,1970-01-01T20:31:00Z,999,UA/ ORD,1996
UA,ORD,dep,1970-01-01T20:41:00Z,2764,UA/ ORD,1996
UA,ORD,dep,1970-01-01T20:51:00Z,1897,UA/ ORD,1996
UA,ORD,dep,1970-01-01T21:01:00Z,902,UA/ ORD,1996
UA,ORD,dep,1970-01-01T21:11:00Z,715,UA/ ORD,1996
UA,ORD,dep,1970-01-01T21:21:00Z,427,UA/ ORD,1996
UA,ORD,dep,1970-01-01T21:31:00Z,349,UA/ ORD,1996
UA,ORD,dep,1970-01-01T21:41:00Z,346,UA/ ORD,1996
UA,ORD,dep,1970-01-01T21:51:00Z,778,UA/ ORD,1996
UA,ORD,dep,1970-01-01T22:01:00Z,1890,UA/ ORD,1996
UA,ORD,dep,1970-01-01T22:11:00Z,1027,UA/ ORD,1996
UA,ORD,dep,1970-01-01T22:21:00Z,507,UA/ ORD,1996
UA,ORD,dep,1970-01-01T22:31:00Z,321,UA/ ORD,1996
UA,ORD,dep,1970-01-01T22:41:00Z,202,UA/ ORD,1996
UA,ORD,dep,1970-01-01T22:51:00Z,153,UA/ ORD,1996
UA,ORD,dep,1970-01-01T23:01:00Z,124,UA/ ORD,1996
UA,ORD,dep,1970-01-01T23:11:00Z,109,UA/ ORD,1996
UA,ORD,dep,1970-01-01T23:21:00Z,80,UA/ ORD,1996
UA,ORD,dep,1970-01-01T23:31:00Z,51,UA/ ORD,1996
UA,ORD,dep,1970-01-01T23:41:00Z,50,UA/ ORD,1996
UA,ORD,dep,1970-01-01T23:51:00Z,38,UA/ ORD,1996
AA,ORD,arr,1970-01-01T00:01:00Z,-187,AA/ ORD,1997
AA,ORD,arr,1970-01-01T00:11:00Z,-103,AA/ ORD,1997
AA,ORD,arr,1970-01-01T00:21:00Z,-50,AA/ ORD,1997
AA,ORD,arr,1970-01-01T00:31:00Z,-29,AA/ ORD,1997
AA,ORD,arr,1970-01-01T00:41:00Z,-18,AA/ ORD,1997
AA,ORD,arr,1970-01-01T00:51:00Z,-15,AA/ ORD,1997
AA,ORD,arr,1970-01-01T01:01:00Z,-26,AA/ ORD,1997
AA,ORD,arr,1970-01-01T01:11:00Z,-18,AA/ ORD,1997
AA,ORD,arr,1970-01-01T01:21:00Z,-6,AA/ ORD,1997
AA,ORD,arr,1970-01-01T01:31:00Z,-12,AA/ ORD,1997
AA,ORD,arr,1970-01-01T01:41:00Z,-3,AA/ ORD,1997
AA,ORD,arr,1970-01-01T01:51:00Z,-2,AA/ ORD,1997
AA,ORD,arr,1970-01-01T02:11:00Z,-4,AA/ ORD,1997
AA,ORD,arr,1970-01-01T02:21:00Z,-2,AA/ ORD,1997
AA,ORD,arr,1970-01-01T02:31:00Z,-2,AA/ ORD,1997
AA,ORD,arr,1970-01-01T02:41:00Z,-1,AA/ ORD,1997
AA,ORD,arr,1970-01-01T02:51:00Z,-2,AA/ ORD,1997
AA,ORD,arr,1970-01-01T03:01:00Z,-1,AA/ ORD,1997
AA,ORD,arr,1970-01-01T03:11:00Z,-1,AA/ ORD,1997
AA,ORD,arr,1970-01-01T03:21:00Z,-5,AA/ ORD,1997
AA,ORD,arr,1970-01-01T03:31:00Z,-2,AA/ ORD,1997
AA,ORD,arr,1970-01-01T04:11:00Z,-10,AA/ ORD,1997
AA,ORD,arr,1970-01-01T04:21:00Z,-37,AA/ ORD,1997
AA,ORD,arr,1970-01-01T04:31:00Z,-145,AA/ ORD,1997
AA,ORD,arr,1970-01-01T04:41:00Z,-203,AA/ ORD,1997
AA,ORD,arr,1970-01-01T04:51:00Z,-193,AA/ ORD,1997
AA,ORD,arr,1970-01-01T05:01:00Z,-192,AA/ ORD,1997
AA,ORD,arr,1970-01-01T05:11:00Z,-354,AA/ ORD,1997
AA,ORD,arr,1970-01-01T05:21:00Z,-560,AA/ ORD,1997
AA,ORD,arr,1970-01-01T05:31:00Z,-541,AA/ ORD,1997
AA,ORD,arr,1970-01-01T05:41:00Z,-349,AA/ ORD,1997
AA,ORD,arr,1970-01-01T05:51:00Z,-222,AA/ ORD,1997
AA,ORD,arr,1970-01-01T06:01:00Z,-104,AA/ ORD,1997
AA,ORD,arr,1970-01-01T06:11:00Z,-39,AA/ ORD,1997
AA,ORD,arr,1970-01-01T06:21:00Z,-18,AA/ ORD,1997
AA,ORD,arr,1970-01-01T06:31:00Z,-14,AA/ ORD,1997
AA,ORD,arr,1970-01-01T06:41:00Z,-7,AA/ ORD,1997
AA,ORD,arr,1970-01-01T06:51:00Z,-13,AA/ ORD,1997
AA,ORD,arr,1970-01-01T07:01:00Z,-4,AA/ ORD,1997
AA,ORD,arr,1970-01-01T07:11:00Z,-24,AA/ ORD,1997
AA,ORD,arr,1970-01-01T07:21:00Z,-300,AA/ ORD,1997
AA,ORD,arr,1970-01-01T07:31:00Z,-1106,AA/ ORD,1997
AA,ORD,arr,1970-01-01T07:41:00Z,-1878,AA/ ORD,1997
AA,ORD,arr,1970-01-01T07:51:00Z,-2199,AA/ ORD,1997
AA,ORD,arr,1970-01-01T08:01:00Z,-1712,AA/ ORD,1997
AA,ORD,arr,1970-01-01T08:11:00Z,-982,AA/ ORD,1997
AA,ORD,arr,1970-01-01T08:21:00Z,-551,AA/ ORD,1997
AA,ORD,arr,1970-01-01T08:31:00Z,-310,AA/ ORD,1997
AA,ORD,arr,1970-01-01T08:41:00Z,-219,AA/ ORD,1997
AA,ORD,arr,1970-01-01T08:51:00Z,-299,AA/ ORD,1997
AA,ORD,arr,1970-01-01T09:01:00Z,-799,AA/ ORD,1997
AA,ORD,arr,1970-01-01T09:11:00Z,-1843,AA/ ORD,1997
AA,ORD,arr,1970-01-01T09:21:00Z,-2361,AA/ ORD,1997
AA,ORD,arr,1970-01-01T09:31:00Z,-1832,AA/ ORD,1997
AA,ORD,arr,1970-01-01T09:41:00Z,-759,AA/ ORD,1997
AA,ORD,arr,1970-01-01T09:51:00Z,-325,AA/ ORD,1997
AA,ORD,arr,1970-01-01T10:01:00Z,-342,AA/ ORD,1997
AA,ORD,arr,1970-01-01T10:11:00Z,-476,AA/ ORD,1997
AA,ORD,arr,1970-01-01T10:21:00Z,-1078,AA/ ORD,1997
AA,ORD,arr,1970-01-01T10:31:00Z,-1705,AA/ ORD,1997
AA,ORD,arr,1970-01-01T10:41:00Z,-1798,AA/ ORD,1997
AA,ORD,arr,1970-01-01T10:51:00Z,-1815,AA/ ORD,1997
AA,ORD,arr,1970-01-01T11:01:00Z,-1232,AA/ ORD,1997
AA,ORD,arr,1970-01-01T11:11:00Z,-581,AA/ ORD,1997
AA,ORD,arr,1970-01-01T11:21:00Z,-355,AA/ ORD,1997
AA,ORD,arr,1970-01-01T11:31:00Z,-281,AA/ ORD,1997
AA,ORD,arr,1970-01-01T11:41:00Z,-281,AA/ ORD,1997
AA,ORD,arr,1970-01-01T11:51:00Z,-705,AA/ ORD,1997
AA,ORD,arr,1970-01-01T12:01:00Z,-1395,AA/ ORD,1997
AA,ORD,arr,1970-01-01T12:11:00Z,-1981,AA/ ORD,1997
AA,ORD,arr,1970-01-01T12:21:00Z,-2021,AA/ ORD,1997
AA,ORD,arr,1970-01-01T12:31:00Z,-1747,AA/ ORD,1997
AA,ORD,arr,1970-01-01T12:41:00Z,-1111,AA/ ORD,1997
AA,ORD,arr,1970-01-01T12:51:00Z,-507,AA/ ORD,1997
AA,ORD,arr,1970-01-01T13:01:00Z,-554,AA/ ORD,1997
AA,ORD,arr,1970-01-01T13:11:00Z,-470,AA/ ORD,1997
AA,ORD,arr,1970-01-01T13:21:00Z,-749,AA/ ORD,1997
AA,ORD,arr,1970-01-01T13:31:00Z,-1540,AA/ ORD,1997
AA,ORD,arr,1970-01-01T13:41:00Z,-2001,AA/ ORD,1997
AA,ORD,arr,1970-01-01T13:51:00Z,-2092,AA/ ORD,1997
AA,ORD,arr,1970-01-01T14:01:00Z,-1799,AA/ ORD,1997
AA,ORD,arr,1970-01-01T14:11:00Z,-999,AA/ ORD,1997
AA,ORD,arr,1970-01-01T14:21:00Z,-547,AA/ ORD,1997
AA,ORD,arr,1970-01-01T14:31:00Z,-505,AA/ ORD,1997
AA,ORD,arr,1970-01-01T14:41:00Z,-565,AA/ ORD,1997
AA,ORD,arr,1970-01-01T14:51:00Z,-936,AA/ ORD,1997
AA,ORD,arr,1970-01-01T15:01:00Z,-1596,AA/ ORD,1997
AA,ORD,arr,1970-01-01T15:11:00Z,-2646,AA/ ORD,1997
AA,ORD,arr,1970-01-01T15:21:00Z,-2622,AA/ ORD,1997
AA,ORD,arr,1970-01-01T15:31:00Z,-1836,AA/ ORD,1997
AA,ORD,arr,1970-01-01T15:41:00Z,-1065,AA/ ORD,1997
AA,ORD,arr,1970-01-01T15:51:00Z,-630,AA/ ORD,1997
AA,ORD,arr,1970-01-01T16:01:00Z,-587,AA/ ORD,1997
AA,ORD,arr,1970-01-01T16:11:00Z,-623,AA/ ORD,1997
AA,ORD,arr,1970-01-01T16:21:00Z,-1131,AA/ ORD,1997
AA,ORD,arr,1970-01-01T16:31:00Z,-1585,AA/ ORD,1997
AA,ORD,arr,1970-01-01T16:41:00Z,-1185,AA/ ORD,1997
AA,ORD,arr,1970-01-01T16:51:00Z,-776,AA/ ORD,1997
AA,ORD,arr,1970-01-01T17:01:00Z,-886,AA/ ORD,1997
AA,ORD,arr,1970-01-01T17:11:00Z,-1306,AA/ ORD,1997
AA,ORD,arr,1970-01-01T17:21:00Z,-1666,AA/ ORD,1997
AA,ORD,arr,1970-01-01T17:31:00Z,-1805,AA/ ORD,1997
AA,ORD,arr,1970-01-01T17:41:00Z,-1898,AA/ ORD,1997
AA,ORD,arr,1970-01-01T17:51:00Z,-1288,AA/ ORD,1997
AA,ORD,arr,1970-01-01T18:01:00Z,-921,AA/ ORD,1997
AA,ORD,arr,1970-01-01T18:11:00Z,-748,AA/ ORD,1997
AA,ORD,arr,1970-01-01T18:21:00Z,-706,AA/ ORD,1997
AA,ORD,arr,1970-01-01T18:31:00Z,-599,AA/ ORD,1997
AA,ORD,arr,1970-01-01T18:41:00Z,-629,AA/ ORD,1997
AA,ORD,arr,1970-01-01T18:51:00Z,-592,AA/ ORD,1997
AA,ORD,arr,1970-01-01T19:01:00Z,-763,AA/ ORD,1997
AA,ORD,arr,1970-01-01T19:11:00Z,-1133,AA/ ORD,1997
AA,ORD,arr,1970-01-01T19:21:00Z,-1823,AA/ ORD,1997
AA,ORD,arr,1970-01-01T19:31:00Z,-2117,AA/ ORD,1997
AA,ORD,arr,1970-01-01T19:41:00Z,-2269,AA/ ORD,1997
AA,ORD,arr,1970-01-01T19:51:00Z,-2126,AA/ ORD,1997
AA,ORD,arr,1970-01-01T20:01:00Z,-1440,AA/ ORD,1997
AA,ORD,arr,1970-01-01T20:11:00Z,-835,AA/ ORD,1997
AA,ORD,arr,1970-01-01T20:21:00Z,-516,AA/ ORD,1997
AA,ORD,arr,1970-01-01T20:31:00Z,-696,AA/ ORD,1997
AA,ORD,arr,1970-01-01T20:41:00Z,-956,AA/ ORD,1997
AA,ORD,arr,1970-01-01T20:51:00Z,-1489,AA/ ORD,1997
AA,ORD,arr,1970-01-01T21:01:00Z,-1634,AA/ ORD,1997
AA,ORD,arr,1970-01-01T21:11:00Z,-1388,AA/ ORD,1997
AA,ORD,arr,1970-01-01T21:21:00Z,-908,AA/ ORD,1997
AA,ORD,arr,1970-01-01T21:31:00Z,-648,AA/ ORD,1997
AA,ORD,arr,1970-01-01T21:41:00Z,-488,AA/ ORD,1997
AA,ORD,arr,1970-01-01T21:51:00Z,-310,AA/ ORD,1997
AA,ORD,arr,1970-01-01T22:01:00Z,-320,AA/ ORD,1997
AA,ORD,arr,1970-01-01T22:11:00Z,-310,AA/ ORD,1997
AA,ORD,arr,1970-01-01T22:21:00Z,-305,AA/ ORD,1997
AA,ORD,arr,1970-01-01T22:31:00Z,-281,AA/ ORD,1997
AA,ORD,arr,1970-01-01T22:41:00Z,-288,AA/ ORD,1997
AA,ORD,arr,1970-01-01T22:51:00Z,-216,AA/ ORD,1997
AA,ORD,arr,1970-01-01T23:01:00Z,-162,AA/ ORD,1997
AA,ORD,arr,1970-01-01T23:11:00Z,-158,AA/ ORD,1997
AA,ORD,arr,1970-01-01T23:21:00Z,-156,AA/ ORD,1997
AA,ORD,arr,1970-01-01T23:31:00Z,-159,AA/ ORD,1997
AA,ORD,arr,1970-01-01T23:41:00Z,-124,AA/ ORD,1997
AA,ORD,arr,1970-01-01T23:51:00Z,-136,AA/ ORD,1997
AA,ORD,dep,1970-01-01T00:01:00Z,33,AA/ ORD,1997
AA,ORD,dep,1970-01-01T00:11:00Z,27,AA/ ORD,1997
AA,ORD,dep,1970-01-01T00:21:00Z,18,AA/ ORD,1997
AA,ORD,dep,1970-01-01T00:31:00Z,22,AA/ ORD,1997
AA,ORD,dep,1970-01-01T00:41:00Z,6,AA/ ORD,1997
AA,ORD,dep,1970-01-01T00:51:00Z,2,AA/ ORD,1997
AA,ORD,dep,1970-01-01T01:01:00Z,5,AA/ ORD,1997
AA,ORD,dep,1970-01-01T01:11:00Z,6,AA/ ORD,1997
AA,ORD,dep,1970-01-01T01:21:00Z,4,AA/ ORD,1997
AA,ORD,dep,1970-01-01T01:31:00Z,3,AA/ ORD,1997
AA,ORD,dep,1970-01-01T01:41:00Z,4,AA/ ORD,1997
AA,ORD,dep,1970-01-01T01:51:00Z,2,AA/ ORD,1997
AA,ORD,dep,1970-01-01T02:01:00Z,1,AA/ ORD,1997
AA,ORD,dep,1970-01-01T02:11:00Z,4,AA/ ORD,1997
AA,ORD,dep,1970-01-01T03:01:00Z,1,AA/ ORD,1997
AA,ORD,dep,1970-01-01T03:11:00Z,1,AA/ ORD,1997
AA,ORD,dep,1970-01-01T03:21:00Z,1,AA/ ORD,1997
AA,ORD,dep,1970-01-01T04:41:00Z,2,AA/ ORD,1997
AA,ORD,dep,1970-01-01T04:51:00Z,1,AA/ ORD,1997
AA,ORD,dep,1970-01-01T05:01:00Z,1,AA/ ORD,1997
AA,ORD,dep,1970-01-01T05:11:00Z,1,AA/ ORD,1997
AA,ORD,dep,1970-01-01T05:31:00Z,1,AA/ ORD,1997
AA,ORD,dep,1970-01-01T05:51:00Z,336,AA/ ORD,1997
AA,ORD,dep,1970-01-01T06:01:00Z,260,AA/ ORD,1997
AA,ORD,dep,1970-01-01T06:11:00Z,1006,AA/ ORD,1997
AA,ORD,dep,1970-01-01T06:21:00Z,1252,AA/ ORD,1997
AA,ORD,dep,1970-01-01T06:31:00Z,755,AA/ ORD,1997
AA,ORD,dep,1970-01-01T06:41:00Z,1556,AA/ ORD,1997
AA,ORD,dep,1970-01-01T06:51:00Z,1610,AA/ ORD,1997
AA,ORD,dep,1970-01-01T07:01:00Z,386,AA/ ORD,1997
AA,ORD,dep,1970-01-01T07:11:00Z,1055,AA/ ORD,1997
AA,ORD,dep,1970-01-01T07:21:00Z,545,AA/ ORD,1997
AA,ORD,dep,1970-01-01T07:31:00Z,116,AA/ ORD,1997
AA,ORD,dep,1970-01-01T07:41:00Z,66,AA/ ORD,1997
AA,ORD,dep,1970-01-01T07:51:00Z,511,AA/ ORD,1997
AA,ORD,dep,1970-01-01T08:01:00Z,156,AA/ ORD,1997
AA,ORD,dep,1970-01-01T08:11:00Z,222,AA/ ORD,1997
AA,ORD,dep,1970-01-01T08:21:00Z,557,AA/ ORD,1997
AA,ORD,dep,1970-01-01T08:31:00Z,1684,AA/ ORD,1997
AA,ORD,dep,1970-01-01T08:41:00Z,2808,AA/ ORD,1997
AA,ORD,dep,1970-01-01T08:51:00Z,3582,AA/ ORD,1997
AA,ORD,dep,1970-01-01T09:01:00Z,1805,AA/ ORD,1997
AA,ORD,dep,1970-01-01T09:11:00Z,798,AA/ ORD,1997
AA,ORD,dep,1970-01-01T09:21:00Z,287,AA/ ORD,1997
AA,ORD,dep,1970-01-01T09:31:00Z,169,AA/ ORD,1997
AA,ORD,dep,1970-01-01T09:41:00Z,121,AA/ ORD,1997
AA,ORD,dep,1970-01-01T09:51:00Z,607,AA/ ORD,1997
AA,ORD,dep,1970-01-01T10:01:00Z,2054,AA/ ORD,1997
AA,ORD,dep,1970-01-01T10:11:00Z,3056,AA/ ORD,1997
AA,ORD,dep,1970-01-01T10:21:00Z,1690,AA/ ORD,1997
AA,ORD,dep,1970-01-01T10:31:00Z,367,AA/ ORD,1997
AA,ORD,dep,1970-01-01T10:41:00Z,165,AA/ ORD,1997
AA,ORD,dep,1970-01-01T10:51:00Z,618,AA/ ORD,1997
AA,ORD,dep,1970-01-01T11:01:00Z,194,AA/ ORD,1997
AA,ORD,dep,1970-01-01T11:11:00Z,119,AA/ ORD,1997
AA,ORD,dep,1970-01-01T11:21:00Z,609,AA/ ORD,1997
AA,ORD,dep,1970-01-01T11:31:00Z,2139,AA/ ORD,1997
AA,ORD,dep,1970-01-01T11:41:00Z,3532,AA/ ORD,1997
AA,ORD,dep,1970-01-01T11:51:00Z,2398,AA/ ORD,1997
AA,ORD,dep,1970-01-01T12:01:00Z,590,AA/ ORD,1997
AA,ORD,dep,1970-01-01T12:11:00Z,249,AA/ ORD,1997
AA,ORD,dep,1970-01-01T12:21:00Z,249,AA/ ORD,1997
AA,ORD,dep,1970-01-01T12:31:00Z,168,AA/ ORD,1997
AA,ORD,dep,1970-01-01T12:41:00Z,375,AA/ ORD,1997
AA,ORD,dep,1970-01-01T12:51:00Z,746,AA/ ORD,1997
AA,ORD,dep,1970-01-01T13:01:00Z,1343,AA/ ORD,1997
AA,ORD,dep,1970-01-01T13:11:00Z,2119,AA/ ORD,1997
AA,ORD,dep,1970-01-01T13:21:00Z,2992,AA/ ORD,1997
AA,ORD,dep,1970-01-01T13:31:00Z,642,AA/ ORD,1997
AA,ORD,dep,1970-01-01T13:41:00Z,428,AA/ ORD,1997
AA,ORD,dep,1970-01-01T13:51:00Z,796,AA/ ORD,1997
AA,ORD,dep,1970-01-01T14:01:00Z,273,AA/ ORD,1997
AA,ORD,dep,1970-01-01T14:11:00Z,160,AA/ ORD,1997
AA,ORD,dep,1970-01-01T14:21:00Z,489,AA/ ORD,1997
AA,ORD,dep,1970-01-01T14:31:00Z,1541,AA/ ORD,1997
AA,ORD,dep,1970-01-01T14:41:00Z,3293,AA/ ORD,1997
AA,ORD,dep,1970-01-01T14:51:00Z,3382,AA/ ORD,1997
AA,ORD,dep,1970-01-01T15:01:00Z,1687,AA/ ORD,1997
AA,ORD,dep,1970-01-01T15:11:00Z,676,AA/ ORD,1997
AA,ORD,dep,1970-01-01T15:21:00Z,571,AA/ ORD,1997
AA,ORD,dep,1970-01-01T15:31:00Z,390,AA/ ORD,1997
AA,ORD,dep,1970-01-01T15:41:00Z,385,AA/ ORD,1997
AA,ORD,dep,1970-01-01T15:51:00Z,930,AA/ ORD,1997
AA,ORD,dep,1970-01-01T16:01:00Z,1316,AA/ ORD,1997
AA,ORD,dep,1970-01-01T16:11:00Z,2531,AA/ ORD,1997
AA,ORD,dep,1970-01-01T16:21:00Z,2309,AA/ ORD,1997
AA,ORD,dep,1970-01-01T16:31:00Z,1072,AA/ ORD,1997
AA,ORD,dep,1970-01-01T16:41:00Z,622,AA/ ORD,1997
AA,ORD,dep,1970-01-01T16:51:00Z,887,AA/ ORD,1997
AA,ORD,dep,1970-01-01T17:01:00Z,511,AA/ ORD,1997
AA,ORD,dep,1970-01-01T17:11:00Z,469,AA/ ORD,1997
AA,ORD,dep,1970-01-01T17:21:00Z,2678,AA/ ORD,1997
AA,ORD,dep,1970-01-01T17:31:00Z,1027,AA/ ORD,1997
AA,ORD,dep,1970-01-01T17:41:00Z,509,AA/ ORD,1997
AA,ORD,dep,1970-01-01T17:51:00Z,925,AA/ ORD,1997
AA,ORD,dep,1970-01-01T18:01:00Z,515,AA/ ORD,1997
AA,ORD,dep,1970-01-01T18:11:00Z,1321,AA/ ORD,1997
AA,ORD,dep,1970-01-01T18:21:00Z,2065,AA/ ORD,1997
AA,ORD,dep,1970-01-01T18:31:00Z,1629,AA/ ORD,1997
AA,ORD,dep,1970-01-01T18:41:00Z,2188,AA/ ORD,1997
AA,ORD,dep,1970-01-01T18:51:00Z,1540,AA/ ORD,1997
AA,ORD,dep,1970-01-01T19:01:00Z,721,AA/ ORD,1997
AA,ORD,dep,1970-01-01T19:11:00Z,926,AA/ ORD,1997
AA,ORD,dep,1970-01-01T19:21:00Z,781,AA/ ORD,1997
AA,ORD,dep,1970-01-01T19:31:00Z,350,AA/ ORD,1997
AA,ORD,dep,1970-01-01T19:41:00Z,270,AA/ ORD,1997
AA,ORD,dep,1970-01-01T19:51:00Z,575,AA/ ORD,1997
AA,ORD,dep,1970-01-01T20:01:00Z,293,AA/ ORD,1997
AA,ORD,dep,1970-01-01T20:11:00Z,224,AA/ ORD,1997
AA,ORD,dep,1970-01-01T20:21:00Z,1897,AA/ ORD,1997
AA,ORD,dep,1970-01-01T20:31:00Z,2739,AA/ ORD,1997
AA,ORD,dep,1970-01-01T20:41:00Z,2383,AA/ ORD,1997
AA,ORD,dep,1970-01-01T20:51:00Z,738,AA/ ORD,1997
AA,ORD,dep,1970-01-01T21:01:00Z,436,AA/ ORD,1997
AA,ORD,dep,1970-01-01T21:11:00Z,291,AA/ ORD,1997
AA,ORD,dep,1970-01-01T21:21:00Z,198,AA/ ORD,1997
AA,ORD,dep,1970-01-01T21:31:00Z,163,AA/ ORD,1997
AA,ORD,dep,1970-01-01T21:41:00Z,1193,AA/ ORD,1997
AA,ORD,dep,1970-01-01T21:51:00Z,2560,AA/ ORD,1997
AA,ORD,dep,1970-01-01T22:01:00Z,830,AA/ ORD,1997
AA,ORD,dep,1970-01-01T22:11:00Z,371,AA/ ORD,1997
AA,ORD,dep,1970-01-01T22:21:00Z,222,AA/ ORD,1997
AA,ORD,dep,1970-01-01T22:31:00Z,141,AA/ ORD,1997
AA,ORD,dep,1970-01-01T22:41:00Z,142,AA/ ORD,1997
AA,ORD,dep,1970-01-01T22:51:00Z,79,AA/ ORD,1997
AA,ORD,dep,1970-01-01T23:01:00Z,87,AA/ ORD,1997
AA,ORD,dep,1970-01-01T23:11:00Z,74,AA/ ORD,1997
AA,ORD,dep,1970-01-01T23:21:00Z,64,AA/ ORD,1997
AA,ORD,dep,1970-01-01T23:31:00Z,61,AA/ ORD,1997
AA,ORD,dep,1970-01-01T23:41:00Z,46,AA/ ORD,1997
AA,ORD,dep,1970-01-01T23:51:00Z,63,AA/ ORD,1997
UA,ORD,arr,1970-01-01T00:01:00Z,-116,UA/ ORD,1997
UA,ORD,arr,1970-01-01T00:11:00Z,-67,UA/ ORD,1997
UA,ORD,arr,1970-01-01T00:21:00Z,-104,UA/ ORD,1997
UA,ORD,arr,1970-01-01T00:31:00Z,-183,UA/ ORD,1997
UA,ORD,arr,1970-01-01T00:41:00Z,-207,UA/ ORD,1997
UA,ORD,arr,1970-01-01T00:51:00Z,-174,UA/ ORD,1997
UA,ORD,arr,1970-01-01T01:01:00Z,-104,UA/ ORD,1997
UA,ORD,arr,1970-01-01T01:11:00Z,-41,UA/ ORD,1997
UA,ORD,arr,1970-01-01T01:21:00Z,-31,UA/ ORD,1997
UA,ORD,arr,1970-01-01T01:31:00Z,-14,UA/ ORD,1997
UA,ORD,arr,1970-01-01T01:41:00Z,-13,UA/ ORD,1997
UA,ORD,arr,1970-01-01T01:51:00Z,-17,UA/ ORD,1997
UA,ORD,arr,1970-01-01T02:01:00Z,-8,UA/ ORD,1997
UA,ORD,arr,1970-01-01T02:11:00Z,-6,UA/ ORD,1997
UA,ORD,arr,1970-01-01T02:21:00Z,-3,UA/ ORD,1997
UA,ORD,arr,1970-01-01T02:31:00Z,-2,UA/ ORD,1997
UA,ORD,arr,1970-01-01T02:41:00Z,-1,UA/ ORD,1997
UA,ORD,arr,1970-01-01T02:51:00Z,-1,UA/ ORD,1997
UA,ORD,arr,1970-01-01T03:01:00Z,-2,UA/ ORD,1997
UA,ORD,arr,1970-01-01T03:21:00Z,-3,UA/ ORD,1997
UA,ORD,arr,1970-01-01T03:41:00Z,-2,UA/ ORD,1997
UA,ORD,arr,1970-01-01T03:51:00Z,-1,UA/ ORD,1997
UA,ORD,arr,1970-01-01T04:01:00Z,-6,UA/ ORD,1997
UA,ORD,arr,1970-01-01T04:11:00Z,-32,UA/ ORD,1997
UA,ORD,arr,1970-01-01T04:21:00Z,-92,UA/ ORD,1997
UA,ORD,arr,1970-01-01T04:31:00Z,-162,UA/ ORD,1997
UA,ORD,arr,1970-01-01T04:41:00Z,-243,UA/ ORD,1997
UA,ORD,arr,1970-01-01T04:51:00Z,-526,UA/ ORD,1997
UA,ORD,arr,1970-01-01T05:01:00Z,-862,UA/ ORD,1997
UA,ORD,arr,1970-01-01T05:11:00Z,-877,UA/ ORD,1997
UA,ORD,arr,1970-01-01T05:21:00Z,-678,UA/ ORD,1997
UA,ORD,arr,1970-01-01T05:31:00Z,-409,UA/ ORD,1997
UA,ORD,arr,1970-01-01T05:41:00Z,-207,UA/ ORD,1997
UA,ORD,arr,1970-01-01T05:51:00Z,-113,UA/ ORD,1997
UA,ORD,arr,1970-01-01T06:01:00Z,-64,UA/ ORD,1997
UA,ORD,arr,1970-01-01T06:11:00Z,-84,UA/ ORD,1997
UA,ORD,arr,1970-01-01T06:21:00Z,-79,UA/ ORD,1997
UA,ORD,arr,1970-01-01T06:31:00Z,-146,UA/ ORD,1997
UA,ORD,arr,1970-01-01T06:41:00Z,-810,UA/ ORD,1997
UA,ORD,arr,1970-01-01T06:51:00Z,-2023,UA/ ORD,1997
UA,ORD,arr,1970-01-01T07:01:00Z,-2492,UA/ ORD,1997
UA,ORD,arr,1970-01-01T07:11:00Z,-1783,UA/ ORD,1997
UA,ORD,arr,1970-01-01T07:21:00Z,-822,UA/ ORD,1997
UA,ORD,arr,1970-01-01T07:31:00Z,-440,UA/ ORD,1997
UA,ORD,arr,1970-01-01T07:41:00Z,-376,UA/ ORD,1997
UA,ORD,arr,1970-01-01T07:51:00Z,-698,UA/ ORD,1997
UA,ORD,arr,1970-01-01T08:01:00Z,-1151,UA/ ORD,1997
UA,ORD,arr,1970-01-01T08:11:00Z,-1782,UA/ ORD,1997
UA,ORD,arr,1970-01-01T08:21:00Z,-2769,UA/ ORD,1997
UA,ORD,arr,1970-01-01T08:31:00Z,-3067,UA/ ORD,1997
UA,ORD,arr,1970-01-01T08:41:00Z,-2748,UA/ ORD,1997
UA,ORD,arr,1970-01-01T08:51:00Z,-2046,UA/ ORD,1997
UA,ORD,arr,1970-01-01T09:01:00Z,-1262,UA/ ORD,1997
UA,ORD,arr,1970-01-01T09:11:00Z,-793,UA/ ORD,1997
UA,ORD,arr,1970-01-01T09:21:00Z,-559,UA/ ORD,1997
UA,ORD,arr,1970-01-01T09:31:00Z,-599,UA/ ORD,1997
UA,ORD,arr,1970-01-01T09:41:00Z,-922,UA/ ORD,1997
UA,ORD,arr,1970-01-01T09:51:00Z,-1565,UA/ ORD,1997
UA,ORD,arr,1970-01-01T10:01:00Z,-2196,UA/ ORD,1997
UA,ORD,arr,1970-01-01T10:11:00Z,-2090,UA/ ORD,1997
UA,ORD,arr,1970-01-01T10:21:00Z,-1214,UA/ ORD,1997
UA,ORD,arr,1970-01-01T10:31:00Z,-821,UA/ ORD,1997
UA,ORD,arr,1970-01-01T10:41:00Z,-678,UA/ ORD,1997
UA,ORD,arr,1970-01-01T10:51:00Z,-827,UA/ ORD,1997
UA,ORD,arr,1970-01-01T11:01:00Z,-1445,UA/ ORD,1997
UA,ORD,arr,1970-01-01T11:11:00Z,-2140,UA/ ORD,1997
UA,ORD,arr,1970-01-01T11:21:00Z,-2985,UA/ ORD,1997
UA,ORD,arr,1970-01-01T11:31:00Z,-2791,UA/ ORD,1997
UA,ORD,arr,1970-01-01T11:41:00Z,-1832,UA/ ORD,1997
UA,ORD,arr,1970-01-01T11:51:00Z,-1145,UA/ ORD,1997
UA,ORD,arr,1970-01-01T12:01:00Z,-1069,UA/ ORD,1997
UA,ORD,arr,1970-01-01T12:11:00Z,-944,UA/ ORD,1997
UA,ORD,arr,1970-01-01T12:21:00Z,-1092,UA/ ORD,1997
UA,ORD,arr,1970-01-01T12:31:00Z,-1552,UA/ ORD,1997
UA,ORD,arr,1970-01-01T12:41:00Z,-2479,UA/ ORD,1997
UA,ORD,arr,1970-01-01T12:51:00Z,-2777,UA/ ORD,1997
UA,ORD,arr,1970-01-01T13:01:00Z,-1693,UA/ ORD,1997
UA,ORD,arr,1970-01-01T13:11:00Z,-1207,UA/ ORD,1997
UA,ORD,arr,1970-01-01T13:21:00Z,-937,UA/ ORD,1997
UA,ORD,arr,1970-01-01T13:31:00Z,-795,UA/ ORD,1997
UA,ORD,arr,1970-01-01T13:41:00Z,-1037,UA/ ORD,1997
UA,ORD,arr,1970-01-01T13:51:00Z,-1116,UA/ ORD,1997
UA,ORD,arr,1970-01-01T14:01:00Z,-1278,UA/ ORD,1997
UA,ORD,arr,1970-01-01T14:11:00Z,-1638,UA/ ORD,1997
UA,ORD,arr,1970-01-01T14:21:00Z,-2160,UA/ ORD,1997
UA,ORD,arr,1970-01-01T14:31:00Z,-2285,UA/ ORD,1997
UA,ORD,arr,1970-01-01T14:41:00Z,-1627,UA/ ORD,1997
UA,ORD,arr,1970-01-01T14:51:00Z,-1076,UA/ ORD,1997
UA,ORD,arr,1970-01-01T15:01:00Z,-1045,UA/ ORD,1997
UA,ORD,arr,1970-01-01T15:11:00Z,-1008,UA/ ORD,1997
UA,ORD,arr,1970-01-01T15:21:00Z,-963,UA/ ORD,1997
UA,ORD,arr,1970-01-01T15:31:00Z,-1006,UA/ ORD,1997
UA,ORD,arr,1970-01-01T15:41:00Z,-1292,UA/ ORD,1997
UA,ORD,arr,1970-01-01T15:51:00Z,-1795,UA/ ORD,1997
UA,ORD,arr,1970-01-01T16:01:00Z,-2185,UA/ ORD,1997
UA,ORD,arr,1970-01-01T16:11:00Z,-2139,UA/ ORD,1997
UA,ORD,arr,1970-01-01T16:21:00Z,-1279,UA/ ORD,1997
UA,ORD,arr,1970-01-01T16:31:00Z,-847,UA/ ORD,1997
UA,ORD,arr,1970-01-01T16:41:00Z,-879,UA/ ORD,1997
UA,ORD,arr,1970-01-01T16:51:00Z,-1128,UA/ ORD,1997
UA,ORD,arr,1970-01-01T17:01:00Z,-1268,UA/ ORD,1997
UA,ORD,arr,1970-01-01T17:11:00Z,-1216,UA/ ORD,1997
UA,ORD,arr,1970-01-01T17:21:00Z,-1173,UA/ ORD,1997
UA,ORD,arr,1970-01-01T17:31:00Z,-1050,UA/ ORD,1997
UA,ORD,arr,1970-01-01T17:41:00Z,-1225,UA/ ORD,1997
UA,ORD,arr,1970-01-01T17:51:00Z,-1766,UA/ ORD,1997
UA,ORD,arr,1970-01-01T18:01:00Z,-2220,UA/ ORD,1997
UA,ORD,arr,1970-01-01T18:11:00Z,-2730,UA/ ORD,1997
UA,ORD,arr,1970-01-01T18:21:00Z,-2447,UA/ ORD,1997
UA,ORD,arr,1970-01-01T18:31:00Z,-1569,UA/ ORD,1997
UA,ORD,arr,1970-01-01T18:41:00Z,-1257,UA/ ORD,1997
UA,ORD,arr,1970-01-01T18:51:00Z,-1075,UA/ ORD,1997
UA,ORD,arr,1970-01-01T19:01:00Z,-1188,UA/ ORD,1997
UA,ORD,arr,1970-01-01T19:11:00Z,-1625,UA/ ORD,1997
UA,ORD,arr,1970-01-01T19:21:00Z,-1835,UA/ ORD,1997
UA,ORD,arr,1970-01-01T19:31:00Z,-2052,UA/ ORD,1997
UA,ORD,arr,1970-01-01T19:41:00Z,-1796,UA/ ORD,1997
UA,ORD,arr,1970-01-01T19:51:00Z,-1488,UA/ ORD,1997
UA,ORD,arr,1970-01-01T20:01:00Z,-1347,UA/ ORD,1997
UA,ORD,arr,1970-01-01T20:11:00Z,-1029,UA/ ORD,1997
UA,ORD,arr,1970-01-01T20:21:00Z,-714,UA/ ORD,1997
UA,ORD,arr,1970-01-01T20:31:00Z,-588,UA/ ORD,1997
UA,ORD,arr,1970-01-01T20:41:00Z,-480,UA/ ORD,1997
UA,ORD,arr,1970-01-01T20:51:00Z,-648,UA/ ORD,1997
UA,ORD,arr,1970-01-01T21:01:00Z,-1345,UA/ ORD,1997
UA,ORD,arr,1970-01-01T21:11:00Z,-2148,UA/ ORD,1997
UA,ORD,arr,1970-01-01T21:21:00Z,-2237,UA/ ORD,1997
UA,ORD,arr,1970-01-01T21:31:00Z,-1512,UA/ ORD,1997
UA,ORD,arr,1970-01-01T21:41:00Z,-768,UA/ ORD,1997
UA,ORD,arr,1970-01-01T21:51:00Z,-554,UA/ ORD,1997
UA,ORD,arr,1970-01-01T22:01:00Z,-426,UA/ ORD,1997
UA,ORD,arr,1970-01-01T22:11:00Z,-376,UA/ ORD,1997
UA,ORD,arr,1970-01-01T22:21:00Z,-317,UA/ ORD,1997
UA,ORD,arr,1970-01-01T22:31:00Z,-235,UA/ ORD,1997
UA,ORD,arr,1970-01-01T22:41:00Z,-257,UA/ ORD,1997
UA,ORD,arr,1970-01-01T22:51:00Z,-221,UA/ ORD,1997
UA,ORD,arr,1970-01-01T23:01:00Z,-176,UA/ ORD,1997
UA,ORD,arr,1970-01-01T23:11:00Z,-178,UA/ ORD,1997
UA,ORD,arr,1970-01-01T23:21:00Z,-168,UA/ ORD,1997
UA,ORD,arr,1970-01-01T23:31:00Z,-187,UA/ ORD,1997
UA,ORD,arr,1970-01-01T23:41:00Z,-198,UA/ ORD,1997
UA,ORD,arr,1970-01-01T23:51:00Z,-170,UA/ ORD,1997
UA,ORD,dep,1970-01-01T00:01:00Z,34,UA/ ORD,1997
UA,ORD,dep,1970-01-01T00:11:00Z,36,UA/ ORD,1997
UA,ORD,dep,1970-01-01T00:21:00Z,19,UA/ ORD,1997
UA,ORD,dep,1970-01-01T00:31:00Z,18,UA/ ORD,1997
UA,ORD,dep,1970-01-01T00:41:00Z,23,UA/ ORD,1997
UA,ORD,dep,1970-01-01T00:51:00Z,22,UA/ ORD,1997
UA,ORD,dep,1970-01-01T01:01:00Z,6,UA/ ORD,1997
UA,ORD,dep,1970-01-01T01:11:00Z,2,UA/ ORD,1997
UA,ORD,dep,1970-01-01T01:21:00Z,3,UA/ ORD,1997
UA,ORD,dep,1970-01-01T01:31:00Z,6,UA/ ORD,1997
UA,ORD,dep,1970-01-01T01:41:00Z,4,UA/ ORD,1997
UA,ORD,dep,1970-01-01T01:51:00Z,1,UA/ ORD,1997
UA,ORD,dep,1970-01-01T02:01:00Z,3,UA/ ORD,1997
UA,ORD,dep,1970-01-01T02:11:00Z,1,UA/ ORD,1997
UA,ORD,dep,1970-01-01T02:21:00Z,1,UA/ ORD,1997
UA,ORD,dep,1970-01-01T02:31:00Z,1,UA/ ORD,1997
UA,ORD,dep,1970-01-01T05:51:00Z,529,UA/ ORD,1997
UA,ORD,dep,1970-01-01T06:01:00Z,625,UA/ ORD,1997
UA,ORD,dep,1970-01-01T06:11:00Z,955,UA/ ORD,1997
UA,ORD,dep,1970-01-01T06:21:00Z,1115,UA/ ORD,1997
UA,ORD,dep,1970-01-01T06:31:00Z,1101,UA/ ORD,1997
UA,ORD,dep,1970-01-01T06:41:00Z,1653,UA/ ORD,1997
UA,ORD,dep,1970-01-01T06:51:00Z,1668,UA/ ORD,1997
UA,ORD,dep,1970-01-01T07:01:00Z,922,UA/ ORD,1997
UA,ORD,dep,1970-01-01T07:11:00Z,672,UA/ ORD,1997
UA,ORD,dep,1970-01-01T07:21:00Z,566,UA/ ORD,1997
UA,ORD,dep,1970-01-01T07:31:00Z,1703,UA/ ORD,1997
UA,ORD,dep,1970-01-01T07:41:00Z,3395,UA/ ORD,1997
UA,ORD,dep,1970-01-01T07:51:00Z,2413,UA/ ORD,1997
UA,ORD,dep,1970-01-01T08:01:00Z,2386,UA/ ORD,1997
UA,ORD,dep,1970-01-01T08:11:00Z,1807,UA/ ORD,1997
UA,ORD,dep,1970-01-01T08:21:00Z,746,UA/ ORD,1997
UA,ORD,dep,1970-01-01T08:31:00Z,593,UA/ ORD,1997
UA,ORD,dep,1970-01-01T08:41:00Z,958,UA/ ORD,1997
UA,ORD,dep,1970-01-01T08:51:00Z,1172,UA/ ORD,1997
UA,ORD,dep,1970-01-01T09:01:00Z,680,UA/ ORD,1997
UA,ORD,dep,1970-01-01T09:11:00Z,2178,UA/ ORD,1997
UA,ORD,dep,1970-01-01T09:21:00Z,2485,UA/ ORD,1997
UA,ORD,dep,1970-01-01T09:31:00Z,2216,UA/ ORD,1997
UA,ORD,dep,1970-01-01T09:41:00Z,3167,UA/ ORD,1997
UA,ORD,dep,1970-01-01T09:51:00Z,2315,UA/ ORD,1997
UA,ORD,dep,1970-01-01T10:01:00Z,1307,UA/ ORD,1997
UA,ORD,dep,1970-01-01T10:11:00Z,784,UA/ ORD,1997
UA,ORD,dep,1970-01-01T10:21:00Z,589,UA/ ORD,1997
UA,ORD,dep,1970-01-01T10:31:00Z,388,UA/ ORD,1997
UA,ORD,dep,1970-01-01T10:41:00Z,1765,UA/ ORD,1997
UA,ORD,dep,1970-01-01T10:51:00Z,2849,UA/ ORD,1997
UA,ORD,dep,1970-01-01T11:01:00Z,2332,UA/ ORD,1997
UA,ORD,dep,1970-01-01T11:11:00Z,1088,UA/ ORD,1997
UA,ORD,dep,1970-01-01T11:21:00Z,812,UA/ ORD,1997
UA,ORD,dep,1970-01-01T11:31:00Z,432,UA/ ORD,1997
UA,ORD,dep,1970-01-01T11:41:00Z,1240,UA/ ORD,1997
UA,ORD,dep,1970-01-01T11:51:00Z,765,UA/ ORD,1997
UA,ORD,dep,1970-01-01T12:01:00Z,797,UA/ ORD,1997
UA,ORD,dep,1970-01-01T12:11:00Z,3473,UA/ ORD,1997
UA,ORD,dep,1970-01-01T12:21:00Z,3291,UA/ ORD,1997
UA,ORD,dep,1970-01-01T12:31:00Z,2021,UA/ ORD,1997
UA,ORD,dep,1970-01-01T12:41:00Z,1703,UA/ ORD,1997
UA,ORD,dep,1970-01-01T12:51:00Z,1152,UA/ ORD,1997
UA,ORD,dep,1970-01-01T13:01:00Z,783,UA/ ORD,1997
UA,ORD,dep,1970-01-01T13:11:00Z,571,UA/ ORD,1997
UA,ORD,dep,1970-01-01T13:21:00Z,1148,UA/ ORD,1997
UA,ORD,dep,1970-01-01T13:31:00Z,3140,UA/ ORD,1997
UA,ORD,dep,1970-01-01T13:41:00Z,3166,UA/ ORD,1997
UA,ORD,dep,1970-01-01T13:51:00Z,2042,UA/ ORD,1997
UA,ORD,dep,1970-01-01T14:01:00Z,1037,UA/ ORD,1997
UA,ORD,dep,1970-01-01T14:11:00Z,1185,UA/ ORD,1997
UA,ORD,dep,1970-01-01T14:21:00Z,902,UA/ ORD,1997
UA,ORD,dep,1970-01-01T14:31:00Z,740,UA/ ORD,1997
UA,ORD,dep,1970-01-01T14:41:00Z,927,UA/ ORD,1997
UA,ORD,dep,1970-01-01T14:51:00Z,719,UA/ ORD,1997
UA,ORD,dep,1970-01-01T15:01:00Z,692,UA/ ORD,1997
UA,ORD,dep,1970-01-01T15:11:00Z,2071,UA/ ORD,1997
UA,ORD,dep,1970-01-01T15:21:00Z,2571,UA/ ORD,1997
UA,ORD,dep,1970-01-01T15:31:00Z,2039,UA/ ORD,1997
UA,ORD,dep,1970-01-01T15:41:00Z,1975,UA/ ORD,1997
UA,ORD,dep,1970-01-01T15:51:00Z,1279,UA/ ORD,1997
UA,ORD,dep,1970-01-01T16:01:00Z,1228,UA/ ORD,1997
UA,ORD,dep,1970-01-01T16:11:00Z,873,UA/ ORD,1997
UA,ORD,dep,1970-01-01T16:21:00Z,541,UA/ ORD,1997
UA,ORD,dep,1970-01-01T16:31:00Z,530,UA/ ORD,1997
UA,ORD,dep,1970-01-01T16:41:00Z,1221,UA/ ORD,1997
UA,ORD,dep,1970-01-01T16:51:00Z,1977,UA/ ORD,1997
UA,ORD,dep,1970-01-01T17:01:00Z,2673,UA/ ORD,1997
UA,ORD,dep,1970-01-01T17:11:00Z,1930,UA/ ORD,1997
UA,ORD,dep,1970-01-01T17:21:00Z,869,UA/ ORD,1997
UA,ORD,dep,1970-01-01T17:31:00Z,902,UA/ ORD,1997
UA,ORD,dep,1970-01-01T17:41:00Z,1167,UA/ ORD,1997
UA,ORD,dep,1970-01-01T17:51:00Z,1123,UA/ ORD,1997
UA,ORD,dep,1970-01-01T18:01:00Z,1353,UA/ ORD,1997
UA,ORD,dep,1970-01-01T18:11:00Z,1384,UA/ ORD,1997
UA,ORD,dep,1970-01-01T18:21:00Z,867,UA/ ORD,1997
UA,ORD,dep,1970-01-01T18:31:00Z,590,UA/ ORD,1997
UA,ORD,dep,1970-01-01T18:41:00Z,1009,UA/ ORD,1997
UA,ORD,dep,1970-01-01T18:51:00Z,1704,UA/ ORD,1997
UA,ORD,dep,1970-01-01T19:01:00Z,2913,UA/ ORD,1997
UA,ORD,dep,1970-01-01T19:11:00Z,3212,UA/ ORD,1997
UA,ORD,dep,1970-01-01T19:21:00Z,1954,UA/ ORD,1997
UA,ORD,dep,1970-01-01T19:31:00Z,1084,UA/ ORD,1997
UA,ORD,dep,1970-01-01T19:41:00Z,928,UA/ ORD,1997
UA,ORD,dep,1970-01-01T19:51:00Z,596,UA/ ORD,1997
UA,ORD,dep,1970-01-01T20:01:00Z,426,UA/ ORD,1997
UA,ORD,dep,1970-01-01T20:11:00Z,1457,UA/ ORD,1997
UA,ORD,dep,1970-01-01T20:21:00Z,1873,UA/ ORD,1997
UA,ORD,dep,1970-01-01T20:31:00Z,1227,UA/ ORD,1997
UA,ORD,dep,1970-01-01T20:41:00Z,3261,UA/ ORD,1997
UA,ORD,dep,1970-01-01T20:51:00Z,2267,UA/ ORD,1997
UA,ORD,dep,1970-01-01T21:01:00Z,759,UA/ ORD,1997
UA,ORD,dep,1970-01-01T21:11:00Z,842,UA/ ORD,1997
UA,ORD,dep,1970-01-01T21:21:00Z,402,UA/ ORD,1997
UA,ORD,dep,1970-01-01T21:31:00Z,312,UA/ ORD,1997
UA,ORD,dep,1970-01-01T21:41:00Z,254,UA/ ORD,1997
UA,ORD,dep,1970-01-01T21:51:00Z,562,UA/ ORD,1997
UA,ORD,dep,1970-01-01T22:01:00Z,1526,UA/ ORD,1997
UA,ORD,dep,1970-01-01T22:11:00Z,1615,UA/ ORD,1997
UA,ORD,dep,1970-01-01T22:21:00Z,510,UA/ ORD,1997
UA,ORD,dep,1970-01-01T22:31:00Z,252,UA/ ORD,1997
UA,ORD,dep,1970-01-01T22:41:00Z,153,UA/ ORD,1997
UA,ORD,dep,1970-01-01T22:51:00Z,142,UA/ ORD,1997
UA,ORD,dep,1970-01-01T23:01:00Z,97,UA/ ORD,1997
UA,ORD,dep,1970-01-01T23:11:00Z,91,UA/ ORD,1997
UA,ORD,dep,1970-01-01T23:21:00Z,89,UA/ ORD,1997
UA,ORD,dep,1970-01-01T23:31:00Z,45,UA/ ORD,1997
UA,ORD,dep,1970-01-01T23:41:00Z,56,UA/ ORD,1997
UA,ORD,dep,1970-01-01T23:51:00Z,33,UA/ ORD,1997
AA,ORD,arr,1970-01-01T00:01:00Z,-177,AA/ ORD,1998
AA,ORD,arr,1970-01-01T00:11:00Z,-96,AA/ ORD,1998
AA,ORD,arr,1970-01-01T00:21:00Z,-64,AA/ ORD,1998
AA,ORD,arr,1970-01-01T00:31:00Z,-38,AA/ ORD,1998
AA,ORD,arr,1970-01-01T00:41:00Z,-36,AA/ ORD,1998
AA,ORD,arr,1970-01-01T00:51:00Z,-27,AA/ ORD,1998
AA,ORD,arr,1970-01-01T01:01:00Z,-21,AA/ ORD,1998
AA,ORD,arr,1970-01-01T01:11:00Z,-14,AA/ ORD,1998
AA,ORD,arr,1970-01-01T01:21:00Z,-14,AA/ ORD,1998
AA,ORD,arr,1970-01-01T01:31:00Z,-9,AA/ ORD,1998
AA,ORD,arr,1970-01-01T01:41:00Z,-8,AA/ ORD,1998
AA,ORD,arr,1970-01-01T01:51:00Z,-6,AA/ ORD,1998
AA,ORD,arr,1970-01-01T02:01:00Z,-4,AA/ ORD,1998
AA,ORD,arr,1970-01-01T02:11:00Z,-2,AA/ ORD,1998
AA,ORD,arr,1970-01-01T02:21:00Z,-2,AA/ ORD,1998
AA,ORD,arr,1970-01-01T02:31:00Z,-2,AA/ ORD,1998
AA,ORD,arr,1970-01-01T02:51:00Z,-5,AA/ ORD,1998
AA,ORD,arr,1970-01-01T03:01:00Z,-1,AA/ ORD,1998
AA,ORD,arr,1970-01-01T03:11:00Z,-1,AA/ ORD,1998
AA,ORD,arr,1970-01-01T03:21:00Z,-2,AA/ ORD,1998
AA,ORD,arr,1970-01-01T03:31:00Z,-1,AA/ ORD,1998
AA,ORD,arr,1970-01-01T03:51:00Z,-2,AA/ ORD,1998
AA,ORD,arr,1970-01-01T04:01:00Z,-5,AA/ ORD,1998
AA,ORD,arr,1970-01-01T04:11:00Z,-19,AA/ ORD,1998
AA,ORD,arr,1970-01-01T04:21:00Z,-75,AA/ ORD,1998
AA,ORD,arr,1970-01-01T04:31:00Z,-127,AA/ ORD,1998
AA,ORD,arr,1970-01-01T04:41:00Z,-165,AA/ ORD,1998
AA,ORD,arr,1970-01-01T04:51:00Z,-204,AA/ ORD,1998
AA,ORD,arr,1970-01-01T05:01:00Z,-209,AA/ ORD,1998
AA,ORD,arr,1970-01-01T05:11:00Z,-376,AA/ ORD,1998
AA,ORD,arr,1970-01-01T05:21:00Z,-575,AA/ ORD,1998
AA,ORD,arr,1970-01-01T05:31:00Z,-443,AA/ ORD,1998
AA,ORD,arr,1970-01-01T05:41:00Z,-301,AA/ ORD,1998
AA,ORD,arr,1970-01-01T05:51:00Z,-160,AA/ ORD,1998
AA,ORD,arr,1970-01-01T06:01:00Z,-50,AA/ ORD,1998
AA,ORD,arr,1970-01-01T06:11:00Z,-27,AA/ ORD,1998
AA,ORD,arr,1970-01-01T06:21:00Z,-23,AA/ ORD,1998
AA,ORD,arr,1970-01-01T06:31:00Z,-14,AA/ ORD,1998
AA,ORD,arr,1970-01-01T06:41:00Z,-11,AA/ ORD,1998
AA,ORD,arr,1970-01-01T06:51:00Z,-6,AA/ ORD,1998
AA,ORD,arr,1970-01-01T07:01:00Z,-7,AA/ ORD,1998
AA,ORD,arr,1970-01-01T07:11:00Z,-75,AA/ ORD,1998
AA,ORD,arr,1970-01-01T07:21:00Z,-515,AA/ ORD,1998
AA,ORD,arr,1970-01-01T07:31:00Z,-1293,AA/ ORD,1998
AA,ORD,arr,1970-01-01T07:41:00Z,-1829,AA/ ORD,1998
AA,ORD,arr,1970-01-01T07:51:00Z,-1978,AA/ ORD,1998
AA,ORD,arr,1970-01-01T08:01:00Z,-1679,AA/ ORD,1998
AA,ORD,arr,1970-01-01T08:11:00Z,-963,AA/ ORD,1998
AA,ORD,arr,1970-01-01T08:21:00Z,-380,AA/ ORD,1998
AA,ORD,arr,1970-01-01T08:31:00Z,-196,AA/ ORD,1998
AA,ORD,arr,1970-01-01T08:41:00Z,-164,AA/ ORD,1998
AA,ORD,arr,1970-01-01T08:51:00Z,-349,AA/ ORD,1998
AA,ORD,arr,1970-01-01T09:01:00Z,-1027,AA/ ORD,1998
AA,ORD,arr,1970-01-01T09:11:00Z,-2063,AA/ ORD,1998
AA,ORD,arr,1970-01-01T09:21:00Z,-2192,AA/ ORD,1998
AA,ORD,arr,1970-01-01T09:31:00Z,-1462,AA/ ORD,1998
AA,ORD,arr,1970-01-01T09:41:00Z,-633,AA/ ORD,1998
AA,ORD,arr,1970-01-01T09:51:00Z,-323,AA/ ORD,1998
AA,ORD,arr,1970-01-01T10:01:00Z,-417,AA/ ORD,1998
AA,ORD,arr,1970-01-01T10:11:00Z,-510,AA/ ORD,1998
AA,ORD,arr,1970-01-01T10:21:00Z,-1077,AA/ ORD,1998
AA,ORD,arr,1970-01-01T10:31:00Z,-1625,AA/ ORD,1998
AA,ORD,arr,1970-01-01T10:41:00Z,-1931,AA/ ORD,1998
AA,ORD,arr,1970-01-01T10:51:00Z,-1811,AA/ ORD,1998
AA,ORD,arr,1970-01-01T11:01:00Z,-1141,AA/ ORD,1998
AA,ORD,arr,1970-01-01T11:11:00Z,-599,AA/ ORD,1998
AA,ORD,arr,1970-01-01T11:21:00Z,-354,AA/ ORD,1998
AA,ORD,arr,1970-01-01T11:31:00Z,-233,AA/ ORD,1998
AA,ORD,arr,1970-01-01T11:41:00Z,-317,AA/ ORD,1998
AA,ORD,arr,1970-01-01T11:51:00Z,-657,AA/ ORD,1998
AA,ORD,arr,1970-01-01T12:01:00Z,-1377,AA/ ORD,1998
AA,ORD,arr,1970-01-01T12:11:00Z,-2057,AA/ ORD,1998
AA,ORD,arr,1970-01-01T12:21:00Z,-2025,AA/ ORD,1998
AA,ORD,arr,1970-01-01T12:31:00Z,-1556,AA/ ORD,1998
AA,ORD,arr,1970-01-01T12:41:00Z,-811,AA/ ORD,1998
AA,ORD,arr,1970-01-01T12:51:00Z,-510,AA/ ORD,1998
AA,ORD,arr,1970-01-01T13:01:00Z,-567,AA/ ORD,1998
AA,ORD,arr,1970-01-01T13:11:00Z,-620,AA/ ORD,1998
AA,ORD,arr,1970-01-01T13:21:00Z,-750,AA/ ORD,1998
AA,ORD,arr,1970-01-01T13:31:00Z,-1303,AA/ ORD,1998
AA,ORD,arr,1970-01-01T13:41:00Z,-1903,AA/ ORD,1998
AA,ORD,arr,1970-01-01T13:51:00Z,-1817,AA/ ORD,1998
AA,ORD,arr,1970-01-01T14:01:00Z,-1464,AA/ ORD,1998
AA,ORD,arr,1970-01-01T14:11:00Z,-797,AA/ ORD,1998
AA,ORD,arr,1970-01-01T14:21:00Z,-576,AA/ ORD,1998
AA,ORD,arr,1970-01-01T14:31:00Z,-553,AA/ ORD,1998
AA,ORD,arr,1970-01-01T14:41:00Z,-592,AA/ ORD,1998
AA,ORD,arr,1970-01-01T14:51:00Z,-835,AA/ ORD,1998
AA,ORD,arr,1970-01-01T15:01:00Z,-1639,AA/ ORD,1998
AA,ORD,arr,1970-01-01T15:11:00Z,-2729,AA/ ORD,1998
AA,ORD,arr,1970-01-01T15:21:00Z,-2498,AA/ ORD,1998
AA,ORD,arr,1970-01-01T15:31:00Z,-1610,AA/ ORD,1998
AA,ORD,arr,1970-01-01T15:41:00Z,-1001,AA/ ORD,1998
AA,ORD,arr,1970-01-01T15:51:00Z,-615,AA/ ORD,1998
AA,ORD,arr,1970-01-01T16:01:00Z,-518,AA/ ORD,1998
AA,ORD,arr,1970-01-01T16:11:00Z,-534,AA/ ORD,1998
AA,ORD,arr,1970-01-01T16:21:00Z,-832,AA/ ORD,1998
AA,ORD,arr,1970-01-01T16:31:00Z,-1391,AA/ ORD,1998
AA,ORD,arr,1970-01-01T16:41:00Z,-1330,AA/ ORD,1998
AA,ORD,arr,1970-01-01T16:51:00Z,-920,AA/ ORD,1998
AA,ORD,arr,1970-01-01T17:01:00Z,-941,AA/ ORD,1998
AA,ORD,arr,1970-01-01T17:11:00Z,-1434,AA/ ORD,1998
AA,ORD,arr,1970-01-01T17:21:00Z,-1601,AA/ ORD,1998
AA,ORD,arr,1970-01-01T17:31:00Z,-1617,AA/ ORD,1998
AA,ORD,arr,1970-01-01T17:41:00Z,-1819,AA/ ORD,1998
AA,ORD,arr,1970-01-01T17:51:00Z,-1264,AA/ ORD,1998
AA,ORD,arr,1970-01-01T18:01:00Z,-817,AA/ ORD,1998
AA,ORD,arr,1970-01-01T18:11:00Z,-732,AA/ ORD,1998
AA,ORD,arr,1970-01-01T18:21:00Z,-573,AA/ ORD,1998
AA,ORD,arr,1970-01-01T18:31:00Z,-495,AA/ ORD,1998
AA,ORD,arr,1970-01-01T18:41:00Z,-477,AA/ ORD,1998
AA,ORD,arr,1970-01-01T18:51:00Z,-549,AA/ ORD,1998
AA,ORD,arr,1970-01-01T19:01:00Z,-850,AA/ ORD,1998
AA,ORD,arr,1970-01-01T19:11:00Z,-1429,AA/ ORD,1998
AA,ORD,arr,1970-01-01T19:21:00Z,-1918,AA/ ORD,1998
AA,ORD,arr,1970-01-01T19:31:00Z,-2168,AA/ ORD,1998
AA,ORD,arr,1970-01-01T19:41:00Z,-1908,AA/ ORD,1998
AA,ORD,arr,1970-01-01T19:51:00Z,-1601,AA/ ORD,1998
AA,ORD,arr,1970-01-01T20:01:00Z,-1194,AA/ ORD,1998
AA,ORD,arr,1970-01-01T20:11:00Z,-816,AA/ ORD,1998
AA,ORD,arr,1970-01-01T20:21:00Z,-585,AA/ ORD,1998
AA,ORD,arr,1970-01-01T20:31:00Z,-745,AA/ ORD,1998
AA,ORD,arr,1970-01-01T20:41:00Z,-1000,AA/ ORD,1998
AA,ORD,arr,1970-01-01T20:51:00Z,-1337,AA/ ORD,1998
AA,ORD,arr,1970-01-01T21:01:00Z,-1529,AA/ ORD,1998
AA,ORD,arr,1970-01-01T21:11:00Z,-1324,AA/ ORD,1998
AA,ORD,arr,1970-01-01T21:21:00Z,-893,AA/ ORD,1998
AA,ORD,arr,1970-01-01T21:31:00Z,-648,AA/ ORD,1998
AA,ORD,arr,1970-01-01T21:41:00Z,-443,AA/ ORD,1998
AA,ORD,arr,1970-01-01T21:51:00Z,-332,AA/ ORD,1998
AA,ORD,arr,1970-01-01T22:01:00Z,-356,AA/ ORD,1998
AA,ORD,arr,1970-01-01T22:11:00Z,-304,AA/ ORD,1998
AA,ORD,arr,1970-01-01T22:21:00Z,-285,AA/ ORD,1998
AA,ORD,arr,1970-01-01T22:31:00Z,-340,AA/ ORD,1998
AA,ORD,arr,1970-01-01T22:41:00Z,-270,AA/ ORD,1998
AA,ORD,arr,1970-01-01T22:51:00Z,-222,AA/ ORD,1998
AA,ORD,arr,1970-01-01T23:01:00Z,-196,AA/ ORD,1998
AA,ORD,arr,1970-01-01T23:11:00Z,-167,AA/ ORD,1998
AA,ORD,arr,1970-01-01T23:21:00Z,-186,AA/ ORD,1998
AA,ORD,arr,1970-01-01T23:31:00Z,-172,AA/ ORD,1998
AA,ORD,arr,1970-01-01T23:41:00Z,-134,AA/ ORD,1998
AA,ORD,arr,1970-01-01T23:51:00Z,-173,AA/ ORD,1998
AA,ORD,dep,1970-01-01T00:01:00Z,27,AA/ ORD,1998
AA,ORD,dep,1970-01-01T00:11:00Z,18,AA/ ORD,1998
AA,ORD,dep,1970-01-01T00:21:00Z,16,AA/ ORD,1998
AA,ORD,dep,1970-01-01T00:31:00Z,15,AA/ ORD,1998
AA,ORD,dep,1970-01-01T00:41:00Z,15,AA/ ORD,1998
AA,ORD,dep,1970-01-01T00:51:00Z,10,AA/ ORD,1998
AA,ORD,dep,1970-01-01T01:01:00Z,5,AA/ ORD,1998
AA,ORD,dep,1970-01-01T01:11:00Z,4,AA/ ORD,1998
AA,ORD,dep,1970-01-01T01:21:00Z,2,AA/ ORD,1998
AA,ORD,dep,1970-01-01T01:31:00Z,2,AA/ ORD,1998
AA,ORD,dep,1970-01-01T01:41:00Z,1,AA/ ORD,1998
AA,ORD,dep,1970-01-01T03:51:00Z,1,AA/ ORD,1998
AA,ORD,dep,1970-01-01T04:41:00Z,1,AA/ ORD,1998
AA,ORD,dep,1970-01-01T05:51:00Z,616,AA/ ORD,1998
AA,ORD,dep,1970-01-01T06:01:00Z,420,AA/ ORD,1998
AA,ORD,dep,1970-01-01T06:11:00Z,913,AA/ ORD,1998
AA,ORD,dep,1970-01-01T06:21:00Z,1358,AA/ ORD,1998
AA,ORD,dep,1970-01-01T06:31:00Z,852,AA/ ORD,1998
AA,ORD,dep,1970-01-01T06:41:00Z,1348,AA/ ORD,1998
AA,ORD,dep,1970-01-01T06:51:00Z,959,AA/ ORD,1998
AA,ORD,dep,1970-01-01T07:01:00Z,719,AA/ ORD,1998
AA,ORD,dep,1970-01-01T07:11:00Z,607,AA/ ORD,1998
AA,ORD,dep,1970-01-01T07:21:00Z,152,AA/ ORD,1998
AA,ORD,dep,1970-01-01T07:31:00Z,54,AA/ ORD,1998
AA,ORD,dep,1970-01-01T07:41:00Z,219,AA/ ORD,1998
AA,ORD,dep,1970-01-01T07:51:00Z,538,AA/ ORD,1998
AA,ORD,dep,1970-01-01T08:01:00Z,136,AA/ ORD,1998
AA,ORD,dep,1970-01-01T08:11:00Z,52,AA/ ORD,1998
AA,ORD,dep,1970-01-01T08:21:00Z,131,AA/ ORD,1998
AA,ORD,dep,1970-01-01T08:31:00Z,1939,AA/ ORD,1998
AA,ORD,dep,1970-01-01T08:41:00Z,3072,AA/ ORD,1998
AA,ORD,dep,1970-01-01T08:51:00Z,3275,AA/ ORD,1998
AA,ORD,dep,1970-01-01T09:01:00Z,1701,AA/ ORD,1998
AA,ORD,dep,1970-01-01T09:11:00Z,756,AA/ ORD,1998
AA,ORD,dep,1970-01-01T09:21:00Z,230,AA/ ORD,1998
AA,ORD,dep,1970-01-01T09:31:00Z,131,AA/ ORD,1998
AA,ORD,dep,1970-01-01T09:41:00Z,116,AA/ ORD,1998
AA,ORD,dep,1970-01-01T09:51:00Z,570,AA/ ORD,1998
AA,ORD,dep,1970-01-01T10:01:00Z,1778,AA/ ORD,1998
AA,ORD,dep,1970-01-01T10:11:00Z,3261,AA/ ORD,1998
AA,ORD,dep,1970-01-01T10:21:00Z,1613,AA/ ORD,1998
AA,ORD,dep,1970-01-01T10:31:00Z,321,AA/ ORD,1998
AA,ORD,dep,1970-01-01T10:41:00Z,177,AA/ ORD,1998
AA,ORD,dep,1970-01-01T10:51:00Z,663,AA/ ORD,1998
AA,ORD,dep,1970-01-01T11:01:00Z,264,AA/ ORD,1998
AA,ORD,dep,1970-01-01T11:11:00Z,151,AA/ ORD,1998
AA,ORD,dep,1970-01-01T11:21:00Z,376,AA/ ORD,1998
AA,ORD,dep,1970-01-01T11:31:00Z,1944,AA/ ORD,1998
AA,ORD,dep,1970-01-01T11:41:00Z,3383,AA/ ORD,1998
AA,ORD,dep,1970-01-01T11:51:00Z,2587,AA/ ORD,1998
AA,ORD,dep,1970-01-01T12:01:00Z,618,AA/ ORD,1998
AA,ORD,dep,1970-01-01T12:11:00Z,265,AA/ ORD,1998
AA,ORD,dep,1970-01-01T12:21:00Z,203,AA/ ORD,1998
AA,ORD,dep,1970-01-01T12:31:00Z,178,AA/ ORD,1998
AA,ORD,dep,1970-01-01T12:41:00Z,364,AA/ ORD,1998
AA,ORD,dep,1970-01-01T12:51:00Z,958,AA/ ORD,1998
AA,ORD,dep,1970-01-01T13:01:00Z,1364,AA/ ORD,1998
AA,ORD,dep,1970-01-01T13:11:00Z,1822,AA/ ORD,1998
AA,ORD,dep,1970-01-01T13:21:00Z,2126,AA/ ORD,1998
AA,ORD,dep,1970-01-01T13:31:00Z,787,AA/ ORD,1998
AA,ORD,dep,1970-01-01T13:41:00Z,446,AA/ ORD,1998
AA,ORD,dep,1970-01-01T13:51:00Z,815,AA/ ORD,1998
AA,ORD,dep,1970-01-01T14:01:00Z,373,AA/ ORD,1998
AA,ORD,dep,1970-01-01T14:11:00Z,251,AA/ ORD,1998
AA,ORD,dep,1970-01-01T14:21:00Z,571,AA/ ORD,1998
AA,ORD,dep,1970-01-01T14:31:00Z,913,AA/ ORD,1998
AA,ORD,dep,1970-01-01T14:41:00Z,3147,AA/ ORD,1998
AA,ORD,dep,1970-01-01T14:51:00Z,3503,AA/ ORD,1998
AA,ORD,dep,1970-01-01T15:01:00Z,1538,AA/ ORD,1998
AA,ORD,dep,1970-01-01T15:11:00Z,628,AA/ ORD,1998
AA,ORD,dep,1970-01-01T15:21:00Z,708,AA/ ORD,1998
AA,ORD,dep,1970-01-01T15:31:00Z,478,AA/ ORD,1998
AA,ORD,dep,1970-01-01T15:41:00Z,298,AA/ ORD,1998
AA,ORD,dep,1970-01-01T15:51:00Z,792,AA/ ORD,1998
AA,ORD,dep,1970-01-01T16:01:00Z,714,AA/ ORD,1998
AA,ORD,dep,1970-01-01T16:11:00Z,2742,AA/ ORD,1998
AA,ORD,dep,1970-01-01T16:21:00Z,1958,AA/ ORD,1998
AA,ORD,dep,1970-01-01T16:31:00Z,1102,AA/ ORD,1998
AA,ORD,dep,1970-01-01T16:41:00Z,852,AA/ ORD,1998
AA,ORD,dep,1970-01-01T16:51:00Z,790,AA/ ORD,1998
AA,ORD,dep,1970-01-01T17:01:00Z,461,AA/ ORD,1998
AA,ORD,dep,1970-01-01T17:11:00Z,314,AA/ ORD,1998
AA,ORD,dep,1970-01-01T17:21:00Z,2171,AA/ ORD,1998
AA,ORD,dep,1970-01-01T17:31:00Z,1388,AA/ ORD,1998
AA,ORD,dep,1970-01-01T17:41:00Z,529,AA/ ORD,1998
AA,ORD,dep,1970-01-01T17:51:00Z,690,AA/ ORD,1998
AA,ORD,dep,1970-01-01T18:01:00Z,610,AA/ ORD,1998
AA,ORD,dep,1970-01-01T18:11:00Z,893,AA/ ORD,1998
AA,ORD,dep,1970-01-01T18:21:00Z,1475,AA/ ORD,1998
AA,ORD,dep,1970-01-01T18:31:00Z,1909,AA/ ORD,1998
AA,ORD,dep,1970-01-01T18:41:00Z,2498,AA/ ORD,1998
AA,ORD,dep,1970-01-01T18:51:00Z,1845,AA/ ORD,1998
AA,ORD,dep,1970-01-01T19:01:00Z,873,AA/ ORD,1998
AA,ORD,dep,1970-01-01T19:11:00Z,775,AA/ ORD,1998
AA,ORD,dep,1970-01-01T19:21:00Z,780,AA/ ORD,1998
AA,ORD,dep,1970-01-01T19:31:00Z,464,AA/ ORD,1998
AA,ORD,dep,1970-01-01T19:41:00Z,320,AA/ ORD,1998
AA,ORD,dep,1970-01-01T19:51:00Z,591,AA/ ORD,1998
AA,ORD,dep,1970-01-01T20:01:00Z,376,AA/ ORD,1998
AA,ORD,dep,1970-01-01T20:11:00Z,264,AA/ ORD,1998
AA,ORD,dep,1970-01-01T20:21:00Z,1674,AA/ ORD,1998
AA,ORD,dep,1970-01-01T20:31:00Z,2453,AA/ ORD,1998
AA,ORD,dep,1970-01-01T20:41:00Z,2428,AA/ ORD,1998
AA,ORD,dep,1970-01-01T20:51:00Z,845,AA/ ORD,1998
AA,ORD,dep,1970-01-01T21:01:00Z,445,AA/ ORD,1998
AA,ORD,dep,1970-01-01T21:11:00Z,327,AA/ ORD,1998
AA,ORD,dep,1970-01-01T21:21:00Z,255,AA/ ORD,1998
AA,ORD,dep,1970-01-01T21:31:00Z,229,AA/ ORD,1998
AA,ORD,dep,1970-01-01T21:41:00Z,1056,AA/ ORD,1998
AA,ORD,dep,1970-01-01T21:51:00Z,2146,AA/ ORD,1998
AA,ORD,dep,1970-01-01T22:01:00Z,1077,AA/ ORD,1998
AA,ORD,dep,1970-01-01T22:11:00Z,502,AA/ ORD,1998
AA,ORD,dep,1970-01-01T22:21:00Z,298,AA/ ORD,1998
AA,ORD,dep,1970-01-01T22:31:00Z,205,AA/ ORD,1998
AA,ORD,dep,1970-01-01T22:41:00Z,180,AA/ ORD,1998
AA,ORD,dep,1970-01-01T22:51:00Z,194,AA/ ORD,1998
AA,ORD,dep,1970-01-01T23:01:00Z,143,AA/ ORD,1998
AA,ORD,dep,1970-01-01T23:11:00Z,119,AA/ ORD,1998
AA,ORD,dep,1970-01-01T23:21:00Z,82,AA/ ORD,1998
AA,ORD,dep,1970-01-01T23:31:00Z,70,AA/ ORD,1998
AA,ORD,dep,1970-01-01T23:41:00Z,34,AA/ ORD,1998
AA,ORD,dep,1970-01-01T23:51:00Z,32,AA/ ORD,1998
UA,ORD,arr,1970-01-01T00:01:00Z,-130,UA/ ORD,1998
UA,ORD,arr,1970-01-01T00:11:00Z,-97,UA/ ORD,1998
UA,ORD,arr,1970-01-01T00:21:00Z,-78,UA/ ORD,1998
UA,ORD,arr,1970-01-01T00:31:00Z,-166,UA/ ORD,1998
UA,ORD,arr,1970-01-01T00:41:00Z,-205,UA/ ORD,1998
UA,ORD,arr,1970-01-01T00:51:00Z,-161,UA/ ORD,1998
UA,ORD,arr,1970-01-01T01:01:00Z,-103,UA/ ORD,1998
UA,ORD,arr,1970-01-01T01:11:00Z,-77,UA/ ORD,1998
UA,ORD,arr,1970-01-01T01:21:00Z,-53,UA/ ORD,1998
UA,ORD,arr,1970-01-01T01:31:00Z,-27,UA/ ORD,1998
UA,ORD,arr,1970-01-01T01:41:00Z,-20,UA/ ORD,1998
UA,ORD,arr,1970-01-01T01:51:00Z,-14,UA/ ORD,1998
UA,ORD,arr,1970-01-01T02:01:00Z,-12,UA/ ORD,1998
UA,ORD,arr,1970-01-01T02:11:00Z,-11,UA/ ORD,1998
UA,ORD,arr,1970-01-01T02:21:00Z,-11,UA/ ORD,1998
UA,ORD,arr,1970-01-01T02:31:00Z,-8,UA/ ORD,1998
UA,ORD,arr,1970-01-01T02:41:00Z,-4,UA/ ORD,1998
UA,ORD,arr,1970-01-01T02:51:00Z,-4,UA/ ORD,1998
UA,ORD,arr,1970-01-01T03:01:00Z,-3,UA/ ORD,1998
UA,ORD,arr,1970-01-01T03:11:00Z,-1,UA/ ORD,1998
UA,ORD,arr,1970-01-01T03:21:00Z,-3,UA/ ORD,1998
UA,ORD,arr,1970-01-01T03:31:00Z,-1,UA/ ORD,1998
UA,ORD,arr,1970-01-01T03:41:00Z,-3,UA/ ORD,1998
UA,ORD,arr,1970-01-01T03:51:00Z,-6,UA/ ORD,1998
UA,ORD,arr,1970-01-01T04:01:00Z,-6,UA/ ORD,1998
UA,ORD,arr,1970-01-01T04:11:00Z,-24,UA/ ORD,1998
UA,ORD,arr,1970-01-01T04:21:00Z,-93,UA/ ORD,1998
UA,ORD,arr,1970-01-01T04:31:00Z,-203,UA/ ORD,1998
UA,ORD,arr,1970-01-01T04:41:00Z,-411,UA/ ORD,1998
UA,ORD,arr,1970-01-01T04:51:00Z,-603,UA/ ORD,1998
UA,ORD,arr,1970-01-01T05:01:00Z,-795,UA/ ORD,1998
UA,ORD,arr,1970-01-01T05:11:00Z,-780,UA/ ORD,1998
UA,ORD,arr,1970-01-01T05:21:00Z,-486,UA/ ORD,1998
UA,ORD,arr,1970-01-01T05:31:00Z,-386,UA/ ORD,1998
UA,ORD,arr,1970-01-01T05:41:00Z,-252,UA/ ORD,1998
UA,ORD,arr,1970-01-01T05:51:00Z,-140,UA/ ORD,1998
UA,ORD,arr,1970-01-01T06:01:00Z,-66,UA/ ORD,1998
UA,ORD,arr,1970-01-01T06:11:00Z,-50,UA/ ORD,1998
UA,ORD,arr,1970-01-01T06:21:00Z,-102,UA/ ORD,1998
UA,ORD,arr,1970-01-01T06:31:00Z,-436,UA/ ORD,1998
UA,ORD,arr,1970-01-01T06:41:00Z,-688,UA/ ORD,1998
UA,ORD,arr,1970-01-01T06:51:00Z,-1879,UA/ ORD,1998
UA,ORD,arr,1970-01-01T07:01:00Z,-2203,UA/ ORD,1998
UA,ORD,arr,1970-01-01T07:11:00Z,-1702,UA/ ORD,1998
UA,ORD,arr,1970-01-01T07:21:00Z,-1036,UA/ ORD,1998
UA,ORD,arr,1970-01-01T07:31:00Z,-633,UA/ ORD,1998
UA,ORD,arr,1970-01-01T07:41:00Z,-543,UA/ ORD,1998
UA,ORD,arr,1970-01-01T07:51:00Z,-903,UA/ ORD,1998
UA,ORD,arr,1970-01-01T08:01:00Z,-1186,UA/ ORD,1998
UA,ORD,arr,1970-01-01T08:11:00Z,-1891,UA/ ORD,1998
UA,ORD,arr,1970-01-01T08:21:00Z,-2907,UA/ ORD,1998
UA,ORD,arr,1970-01-01T08:31:00Z,-2879,UA/ ORD,1998
UA,ORD,arr,1970-01-01T08:41:00Z,-2240,UA/ ORD,1998
UA,ORD,arr,1970-01-01T08:51:00Z,-1570,UA/ ORD,1998
UA,ORD,arr,1970-01-01T09:01:00Z,-1031,UA/ ORD,1998
UA,ORD,arr,1970-01-01T09:11:00Z,-662,UA/ ORD,1998
UA,ORD,arr,1970-01-01T09:21:00Z,-584,UA/ ORD,1998
UA,ORD,arr,1970-01-01T09:31:00Z,-710,UA/ ORD,1998
UA,ORD,arr,1970-01-01T09:41:00Z,-1021,UA/ ORD,1998
UA,ORD,arr,1970-01-01T09:51:00Z,-1608,UA/ ORD,1998
UA,ORD,arr,1970-01-01T10:01:00Z,-1947,UA/ ORD,1998
UA,ORD,arr,1970-01-01T10:11:00Z,-1707,UA/ ORD,1998
UA,ORD,arr,1970-01-01T10:21:00Z,-1025,UA/ ORD,1998
UA,ORD,arr,1970-01-01T10:31:00Z,-724,UA/ ORD,1998
UA,ORD,arr,1970-01-01T10:41:00Z,-650,UA/ ORD,1998
UA,ORD,arr,1970-01-01T10:51:00Z,-949,UA/ ORD,1998
UA,ORD,arr,1970-01-01T11:01:00Z,-1765,UA/ ORD,1998
UA,ORD,arr,1970-01-01T11:11:00Z,-2327,UA/ ORD,1998
UA,ORD,arr,1970-01-01T11:21:00Z,-2847,UA/ ORD,1998
UA,ORD,arr,1970-01-01T11:31:00Z,-2678,UA/ ORD,1998
UA,ORD,arr,1970-01-01T11:41:00Z,-1791,UA/ ORD,1998
UA,ORD,arr,1970-01-01T11:51:00Z,-1072,UA/ ORD,1998
UA,ORD,arr,1970-01-01T12:01:00Z,-916,UA/ ORD,1998
UA,ORD,arr,1970-01-01T12:11:00Z,-905,UA/ ORD,1998
UA,ORD,arr,1970-01-01T12:21:00Z,-1263,UA/ ORD,1998
UA,ORD,arr,1970-01-01T12:31:00Z,-1684,UA/ ORD,1998
UA,ORD,arr,1970-01-01T12:41:00Z,-2696,UA/ ORD,1998
UA,ORD,arr,1970-01-01T12:51:00Z,-2427,UA/ ORD,1998
UA,ORD,arr,1970-01-01T13:01:00Z,-1417,UA/ ORD,1998
UA,ORD,arr,1970-01-01T13:11:00Z,-1029,UA/ ORD,1998
UA,ORD,arr,1970-01-01T13:21:00Z,-967,UA/ ORD,1998
UA,ORD,arr,1970-01-01T13:31:00Z,-909,UA/ ORD,1998
UA,ORD,arr,1970-01-01T13:41:00Z,-983,UA/ ORD,1998
UA,ORD,arr,1970-01-01T13:51:00Z,-1211,UA/ ORD,1998
UA,ORD,arr,1970-01-01T14:01:00Z,-1439,UA/ ORD,1998
UA,ORD,arr,1970-01-01T14:11:00Z,-1855,UA/ ORD,1998
UA,ORD,arr,1970-01-01T14:21:00Z,-2060,UA/ ORD,1998
UA,ORD,arr,1970-01-01T14:31:00Z,-2121,UA/ ORD,1998
UA,ORD,arr,1970-01-01T14:41:00Z,-1787,UA/ ORD,1998
UA,ORD,arr,1970-01-01T14:51:00Z,-1182,UA/ ORD,1998
UA,ORD,arr,1970-01-01T15:01:00Z,-962,UA/ ORD,1998
UA,ORD,arr,1970-01-01T15:11:00Z,-870,UA/ ORD,1998
UA,ORD,arr,1970-01-01T15:21:00Z,-874,UA/ ORD,1998
UA,ORD,arr,1970-01-01T15:31:00Z,-972,UA/ ORD,1998
UA,ORD,arr,1970-01-01T15:41:00Z,-1229,UA/ ORD,1998
UA,ORD,arr,1970-01-01T15:51:00Z,-1646,UA/ ORD,1998
UA,ORD,arr,1970-01-01T16:01:00Z,-2132,UA/ ORD,1998
UA,ORD,arr,1970-01-01T16:11:00Z,-2355,UA/ ORD,1998
UA,ORD,arr,1970-01-01T16:21:00Z,-1650,UA/ ORD,1998
UA,ORD,arr,1970-01-01T16:31:00Z,-1012,UA/ ORD,1998
UA,ORD,arr,1970-01-01T16:41:00Z,-857,UA/ ORD,1998
UA,ORD,arr,1970-01-01T16:51:00Z,-904,UA/ ORD,1998
UA,ORD,arr,1970-01-01T17:01:00Z,-1059,UA/ ORD,1998
UA,ORD,arr,1970-01-01T17:11:00Z,-1018,UA/ ORD,1998
UA,ORD,arr,1970-01-01T17:21:00Z,-1003,UA/ ORD,1998
UA,ORD,arr,1970-01-01T17:31:00Z,-928,UA/ ORD,1998
UA,ORD,arr,1970-01-01T17:41:00Z,-1096,UA/ ORD,1998
UA,ORD,arr,1970-01-01T17:51:00Z,-1695,UA/ ORD,1998
UA,ORD,arr,1970-01-01T18:01:00Z,-2034,UA/ ORD,1998
UA,ORD,arr,1970-01-01T18:11:00Z,-2358,UA/ ORD,1998
UA,ORD,arr,1970-01-01T18:21:00Z,-2518,UA/ ORD,1998
UA,ORD,arr,1970-01-01T18:31:00Z,-2030,UA/ ORD,1998
UA,ORD,arr,1970-01-01T18:41:00Z,-1574,UA/ ORD,1998
UA,ORD,arr,1970-01-01T18:51:00Z,-1380,UA/ ORD,1998
UA,ORD,arr,1970-01-01T19:01:00Z,-1125,UA/ ORD,1998
UA,ORD,arr,1970-01-01T19:11:00Z,-1131,UA/ ORD,1998
UA,ORD,arr,1970-01-01T19:21:00Z,-1549,UA/ ORD,1998
UA,ORD,arr,1970-01-01T19:31:00Z,-1947,UA/ ORD,1998
UA,ORD,arr,1970-01-01T19:41:00Z,-2107,UA/ ORD,1998
UA,ORD,arr,1970-01-01T19:51:00Z,-1860,UA/ ORD,1998
UA,ORD,arr,1970-01-01T20:01:00Z,-1384,UA/ ORD,1998
UA,ORD,arr,1970-01-01T20:11:00Z,-1043,UA/ ORD,1998
UA,ORD,arr,1970-01-01T20:21:00Z,-841,UA/ ORD,1998
UA,ORD,arr,1970-01-01T20:31:00Z,-709,UA/ ORD,1998
UA,ORD,arr,1970-01-01T20:41:00Z,-531,UA/ ORD,1998
UA,ORD,arr,1970-01-01T20:51:00Z,-615,UA/ ORD,1998
UA,ORD,arr,1970-01-01T21:01:00Z,-1167,UA/ ORD,1998
UA,ORD,arr,1970-01-01T21:11:00Z,-1872,UA/ ORD,1998
UA,ORD,arr,1970-01-01T21:21:00Z,-2245,UA/ ORD,1998
UA,ORD,arr,1970-01-01T21:31:00Z,-1921,UA/ ORD,1998
UA,ORD,arr,1970-01-01T21:41:00Z,-1360,UA/ ORD,1998
UA,ORD,arr,1970-01-01T21:51:00Z,-851,UA/ ORD,1998
UA,ORD,arr,1970-01-01T22:01:00Z,-522,UA/ ORD,1998
UA,ORD,arr,1970-01-01T22:11:00Z,-448,UA/ ORD,1998
UA,ORD,arr,1970-01-01T22:21:00Z,-373,UA/ ORD,1998
UA,ORD,arr,1970-01-01T22:31:00Z,-365,UA/ ORD,1998
UA,ORD,arr,1970-01-01T22:41:00Z,-391,UA/ ORD,1998
UA,ORD,arr,1970-01-01T22:51:00Z,-357,UA/ ORD,1998
UA,ORD,arr,1970-01-01T23:01:00Z,-254,UA/ ORD,1998
UA,ORD,arr,1970-01-01T23:11:00Z,-215,UA/ ORD,1998
UA,ORD,arr,1970-01-01T23:21:00Z,-217,UA/ ORD,1998
UA,ORD,arr,1970-01-01T23:31:00Z,-213,UA/ ORD,1998
UA,ORD,arr,1970-01-01T23:41:00Z,-204,UA/ ORD,1998
UA,ORD,arr,1970-01-01T23:51:00Z,-162,UA/ ORD,1998
UA,ORD,dep,1970-01-01T00:01:00Z,53,UA/ ORD,1998
UA,ORD,dep,1970-01-01T00:11:00Z,37,UA/ ORD,1998
UA,ORD,dep,1970-01-01T00:21:00Z,32,UA/ ORD,1998
UA,ORD,dep,1970-01-01T00:31:00Z,15,UA/ ORD,1998
UA,ORD,dep,1970-01-01T00:41:00Z,21,UA/ ORD,1998
UA,ORD,dep,1970-01-01T00:51:00Z,14,UA/ ORD,1998
UA,ORD,dep,1970-01-01T01:01:00Z,16,UA/ ORD,1998
UA,ORD,dep,1970-01-01T01:11:00Z,9,UA/ ORD,1998
UA,ORD,dep,1970-01-01T01:21:00Z,7,UA/ ORD,1998
UA,ORD,dep,1970-01-01T01:31:00Z,5,UA/ ORD,1998
UA,ORD,dep,1970-01-01T01:41:00Z,1,UA/ ORD,1998
UA,ORD,dep,1970-01-01T01:51:00Z,2,UA/ ORD,1998
UA,ORD,dep,1970-01-01T02:01:00Z,2,UA/ ORD,1998
UA,ORD,dep,1970-01-01T02:11:00Z,1,UA/ ORD,1998
UA,ORD,dep,1970-01-01T02:51:00Z,1,UA/ ORD,1998
UA,ORD,dep,1970-01-01T05:51:00Z,851,UA/ ORD,1998
UA,ORD,dep,1970-01-01T06:01:00Z,481,UA/ ORD,1998
UA,ORD,dep,1970-01-01T06:11:00Z,616,UA/ ORD,1998
UA,ORD,dep,1970-01-01T06:21:00Z,982,UA/ ORD,1998
UA,ORD,dep,1970-01-01T06:31:00Z,867,UA/ ORD,1998
UA,ORD,dep,1970-01-01T06:41:00Z,1670,UA/ ORD,1998
UA,ORD,dep,1970-01-01T06:51:00Z,2439,UA/ ORD,1998
UA,ORD,dep,1970-01-01T07:01:00Z,1042,UA/ ORD,1998
UA,ORD,dep,1970-01-01T07:11:00Z,645,UA/ ORD,1998
UA,ORD,dep,1970-01-01T07:21:00Z,478,UA/ ORD,1998
UA,ORD,dep,1970-01-01T07:31:00Z,1276,UA/ ORD,1998
UA,ORD,dep,1970-01-01T07:41:00Z,3156,UA/ ORD,1998
UA,ORD,dep,1970-01-01T07:51:00Z,2610,UA/ ORD,1998
UA,ORD,dep,1970-01-01T08:01:00Z,1966,UA/ ORD,1998
UA,ORD,dep,1970-01-01T08:11:00Z,2299,UA/ ORD,1998
UA,ORD,dep,1970-01-01T08:21:00Z,1156,UA/ ORD,1998
UA,ORD,dep,1970-01-01T08:31:00Z,581,UA/ ORD,1998
UA,ORD,dep,1970-01-01T08:41:00Z,1290,UA/ ORD,1998
UA,ORD,dep,1970-01-01T08:51:00Z,1108,UA/ ORD,1998
UA,ORD,dep,1970-01-01T09:01:00Z,728,UA/ ORD,1998
UA,ORD,dep,1970-01-01T09:11:00Z,2503,UA/ ORD,1998
UA,ORD,dep,1970-01-01T09:21:00Z,2369,UA/ ORD,1998
UA,ORD,dep,1970-01-01T09:31:00Z,1851,UA/ ORD,1998
UA,ORD,dep,1970-01-01T09:41:00Z,3399,UA/ ORD,1998
UA,ORD,dep,1970-01-01T09:51:00Z,1830,UA/ ORD,1998
UA,ORD,dep,1970-01-01T10:01:00Z,999,UA/ ORD,1998
UA,ORD,dep,1970-01-01T10:11:00Z,757,UA/ ORD,1998
UA,ORD,dep,1970-01-01T10:21:00Z,692,UA/ ORD,1998
UA,ORD,dep,1970-01-01T10:31:00Z,504,UA/ ORD,1998
UA,ORD,dep,1970-01-01T10:41:00Z,1800,UA/ ORD,1998
UA,ORD,dep,1970-01-01T10:51:00Z,2405,UA/ ORD,1998
UA,ORD,dep,1970-01-01T11:01:00Z,1626,UA/ ORD,1998
UA,ORD,dep,1970-01-01T11:11:00Z,1140,UA/ ORD,1998
UA,ORD,dep,1970-01-01T11:21:00Z,941,UA/ ORD,1998
UA,ORD,dep,1970-01-01T11:31:00Z,665,UA/ ORD,1998
UA,ORD,dep,1970-01-01T11:41:00Z,965,UA/ ORD,1998
UA,ORD,dep,1970-01-01T11:51:00Z,818,UA/ ORD,1998
UA,ORD,dep,1970-01-01T12:01:00Z,692,UA/ ORD,1998
UA,ORD,dep,1970-01-01T12:11:00Z,3901,UA/ ORD,1998
UA,ORD,dep,1970-01-01T12:21:00Z,2979,UA/ ORD,1998
UA,ORD,dep,1970-01-01T12:31:00Z,1914,UA/ ORD,1998
UA,ORD,dep,1970-01-01T12:41:00Z,1656,UA/ ORD,1998
UA,ORD,dep,1970-01-01T12:51:00Z,1071,UA/ ORD,1998
UA,ORD,dep,1970-01-01T13:01:00Z,692,UA/ ORD,1998
UA,ORD,dep,1970-01-01T13:11:00Z,631,UA/ ORD,1998
UA,ORD,dep,1970-01-01T13:21:00Z,1996,UA/ ORD,1998
UA,ORD,dep,1970-01-01T13:31:00Z,3048,UA/ ORD,1998
UA,ORD,dep,1970-01-01T13:41:00Z,2941,UA/ ORD,1998
UA,ORD,dep,1970-01-01T13:51:00Z,1880,UA/ ORD,1998
UA,ORD,dep,1970-01-01T14:01:00Z,947,UA/ ORD,1998
UA,ORD,dep,1970-01-01T14:11:00Z,889,UA/ ORD,1998
UA,ORD,dep,1970-01-01T14:21:00Z,852,UA/ ORD,1998
UA,ORD,dep,1970-01-01T14:31:00Z,767,UA/ ORD,1998
UA,ORD,dep,1970-01-01T14:41:00Z,1003,UA/ ORD,1998
UA,ORD,dep,1970-01-01T14:51:00Z,940,UA/ ORD,1998
UA,ORD,dep,1970-01-01T15:01:00Z,738,UA/ ORD,1998
UA,ORD,dep,1970-01-01T15:11:00Z,1950,UA/ ORD,1998
UA,ORD,dep,1970-01-01T15:21:00Z,2453,UA/ ORD,1998
UA,ORD,dep,1970-01-01T15:31:00Z,1765,UA/ ORD,1998
UA,ORD,dep,1970-01-01T15:41:00Z,2456,UA/ ORD,1998
UA,ORD,dep,1970-01-01T15:51:00Z,1295,UA/ ORD,1998
UA,ORD,dep,1970-01-01T16:01:00Z,1077,UA/ ORD,1998
UA,ORD,dep,1970-01-01T16:11:00Z,991,UA/ ORD,1998
UA,ORD,dep,1970-01-01T16:21:00Z,654,UA/ ORD,1998
UA,ORD,dep,1970-01-01T16:31:00Z,483,UA/ ORD,1998
UA,ORD,dep,1970-01-01T16:41:00Z,1054,UA/ ORD,1998
UA,ORD,dep,1970-01-01T16:51:00Z,1374,UA/ ORD,1998
UA,ORD,dep,1970-01-01T17:01:00Z,2593,UA/ ORD,1998
UA,ORD,dep,1970-01-01T17:11:00Z,2491,UA/ ORD,1998
UA,ORD,dep,1970-01-01T17:21:00Z,1256,UA/ ORD,1998
UA,ORD,dep,1970-01-01T17:31:00Z,870,UA/ ORD,1998
UA,ORD,dep,1970-01-01T17:41:00Z,1095,UA/ ORD,1998
UA,ORD,dep,1970-01-01T17:51:00Z,980,UA/ ORD,1998
UA,ORD,dep,1970-01-01T18:01:00Z,1056,UA/ ORD,1998
UA,ORD,dep,1970-01-01T18:11:00Z,1169,UA/ ORD,1998
UA,ORD,dep,1970-01-01T18:21:00Z,931,UA/ ORD,1998
UA,ORD,dep,1970-01-01T18:31:00Z,613,UA/ ORD,1998
UA,ORD,dep,1970-01-01T18:41:00Z,1125,UA/ ORD,1998
UA,ORD,dep,1970-01-01T18:51:00Z,1170,UA/ ORD,1998
UA,ORD,dep,1970-01-01T19:01:00Z,1860,UA/ ORD,1998
UA,ORD,dep,1970-01-01T19:11:00Z,2757,UA/ ORD,1998
UA,ORD,dep,1970-01-01T19:21:00Z,2521,UA/ ORD,1998
UA,ORD,dep,1970-01-01T19:31:00Z,1812,UA/ ORD,1998
UA,ORD,dep,1970-01-01T19:41:00Z,1340,UA/ ORD,1998
UA,ORD,dep,1970-01-01T19:51:00Z,849,UA/ ORD,1998
UA,ORD,dep,1970-01-01T20:01:00Z,535,UA/ ORD,1998
UA,ORD,dep,1970-01-01T20:11:00Z,832,UA/ ORD,1998
UA,ORD,dep,1970-01-01T20:21:00Z,1806,UA/ ORD,1998
UA,ORD,dep,1970-01-01T20:31:00Z,1319,UA/ ORD,1998
UA,ORD,dep,1970-01-01T20:41:00Z,2829,UA/ ORD,1998
UA,ORD,dep,1970-01-01T20:51:00Z,2064,UA/ ORD,1998
UA,ORD,dep,1970-01-01T21:01:00Z,957,UA/ ORD,1998
UA,ORD,dep,1970-01-01T21:11:00Z,1326,UA/ ORD,1998
UA,ORD,dep,1970-01-01T21:21:00Z,657,UA/ ORD,1998
UA,ORD,dep,1970-01-01T21:31:00Z,461,UA/ ORD,1998
UA,ORD,dep,1970-01-01T21:41:00Z,406,UA/ ORD,1998
UA,ORD,dep,1970-01-01T21:51:00Z,335,UA/ ORD,1998
UA,ORD,dep,1970-01-01T22:01:00Z,341,UA/ ORD,1998
UA,ORD,dep,1970-01-01T22:11:00Z,2613,UA/ ORD,1998
UA,ORD,dep,1970-01-01T22:21:00Z,1241,UA/ ORD,1998
UA,ORD,dep,1970-01-01T22:31:00Z,607,UA/ ORD,1998
UA,ORD,dep,1970-01-01T22:41:00Z,346,UA/ ORD,1998
UA,ORD,dep,1970-01-01T22:51:00Z,255,UA/ ORD,1998
UA,ORD,dep,1970-01-01T23:01:00Z,185,UA/ ORD,1998
UA,ORD,dep,1970-01-01T23:11:00Z,167,UA/ ORD,1998
UA,ORD,dep,1970-01-01T23:21:00Z,139,UA/ ORD,1998
UA,ORD,dep,1970-01-01T23:31:00Z,106,UA/ ORD,1998
UA,ORD,dep,1970-01-01T23:41:00Z,91,UA/ ORD,1998
UA,ORD,dep,1970-01-01T23:51:00Z,72,UA/ ORD,1998
AA,ORD,arr,1970-01-01T00:01:00Z,-122,AA/ ORD,1999
AA,ORD,arr,1970-01-01T00:11:00Z,-170,AA/ ORD,1999
AA,ORD,arr,1970-01-01T00:21:00Z,-164,AA/ ORD,1999
AA,ORD,arr,1970-01-01T00:31:00Z,-123,AA/ ORD,1999
AA,ORD,arr,1970-01-01T00:41:00Z,-75,AA/ ORD,1999
AA,ORD,arr,1970-01-01T00:51:00Z,-46,AA/ ORD,1999
AA,ORD,arr,1970-01-01T01:01:00Z,-38,AA/ ORD,1999
AA,ORD,arr,1970-01-01T01:11:00Z,-20,AA/ ORD,1999
AA,ORD,arr,1970-01-01T01:21:00Z,-20,AA/ ORD,1999
AA,ORD,arr,1970-01-01T01:31:00Z,-18,AA/ ORD,1999
AA,ORD,arr,1970-01-01T01:41:00Z,-20,AA/ ORD,1999
AA,ORD,arr,1970-01-01T01:51:00Z,-6,AA/ ORD,1999
AA,ORD,arr,1970-01-01T02:01:00Z,-4,AA/ ORD,1999
AA,ORD,arr,1970-01-01T02:11:00Z,-2,AA/ ORD,1999
AA,ORD,arr,1970-01-01T02:21:00Z,-3,AA/ ORD,1999
AA,ORD,arr,1970-01-01T02:31:00Z,-1,AA/ ORD,1999
AA,ORD,arr,1970-01-01T02:41:00Z,-5,AA/ ORD,1999
AA,ORD,arr,1970-01-01T02:51:00Z,-1,AA/ ORD,1999
AA,ORD,arr,1970-01-01T03:01:00Z,-1,AA/ ORD,1999
AA,ORD,arr,1970-01-01T03:41:00Z,-1,AA/ ORD,1999
AA,ORD,arr,1970-01-01T03:51:00Z,-3,AA/ ORD,1999
AA,ORD,arr,1970-01-01T04:01:00Z,-2,AA/ ORD,1999
AA,ORD,arr,1970-01-01T04:11:00Z,-5,AA/ ORD,1999
AA,ORD,arr,1970-01-01T04:21:00Z,-34,AA/ ORD,1999
AA,ORD,arr,1970-01-01T04:31:00Z,-126,AA/ ORD,1999
AA,ORD,arr,1970-01-01T04:41:00Z,-221,AA/ ORD,1999
AA,ORD,arr,1970-01-01T04:51:00Z,-240,AA/ ORD,1999
AA,ORD,arr,1970-01-01T05:01:00Z,-280,AA/ ORD,1999
AA,ORD,arr,1970-01-01T05:11:00Z,-406,AA/ ORD,1999
AA,ORD,arr,1970-01-01T05:21:00Z,-578,AA/ ORD,1999
AA,ORD,arr,1970-01-01T05:31:00Z,-460,AA/ ORD,1999
AA,ORD,arr,1970-01-01T05:41:00Z,-273,AA/ ORD,1999
AA,ORD,arr,1970-01-01T05:51:00Z,-125,AA/ ORD,1999
AA,ORD,arr,1970-01-01T06:01:00Z,-47,AA/ ORD,1999
AA,ORD,arr,1970-01-01T06:11:00Z,-23,AA/ ORD,1999
AA,ORD,arr,1970-01-01T06:21:00Z,-16,AA/ ORD,1999
AA,ORD,arr,1970-01-01T06:31:00Z,-14,AA/ ORD,1999
AA,ORD,arr,1970-01-01T06:41:00Z,-9,AA/ ORD,1999
AA,ORD,arr,1970-01-01T06:51:00Z,-9,AA/ ORD,1999
AA,ORD,arr,1970-01-01T07:01:00Z,-18,AA/ ORD,1999
AA,ORD,arr,1970-01-01T07:11:00Z,-119,AA/ ORD,1999
AA,ORD,arr,1970-01-01T07:21:00Z,-540,AA/ ORD,1999
AA,ORD,arr,1970-01-01T07:31:00Z,-1133,AA/ ORD,1999
AA,ORD,arr,1970-01-01T07:41:00Z,-1781,AA/ ORD,1999
AA,ORD,arr,1970-01-01T07:51:00Z,-2119,AA/ ORD,1999
AA,ORD,arr,1970-01-01T08:01:00Z,-1548,AA/ ORD,1999
AA,ORD,arr,1970-01-01T08:11:00Z,-815,AA/ ORD,1999
AA,ORD,arr,1970-01-01T08:21:00Z,-413,AA/ ORD,1999
AA,ORD,arr,1970-01-01T08:31:00Z,-218,AA/ ORD,1999
AA,ORD,arr,1970-01-01T08:41:00Z,-212,AA/ ORD,1999
AA,ORD,arr,1970-01-01T08:51:00Z,-336,AA/ ORD,1999
AA,ORD,arr,1970-01-01T09:01:00Z,-870,AA/ ORD,1999
AA,ORD,arr,1970-01-01T09:11:00Z,-1655,AA/ ORD,1999
AA,ORD,arr,1970-01-01T09:21:00Z,-2098,AA/ ORD,1999
AA,ORD,arr,1970-01-01T09:31:00Z,-1575,AA/ ORD,1999
AA,ORD,arr,1970-01-01T09:41:00Z,-750,AA/ ORD,1999
AA,ORD,arr,1970-01-01T09:51:00Z,-410,AA/ ORD,1999
AA,ORD,arr,1970-01-01T10:01:00Z,-411,AA/ ORD,1999
AA,ORD,arr,1970-01-01T10:11:00Z,-417,AA/ ORD,1999
AA,ORD,arr,1970-01-01T10:21:00Z,-817,AA/ ORD,1999
AA,ORD,arr,1970-01-01T10:31:00Z,-1446,AA/ ORD,1999
AA,ORD,arr,1970-01-01T10:41:00Z,-1562,AA/ ORD,1999
AA,ORD,arr,1970-01-01T10:51:00Z,-1557,AA/ ORD,1999
AA,ORD,arr,1970-01-01T11:01:00Z,-1251,AA/ ORD,1999
AA,ORD,arr,1970-01-01T11:11:00Z,-785,AA/ ORD,1999
AA,ORD,arr,1970-01-01T11:21:00Z,-508,AA/ ORD,1999
AA,ORD,arr,1970-01-01T11:31:00Z,-409,AA/ ORD,1999
AA,ORD,arr,1970-01-01T11:41:00Z,-387,AA/ ORD,1999
AA,ORD,arr,1970-01-01T11:51:00Z,-583,AA/ ORD,1999
AA,ORD,arr,1970-01-01T12:01:00Z,-1090,AA/ ORD,1999
AA,ORD,arr,1970-01-01T12:11:00Z,-1641,AA/ ORD,1999
AA,ORD,arr,1970-01-01T12:21:00Z,-1886,AA/ ORD,1999
AA,ORD,arr,1970-01-01T12:31:00Z,-1702,AA/ ORD,1999
AA,ORD,arr,1970-01-01T12:41:00Z,-1237,AA/ ORD,1999
AA,ORD,arr,1970-01-01T12:51:00Z,-728,AA/ ORD,1999
AA,ORD,arr,1970-01-01T13:01:00Z,-497,AA/ ORD,1999
AA,ORD,arr,1970-01-01T13:11:00Z,-462,AA/ ORD,1999
AA,ORD,arr,1970-01-01T13:21:00Z,-640,AA/ ORD,1999
AA,ORD,arr,1970-01-01T13:31:00Z,-1163,AA/ ORD,1999
AA,ORD,arr,1970-01-01T13:41:00Z,-1965,AA/ ORD,1999
AA,ORD,arr,1970-01-01T13:51:00Z,-1978,AA/ ORD,1999
AA,ORD,arr,1970-01-01T14:01:00Z,-1599,AA/ ORD,1999
AA,ORD,arr,1970-01-01T14:11:00Z,-966,AA/ ORD,1999
AA,ORD,arr,1970-01-01T14:21:00Z,-579,AA/ ORD,1999
AA,ORD,arr,1970-01-01T14:31:00Z,-528,AA/ ORD,1999
AA,ORD,arr,1970-01-01T14:41:00Z,-532,AA/ ORD,1999
AA,ORD,arr,1970-01-01T14:51:00Z,-763,AA/ ORD,1999
AA,ORD,arr,1970-01-01T15:01:00Z,-1276,AA/ ORD,1999
AA,ORD,arr,1970-01-01T15:11:00Z,-2409,AA/ ORD,1999
AA,ORD,arr,1970-01-01T15:21:00Z,-2427,AA/ ORD,1999
AA,ORD,arr,1970-01-01T15:31:00Z,-1695,AA/ ORD,1999
AA,ORD,arr,1970-01-01T15:41:00Z,-1177,AA/ ORD,1999
AA,ORD,arr,1970-01-01T15:51:00Z,-705,AA/ ORD,1999
AA,ORD,arr,1970-01-01T16:01:00Z,-560,AA/ ORD,1999
AA,ORD,arr,1970-01-01T16:11:00Z,-567,AA/ ORD,1999
AA,ORD,arr,1970-01-01T16:21:00Z,-891,AA/ ORD,1999
AA,ORD,arr,1970-01-01T16:31:00Z,-1175,AA/ ORD,1999
AA,ORD,arr,1970-01-01T16:41:00Z,-1148,AA/ ORD,1999
AA,ORD,arr,1970-01-01T16:51:00Z,-814,AA/ ORD,1999
AA,ORD,arr,1970-01-01T17:01:00Z,-783,AA/ ORD,1999
AA,ORD,arr,1970-01-01T17:11:00Z,-1093,AA/ ORD,1999
AA,ORD,arr,1970-01-01T17:21:00Z,-1427,AA/ ORD,1999
AA,ORD,arr,1970-01-01T17:31:00Z,-1625,AA/ ORD,1999
AA,ORD,arr,1970-01-01T17:41:00Z,-1731,AA/ ORD,1999
AA,ORD,arr,1970-01-01T17:51:00Z,-1424,AA/ ORD,1999
AA,ORD,arr,1970-01-01T18:01:00Z,-952,AA/ ORD,1999
AA,ORD,arr,1970-01-01T18:11:00Z,-733,AA/ ORD,1999
AA,ORD,arr,1970-01-01T18:21:00Z,-547,AA/ ORD,1999
AA,ORD,arr,1970-01-01T18:31:00Z,-446,AA/ ORD,1999
AA,ORD,arr,1970-01-01T18:41:00Z,-513,AA/ ORD,1999
AA,ORD,arr,1970-01-01T18:51:00Z,-495,AA/ ORD,1999
AA,ORD,arr,1970-01-01T19:01:00Z,-696,AA/ ORD,1999
AA,ORD,arr,1970-01-01T19:11:00Z,-1405,AA/ ORD,1999
AA,ORD,arr,1970-01-01T19:21:00Z,-1820,AA/ ORD,1999
AA,ORD,arr,1970-01-01T19:31:00Z,-2054,AA/ ORD,1999
AA,ORD,arr,1970-01-01T19:41:00Z,-1894,AA/ ORD,1999
AA,ORD,arr,1970-01-01T19:51:00Z,-1620,AA/ ORD,1999
AA,ORD,arr,1970-01-01T20:01:00Z,-1050,AA/ ORD,1999
AA,ORD,arr,1970-01-01T20:11:00Z,-760,AA/ ORD,1999
AA,ORD,arr,1970-01-01T20:21:00Z,-584,AA/ ORD,1999
AA,ORD,arr,1970-01-01T20:31:00Z,-661,AA/ ORD,1999
AA,ORD,arr,1970-01-01T20:41:00Z,-948,AA/ ORD,1999
AA,ORD,arr,1970-01-01T20:51:00Z,-1160,AA/ ORD,1999
AA,ORD,arr,1970-01-01T21:01:00Z,-1488,AA/ ORD,1999
AA,ORD,arr,1970-01-01T21:11:00Z,-1327,AA/ ORD,1999
AA,ORD,arr,1970-01-01T21:21:00Z,-933,AA/ ORD,1999
AA,ORD,arr,1970-01-01T21:31:00Z,-640,AA/ ORD,1999
AA,ORD,arr,1970-01-01T21:41:00Z,-485,AA/ ORD,1999
AA,ORD,arr,1970-01-01T21:51:00Z,-389,AA/ ORD,1999
AA,ORD,arr,1970-01-01T22:01:00Z,-382,AA/ ORD,1999
AA,ORD,arr,1970-01-01T22:11:00Z,-320,AA/ ORD,1999
AA,ORD,arr,1970-01-01T22:21:00Z,-367,AA/ ORD,1999
AA,ORD,arr,1970-01-01T22:31:00Z,-351,AA/ ORD,1999
AA,ORD,arr,1970-01-01T22:41:00Z,-246,AA/ ORD,1999
AA,ORD,arr,1970-01-01T22:51:00Z,-210,AA/ ORD,1999
AA,ORD,arr,1970-01-01T23:01:00Z,-200,AA/ ORD,1999
AA,ORD,arr,1970-01-01T23:11:00Z,-242,AA/ ORD,1999
AA,ORD,arr,1970-01-01T23:21:00Z,-279,AA/ ORD,1999
AA,ORD,arr,1970-01-01T23:31:00Z,-209,AA/ ORD,1999
AA,ORD,arr,1970-01-01T23:41:00Z,-158,AA/ ORD,1999
AA,ORD,arr,1970-01-01T23:51:00Z,-133,AA/ ORD,1999
AA,ORD,dep,1970-01-01T00:01:00Z,58,AA/ ORD,1999
AA,ORD,dep,1970-01-01T00:11:00Z,41,AA/ ORD,1999
AA,ORD,dep,1970-01-01T00:21:00Z,26,AA/ ORD,1999
AA,ORD,dep,1970-01-01T00:31:00Z,19,AA/ ORD,1999
AA,ORD,dep,1970-01-01T00:41:00Z,13,AA/ ORD,1999
AA,ORD,dep,1970-01-01T00:51:00Z,12,AA/ ORD,1999
AA,ORD,dep,1970-01-01T01:01:00Z,9,AA/ ORD,1999
AA,ORD,dep,1970-01-01T01:11:00Z,12,AA/ ORD,1999
AA,ORD,dep,1970-01-01T01:21:00Z,4,AA/ ORD,1999
AA,ORD,dep,1970-01-01T01:31:00Z,6,AA/ ORD,1999
AA,ORD,dep,1970-01-01T01:41:00Z,4,AA/ ORD,1999
AA,ORD,dep,1970-01-01T01:51:00Z,5,AA/ ORD,1999
AA,ORD,dep,1970-01-01T02:01:00Z,5,AA/ ORD,1999
AA,ORD,dep,1970-01-01T02:11:00Z,3,AA/ ORD,1999
AA,ORD,dep,1970-01-01T02:21:00Z,1,AA/ ORD,1999
AA,ORD,dep,1970-01-01T02:31:00Z,2,AA/ ORD,1999
AA,ORD,dep,1970-01-01T02:41:00Z,1,AA/ ORD,1999
AA,ORD,dep,1970-01-01T03:11:00Z,2,AA/ ORD,1999
AA,ORD,dep,1970-01-01T03:51:00Z,1,AA/ ORD,1999
AA,ORD,dep,1970-01-01T05:41:00Z,1,AA/ ORD,1999
AA,ORD,dep,1970-01-01T05:51:00Z,675,AA/ ORD,1999
AA,ORD,dep,1970-01-01T06:01:00Z,426,AA/ ORD,1999
AA,ORD,dep,1970-01-01T06:11:00Z,943,AA/ ORD,1999
AA,ORD,dep,1970-01-01T06:21:00Z,1062,AA/ ORD,1999
AA,ORD,dep,1970-01-01T06:31:00Z,615,AA/ ORD,1999
AA,ORD,dep,1970-01-01T06:41:00Z,691,AA/ ORD,1999
AA,ORD,dep,1970-01-01T06:51:00Z,1551,AA/ ORD,1999
AA,ORD,dep,1970-01-01T07:01:00Z,620,AA/ ORD,1999
AA,ORD,dep,1970-01-01T07:11:00Z,873,AA/ ORD,1999
AA,ORD,dep,1970-01-01T07:21:00Z,485,AA/ ORD,1999
AA,ORD,dep,1970-01-01T07:31:00Z,122,AA/ ORD,1999
AA,ORD,dep,1970-01-01T07:41:00Z,56,AA/ ORD,1999
AA,ORD,dep,1970-01-01T07:51:00Z,486,AA/ ORD,1999
AA,ORD,dep,1970-01-01T08:01:00Z,126,AA/ ORD,1999
AA,ORD,dep,1970-01-01T08:11:00Z,235,AA/ ORD,1999
AA,ORD,dep,1970-01-01T08:21:00Z,217,AA/ ORD,1999
AA,ORD,dep,1970-01-01T08:31:00Z,1933,AA/ ORD,1999
AA,ORD,dep,1970-01-01T08:41:00Z,3139,AA/ ORD,1999
AA,ORD,dep,1970-01-01T08:51:00Z,2817,AA/ ORD,1999
AA,ORD,dep,1970-01-01T09:01:00Z,1494,AA/ ORD,1999
AA,ORD,dep,1970-01-01T09:11:00Z,491,AA/ ORD,1999
AA,ORD,dep,1970-01-01T09:21:00Z,257,AA/ ORD,1999
AA,ORD,dep,1970-01-01T09:31:00Z,144,AA/ ORD,1999
AA,ORD,dep,1970-01-01T09:41:00Z,142,AA/ ORD,1999
AA,ORD,dep,1970-01-01T09:51:00Z,598,AA/ ORD,1999
AA,ORD,dep,1970-01-01T10:01:00Z,1386,AA/ ORD,1999
AA,ORD,dep,1970-01-01T10:11:00Z,3024,AA/ ORD,1999
AA,ORD,dep,1970-01-01T10:21:00Z,1779,AA/ ORD,1999
AA,ORD,dep,1970-01-01T10:31:00Z,503,AA/ ORD,1999
AA,ORD,dep,1970-01-01T10:41:00Z,257,AA/ ORD,1999
AA,ORD,dep,1970-01-01T10:51:00Z,579,AA/ ORD,1999
AA,ORD,dep,1970-01-01T11:01:00Z,218,AA/ ORD,1999
AA,ORD,dep,1970-01-01T11:11:00Z,168,AA/ ORD,1999
AA,ORD,dep,1970-01-01T11:21:00Z,359,AA/ ORD,1999
AA,ORD,dep,1970-01-01T11:31:00Z,1921,AA/ ORD,1999
AA,ORD,dep,1970-01-01T11:41:00Z,2943,AA/ ORD,1999
AA,ORD,dep,1970-01-01T11:51:00Z,2275,AA/ ORD,1999
AA,ORD,dep,1970-01-01T12:01:00Z,779,AA/ ORD,1999
AA,ORD,dep,1970-01-01T12:11:00Z,374,AA/ ORD,1999
AA,ORD,dep,1970-01-01T12:21:00Z,245,AA/ ORD,1999
AA,ORD,dep,1970-01-01T12:31:00Z,193,AA/ ORD,1999
AA,ORD,dep,1970-01-01T12:41:00Z,462,AA/ ORD,1999
AA,ORD,dep,1970-01-01T12:51:00Z,704,AA/ ORD,1999
AA,ORD,dep,1970-01-01T13:01:00Z,1056,AA/ ORD,1999
AA,ORD,dep,1970-01-01T13:11:00Z,2067,AA/ ORD,1999
AA,ORD,dep,1970-01-01T13:21:00Z,2192,AA/ ORD,1999
AA,ORD,dep,1970-01-01T13:31:00Z,1013,AA/ ORD,1999
AA,ORD,dep,1970-01-01T13:41:00Z,383,AA/ ORD,1999
AA,ORD,dep,1970-01-01T13:51:00Z,828,AA/ ORD,1999
AA,ORD,dep,1970-01-01T14:01:00Z,334,AA/ ORD,1999
AA,ORD,dep,1970-01-01T14:11:00Z,174,AA/ ORD,1999
AA,ORD,dep,1970-01-01T14:21:00Z,385,AA/ ORD,1999
AA,ORD,dep,1970-01-01T14:31:00Z,704,AA/ ORD,1999
AA,ORD,dep,1970-01-01T14:41:00Z,2549,AA/ ORD,1999
AA,ORD,dep,1970-01-01T14:51:00Z,3812,AA/ ORD,1999
AA,ORD,dep,1970-01-01T15:01:00Z,1693,AA/ ORD,1999
AA,ORD,dep,1970-01-01T15:11:00Z,800,AA/ ORD,1999
AA,ORD,dep,1970-01-01T15:21:00Z,854,AA/ ORD,1999
AA,ORD,dep,1970-01-01T15:31:00Z,491,AA/ ORD,1999
AA,ORD,dep,1970-01-01T15:41:00Z,348,AA/ ORD,1999
AA,ORD,dep,1970-01-01T15:51:00Z,584,AA/ ORD,1999
AA,ORD,dep,1970-01-01T16:01:00Z,643,AA/ ORD,1999
AA,ORD,dep,1970-01-01T16:11:00Z,2318,AA/ ORD,1999
AA,ORD,dep,1970-01-01T16:21:00Z,1881,AA/ ORD,1999
AA,ORD,dep,1970-01-01T16:31:00Z,1258,AA/ ORD,1999
AA,ORD,dep,1970-01-01T16:41:00Z,693,AA/ ORD,1999
AA,ORD,dep,1970-01-01T16:51:00Z,804,AA/ ORD,1999
AA,ORD,dep,1970-01-01T17:01:00Z,573,AA/ ORD,1999
AA,ORD,dep,1970-01-01T17:11:00Z,524,AA/ ORD,1999
AA,ORD,dep,1970-01-01T17:21:00Z,1905,AA/ ORD,1999
AA,ORD,dep,1970-01-01T17:31:00Z,1411,AA/ ORD,1999
AA,ORD,dep,1970-01-01T17:41:00Z,570,AA/ ORD,1999
AA,ORD,dep,1970-01-01T17:51:00Z,747,AA/ ORD,1999
AA,ORD,dep,1970-01-01T18:01:00Z,463,AA/ ORD,1999
AA,ORD,dep,1970-01-01T18:11:00Z,340,AA/ ORD,1999
AA,ORD,dep,1970-01-01T18:21:00Z,1044,AA/ ORD,1999
AA,ORD,dep,1970-01-01T18:31:00Z,2184,AA/ ORD,1999
AA,ORD,dep,1970-01-01T18:41:00Z,2819,AA/ ORD,1999
AA,ORD,dep,1970-01-01T18:51:00Z,1964,AA/ ORD,1999
AA,ORD,dep,1970-01-01T19:01:00Z,985,AA/ ORD,1999
AA,ORD,dep,1970-01-01T19:11:00Z,687,AA/ ORD,1999
AA,ORD,dep,1970-01-01T19:21:00Z,654,AA/ ORD,1999
AA,ORD,dep,1970-01-01T19:31:00Z,399,AA/ ORD,1999
AA,ORD,dep,1970-01-01T19:41:00Z,335,AA/ ORD,1999
AA,ORD,dep,1970-01-01T19:51:00Z,569,AA/ ORD,1999
AA,ORD,dep,1970-01-01T20:01:00Z,337,AA/ ORD,1999
AA,ORD,dep,1970-01-01T20:11:00Z,414,AA/ ORD,1999
AA,ORD,dep,1970-01-01T20:21:00Z,1785,AA/ ORD,1999
AA,ORD,dep,1970-01-01T20:31:00Z,2146,AA/ ORD,1999
AA,ORD,dep,1970-01-01T20:41:00Z,2244,AA/ ORD,1999
AA,ORD,dep,1970-01-01T20:51:00Z,931,AA/ ORD,1999
AA,ORD,dep,1970-01-01T21:01:00Z,489,AA/ ORD,1999
AA,ORD,dep,1970-01-01T21:11:00Z,394,AA/ ORD,1999
AA,ORD,dep,1970-01-01T21:21:00Z,328,AA/ ORD,1999
AA,ORD,dep,1970-01-01T21:31:00Z,258,AA/ ORD,1999
AA,ORD,dep,1970-01-01T21:41:00Z,579,AA/ ORD,1999
AA,ORD,dep,1970-01-01T21:51:00Z,2084,AA/ ORD,1999
AA,ORD,dep,1970-01-01T22:01:00Z,1415,AA/ ORD,1999
AA,ORD,dep,1970-01-01T22:11:00Z,513,AA/ ORD,1999
AA,ORD,dep,1970-01-01T22:21:00Z,385,AA/ ORD,1999
AA,ORD,dep,1970-01-01T22:31:00Z,284,AA/ ORD,1999
AA,ORD,dep,1970-01-01T22:41:00Z,254,AA/ ORD,1999
AA,ORD,dep,1970-01-01T22:51:00Z,187,AA/ ORD,1999
AA,ORD,dep,1970-01-01T23:01:00Z,138,AA/ ORD,1999
AA,ORD,dep,1970-01-01T23:11:00Z,130,AA/ ORD,1999
AA,ORD,dep,1970-01-01T23:21:00Z,102,AA/ ORD,1999
AA,ORD,dep,1970-01-01T23:31:00Z,84,AA/ ORD,1999
AA,ORD,dep,1970-01-01T23:41:00Z,66,AA/ ORD,1999
AA,ORD,dep,1970-01-01T23:51:00Z,59,AA/ ORD,1999
UA,ORD,arr,1970-01-01T00:01:00Z,-211,UA/ ORD,1999
UA,ORD,arr,1970-01-01T00:11:00Z,-161,UA/ ORD,1999
UA,ORD,arr,1970-01-01T00:21:00Z,-173,UA/ ORD,1999
UA,ORD,arr,1970-01-01T00:31:00Z,-228,UA/ ORD,1999
UA,ORD,arr,1970-01-01T00:41:00Z,-241,UA/ ORD,1999
UA,ORD,arr,1970-01-01T00:51:00Z,-202,UA/ ORD,1999
UA,ORD,arr,1970-01-01T01:01:00Z,-134,UA/ ORD,1999
UA,ORD,arr,1970-01-01T01:11:00Z,-116,UA/ ORD,1999
UA,ORD,arr,1970-01-01T01:21:00Z,-60,UA/ ORD,1999
UA,ORD,arr,1970-01-01T01:31:00Z,-53,UA/ ORD,1999
UA,ORD,arr,1970-01-01T01:41:00Z,-38,UA/ ORD,1999
UA,ORD,arr,1970-01-01T01:51:00Z,-31,UA/ ORD,1999
UA,ORD,arr,1970-01-01T02:01:00Z,-32,UA/ ORD,1999
UA,ORD,arr,1970-01-01T02:11:00Z,-10,UA/ ORD,1999
UA,ORD,arr,1970-01-01T02:21:00Z,-27,UA/ ORD,1999
UA,ORD,arr,1970-01-01T02:31:00Z,-14,UA/ ORD,1999
UA,ORD,arr,1970-01-01T02:41:00Z,-10,UA/ ORD,1999
UA,ORD,arr,1970-01-01T02:51:00Z,-5,UA/ ORD,1999
UA,ORD,arr,1970-01-01T03:01:00Z,-7,UA/ ORD,1999
UA,ORD,arr,1970-01-01T03:11:00Z,-4,UA/ ORD,1999
UA,ORD,arr,1970-01-01T03:21:00Z,-4,UA/ ORD,1999
UA,ORD,arr,1970-01-01T03:31:00Z,-5,UA/ ORD,1999
UA,ORD,arr,1970-01-01T03:41:00Z,-4,UA/ ORD,1999
UA,ORD,arr,1970-01-01T03:51:00Z,-4,UA/ ORD,1999
UA,ORD,arr,1970-01-01T04:01:00Z,-8,UA/ ORD,1999
UA,ORD,arr,1970-01-01T04:11:00Z,-58,UA/ ORD,1999
UA,ORD,arr,1970-01-01T04:21:00Z,-148,UA/ ORD,1999
UA,ORD,arr,1970-01-01T04:31:00Z,-289,UA/ ORD,1999
UA,ORD,arr,1970-01-01T04:41:00Z,-427,UA/ ORD,1999
UA,ORD,arr,1970-01-01T04:51:00Z,-520,UA/ ORD,1999
UA,ORD,arr,1970-01-01T05:01:00Z,-590,UA/ ORD,1999
UA,ORD,arr,1970-01-01T05:11:00Z,-559,UA/ ORD,1999
UA,ORD,arr,1970-01-01T05:21:00Z,-463,UA/ ORD,1999
UA,ORD,arr,1970-01-01T05:31:00Z,-316,UA/ ORD,1999
UA,ORD,arr,1970-01-01T05:41:00Z,-242,UA/ ORD,1999
UA,ORD,arr,1970-01-01T05:51:00Z,-123,UA/ ORD,1999
UA,ORD,arr,1970-01-01T06:01:00Z,-67,UA/ ORD,1999
UA,ORD,arr,1970-01-01T06:11:00Z,-62,UA/ ORD,1999
UA,ORD,arr,1970-01-01T06:21:00Z,-167,UA/ ORD,1999
UA,ORD,arr,1970-01-01T06:31:00Z,-499,UA/ ORD,1999
UA,ORD,arr,1970-01-01T06:41:00Z,-1070,UA/ ORD,1999
UA,ORD,arr,1970-01-01T06:51:00Z,-1792,UA/ ORD,1999
UA,ORD,arr,1970-01-01T07:01:00Z,-1987,UA/ ORD,1999
UA,ORD,arr,1970-01-01T07:11:00Z,-1392,UA/ ORD,1999
UA,ORD,arr,1970-01-01T07:21:00Z,-915,UA/ ORD,1999
UA,ORD,arr,1970-01-01T07:31:00Z,-595,UA/ ORD,1999
UA,ORD,arr,1970-01-01T07:41:00Z,-604,UA/ ORD,1999
UA,ORD,arr,1970-01-01T07:51:00Z,-880,UA/ ORD,1999
UA,ORD,arr,1970-01-01T08:01:00Z,-1284,UA/ ORD,1999
UA,ORD,arr,1970-01-01T08:11:00Z,-1952,UA/ ORD,1999
UA,ORD,arr,1970-01-01T08:21:00Z,-2588,UA/ ORD,1999
UA,ORD,arr,1970-01-01T08:31:00Z,-2734,UA/ ORD,1999
UA,ORD,arr,1970-01-01T08:41:00Z,-2289,UA/ ORD,1999
UA,ORD,arr,1970-01-01T08:51:00Z,-1377,UA/ ORD,1999
UA,ORD,arr,1970-01-01T09:01:00Z,-866,UA/ ORD,1999
UA,ORD,arr,1970-01-01T09:11:00Z,-637,UA/ ORD,1999
UA,ORD,arr,1970-01-01T09:21:00Z,-571,UA/ ORD,1999
UA,ORD,arr,1970-01-01T09:31:00Z,-1094,UA/ ORD,1999
UA,ORD,arr,1970-01-01T09:41:00Z,-1692,UA/ ORD,1999
UA,ORD,arr,1970-01-01T09:51:00Z,-1853,UA/ ORD,1999
UA,ORD,arr,1970-01-01T10:01:00Z,-1174,UA/ ORD,1999
UA,ORD,arr,1970-01-01T10:11:00Z,-824,UA/ ORD,1999
UA,ORD,arr,1970-01-01T10:21:00Z,-767,UA/ ORD,1999
UA,ORD,arr,1970-01-01T10:31:00Z,-1055,UA/ ORD,1999
UA,ORD,arr,1970-01-01T10:41:00Z,-1393,UA/ ORD,1999
UA,ORD,arr,1970-01-01T10:51:00Z,-1893,UA/ ORD,1999
UA,ORD,arr,1970-01-01T11:01:00Z,-2192,UA/ ORD,1999
UA,ORD,arr,1970-01-01T11:11:00Z,-2222,UA/ ORD,1999
UA,ORD,arr,1970-01-01T11:21:00Z,-1810,UA/ ORD,1999
UA,ORD,arr,1970-01-01T11:31:00Z,-1234,UA/ ORD,1999
UA,ORD,arr,1970-01-01T11:41:00Z,-803,UA/ ORD,1999
UA,ORD,arr,1970-01-01T11:51:00Z,-889,UA/ ORD,1999
UA,ORD,arr,1970-01-01T12:01:00Z,-1148,UA/ ORD,1999
UA,ORD,arr,1970-01-01T12:11:00Z,-1635,UA/ ORD,1999
UA,ORD,arr,1970-01-01T12:21:00Z,-2155,UA/ ORD,1999
UA,ORD,arr,1970-01-01T12:31:00Z,-1989,UA/ ORD,1999
UA,ORD,arr,1970-01-01T12:41:00Z,-1584,UA/ ORD,1999
UA,ORD,arr,1970-01-01T12:51:00Z,-1307,UA/ ORD,1999
UA,ORD,arr,1970-01-01T13:01:00Z,-1179,UA/ ORD,1999
UA,ORD,arr,1970-01-01T13:11:00Z,-1194,UA/ ORD,1999
UA,ORD,arr,1970-01-01T13:21:00Z,-1705,UA/ ORD,1999
UA,ORD,arr,1970-01-01T13:31:00Z,-1348,UA/ ORD,1999
UA,ORD,arr,1970-01-01T13:41:00Z,-1057,UA/ ORD,1999
UA,ORD,arr,1970-01-01T13:51:00Z,-1115,UA/ ORD,1999
UA,ORD,arr,1970-01-01T14:01:00Z,-1288,UA/ ORD,1999
UA,ORD,arr,1970-01-01T14:11:00Z,-1633,UA/ ORD,1999
UA,ORD,arr,1970-01-01T14:21:00Z,-2047,UA/ ORD,1999
UA,ORD,arr,1970-01-01T14:31:00Z,-1984,UA/ ORD,1999
UA,ORD,arr,1970-01-01T14:41:00Z,-1463,UA/ ORD,1999
UA,ORD,arr,1970-01-01T14:51:00Z,-983,UA/ ORD,1999
UA,ORD,arr,1970-01-01T15:01:00Z,-783,UA/ ORD,1999
UA,ORD,arr,1970-01-01T15:11:00Z,-626,UA/ ORD,1999
UA,ORD,arr,1970-01-01T15:21:00Z,-774,UA/ ORD,1999
UA,ORD,arr,1970-01-01T15:31:00Z,-1061,UA/ ORD,1999
UA,ORD,arr,1970-01-01T15:41:00Z,-1693,UA/ ORD,1999
UA,ORD,arr,1970-01-01T15:51:00Z,-2385,UA/ ORD,1999
UA,ORD,arr,1970-01-01T16:01:00Z,-2283,UA/ ORD,1999
UA,ORD,arr,1970-01-01T16:11:00Z,-1900,UA/ ORD,1999
UA,ORD,arr,1970-01-01T16:21:00Z,-1368,UA/ ORD,1999
UA,ORD,arr,1970-01-01T16:31:00Z,-1136,UA/ ORD,1999
UA,ORD,arr,1970-01-01T16:41:00Z,-1241,UA/ ORD,1999
UA,ORD,arr,1970-01-01T16:51:00Z,-1636,UA/ ORD,1999
UA,ORD,arr,1970-01-01T17:01:00Z,-1537,UA/ ORD,1999
UA,ORD,arr,1970-01-01T17:11:00Z,-1094,UA/ ORD,1999
UA,ORD,arr,1970-01-01T17:21:00Z,-741,UA/ ORD,1999
UA,ORD,arr,1970-01-01T17:31:00Z,-663,UA/ ORD,1999
UA,ORD,arr,1970-01-01T17:41:00Z,-743,UA/ ORD,1999
UA,ORD,arr,1970-01-01T17:51:00Z,-1016,UA/ ORD,1999
UA,ORD,arr,1970-01-01T18:01:00Z,-1672,UA/ ORD,1999
UA,ORD,arr,1970-01-01T18:11:00Z,-2108,UA/ ORD,1999
UA,ORD,arr,1970-01-01T18:21:00Z,-2156,UA/ ORD,1999
UA,ORD,arr,1970-01-01T18:31:00Z,-2144,UA/ ORD,1999
UA,ORD,arr,1970-01-01T18:41:00Z,-1943,UA/ ORD,1999
UA,ORD,arr,1970-01-01T18:51:00Z,-1358,UA/ ORD,1999
UA,ORD,arr,1970-01-01T19:01:00Z,-1007,UA/ ORD,1999
UA,ORD,arr,1970-01-01T19:11:00Z,-908,UA/ ORD,1999
UA,ORD,arr,1970-01-01T19:21:00Z,-1084,UA/ ORD,1999
UA,ORD,arr,1970-01-01T19:31:00Z,-1319,UA/ ORD,1999
UA,ORD,arr,1970-01-01T19:41:00Z,-1650,UA/ ORD,1999
UA,ORD,arr,1970-01-01T19:51:00Z,-1972,UA/ ORD,1999
UA,ORD,arr,1970-01-01T20:01:00Z,-2169,UA/ ORD,1999
UA,ORD,arr,1970-01-01T20:11:00Z,-1861,UA/ ORD,1999
UA,ORD,arr,1970-01-01T20:21:00Z,-1315,UA/ ORD,1999
UA,ORD,arr,1970-01-01T20:31:00Z,-884,UA/ ORD,1999
UA,ORD,arr,1970-01-01T20:41:00Z,-706,UA/ ORD,1999
UA,ORD,arr,1970-01-01T20:51:00Z,-668,UA/ ORD,1999
UA,ORD,arr,1970-01-01T21:01:00Z,-860,UA/ ORD,1999
UA,ORD,arr,1970-01-01T21:11:00Z,-1192,UA/ ORD,1999
UA,ORD,arr,1970-01-01T21:21:00Z,-1813,UA/ ORD,1999
UA,ORD,arr,1970-01-01T21:31:00Z,-2258,UA/ ORD,1999
UA,ORD,arr,1970-01-01T21:41:00Z,-1789,UA/ ORD,1999
UA,ORD,arr,1970-01-01T21:51:00Z,-1126,UA/ ORD,1999
UA,ORD,arr,1970-01-01T22:01:00Z,-829,UA/ ORD,1999
UA,ORD,arr,1970-01-01T22:11:00Z,-565,UA/ ORD,1999
UA,ORD,arr,1970-01-01T22:21:00Z,-501,UA/ ORD,1999
UA,ORD,arr,1970-01-01T22:31:00Z,-524,UA/ ORD,1999
UA,ORD,arr,1970-01-01T22:41:00Z,-488,UA/ ORD,1999
UA,ORD,arr,1970-01-01T22:51:00Z,-428,UA/ ORD,1999
UA,ORD,arr,1970-01-01T23:01:00Z,-356,UA/ ORD,1999
UA,ORD,arr,1970-01-01T23:11:00Z,-294,UA/ ORD,1999
UA,ORD,arr,1970-01-01T23:21:00Z,-365,UA/ ORD,1999
UA,ORD,arr,1970-01-01T23:31:00Z,-406,UA/ ORD,1999
UA,ORD,arr,1970-01-01T23:41:00Z,-398,UA/ ORD,1999
UA,ORD,arr,1970-01-01T23:51:00Z,-326,UA/ ORD,1999
UA,ORD,dep,1970-01-01T00:01:00Z,76,UA/ ORD,1999
UA,ORD,dep,1970-01-01T00:11:00Z,48,UA/ ORD,1999
UA,ORD,dep,1970-01-01T00:21:00Z,35,UA/ ORD,1999
UA,ORD,dep,1970-01-01T00:31:00Z,34,UA/ ORD,1999
UA,ORD,dep,1970-01-01T00:41:00Z,39,UA/ ORD,1999
UA,ORD,dep,1970-01-01T00:51:00Z,38,UA/ ORD,1999
UA,ORD,dep,1970-01-01T01:01:00Z,13,UA/ ORD,1999
UA,ORD,dep,1970-01-01T01:11:00Z,10,UA/ ORD,1999
UA,ORD,dep,1970-01-01T01:21:00Z,14,UA/ ORD,1999
UA,ORD,dep,1970-01-01T01:31:00Z,12,UA/ ORD,1999
UA,ORD,dep,1970-01-01T01:41:00Z,10,UA/ ORD,1999
UA,ORD,dep,1970-01-01T01:51:00Z,9,UA/ ORD,1999
UA,ORD,dep,1970-01-01T02:01:00Z,5,UA/ ORD,1999
UA,ORD,dep,1970-01-01T02:11:00Z,5,UA/ ORD,1999
UA,ORD,dep,1970-01-01T02:21:00Z,2,UA/ ORD,1999
UA,ORD,dep,1970-01-01T02:31:00Z,2,UA/ ORD,1999
UA,ORD,dep,1970-01-01T02:41:00Z,4,UA/ ORD,1999
UA,ORD,dep,1970-01-01T05:51:00Z,1226,UA/ ORD,1999
UA,ORD,dep,1970-01-01T06:01:00Z,676,UA/ ORD,1999
UA,ORD,dep,1970-01-01T06:11:00Z,621,UA/ ORD,1999
UA,ORD,dep,1970-01-01T06:21:00Z,1483,UA/ ORD,1999
UA,ORD,dep,1970-01-01T06:31:00Z,680,UA/ ORD,1999
UA,ORD,dep,1970-01-01T06:41:00Z,1061,UA/ ORD,1999
UA,ORD,dep,1970-01-01T06:51:00Z,2268,UA/ ORD,1999
UA,ORD,dep,1970-01-01T07:01:00Z,844,UA/ ORD,1999
UA,ORD,dep,1970-01-01T07:11:00Z,474,UA/ ORD,1999
UA,ORD,dep,1970-01-01T07:21:00Z,553,UA/ ORD,1999
UA,ORD,dep,1970-01-01T07:31:00Z,2146,UA/ ORD,1999
UA,ORD,dep,1970-01-01T07:41:00Z,2931,UA/ ORD,1999
UA,ORD,dep,1970-01-01T07:51:00Z,2150,UA/ ORD,1999
UA,ORD,dep,1970-01-01T08:01:00Z,1888,UA/ ORD,1999
UA,ORD,dep,1970-01-01T08:11:00Z,2163,UA/ ORD,1999
UA,ORD,dep,1970-01-01T08:21:00Z,1462,UA/ ORD,1999
UA,ORD,dep,1970-01-01T08:31:00Z,586,UA/ ORD,1999
UA,ORD,dep,1970-01-01T08:41:00Z,947,UA/ ORD,1999
UA,ORD,dep,1970-01-01T08:51:00Z,962,UA/ ORD,1999
UA,ORD,dep,1970-01-01T09:01:00Z,782,UA/ ORD,1999
UA,ORD,dep,1970-01-01T09:11:00Z,2987,UA/ ORD,1999
UA,ORD,dep,1970-01-01T09:21:00Z,2933,UA/ ORD,1999
UA,ORD,dep,1970-01-01T09:31:00Z,1648,UA/ ORD,1999
UA,ORD,dep,1970-01-01T09:41:00Z,3127,UA/ ORD,1999
UA,ORD,dep,1970-01-01T09:51:00Z,1504,UA/ ORD,1999
UA,ORD,dep,1970-01-01T10:01:00Z,587,UA/ ORD,1999
UA,ORD,dep,1970-01-01T10:11:00Z,438,UA/ ORD,1999
UA,ORD,dep,1970-01-01T10:21:00Z,1496,UA/ ORD,1999
UA,ORD,dep,1970-01-01T10:31:00Z,1978,UA/ ORD,1999
UA,ORD,dep,1970-01-01T10:41:00Z,1881,UA/ ORD,1999
UA,ORD,dep,1970-01-01T10:51:00Z,1232,UA/ ORD,1999
UA,ORD,dep,1970-01-01T11:01:00Z,677,UA/ ORD,1999
UA,ORD,dep,1970-01-01T11:11:00Z,768,UA/ ORD,1999
UA,ORD,dep,1970-01-01T11:21:00Z,989,UA/ ORD,1999
UA,ORD,dep,1970-01-01T11:31:00Z,618,UA/ ORD,1999
UA,ORD,dep,1970-01-01T11:41:00Z,3120,UA/ ORD,1999
UA,ORD,dep,1970-01-01T11:51:00Z,2568,UA/ ORD,1999
UA,ORD,dep,1970-01-01T12:01:00Z,2242,UA/ ORD,1999
UA,ORD,dep,1970-01-01T12:11:00Z,1640,UA/ ORD,1999
UA,ORD,dep,1970-01-01T12:21:00Z,1189,UA/ ORD,1999
UA,ORD,dep,1970-01-01T12:31:00Z,582,UA/ ORD,1999
UA,ORD,dep,1970-01-01T12:41:00Z,895,UA/ ORD,1999
UA,ORD,dep,1970-01-01T12:51:00Z,483,UA/ ORD,1999
UA,ORD,dep,1970-01-01T13:01:00Z,1456,UA/ ORD,1999
UA,ORD,dep,1970-01-01T13:11:00Z,3371,UA/ ORD,1999
UA,ORD,dep,1970-01-01T13:21:00Z,2642,UA/ ORD,1999
UA,ORD,dep,1970-01-01T13:31:00Z,1585,UA/ ORD,1999
UA,ORD,dep,1970-01-01T13:41:00Z,1257,UA/ ORD,1999
UA,ORD,dep,1970-01-01T13:51:00Z,902,UA/ ORD,1999
UA,ORD,dep,1970-01-01T14:01:00Z,1268,UA/ ORD,1999
UA,ORD,dep,1970-01-01T14:11:00Z,1427,UA/ ORD,1999
UA,ORD,dep,1970-01-01T14:21:00Z,1238,UA/ ORD,1999
UA,ORD,dep,1970-01-01T14:31:00Z,910,UA/ ORD,1999
UA,ORD,dep,1970-01-01T14:41:00Z,1200,UA/ ORD,1999
UA,ORD,dep,1970-01-01T14:51:00Z,732,UA/ ORD,1999
UA,ORD,dep,1970-01-01T15:01:00Z,837,UA/ ORD,1999
UA,ORD,dep,1970-01-01T15:11:00Z,2066,UA/ ORD,1999
UA,ORD,dep,1970-01-01T15:21:00Z,2533,UA/ ORD,1999
UA,ORD,dep,1970-01-01T15:31:00Z,1790,UA/ ORD,1999
UA,ORD,dep,1970-01-01T15:41:00Z,1598,UA/ ORD,1999
UA,ORD,dep,1970-01-01T15:51:00Z,1016,UA/ ORD,1999
UA,ORD,dep,1970-01-01T16:01:00Z,534,UA/ ORD,1999
UA,ORD,dep,1970-01-01T16:11:00Z,529,UA/ ORD,1999
UA,ORD,dep,1970-01-01T16:21:00Z,401,UA/ ORD,1999
UA,ORD,dep,1970-01-01T16:31:00Z,662,UA/ ORD,1999
UA,ORD,dep,1970-01-01T16:41:00Z,2730,UA/ ORD,1999
UA,ORD,dep,1970-01-01T16:51:00Z,2523,UA/ ORD,1999
UA,ORD,dep,1970-01-01T17:01:00Z,1927,UA/ ORD,1999
UA,ORD,dep,1970-01-01T17:11:00Z,1516,UA/ ORD,1999
UA,ORD,dep,1970-01-01T17:21:00Z,1320,UA/ ORD,1999
UA,ORD,dep,1970-01-01T17:31:00Z,782,UA/ ORD,1999
UA,ORD,dep,1970-01-01T17:41:00Z,2171,UA/ ORD,1999
UA,ORD,dep,1970-01-01T17:51:00Z,1766,UA/ ORD,1999
UA,ORD,dep,1970-01-01T18:01:00Z,1085,UA/ ORD,1999
UA,ORD,dep,1970-01-01T18:11:00Z,1002,UA/ ORD,1999
UA,ORD,dep,1970-01-01T18:21:00Z,913,UA/ ORD,1999
UA,ORD,dep,1970-01-01T18:31:00Z,515,UA/ ORD,1999
UA,ORD,dep,1970-01-01T18:41:00Z,864,UA/ ORD,1999
UA,ORD,dep,1970-01-01T18:51:00Z,662,UA/ ORD,1999
UA,ORD,dep,1970-01-01T19:01:00Z,879,UA/ ORD,1999
UA,ORD,dep,1970-01-01T19:11:00Z,2532,UA/ ORD,1999
UA,ORD,dep,1970-01-01T19:21:00Z,2893,UA/ ORD,1999
UA,ORD,dep,1970-01-01T19:31:00Z,1832,UA/ ORD,1999
UA,ORD,dep,1970-01-01T19:41:00Z,1508,UA/ ORD,1999
UA,ORD,dep,1970-01-01T19:51:00Z,734,UA/ ORD,1999
UA,ORD,dep,1970-01-01T20:01:00Z,493,UA/ ORD,1999
UA,ORD,dep,1970-01-01T20:11:00Z,806,UA/ ORD,1999
UA,ORD,dep,1970-01-01T20:21:00Z,781,UA/ ORD,1999
UA,ORD,dep,1970-01-01T20:31:00Z,614,UA/ ORD,1999
UA,ORD,dep,1970-01-01T20:41:00Z,2854,UA/ ORD,1999
UA,ORD,dep,1970-01-01T20:51:00Z,1509,UA/ ORD,1999
UA,ORD,dep,1970-01-01T21:01:00Z,956,UA/ ORD,1999
UA,ORD,dep,1970-01-01T21:11:00Z,3130,UA/ ORD,1999
UA,ORD,dep,1970-01-01T21:21:00Z,1636,UA/ ORD,1999
UA,ORD,dep,1970-01-01T21:31:00Z,682,UA/ ORD,1999
UA,ORD,dep,1970-01-01T21:41:00Z,569,UA/ ORD,1999
UA,ORD,dep,1970-01-01T21:51:00Z,471,UA/ ORD,1999
UA,ORD,dep,1970-01-01T22:01:00Z,401,UA/ ORD,1999
UA,ORD,dep,1970-01-01T22:11:00Z,1391,UA/ ORD,1999
UA,ORD,dep,1970-01-01T22:21:00Z,1897,UA/ ORD,1999
UA,ORD,dep,1970-01-01T22:31:00Z,678,UA/ ORD,1999
UA,ORD,dep,1970-01-01T22:41:00Z,412,UA/ ORD,1999
UA,ORD,dep,1970-01-01T22:51:00Z,294,UA/ ORD,1999
UA,ORD,dep,1970-01-01T23:01:00Z,220,UA/ ORD,1999
UA,ORD,dep,1970-01-01T23:11:00Z,201,UA/ ORD,1999
UA,ORD,dep,1970-01-01T23:21:00Z,169,UA/ ORD,1999
UA,ORD,dep,1970-01-01T23:31:00Z,146,UA/ ORD,1999
UA,ORD,dep,1970-01-01T23:41:00Z,90,UA/ ORD,1999
UA,ORD,dep,1970-01-01T23:51:00Z,86,UA/ ORD,1999
AA,ORD,arr,1970-01-01T00:01:00Z,-141,AA/ ORD,2000
AA,ORD,arr,1970-01-01T00:11:00Z,-158,AA/ ORD,2000
AA,ORD,arr,1970-01-01T00:21:00Z,-147,AA/ ORD,2000
AA,ORD,arr,1970-01-01T00:31:00Z,-114,AA/ ORD,2000
AA,ORD,arr,1970-01-01T00:41:00Z,-71,AA/ ORD,2000
AA,ORD,arr,1970-01-01T00:51:00Z,-66,AA/ ORD,2000
AA,ORD,arr,1970-01-01T01:01:00Z,-77,AA/ ORD,2000
AA,ORD,arr,1970-01-01T01:11:00Z,-68,AA/ ORD,2000
AA,ORD,arr,1970-01-01T01:21:00Z,-61,AA/ ORD,2000
AA,ORD,arr,1970-01-01T01:31:00Z,-40,AA/ ORD,2000
AA,ORD,arr,1970-01-01T01:41:00Z,-39,AA/ ORD,2000
AA,ORD,arr,1970-01-01T01:51:00Z,-21,AA/ ORD,2000
AA,ORD,arr,1970-01-01T02:01:00Z,-17,AA/ ORD,2000
AA,ORD,arr,1970-01-01T02:11:00Z,-6,AA/ ORD,2000
AA,ORD,arr,1970-01-01T02:21:00Z,-15,AA/ ORD,2000
AA,ORD,arr,1970-01-01T02:31:00Z,-10,AA/ ORD,2000
AA,ORD,arr,1970-01-01T02:41:00Z,-8,AA/ ORD,2000
AA,ORD,arr,1970-01-01T02:51:00Z,-4,AA/ ORD,2000
AA,ORD,arr,1970-01-01T03:01:00Z,-2,AA/ ORD,2000
AA,ORD,arr,1970-01-01T03:11:00Z,-5,AA/ ORD,2000
AA,ORD,arr,1970-01-01T03:21:00Z,-2,AA/ ORD,2000
AA,ORD,arr,1970-01-01T03:31:00Z,-2,AA/ ORD,2000
AA,ORD,arr,1970-01-01T03:41:00Z,-2,AA/ ORD,2000
AA,ORD,arr,1970-01-01T03:51:00Z,-1,AA/ ORD,2000
AA,ORD,arr,1970-01-01T04:01:00Z,-1,AA/ ORD,2000
AA,ORD,arr,1970-01-01T04:11:00Z,-13,AA/ ORD,2000
AA,ORD,arr,1970-01-01T04:21:00Z,-47,AA/ ORD,2000
AA,ORD,arr,1970-01-01T04:31:00Z,-163,AA/ ORD,2000
AA,ORD,arr,1970-01-01T04:41:00Z,-251,AA/ ORD,2000
AA,ORD,arr,1970-01-01T04:51:00Z,-295,AA/ ORD,2000
AA,ORD,arr,1970-01-01T05:01:00Z,-369,AA/ ORD,2000
AA,ORD,arr,1970-01-01T05:11:00Z,-484,AA/ ORD,2000
AA,ORD,arr,1970-01-01T05:21:00Z,-562,AA/ ORD,2000
AA,ORD,arr,1970-01-01T05:31:00Z,-452,AA/ ORD,2000
AA,ORD,arr,1970-01-01T05:41:00Z,-253,AA/ ORD,2000
AA,ORD,arr,1970-01-01T05:51:00Z,-152,AA/ ORD,2000
AA,ORD,arr,1970-01-01T06:01:00Z,-80,AA/ ORD,2000
AA,ORD,arr,1970-01-01T06:11:00Z,-46,AA/ ORD,2000
AA,ORD,arr,1970-01-01T06:21:00Z,-19,AA/ ORD,2000
AA,ORD,arr,1970-01-01T06:31:00Z,-12,AA/ ORD,2000
AA,ORD,arr,1970-01-01T06:41:00Z,-9,AA/ ORD,2000
AA,ORD,arr,1970-01-01T06:51:00Z,-20,AA/ ORD,2000
AA,ORD,arr,1970-01-01T07:01:00Z,-134,AA/ ORD,2000
AA,ORD,arr,1970-01-01T07:11:00Z,-460,AA/ ORD,2000
AA,ORD,arr,1970-01-01T07:21:00Z,-1023,AA/ ORD,2000
AA,ORD,arr,1970-01-01T07:31:00Z,-1280,AA/ ORD,2000
AA,ORD,arr,1970-01-01T07:41:00Z,-1716,AA/ ORD,2000
AA,ORD,arr,1970-01-01T07:51:00Z,-1758,AA/ ORD,2000
AA,ORD,arr,1970-01-01T08:01:00Z,-1326,AA/ ORD,2000
AA,ORD,arr,1970-01-01T08:11:00Z,-808,AA/ ORD,2000
AA,ORD,arr,1970-01-01T08:21:00Z,-463,AA/ ORD,2000
AA,ORD,arr,1970-01-01T08:31:00Z,-248,AA/ ORD,2000
AA,ORD,arr,1970-01-01T08:41:00Z,-273,AA/ ORD,2000
AA,ORD,arr,1970-01-01T08:51:00Z,-476,AA/ ORD,2000
AA,ORD,arr,1970-01-01T09:01:00Z,-924,AA/ ORD,2000
AA,ORD,arr,1970-01-01T09:11:00Z,-1728,AA/ ORD,2000
AA,ORD,arr,1970-01-01T09:21:00Z,-1918,AA/ ORD,2000
AA,ORD,arr,1970-01-01T09:31:00Z,-1322,AA/ ORD,2000
AA,ORD,arr,1970-01-01T09:41:00Z,-727,AA/ ORD,2000
AA,ORD,arr,1970-01-01T09:51:00Z,-406,AA/ ORD,2000
AA,ORD,arr,1970-01-01T10:01:00Z,-538,AA/ ORD,2000
AA,ORD,arr,1970-01-01T10:11:00Z,-611,AA/ ORD,2000
AA,ORD,arr,1970-01-01T10:21:00Z,-1039,AA/ ORD,2000
AA,ORD,arr,1970-01-01T10:31:00Z,-1563,AA/ ORD,2000
AA,ORD,arr,1970-01-01T10:41:00Z,-1653,AA/ ORD,2000
AA,ORD,arr,1970-01-01T10:51:00Z,-1444,AA/ ORD,2000
AA,ORD,arr,1970-01-01T11:01:00Z,-1090,AA/ ORD,2000
AA,ORD,arr,1970-01-01T11:11:00Z,-760,AA/ ORD,2000
AA,ORD,arr,1970-01-01T11:21:00Z,-465,AA/ ORD,2000
AA,ORD,arr,1970-01-01T11:31:00Z,-397,AA/ ORD,2000
AA,ORD,arr,1970-01-01T11:41:00Z,-491,AA/ ORD,2000
AA,ORD,arr,1970-01-01T11:51:00Z,-659,AA/ ORD,2000
AA,ORD,arr,1970-01-01T12:01:00Z,-1253,AA/ ORD,2000
AA,ORD,arr,1970-01-01T12:11:00Z,-1759,AA/ ORD,2000
AA,ORD,arr,1970-01-01T12:21:00Z,-1797,AA/ ORD,2000
AA,ORD,arr,1970-01-01T12:31:00Z,-1601,AA/ ORD,2000
AA,ORD,arr,1970-01-01T12:41:00Z,-1086,AA/ ORD,2000
AA,ORD,arr,1970-01-01T12:51:00Z,-636,AA/ ORD,2000
AA,ORD,arr,1970-01-01T13:01:00Z,-458,AA/ ORD,2000
AA,ORD,arr,1970-01-01T13:11:00Z,-409,AA/ ORD,2000
AA,ORD,arr,1970-01-01T13:21:00Z,-701,AA/ ORD,2000
AA,ORD,arr,1970-01-01T13:31:00Z,-1343,AA/ ORD,2000
AA,ORD,arr,1970-01-01T13:41:00Z,-1890,AA/ ORD,2000
AA,ORD,arr,1970-01-01T13:51:00Z,-1809,AA/ ORD,2000
AA,ORD,arr,1970-01-01T14:01:00Z,-1308,AA/ ORD,2000
AA,ORD,arr,1970-01-01T14:11:00Z,-964,AA/ ORD,2000
AA,ORD,arr,1970-01-01T14:21:00Z,-771,AA/ ORD,2000
AA,ORD,arr,1970-01-01T14:31:00Z,-661,AA/ ORD,2000
AA,ORD,arr,1970-01-01T14:41:00Z,-590,AA/ ORD,2000
AA,ORD,arr,1970-01-01T14:51:00Z,-739,AA/ ORD,2000
AA,ORD,arr,1970-01-01T15:01:00Z,-1208,AA/ ORD,2000
AA,ORD,arr,1970-01-01T15:11:00Z,-1904,AA/ ORD,2000
AA,ORD,arr,1970-01-01T15:21:00Z,-2062,AA/ ORD,2000
AA,ORD,arr,1970-01-01T15:31:00Z,-1711,AA/ ORD,2000
AA,ORD,arr,1970-01-01T15:41:00Z,-1231,AA/ ORD,2000
AA,ORD,arr,1970-01-01T15:51:00Z,-861,AA/ ORD,2000
AA,ORD,arr,1970-01-01T16:01:00Z,-744,AA/ ORD,2000
AA,ORD,arr,1970-01-01T16:11:00Z,-683,AA/ ORD,2000
AA,ORD,arr,1970-01-01T16:21:00Z,-805,AA/ ORD,2000
AA,ORD,arr,1970-01-01T16:31:00Z,-889,AA/ ORD,2000
AA,ORD,arr,1970-01-01T16:41:00Z,-791,AA/ ORD,2000
AA,ORD,arr,1970-01-01T16:51:00Z,-658,AA/ ORD,2000
AA,ORD,arr,1970-01-01T17:01:00Z,-649,AA/ ORD,2000
AA,ORD,arr,1970-01-01T17:11:00Z,-1029,AA/ ORD,2000
AA,ORD,arr,1970-01-01T17:21:00Z,-1337,AA/ ORD,2000
AA,ORD,arr,1970-01-01T17:31:00Z,-1693,AA/ ORD,2000
AA,ORD,arr,1970-01-01T17:41:00Z,-1789,AA/ ORD,2000
AA,ORD,arr,1970-01-01T17:51:00Z,-1574,AA/ ORD,2000
AA,ORD,arr,1970-01-01T18:01:00Z,-1282,AA/ ORD,2000
AA,ORD,arr,1970-01-01T18:11:00Z,-942,AA/ ORD,2000
AA,ORD,arr,1970-01-01T18:21:00Z,-712,AA/ ORD,2000
AA,ORD,arr,1970-01-01T18:31:00Z,-548,AA/ ORD,2000
AA,ORD,arr,1970-01-01T18:41:00Z,-589,AA/ ORD,2000
AA,ORD,arr,1970-01-01T18:51:00Z,-602,AA/ ORD,2000
AA,ORD,arr,1970-01-01T19:01:00Z,-879,AA/ ORD,2000
AA,ORD,arr,1970-01-01T19:11:00Z,-1426,AA/ ORD,2000
AA,ORD,arr,1970-01-01T19:21:00Z,-1899,AA/ ORD,2000
AA,ORD,arr,1970-01-01T19:31:00Z,-2081,AA/ ORD,2000
AA,ORD,arr,1970-01-01T19:41:00Z,-1728,AA/ ORD,2000
AA,ORD,arr,1970-01-01T19:51:00Z,-1300,AA/ ORD,2000
AA,ORD,arr,1970-01-01T20:01:00Z,-900,AA/ ORD,2000
AA,ORD,arr,1970-01-01T20:11:00Z,-754,AA/ ORD,2000
AA,ORD,arr,1970-01-01T20:21:00Z,-650,AA/ ORD,2000
AA,ORD,arr,1970-01-01T20:31:00Z,-704,AA/ ORD,2000
AA,ORD,arr,1970-01-01T20:41:00Z,-872,AA/ ORD,2000
AA,ORD,arr,1970-01-01T20:51:00Z,-1103,AA/ ORD,2000
AA,ORD,arr,1970-01-01T21:01:00Z,-1556,AA/ ORD,2000
AA,ORD,arr,1970-01-01T21:11:00Z,-1514,AA/ ORD,2000
AA,ORD,arr,1970-01-01T21:21:00Z,-1006,AA/ ORD,2000
AA,ORD,arr,1970-01-01T21:31:00Z,-767,AA/ ORD,2000
AA,ORD,arr,1970-01-01T21:41:00Z,-576,AA/ ORD,2000
AA,ORD,arr,1970-01-01T21:51:00Z,-483,AA/ ORD,2000
AA,ORD,arr,1970-01-01T22:01:00Z,-430,AA/ ORD,2000
AA,ORD,arr,1970-01-01T22:11:00Z,-403,AA/ ORD,2000
AA,ORD,arr,1970-01-01T22:21:00Z,-378,AA/ ORD,2000
AA,ORD,arr,1970-01-01T22:31:00Z,-363,AA/ ORD,2000
AA,ORD,arr,1970-01-01T22:41:00Z,-295,AA/ ORD,2000
AA,ORD,arr,1970-01-01T22:51:00Z,-278,AA/ ORD,2000
AA,ORD,arr,1970-01-01T23:01:00Z,-251,AA/ ORD,2000
AA,ORD,arr,1970-01-01T23:11:00Z,-276,AA/ ORD,2000
AA,ORD,arr,1970-01-01T23:21:00Z,-232,AA/ ORD,2000
AA,ORD,arr,1970-01-01T23:31:00Z,-220,AA/ ORD,2000
AA,ORD,arr,1970-01-01T23:41:00Z,-188,AA/ ORD,2000
AA,ORD,arr,1970-01-01T23:51:00Z,-148,AA/ ORD,2000
AA,ORD,dep,1970-01-01T00:01:00Z,51,AA/ ORD,2000
AA,ORD,dep,1970-01-01T00:11:00Z,33,AA/ ORD,2000
AA,ORD,dep,1970-01-01T00:21:00Z,35,AA/ ORD,2000
AA,ORD,dep,1970-01-01T00:31:00Z,26,AA/ ORD,2000
AA,ORD,dep,1970-01-01T00:41:00Z,13,AA/ ORD,2000
AA,ORD,dep,1970-01-01T00:51:00Z,21,AA/ ORD,2000
AA,ORD,dep,1970-01-01T01:01:00Z,12,AA/ ORD,2000
AA,ORD,dep,1970-01-01T01:11:00Z,8,AA/ ORD,2000
AA,ORD,dep,1970-01-01T01:21:00Z,4,AA/ ORD,2000
AA,ORD,dep,1970-01-01T01:31:00Z,4,AA/ ORD,2000
AA,ORD,dep,1970-01-01T01:41:00Z,3,AA/ ORD,2000
AA,ORD,dep,1970-01-01T01:51:00Z,1,AA/ ORD,2000
AA,ORD,dep,1970-01-01T02:01:00Z,3,AA/ ORD,2000
AA,ORD,dep,1970-01-01T02:11:00Z,2,AA/ ORD,2000
AA,ORD,dep,1970-01-01T02:51:00Z,1,AA/ ORD,2000
AA,ORD,dep,1970-01-01T03:11:00Z,1,AA/ ORD,2000
AA,ORD,dep,1970-01-01T03:21:00Z,1,AA/ ORD,2000
AA,ORD,dep,1970-01-01T04:11:00Z,1,AA/ ORD,2000
AA,ORD,dep,1970-01-01T05:01:00Z,1,AA/ ORD,2000
AA,ORD,dep,1970-01-01T05:51:00Z,675,AA/ ORD,2000
AA,ORD,dep,1970-01-01T06:01:00Z,330,AA/ ORD,2000
AA,ORD,dep,1970-01-01T06:11:00Z,956,AA/ ORD,2000
AA,ORD,dep,1970-01-01T06:21:00Z,1456,AA/ ORD,2000
AA,ORD,dep,1970-01-01T06:31:00Z,728,AA/ ORD,2000
AA,ORD,dep,1970-01-01T06:41:00Z,532,AA/ ORD,2000
AA,ORD,dep,1970-01-01T06:51:00Z,1752,AA/ ORD,2000
AA,ORD,dep,1970-01-01T07:01:00Z,637,AA/ ORD,2000
AA,ORD,dep,1970-01-01T07:11:00Z,781,AA/ ORD,2000
AA,ORD,dep,1970-01-01T07:21:00Z,1076,AA/ ORD,2000
AA,ORD,dep,1970-01-01T07:31:00Z,215,AA/ ORD,2000
AA,ORD,dep,1970-01-01T07:41:00Z,137,AA/ ORD,2000
AA,ORD,dep,1970-01-01T07:51:00Z,319,AA/ ORD,2000
AA,ORD,dep,1970-01-01T08:01:00Z,128,AA/ ORD,2000
AA,ORD,dep,1970-01-01T08:11:00Z,408,AA/ ORD,2000
AA,ORD,dep,1970-01-01T08:21:00Z,541,AA/ ORD,2000
AA,ORD,dep,1970-01-01T08:31:00Z,2187,AA/ ORD,2000
AA,ORD,dep,1970-01-01T08:41:00Z,3353,AA/ ORD,2000
AA,ORD,dep,1970-01-01T08:51:00Z,2949,AA/ ORD,2000
AA,ORD,dep,1970-01-01T09:01:00Z,1253,AA/ ORD,2000
AA,ORD,dep,1970-01-01T09:11:00Z,444,AA/ ORD,2000
AA,ORD,dep,1970-01-01T09:21:00Z,249,AA/ ORD,2000
AA,ORD,dep,1970-01-01T09:31:00Z,168,AA/ ORD,2000
AA,ORD,dep,1970-01-01T09:41:00Z,238,AA/ ORD,2000
AA,ORD,dep,1970-01-01T09:51:00Z,806,AA/ ORD,2000
AA,ORD,dep,1970-01-01T10:01:00Z,1639,AA/ ORD,2000
AA,ORD,dep,1970-01-01T10:11:00Z,2430,AA/ ORD,2000
AA,ORD,dep,1970-01-01T10:21:00Z,1546,AA/ ORD,2000
AA,ORD,dep,1970-01-01T10:31:00Z,550,AA/ ORD,2000
AA,ORD,dep,1970-01-01T10:41:00Z,318,AA/ ORD,2000
AA,ORD,dep,1970-01-01T10:51:00Z,679,AA/ ORD,2000
AA,ORD,dep,1970-01-01T11:01:00Z,318,AA/ ORD,2000
AA,ORD,dep,1970-01-01T11:11:00Z,287,AA/ ORD,2000
AA,ORD,dep,1970-01-01T11:21:00Z,726,AA/ ORD,2000
AA,ORD,dep,1970-01-01T11:31:00Z,2123,AA/ ORD,2000
AA,ORD,dep,1970-01-01T11:41:00Z,2557,AA/ ORD,2000
AA,ORD,dep,1970-01-01T11:51:00Z,1966,AA/ ORD,2000
AA,ORD,dep,1970-01-01T12:01:00Z,765,AA/ ORD,2000
AA,ORD,dep,1970-01-01T12:11:00Z,406,AA/ ORD,2000
AA,ORD,dep,1970-01-01T12:21:00Z,274,AA/ ORD,2000
AA,ORD,dep,1970-01-01T12:31:00Z,183,AA/ ORD,2000
AA,ORD,dep,1970-01-01T12:41:00Z,403,AA/ ORD,2000
AA,ORD,dep,1970-01-01T12:51:00Z,689,AA/ ORD,2000
AA,ORD,dep,1970-01-01T13:01:00Z,1189,AA/ ORD,2000
AA,ORD,dep,1970-01-01T13:11:00Z,1975,AA/ ORD,2000
AA,ORD,dep,1970-01-01T13:21:00Z,2068,AA/ ORD,2000
AA,ORD,dep,1970-01-01T13:31:00Z,1137,AA/ ORD,2000
AA,ORD,dep,1970-01-01T13:41:00Z,548,AA/ ORD,2000
AA,ORD,dep,1970-01-01T13:51:00Z,836,AA/ ORD,2000
AA,ORD,dep,1970-01-01T14:01:00Z,329,AA/ ORD,2000
AA,ORD,dep,1970-01-01T14:11:00Z,247,AA/ ORD,2000
AA,ORD,dep,1970-01-01T14:21:00Z,286,AA/ ORD,2000
AA,ORD,dep,1970-01-01T14:31:00Z,687,AA/ ORD,2000
AA,ORD,dep,1970-01-01T14:41:00Z,2112,AA/ ORD,2000
AA,ORD,dep,1970-01-01T14:51:00Z,2884,AA/ ORD,2000
AA,ORD,dep,1970-01-01T15:01:00Z,1935,AA/ ORD,2000
AA,ORD,dep,1970-01-01T15:11:00Z,1109,AA/ ORD,2000
AA,ORD,dep,1970-01-01T15:21:00Z,956,AA/ ORD,2000
AA,ORD,dep,1970-01-01T15:31:00Z,534,AA/ ORD,2000
AA,ORD,dep,1970-01-01T15:41:00Z,387,AA/ ORD,2000
AA,ORD,dep,1970-01-01T15:51:00Z,633,AA/ ORD,2000
AA,ORD,dep,1970-01-01T16:01:00Z,554,AA/ ORD,2000
AA,ORD,dep,1970-01-01T16:11:00Z,1627,AA/ ORD,2000
AA,ORD,dep,1970-01-01T16:21:00Z,1721,AA/ ORD,2000
AA,ORD,dep,1970-01-01T16:31:00Z,1488,AA/ ORD,2000
AA,ORD,dep,1970-01-01T16:41:00Z,1010,AA/ ORD,2000
AA,ORD,dep,1970-01-01T16:51:00Z,864,AA/ ORD,2000
AA,ORD,dep,1970-01-01T17:01:00Z,591,AA/ ORD,2000
AA,ORD,dep,1970-01-01T17:11:00Z,421,AA/ ORD,2000
AA,ORD,dep,1970-01-01T17:21:00Z,1322,AA/ ORD,2000
AA,ORD,dep,1970-01-01T17:31:00Z,1098,AA/ ORD,2000
AA,ORD,dep,1970-01-01T17:41:00Z,568,AA/ ORD,2000
AA,ORD,dep,1970-01-01T17:51:00Z,784,AA/ ORD,2000
AA,ORD,dep,1970-01-01T18:01:00Z,498,AA/ ORD,2000
AA,ORD,dep,1970-01-01T18:11:00Z,323,AA/ ORD,2000
AA,ORD,dep,1970-01-01T18:21:00Z,823,AA/ ORD,2000
AA,ORD,dep,1970-01-01T18:31:00Z,2242,AA/ ORD,2000
AA,ORD,dep,1970-01-01T18:41:00Z,2477,AA/ ORD,2000
AA,ORD,dep,1970-01-01T18:51:00Z,2322,AA/ ORD,2000
AA,ORD,dep,1970-01-01T19:01:00Z,1409,AA/ ORD,2000
AA,ORD,dep,1970-01-01T19:11:00Z,898,AA/ ORD,2000
AA,ORD,dep,1970-01-01T19:21:00Z,735,AA/ ORD,2000
AA,ORD,dep,1970-01-01T19:31:00Z,692,AA/ ORD,2000
AA,ORD,dep,1970-01-01T19:41:00Z,472,AA/ ORD,2000
AA,ORD,dep,1970-01-01T19:51:00Z,527,AA/ ORD,2000
AA,ORD,dep,1970-01-01T20:01:00Z,438,AA/ ORD,2000
AA,ORD,dep,1970-01-01T20:11:00Z,605,AA/ ORD,2000
AA,ORD,dep,1970-01-01T20:21:00Z,1503,AA/ ORD,2000
AA,ORD,dep,1970-01-01T20:31:00Z,2161,AA/ ORD,2000
AA,ORD,dep,1970-01-01T20:41:00Z,1916,AA/ ORD,2000
AA,ORD,dep,1970-01-01T20:51:00Z,1031,AA/ ORD,2000
AA,ORD,dep,1970-01-01T21:01:00Z,679,AA/ ORD,2000
AA,ORD,dep,1970-01-01T21:11:00Z,493,AA/ ORD,2000
AA,ORD,dep,1970-01-01T21:21:00Z,372,AA/ ORD,2000
AA,ORD,dep,1970-01-01T21:31:00Z,349,AA/ ORD,2000
AA,ORD,dep,1970-01-01T21:41:00Z,480,AA/ ORD,2000
AA,ORD,dep,1970-01-01T21:51:00Z,1622,AA/ ORD,2000
AA,ORD,dep,1970-01-01T22:01:00Z,1470,AA/ ORD,2000
AA,ORD,dep,1970-01-01T22:11:00Z,777,AA/ ORD,2000
AA,ORD,dep,1970-01-01T22:21:00Z,467,AA/ ORD,2000
AA,ORD,dep,1970-01-01T22:31:00Z,390,AA/ ORD,2000
AA,ORD,dep,1970-01-01T22:41:00Z,315,AA/ ORD,2000
AA,ORD,dep,1970-01-01T22:51:00Z,239,AA/ ORD,2000
AA,ORD,dep,1970-01-01T23:01:00Z,241,AA/ ORD,2000
AA,ORD,dep,1970-01-01T23:11:00Z,163,AA/ ORD,2000
AA,ORD,dep,1970-01-01T23:21:00Z,131,AA/ ORD,2000
AA,ORD,dep,1970-01-01T23:31:00Z,99,AA/ ORD,2000
AA,ORD,dep,1970-01-01T23:41:00Z,102,AA/ ORD,2000
AA,ORD,dep,1970-01-01T23:51:00Z,76,AA/ ORD,2000
UA,ORD,arr,1970-01-01T00:01:00Z,-241,UA/ ORD,2000
UA,ORD,arr,1970-01-01T00:11:00Z,-181,UA/ ORD,2000
UA,ORD,arr,1970-01-01T00:21:00Z,-217,UA/ ORD,2000
UA,ORD,arr,1970-01-01T00:31:00Z,-186,UA/ ORD,2000
UA,ORD,arr,1970-01-01T00:41:00Z,-179,UA/ ORD,2000
UA,ORD,arr,1970-01-01T00:51:00Z,-141,UA/ ORD,2000
UA,ORD,arr,1970-01-01T01:01:00Z,-108,UA/ ORD,2000
UA,ORD,arr,1970-01-01T01:11:00Z,-70,UA/ ORD,2000
UA,ORD,arr,1970-01-01T01:21:00Z,-64,UA/ ORD,2000
UA,ORD,arr,1970-01-01T01:31:00Z,-58,UA/ ORD,2000
UA,ORD,arr,1970-01-01T01:41:00Z,-41,UA/ ORD,2000
UA,ORD,arr,1970-01-01T01:51:00Z,-34,UA/ ORD,2000
UA,ORD,arr,1970-01-01T02:01:00Z,-31,UA/ ORD,2000
UA,ORD,arr,1970-01-01T02:11:00Z,-22,UA/ ORD,2000
UA,ORD,arr,1970-01-01T02:21:00Z,-27,UA/ ORD,2000
UA,ORD,arr,1970-01-01T02:31:00Z,-10,UA/ ORD,2000
UA,ORD,arr,1970-01-01T02:41:00Z,-19,UA/ ORD,2000
UA,ORD,arr,1970-01-01T02:51:00Z,-11,UA/ ORD,2000
UA,ORD,arr,1970-01-01T03:01:00Z,-6,UA/ ORD,2000
UA,ORD,arr,1970-01-01T03:11:00Z,-6,UA/ ORD,2000
UA,ORD,arr,1970-01-01T03:21:00Z,-8,UA/ ORD,2000
UA,ORD,arr,1970-01-01T03:31:00Z,-2,UA/ ORD,2000
UA,ORD,arr,1970-01-01T03:41:00Z,-5,UA/ ORD,2000
UA,ORD,arr,1970-01-01T03:51:00Z,-2,UA/ ORD,2000
UA,ORD,arr,1970-01-01T04:01:00Z,-1,UA/ ORD,2000
UA,ORD,arr,1970-01-01T04:11:00Z,-34,UA/ ORD,2000
UA,ORD,arr,1970-01-01T04:21:00Z,-113,UA/ ORD,2000
UA,ORD,arr,1970-01-01T04:31:00Z,-211,UA/ ORD,2000
UA,ORD,arr,1970-01-01T04:41:00Z,-301,UA/ ORD,2000
UA,ORD,arr,1970-01-01T04:51:00Z,-427,UA/ ORD,2000
UA,ORD,arr,1970-01-01T05:01:00Z,-559,UA/ ORD,2000
UA,ORD,arr,1970-01-01T05:11:00Z,-606,UA/ ORD,2000
UA,ORD,arr,1970-01-01T05:21:00Z,-501,UA/ ORD,2000
UA,ORD,arr,1970-01-01T05:31:00Z,-345,UA/ ORD,2000
UA,ORD,arr,1970-01-01T05:41:00Z,-259,UA/ ORD,2000
UA,ORD,arr,1970-01-01T05:51:00Z,-182,UA/ ORD,2000
UA,ORD,arr,1970-01-01T06:01:00Z,-137,UA/ ORD,2000
UA,ORD,arr,1970-01-01T06:11:00Z,-118,UA/ ORD,2000
UA,ORD,arr,1970-01-01T06:21:00Z,-184,UA/ ORD,2000
UA,ORD,arr,1970-01-01T06:31:00Z,-546,UA/ ORD,2000
UA,ORD,arr,1970-01-01T06:41:00Z,-1011,UA/ ORD,2000
UA,ORD,arr,1970-01-01T06:51:00Z,-1484,UA/ ORD,2000
UA,ORD,arr,1970-01-01T07:01:00Z,-1533,UA/ ORD,2000
UA,ORD,arr,1970-01-01T07:11:00Z,-1256,UA/ ORD,2000
UA,ORD,arr,1970-01-01T07:21:00Z,-962,UA/ ORD,2000
UA,ORD,arr,1970-01-01T07:31:00Z,-829,UA/ ORD,2000
UA,ORD,arr,1970-01-01T07:41:00Z,-793,UA/ ORD,2000
UA,ORD,arr,1970-01-01T07:51:00Z,-1035,UA/ ORD,2000
UA,ORD,arr,1970-01-01T08:01:00Z,-1409,UA/ ORD,2000
UA,ORD,arr,1970-01-01T08:11:00Z,-1979,UA/ ORD,2000
UA,ORD,arr,1970-01-01T08:21:00Z,-2271,UA/ ORD,2000
UA,ORD,arr,1970-01-01T08:31:00Z,-2141,UA/ ORD,2000
UA,ORD,arr,1970-01-01T08:41:00Z,-1620,UA/ ORD,2000
UA,ORD,arr,1970-01-01T08:51:00Z,-1160,UA/ ORD,2000
UA,ORD,arr,1970-01-01T09:01:00Z,-917,UA/ ORD,2000
UA,ORD,arr,1970-01-01T09:11:00Z,-814,UA/ ORD,2000
UA,ORD,arr,1970-01-01T09:21:00Z,-960,UA/ ORD,2000
UA,ORD,arr,1970-01-01T09:31:00Z,-1338,UA/ ORD,2000
UA,ORD,arr,1970-01-01T09:41:00Z,-1542,UA/ ORD,2000
UA,ORD,arr,1970-01-01T09:51:00Z,-1297,UA/ ORD,2000
UA,ORD,arr,1970-01-01T10:01:00Z,-993,UA/ ORD,2000
UA,ORD,arr,1970-01-01T10:11:00Z,-853,UA/ ORD,2000
UA,ORD,arr,1970-01-01T10:21:00Z,-976,UA/ ORD,2000
UA,ORD,arr,1970-01-01T10:31:00Z,-1118,UA/ ORD,2000
UA,ORD,arr,1970-01-01T10:41:00Z,-1442,UA/ ORD,2000
UA,ORD,arr,1970-01-01T10:51:00Z,-1713,UA/ ORD,2000
UA,ORD,arr,1970-01-01T11:01:00Z,-1920,UA/ ORD,2000
UA,ORD,arr,1970-01-01T11:11:00Z,-1798,UA/ ORD,2000
UA,ORD,arr,1970-01-01T11:21:00Z,-1523,UA/ ORD,2000
UA,ORD,arr,1970-01-01T11:31:00Z,-1117,UA/ ORD,2000
UA,ORD,arr,1970-01-01T11:41:00Z,-893,UA/ ORD,2000
UA,ORD,arr,1970-01-01T11:51:00Z,-1043,UA/ ORD,2000
UA,ORD,arr,1970-01-01T12:01:00Z,-1241,UA/ ORD,2000
UA,ORD,arr,1970-01-01T12:11:00Z,-1572,UA/ ORD,2000
UA,ORD,arr,1970-01-01T12:21:00Z,-1973,UA/ ORD,2000
UA,ORD,arr,1970-01-01T12:31:00Z,-1817,UA/ ORD,2000
UA,ORD,arr,1970-01-01T12:41:00Z,-1543,UA/ ORD,2000
UA,ORD,arr,1970-01-01T12:51:00Z,-1377,UA/ ORD,2000
UA,ORD,arr,1970-01-01T13:01:00Z,-1218,UA/ ORD,2000
UA,ORD,arr,1970-01-01T13:11:00Z,-1152,UA/ ORD,2000
UA,ORD,arr,1970-01-01T13:21:00Z,-1236,UA/ ORD,2000
UA,ORD,arr,1970-01-01T13:31:00Z,-1082,UA/ ORD,2000
UA,ORD,arr,1970-01-01T13:41:00Z,-987,UA/ ORD,2000
UA,ORD,arr,1970-01-01T13:51:00Z,-1104,UA/ ORD,2000
UA,ORD,arr,1970-01-01T14:01:00Z,-1317,UA/ ORD,2000
UA,ORD,arr,1970-01-01T14:11:00Z,-1625,UA/ ORD,2000
UA,ORD,arr,1970-01-01T14:21:00Z,-1761,UA/ ORD,2000
UA,ORD,arr,1970-01-01T14:31:00Z,-1796,UA/ ORD,2000
UA,ORD,arr,1970-01-01T14:41:00Z,-1375,UA/ ORD,2000
UA,ORD,arr,1970-01-01T14:51:00Z,-1037,UA/ ORD,2000
UA,ORD,arr,1970-01-01T15:01:00Z,-878,UA/ ORD,2000
UA,ORD,arr,1970-01-01T15:11:00Z,-768,UA/ ORD,2000
UA,ORD,arr,1970-01-01T15:21:00Z,-793,UA/ ORD,2000
UA,ORD,arr,1970-01-01T15:31:00Z,-990,UA/ ORD,2000
UA,ORD,arr,1970-01-01T15:41:00Z,-1386,UA/ ORD,2000
UA,ORD,arr,1970-01-01T15:51:00Z,-1822,UA/ ORD,2000
UA,ORD,arr,1970-01-01T16:01:00Z,-1912,UA/ ORD,2000
UA,ORD,arr,1970-01-01T16:11:00Z,-1720,UA/ ORD,2000
UA,ORD,arr,1970-01-01T16:21:00Z,-1465,UA/ ORD,2000
UA,ORD,arr,1970-01-01T16:31:00Z,-1255,UA/ ORD,2000
UA,ORD,arr,1970-01-01T16:41:00Z,-1204,UA/ ORD,2000
UA,ORD,arr,1970-01-01T16:51:00Z,-1286,UA/ ORD,2000
UA,ORD,arr,1970-01-01T17:01:00Z,-1464,UA/ ORD,2000
UA,ORD,arr,1970-01-01T17:11:00Z,-1402,UA/ ORD,2000
UA,ORD,arr,1970-01-01T17:21:00Z,-1317,UA/ ORD,2000
UA,ORD,arr,1970-01-01T17:31:00Z,-1115,UA/ ORD,2000
UA,ORD,arr,1970-01-01T17:41:00Z,-996,UA/ ORD,2000
UA,ORD,arr,1970-01-01T17:51:00Z,-1015,UA/ ORD,2000
UA,ORD,arr,1970-01-01T18:01:00Z,-1214,UA/ ORD,2000
UA,ORD,arr,1970-01-01T18:11:00Z,-1482,UA/ ORD,2000
UA,ORD,arr,1970-01-01T18:21:00Z,-1843,UA/ ORD,2000
UA,ORD,arr,1970-01-01T18:31:00Z,-2092,UA/ ORD,2000
UA,ORD,arr,1970-01-01T18:41:00Z,-1996,UA/ ORD,2000
UA,ORD,arr,1970-01-01T18:51:00Z,-1780,UA/ ORD,2000
UA,ORD,arr,1970-01-01T19:01:00Z,-1365,UA/ ORD,2000
UA,ORD,arr,1970-01-01T19:11:00Z,-1170,UA/ ORD,2000
UA,ORD,arr,1970-01-01T19:21:00Z,-1169,UA/ ORD,2000
UA,ORD,arr,1970-01-01T19:31:00Z,-1228,UA/ ORD,2000
UA,ORD,arr,1970-01-01T19:41:00Z,-1376,UA/ ORD,2000
UA,ORD,arr,1970-01-01T19:51:00Z,-1879,UA/ ORD,2000
UA,ORD,arr,1970-01-01T20:01:00Z,-2052,UA/ ORD,2000
UA,ORD,arr,1970-01-01T20:11:00Z,-1708,UA/ ORD,2000
UA,ORD,arr,1970-01-01T20:21:00Z,-1351,UA/ ORD,2000
UA,ORD,arr,1970-01-01T20:31:00Z,-1121,UA/ ORD,2000
UA,ORD,arr,1970-01-01T20:41:00Z,-903,UA/ ORD,2000
UA,ORD,arr,1970-01-01T20:51:00Z,-873,UA/ ORD,2000
UA,ORD,arr,1970-01-01T21:01:00Z,-840,UA/ ORD,2000
UA,ORD,arr,1970-01-01T21:11:00Z,-916,UA/ ORD,2000
UA,ORD,arr,1970-01-01T21:21:00Z,-1292,UA/ ORD,2000
UA,ORD,arr,1970-01-01T21:31:00Z,-1458,UA/ ORD,2000
UA,ORD,arr,1970-01-01T21:41:00Z,-1467,UA/ ORD,2000
UA,ORD,arr,1970-01-01T21:51:00Z,-1230,UA/ ORD,2000
UA,ORD,arr,1970-01-01T22:01:00Z,-925,UA/ ORD,2000
UA,ORD,arr,1970-01-01T22:11:00Z,-664,UA/ ORD,2000
UA,ORD,arr,1970-01-01T22:21:00Z,-602,UA/ ORD,2000
UA,ORD,arr,1970-01-01T22:31:00Z,-603,UA/ ORD,2000
UA,ORD,arr,1970-01-01T22:41:00Z,-559,UA/ ORD,2000
UA,ORD,arr,1970-01-01T22:51:00Z,-465,UA/ ORD,2000
UA,ORD,arr,1970-01-01T23:01:00Z,-440,UA/ ORD,2000
UA,ORD,arr,1970-01-01T23:11:00Z,-364,UA/ ORD,2000
UA,ORD,arr,1970-01-01T23:21:00Z,-442,UA/ ORD,2000
UA,ORD,arr,1970-01-01T23:31:00Z,-372,UA/ ORD,2000
UA,ORD,arr,1970-01-01T23:41:00Z,-348,UA/ ORD,2000
UA,ORD,arr,1970-01-01T23:51:00Z,-322,UA/ ORD,2000
UA,ORD,dep,1970-01-01T00:01:00Z,97,UA/ ORD,2000
UA,ORD,dep,1970-01-01T00:11:00Z,72,UA/ ORD,2000
UA,ORD,dep,1970-01-01T00:21:00Z,68,UA/ ORD,2000
UA,ORD,dep,1970-01-01T00:31:00Z,69,UA/ ORD,2000
UA,ORD,dep,1970-01-01T00:41:00Z,42,UA/ ORD,2000
UA,ORD,dep,1970-01-01T00:51:00Z,36,UA/ ORD,2000
UA,ORD,dep,1970-01-01T01:01:00Z,29,UA/ ORD,2000
UA,ORD,dep,1970-01-01T01:11:00Z,27,UA/ ORD,2000
UA,ORD,dep,1970-01-01T01:21:00Z,22,UA/ ORD,2000
UA,ORD,dep,1970-01-01T01:31:00Z,16,UA/ ORD,2000
UA,ORD,dep,1970-01-01T01:41:00Z,15,UA/ ORD,2000
UA,ORD,dep,1970-01-01T01:51:00Z,9,UA/ ORD,2000
UA,ORD,dep,1970-01-01T02:01:00Z,2,UA/ ORD,2000
UA,ORD,dep,1970-01-01T02:11:00Z,5,UA/ ORD,2000
UA,ORD,dep,1970-01-01T02:21:00Z,2,UA/ ORD,2000
UA,ORD,dep,1970-01-01T02:41:00Z,3,UA/ ORD,2000
UA,ORD,dep,1970-01-01T03:01:00Z,4,UA/ ORD,2000
UA,ORD,dep,1970-01-01T03:31:00Z,1,UA/ ORD,2000
UA,ORD,dep,1970-01-01T05:51:00Z,1384,UA/ ORD,2000
UA,ORD,dep,1970-01-01T06:01:00Z,909,UA/ ORD,2000
UA,ORD,dep,1970-01-01T06:11:00Z,749,UA/ ORD,2000
UA,ORD,dep,1970-01-01T06:21:00Z,1301,UA/ ORD,2000
UA,ORD,dep,1970-01-01T06:31:00Z,569,UA/ ORD,2000
UA,ORD,dep,1970-01-01T06:41:00Z,1412,UA/ ORD,2000
UA,ORD,dep,1970-01-01T06:51:00Z,1908,UA/ ORD,2000
UA,ORD,dep,1970-01-01T07:01:00Z,797,UA/ ORD,2000
UA,ORD,dep,1970-01-01T07:11:00Z,366,UA/ ORD,2000
UA,ORD,dep,1970-01-01T07:21:00Z,575,UA/ ORD,2000
UA,ORD,dep,1970-01-01T07:31:00Z,1963,UA/ ORD,2000
UA,ORD,dep,1970-01-01T07:41:00Z,1912,UA/ ORD,2000
UA,ORD,dep,1970-01-01T07:51:00Z,2004,UA/ ORD,2000
UA,ORD,dep,1970-01-01T08:01:00Z,1903,UA/ ORD,2000
UA,ORD,dep,1970-01-01T08:11:00Z,1933,UA/ ORD,2000
UA,ORD,dep,1970-01-01T08:21:00Z,1242,UA/ ORD,2000
UA,ORD,dep,1970-01-01T08:31:00Z,718,UA/ ORD,2000
UA,ORD,dep,1970-01-01T08:41:00Z,1151,UA/ ORD,2000
UA,ORD,dep,1970-01-01T08:51:00Z,1478,UA/ ORD,2000
UA,ORD,dep,1970-01-01T09:01:00Z,1508,UA/ ORD,2000
UA,ORD,dep,1970-01-01T09:11:00Z,2307,UA/ ORD,2000
UA,ORD,dep,1970-01-01T09:21:00Z,2574,UA/ ORD,2000
UA,ORD,dep,1970-01-01T09:31:00Z,1507,UA/ ORD,2000
UA,ORD,dep,1970-01-01T09:41:00Z,1891,UA/ ORD,2000
UA,ORD,dep,1970-01-01T09:51:00Z,1373,UA/ ORD,2000
UA,ORD,dep,1970-01-01T10:01:00Z,829,UA/ ORD,2000
UA,ORD,dep,1970-01-01T10:11:00Z,547,UA/ ORD,2000
UA,ORD,dep,1970-01-01T10:21:00Z,1761,UA/ ORD,2000
UA,ORD,dep,1970-01-01T10:31:00Z,1812,UA/ ORD,2000
UA,ORD,dep,1970-01-01T10:41:00Z,1439,UA/ ORD,2000
UA,ORD,dep,1970-01-01T10:51:00Z,1017,UA/ ORD,2000
UA,ORD,dep,1970-01-01T11:01:00Z,836,UA/ ORD,2000
UA,ORD,dep,1970-01-01T11:11:00Z,843,UA/ ORD,2000
UA,ORD,dep,1970-01-01T11:21:00Z,890,UA/ ORD,2000
UA,ORD,dep,1970-01-01T11:31:00Z,746,UA/ ORD,2000
UA,ORD,dep,1970-01-01T11:41:00Z,2492,UA/ ORD,2000
UA,ORD,dep,1970-01-01T11:51:00Z,2539,UA/ ORD,2000
UA,ORD,dep,1970-01-01T12:01:00Z,2088,UA/ ORD,2000
UA,ORD,dep,1970-01-01T12:11:00Z,1341,UA/ ORD,2000
UA,ORD,dep,1970-01-01T12:21:00Z,1026,UA/ ORD,2000
UA,ORD,dep,1970-01-01T12:31:00Z,664,UA/ ORD,2000
UA,ORD,dep,1970-01-01T12:41:00Z,969,UA/ ORD,2000
UA,ORD,dep,1970-01-01T12:51:00Z,681,UA/ ORD,2000
UA,ORD,dep,1970-01-01T13:01:00Z,1721,UA/ ORD,2000
UA,ORD,dep,1970-01-01T13:11:00Z,2928,UA/ ORD,2000
UA,ORD,dep,1970-01-01T13:21:00Z,2448,UA/ ORD,2000
UA,ORD,dep,1970-01-01T13:31:00Z,1507,UA/ ORD,2000
UA,ORD,dep,1970-01-01T13:41:00Z,1227,UA/ ORD,2000
UA,ORD,dep,1970-01-01T13:51:00Z,954,UA/ ORD,2000
UA,ORD,dep,1970-01-01T14:01:00Z,1130,UA/ ORD,2000
UA,ORD,dep,1970-01-01T14:11:00Z,1480,UA/ ORD,2000
UA,ORD,dep,1970-01-01T14:21:00Z,1212,UA/ ORD,2000
UA,ORD,dep,1970-01-01T14:31:00Z,828,UA/ ORD,2000
UA,ORD,dep,1970-01-01T14:41:00Z,1089,UA/ ORD,2000
UA,ORD,dep,1970-01-01T14:51:00Z,994,UA/ ORD,2000
UA,ORD,dep,1970-01-01T15:01:00Z,878,UA/ ORD,2000
UA,ORD,dep,1970-01-01T15:11:00Z,1823,UA/ ORD,2000
UA,ORD,dep,1970-01-01T15:21:00Z,2084,UA/ ORD,2000
UA,ORD,dep,1970-01-01T15:31:00Z,1689,UA/ ORD,2000
UA,ORD,dep,1970-01-01T15:41:00Z,1478,UA/ ORD,2000
UA,ORD,dep,1970-01-01T15:51:00Z,1083,UA/ ORD,2000
UA,ORD,dep,1970-01-01T16:01:00Z,714,UA/ ORD,2000
UA,ORD,dep,1970-01-01T16:11:00Z,615,UA/ ORD,2000
UA,ORD,dep,1970-01-01T16:21:00Z,562,UA/ ORD,2000
UA,ORD,dep,1970-01-01T16:31:00Z,571,UA/ ORD,2000
UA,ORD,dep,1970-01-01T16:41:00Z,1787,UA/ ORD,2000
UA,ORD,dep,1970-01-01T16:51:00Z,1860,UA/ ORD,2000
UA,ORD,dep,1970-01-01T17:01:00Z,1923,UA/ ORD,2000
UA,ORD,dep,1970-01-01T17:11:00Z,1630,UA/ ORD,2000
UA,ORD,dep,1970-01-01T17:21:00Z,1252,UA/ ORD,2000
UA,ORD,dep,1970-01-01T17:31:00Z,1082,UA/ ORD,2000
UA,ORD,dep,1970-01-01T17:41:00Z,1760,UA/ ORD,2000
UA,ORD,dep,1970-01-01T17:51:00Z,1239,UA/ ORD,2000
UA,ORD,dep,1970-01-01T18:01:00Z,1289,UA/ ORD,2000
UA,ORD,dep,1970-01-01T18:11:00Z,1436,UA/ ORD,2000
UA,ORD,dep,1970-01-01T18:21:00Z,1287,UA/ ORD,2000
UA,ORD,dep,1970-01-01T18:31:00Z,953,UA/ ORD,2000
UA,ORD,dep,1970-01-01T18:41:00Z,1029,UA/ ORD,2000
UA,ORD,dep,1970-01-01T18:51:00Z,746,UA/ ORD,2000
UA,ORD,dep,1970-01-01T19:01:00Z,658,UA/ ORD,2000
UA,ORD,dep,1970-01-01T19:11:00Z,1621,UA/ ORD,2000
UA,ORD,dep,1970-01-01T19:21:00Z,2004,UA/ ORD,2000
UA,ORD,dep,1970-01-01T19:31:00Z,2126,UA/ ORD,2000
UA,ORD,dep,1970-01-01T19:41:00Z,2162,UA/ ORD,2000
UA,ORD,dep,1970-01-01T19:51:00Z,1295,UA/ ORD,2000
UA,ORD,dep,1970-01-01T20:01:00Z,835,UA/ ORD,2000
UA,ORD,dep,1970-01-01T20:11:00Z,828,UA/ ORD,2000
UA,ORD,dep,1970-01-01T20:21:00Z,612,UA/ ORD,2000
UA,ORD,dep,1970-01-01T20:31:00Z,670,UA/ ORD,2000
UA,ORD,dep,1970-01-01T20:41:00Z,2113,UA/ ORD,2000
UA,ORD,dep,1970-01-01T20:51:00Z,2105,UA/ ORD,2000
UA,ORD,dep,1970-01-01T21:01:00Z,1679,UA/ ORD,2000
UA,ORD,dep,1970-01-01T21:11:00Z,2130,UA/ ORD,2000
UA,ORD,dep,1970-01-01T21:21:00Z,1282,UA/ ORD,2000
UA,ORD,dep,1970-01-01T21:31:00Z,976,UA/ ORD,2000
UA,ORD,dep,1970-01-01T21:41:00Z,719,UA/ ORD,2000
UA,ORD,dep,1970-01-01T21:51:00Z,565,UA/ ORD,2000
UA,ORD,dep,1970-01-01T22:01:00Z,592,UA/ ORD,2000
UA,ORD,dep,1970-01-01T22:11:00Z,658,UA/ ORD,2000
UA,ORD,dep,1970-01-01T22:21:00Z,1157,UA/ ORD,2000
UA,ORD,dep,1970-01-01T22:31:00Z,1093,UA/ ORD,2000
UA,ORD,dep,1970-01-01T22:41:00Z,638,UA/ ORD,2000
UA,ORD,dep,1970-01-01T22:51:00Z,426,UA/ ORD,2000
UA,ORD,dep,1970-01-01T23:01:00Z,352,UA/ ORD,2000
UA,ORD,dep,1970-01-01T23:11:00Z,286,UA/ ORD,2000
UA,ORD,dep,1970-01-01T23:21:00Z,205,UA/ ORD,2000
UA,ORD,dep,1970-01-01T23:31:00Z,204,UA/ ORD,2000
UA,ORD,dep,1970-01-01T23:41:00Z,160,UA/ ORD,2000
UA,ORD,dep,1970-01-01T23:51:00Z,121,UA/ ORD,2000
AA,ORD,arr,1970-01-01T00:01:00Z,-69,AA/ ORD,2001
AA,ORD,arr,1970-01-01T00:11:00Z,-59,AA/ ORD,2001
AA,ORD,arr,1970-01-01T00:21:00Z,-94,AA/ ORD,2001
AA,ORD,arr,1970-01-01T00:31:00Z,-132,AA/ ORD,2001
AA,ORD,arr,1970-01-01T00:41:00Z,-78,AA/ ORD,2001
AA,ORD,arr,1970-01-01T00:51:00Z,-59,AA/ ORD,2001
AA,ORD,arr,1970-01-01T01:01:00Z,-34,AA/ ORD,2001
AA,ORD,arr,1970-01-01T01:11:00Z,-41,AA/ ORD,2001
AA,ORD,arr,1970-01-01T01:21:00Z,-22,AA/ ORD,2001
AA,ORD,arr,1970-01-01T01:31:00Z,-12,AA/ ORD,2001
AA,ORD,arr,1970-01-01T01:41:00Z,-8,AA/ ORD,2001
AA,ORD,arr,1970-01-01T01:51:00Z,-9,AA/ ORD,2001
AA,ORD,arr,1970-01-01T02:01:00Z,-6,AA/ ORD,2001
AA,ORD,arr,1970-01-01T02:11:00Z,-4,AA/ ORD,2001
AA,ORD,arr,1970-01-01T02:21:00Z,-5,AA/ ORD,2001
AA,ORD,arr,1970-01-01T02:31:00Z,-2,AA/ ORD,2001
AA,ORD,arr,1970-01-01T02:41:00Z,-3,AA/ ORD,2001
AA,ORD,arr,1970-01-01T02:51:00Z,-1,AA/ ORD,2001
AA,ORD,arr,1970-01-01T03:11:00Z,-2,AA/ ORD,2001
AA,ORD,arr,1970-01-01T03:21:00Z,-1,AA/ ORD,2001
AA,ORD,arr,1970-01-01T03:31:00Z,-1,AA/ ORD,2001
AA,ORD,arr,1970-01-01T03:51:00Z,-2,AA/ ORD,2001
AA,ORD,arr,1970-01-01T04:01:00Z,-1,AA/ ORD,2001
AA,ORD,arr,1970-01-01T04:11:00Z,-5,AA/ ORD,2001
AA,ORD,arr,1970-01-01T04:21:00Z,-42,AA/ ORD,2001
AA,ORD,arr,1970-01-01T04:31:00Z,-124,AA/ ORD,2001
AA,ORD,arr,1970-01-01T04:41:00Z,-247,AA/ ORD,2001
AA,ORD,arr,1970-01-01T04:51:00Z,-284,AA/ ORD,2001
AA,ORD,arr,1970-01-01T05:01:00Z,-342,AA/ ORD,2001
AA,ORD,arr,1970-01-01T05:11:00Z,-409,AA/ ORD,2001
AA,ORD,arr,1970-01-01T05:21:00Z,-444,AA/ ORD,2001
AA,ORD,arr,1970-01-01T05:31:00Z,-351,AA/ ORD,2001
AA,ORD,arr,1970-01-01T05:41:00Z,-198,AA/ ORD,2001
AA,ORD,arr,1970-01-01T05:51:00Z,-147,AA/ ORD,2001
AA,ORD,arr,1970-01-01T06:01:00Z,-86,AA/ ORD,2001
AA,ORD,arr,1970-01-01T06:11:00Z,-41,AA/ ORD,2001
AA,ORD,arr,1970-01-01T06:21:00Z,-23,AA/ ORD,2001
AA,ORD,arr,1970-01-01T06:31:00Z,-14,AA/ ORD,2001
AA,ORD,arr,1970-01-01T06:41:00Z,-18,AA/ ORD,2001
AA,ORD,arr,1970-01-01T06:51:00Z,-114,AA/ ORD,2001
AA,ORD,arr,1970-01-01T07:01:00Z,-462,AA/ ORD,2001
AA,ORD,arr,1970-01-01T07:11:00Z,-1334,AA/ ORD,2001
AA,ORD,arr,1970-01-01T07:21:00Z,-1732,AA/ ORD,2001
AA,ORD,arr,1970-01-01T07:31:00Z,-1434,AA/ ORD,2001
AA,ORD,arr,1970-01-01T07:41:00Z,-884,AA/ ORD,2001
AA,ORD,arr,1970-01-01T07:51:00Z,-462,AA/ ORD,2001
AA,ORD,arr,1970-01-01T08:01:00Z,-333,AA/ ORD,2001
AA,ORD,arr,1970-01-01T08:11:00Z,-227,AA/ ORD,2001
AA,ORD,arr,1970-01-01T08:21:00Z,-251,AA/ ORD,2001
AA,ORD,arr,1970-01-01T08:31:00Z,-340,AA/ ORD,2001
AA,ORD,arr,1970-01-01T08:41:00Z,-832,AA/ ORD,2001
AA,ORD,arr,1970-01-01T08:51:00Z,-1480,AA/ ORD,2001
AA,ORD,arr,1970-01-01T09:01:00Z,-1659,AA/ ORD,2001
AA,ORD,arr,1970-01-01T09:11:00Z,-1377,AA/ ORD,2001
AA,ORD,arr,1970-01-01T09:21:00Z,-830,AA/ ORD,2001
AA,ORD,arr,1970-01-01T09:31:00Z,-455,AA/ ORD,2001
AA,ORD,arr,1970-01-01T09:41:00Z,-288,AA/ ORD,2001
AA,ORD,arr,1970-01-01T09:51:00Z,-358,AA/ ORD,2001
AA,ORD,arr,1970-01-01T10:01:00Z,-776,AA/ ORD,2001
AA,ORD,arr,1970-01-01T10:11:00Z,-1250,AA/ ORD,2001
AA,ORD,arr,1970-01-01T10:21:00Z,-1773,AA/ ORD,2001
AA,ORD,arr,1970-01-01T10:31:00Z,-1702,AA/ ORD,2001
AA,ORD,arr,1970-01-01T10:41:00Z,-1144,AA/ ORD,2001
AA,ORD,arr,1970-01-01T10:51:00Z,-695,AA/ ORD,2001
AA,ORD,arr,1970-01-01T11:01:00Z,-502,AA/ ORD,2001
AA,ORD,arr,1970-01-01T11:11:00Z,-411,AA/ ORD,2001
AA,ORD,arr,1970-01-01T11:21:00Z,-269,AA/ ORD,2001
AA,ORD,arr,1970-01-01T11:31:00Z,-183,AA/ ORD,2001
AA,ORD,arr,1970-01-01T11:41:00Z,-217,AA/ ORD,2001
AA,ORD,arr,1970-01-01T11:51:00Z,-557,AA/ ORD,2001
AA,ORD,arr,1970-01-01T12:01:00Z,-982,AA/ ORD,2001
AA,ORD,arr,1970-01-01T12:11:00Z,-1379,AA/ ORD,2001
AA,ORD,arr,1970-01-01T12:21:00Z,-1592,AA/ ORD,2001
AA,ORD,arr,1970-01-01T12:31:00Z,-1542,AA/ ORD,2001
AA,ORD,arr,1970-01-01T12:41:00Z,-1057,AA/ ORD,2001
AA,ORD,arr,1970-01-01T12:51:00Z,-625,AA/ ORD,2001
AA,ORD,arr,1970-01-01T13:01:00Z,-464,AA/ ORD,2001
AA,ORD,arr,1970-01-01T13:11:00Z,-321,AA/ ORD,2001
AA,ORD,arr,1970-01-01T13:21:00Z,-320,AA/ ORD,2001
AA,ORD,arr,1970-01-01T13:31:00Z,-559,AA/ ORD,2001
AA,ORD,arr,1970-01-01T13:41:00Z,-1026,AA/ ORD,2001
AA,ORD,arr,1970-01-01T13:51:00Z,-1642,AA/ ORD,2001
AA,ORD,arr,1970-01-01T14:01:00Z,-1652,AA/ ORD,2001
AA,ORD,arr,1970-01-01T14:11:00Z,-1241,AA/ ORD,2001
AA,ORD,arr,1970-01-01T14:21:00Z,-885,AA/ ORD,2001
AA,ORD,arr,1970-01-01T14:31:00Z,-538,AA/ ORD,2001
AA,ORD,arr,1970-01-01T14:41:00Z,-411,AA/ ORD,2001
AA,ORD,arr,1970-01-01T14:51:00Z,-286,AA/ ORD,2001
AA,ORD,arr,1970-01-01T15:01:00Z,-420,AA/ ORD,2001
AA,ORD,arr,1970-01-01T15:11:00Z,-664,AA/ ORD,2001
AA,ORD,arr,1970-01-01T15:21:00Z,-1111,AA/ ORD,2001
AA,ORD,arr,1970-01-01T15:31:00Z,-1703,AA/ ORD,2001
AA,ORD,arr,1970-01-01T15:41:00Z,-1761,AA/ ORD,2001
AA,ORD,arr,1970-01-01T15:51:00Z,-1479,AA/ ORD,2001
AA,ORD,arr,1970-01-01T16:01:00Z,-1061,AA/ ORD,2001
AA,ORD,arr,1970-01-01T16:11:00Z,-736,AA/ ORD,2001
AA,ORD,arr,1970-01-01T16:21:00Z,-504,AA/ ORD,2001
AA,ORD,arr,1970-01-01T16:31:00Z,-367,AA/ ORD,2001
AA,ORD,arr,1970-01-01T16:41:00Z,-323,AA/ ORD,2001
AA,ORD,arr,1970-01-01T16:51:00Z,-282,AA/ ORD,2001
AA,ORD,arr,1970-01-01T17:01:00Z,-345,AA/ ORD,2001
AA,ORD,arr,1970-01-01T17:11:00Z,-507,AA/ ORD,2001
AA,ORD,arr,1970-01-01T17:21:00Z,-1101,AA/ ORD,2001
AA,ORD,arr,1970-01-01T17:31:00Z,-1802,AA/ ORD,2001
AA,ORD,arr,1970-01-01T17:41:00Z,-1996,AA/ ORD,2001
AA,ORD,arr,1970-01-01T17:51:00Z,-1584,AA/ ORD,2001
AA,ORD,arr,1970-01-01T18:01:00Z,-1102,AA/ ORD,2001
AA,ORD,arr,1970-01-01T18:11:00Z,-723,AA/ ORD,2001
AA,ORD,arr,1970-01-01T18:21:00Z,-510,AA/ ORD,2001
AA,ORD,arr,1970-01-01T18:31:00Z,-382,AA/ ORD,2001
AA,ORD,arr,1970-01-01T18:41:00Z,-413,AA/ ORD,2001
AA,ORD,arr,1970-01-01T18:51:00Z,-676,AA/ ORD,2001
AA,ORD,arr,1970-01-01T19:01:00Z,-1171,AA/ ORD,2001
AA,ORD,arr,1970-01-01T19:11:00Z,-1837,AA/ ORD,2001
AA,ORD,arr,1970-01-01T19:21:00Z,-2230,AA/ ORD,2001
AA,ORD,arr,1970-01-01T19:31:00Z,-1573,AA/ ORD,2001
AA,ORD,arr,1970-01-01T19:41:00Z,-1022,AA/ ORD,2001
AA,ORD,arr,1970-01-01T19:51:00Z,-793,AA/ ORD,2001
AA,ORD,arr,1970-01-01T20:01:00Z,-608,AA/ ORD,2001
AA,ORD,arr,1970-01-01T20:11:00Z,-573,AA/ ORD,2001
AA,ORD,arr,1970-01-01T20:21:00Z,-543,AA/ ORD,2001
AA,ORD,arr,1970-01-01T20:31:00Z,-634,AA/ ORD,2001
AA,ORD,arr,1970-01-01T20:41:00Z,-848,AA/ ORD,2001
AA,ORD,arr,1970-01-01T20:51:00Z,-932,AA/ ORD,2001
AA,ORD,arr,1970-01-01T21:01:00Z,-988,AA/ ORD,2001
AA,ORD,arr,1970-01-01T21:11:00Z,-809,AA/ ORD,2001
AA,ORD,arr,1970-01-01T21:21:00Z,-501,AA/ ORD,2001
AA,ORD,arr,1970-01-01T21:31:00Z,-344,AA/ ORD,2001
AA,ORD,arr,1970-01-01T21:41:00Z,-327,AA/ ORD,2001
AA,ORD,arr,1970-01-01T21:51:00Z,-300,AA/ ORD,2001
AA,ORD,arr,1970-01-01T22:01:00Z,-288,AA/ ORD,2001
AA,ORD,arr,1970-01-01T22:11:00Z,-244,AA/ ORD,2001
AA,ORD,arr,1970-01-01T22:21:00Z,-217,AA/ ORD,2001
AA,ORD,arr,1970-01-01T22:31:00Z,-197,AA/ ORD,2001
AA,ORD,arr,1970-01-01T22:41:00Z,-242,AA/ ORD,2001
AA,ORD,arr,1970-01-01T22:51:00Z,-262,AA/ ORD,2001
AA,ORD,arr,1970-01-01T23:01:00Z,-298,AA/ ORD,2001
AA,ORD,arr,1970-01-01T23:11:00Z,-213,AA/ ORD,2001
AA,ORD,arr,1970-01-01T23:21:00Z,-137,AA/ ORD,2001
AA,ORD,arr,1970-01-01T23:31:00Z,-117,AA/ ORD,2001
AA,ORD,arr,1970-01-01T23:41:00Z,-93,AA/ ORD,2001
AA,ORD,arr,1970-01-01T23:51:00Z,-86,AA/ ORD,2001
AA,ORD,dep,1970-01-01T00:01:00Z,18,AA/ ORD,2001
AA,ORD,dep,1970-01-01T00:11:00Z,15,AA/ ORD,2001
AA,ORD,dep,1970-01-01T00:21:00Z,8,AA/ ORD,2001
AA,ORD,dep,1970-01-01T00:31:00Z,6,AA/ ORD,2001
AA,ORD,dep,1970-01-01T00:41:00Z,8,AA/ ORD,2001
AA,ORD,dep,1970-01-01T00:51:00Z,3,AA/ ORD,2001
AA,ORD,dep,1970-01-01T01:01:00Z,1,AA/ ORD,2001
AA,ORD,dep,1970-01-01T01:11:00Z,2,AA/ ORD,2001
AA,ORD,dep,1970-01-01T01:21:00Z,1,AA/ ORD,2001
AA,ORD,dep,1970-01-01T01:31:00Z,1,AA/ ORD,2001
AA,ORD,dep,1970-01-01T02:41:00Z,1,AA/ ORD,2001
AA,ORD,dep,1970-01-01T03:31:00Z,1,AA/ ORD,2001
AA,ORD,dep,1970-01-01T05:41:00Z,1,AA/ ORD,2001
AA,ORD,dep,1970-01-01T05:51:00Z,593,AA/ ORD,2001
AA,ORD,dep,1970-01-01T06:01:00Z,264,AA/ ORD,2001
AA,ORD,dep,1970-01-01T06:11:00Z,615,AA/ ORD,2001
AA,ORD,dep,1970-01-01T06:21:00Z,934,AA/ ORD,2001
AA,ORD,dep,1970-01-01T06:31:00Z,914,AA/ ORD,2001
AA,ORD,dep,1970-01-01T06:41:00Z,886,AA/ ORD,2001
AA,ORD,dep,1970-01-01T06:51:00Z,1885,AA/ ORD,2001
AA,ORD,dep,1970-01-01T07:01:00Z,852,AA/ ORD,2001
AA,ORD,dep,1970-01-01T07:11:00Z,189,AA/ ORD,2001
AA,ORD,dep,1970-01-01T07:21:00Z,404,AA/ ORD,2001
AA,ORD,dep,1970-01-01T07:31:00Z,190,AA/ ORD,2001
AA,ORD,dep,1970-01-01T07:41:00Z,172,AA/ ORD,2001
AA,ORD,dep,1970-01-01T07:51:00Z,232,AA/ ORD,2001
AA,ORD,dep,1970-01-01T08:01:00Z,127,AA/ ORD,2001
AA,ORD,dep,1970-01-01T08:11:00Z,1335,AA/ ORD,2001
AA,ORD,dep,1970-01-01T08:21:00Z,2266,AA/ ORD,2001
AA,ORD,dep,1970-01-01T08:31:00Z,2326,AA/ ORD,2001
AA,ORD,dep,1970-01-01T08:41:00Z,1277,AA/ ORD,2001
AA,ORD,dep,1970-01-01T08:51:00Z,857,AA/ ORD,2001
AA,ORD,dep,1970-01-01T09:01:00Z,295,AA/ ORD,2001
AA,ORD,dep,1970-01-01T09:11:00Z,155,AA/ ORD,2001
AA,ORD,dep,1970-01-01T09:21:00Z,81,AA/ ORD,2001
AA,ORD,dep,1970-01-01T09:31:00Z,87,AA/ ORD,2001
AA,ORD,dep,1970-01-01T09:41:00Z,859,AA/ ORD,2001
AA,ORD,dep,1970-01-01T09:51:00Z,1978,AA/ ORD,2001
AA,ORD,dep,1970-01-01T10:01:00Z,2212,AA/ ORD,2001
AA,ORD,dep,1970-01-01T10:11:00Z,1843,AA/ ORD,2001
AA,ORD,dep,1970-01-01T10:21:00Z,591,AA/ ORD,2001
AA,ORD,dep,1970-01-01T10:31:00Z,311,AA/ ORD,2001
AA,ORD,dep,1970-01-01T10:41:00Z,320,AA/ ORD,2001
AA,ORD,dep,1970-01-01T10:51:00Z,445,AA/ ORD,2001
AA,ORD,dep,1970-01-01T11:01:00Z,238,AA/ ORD,2001
AA,ORD,dep,1970-01-01T11:11:00Z,982,AA/ ORD,2001
AA,ORD,dep,1970-01-01T11:21:00Z,1961,AA/ ORD,2001
AA,ORD,dep,1970-01-01T11:31:00Z,2152,AA/ ORD,2001
AA,ORD,dep,1970-01-01T11:41:00Z,1836,AA/ ORD,2001
AA,ORD,dep,1970-01-01T11:51:00Z,791,AA/ ORD,2001
AA,ORD,dep,1970-01-01T12:01:00Z,408,AA/ ORD,2001
AA,ORD,dep,1970-01-01T12:11:00Z,338,AA/ ORD,2001
AA,ORD,dep,1970-01-01T12:21:00Z,191,AA/ ORD,2001
AA,ORD,dep,1970-01-01T12:31:00Z,152,AA/ ORD,2001
AA,ORD,dep,1970-01-01T12:41:00Z,243,AA/ ORD,2001
AA,ORD,dep,1970-01-01T12:51:00Z,241,AA/ ORD,2001
AA,ORD,dep,1970-01-01T13:01:00Z,310,AA/ ORD,2001
AA,ORD,dep,1970-01-01T13:11:00Z,1163,AA/ ORD,2001
AA,ORD,dep,1970-01-01T13:21:00Z,1860,AA/ ORD,2001
AA,ORD,dep,1970-01-01T13:31:00Z,2459,AA/ ORD,2001
AA,ORD,dep,1970-01-01T13:41:00Z,1274,AA/ ORD,2001
AA,ORD,dep,1970-01-01T13:51:00Z,629,AA/ ORD,2001
AA,ORD,dep,1970-01-01T14:01:00Z,283,AA/ ORD,2001
AA,ORD,dep,1970-01-01T14:11:00Z,313,AA/ ORD,2001
AA,ORD,dep,1970-01-01T14:21:00Z,258,AA/ ORD,2001
AA,ORD,dep,1970-01-01T14:31:00Z,205,AA/ ORD,2001
AA,ORD,dep,1970-01-01T14:41:00Z,556,AA/ ORD,2001
AA,ORD,dep,1970-01-01T14:51:00Z,1787,AA/ ORD,2001
AA,ORD,dep,1970-01-01T15:01:00Z,2056,AA/ ORD,2001
AA,ORD,dep,1970-01-01T15:11:00Z,2269,AA/ ORD,2001
AA,ORD,dep,1970-01-01T15:21:00Z,923,AA/ ORD,2001
AA,ORD,dep,1970-01-01T15:31:00Z,432,AA/ ORD,2001
AA,ORD,dep,1970-01-01T15:41:00Z,285,AA/ ORD,2001
AA,ORD,dep,1970-01-01T15:51:00Z,380,AA/ ORD,2001
AA,ORD,dep,1970-01-01T16:01:00Z,260,AA/ ORD,2001
AA,ORD,dep,1970-01-01T16:11:00Z,273,AA/ ORD,2001
AA,ORD,dep,1970-01-01T16:21:00Z,472,AA/ ORD,2001
AA,ORD,dep,1970-01-01T16:31:00Z,1398,AA/ ORD,2001
AA,ORD,dep,1970-01-01T16:41:00Z,2063,AA/ ORD,2001
AA,ORD,dep,1970-01-01T16:51:00Z,1898,AA/ ORD,2001
AA,ORD,dep,1970-01-01T17:01:00Z,774,AA/ ORD,2001
AA,ORD,dep,1970-01-01T17:11:00Z,478,AA/ ORD,2001
AA,ORD,dep,1970-01-01T17:21:00Z,611,AA/ ORD,2001
AA,ORD,dep,1970-01-01T17:31:00Z,360,AA/ ORD,2001
AA,ORD,dep,1970-01-01T17:41:00Z,218,AA/ ORD,2001
AA,ORD,dep,1970-01-01T17:51:00Z,394,AA/ ORD,2001
AA,ORD,dep,1970-01-01T18:01:00Z,312,AA/ ORD,2001
AA,ORD,dep,1970-01-01T18:11:00Z,212,AA/ ORD,2001
AA,ORD,dep,1970-01-01T18:21:00Z,583,AA/ ORD,2001
AA,ORD,dep,1970-01-01T18:31:00Z,1439,AA/ ORD,2001
AA,ORD,dep,1970-01-01T18:41:00Z,2253,AA/ ORD,2001
AA,ORD,dep,1970-01-01T18:51:00Z,2306,AA/ ORD,2001
AA,ORD,dep,1970-01-01T19:01:00Z,1396,AA/ ORD,2001
AA,ORD,dep,1970-01-01T19:11:00Z,828,AA/ ORD,2001
AA,ORD,dep,1970-01-01T19:21:00Z,509,AA/ ORD,2001
AA,ORD,dep,1970-01-01T19:31:00Z,382,AA/ ORD,2001
AA,ORD,dep,1970-01-01T19:41:00Z,305,AA/ ORD,2001
AA,ORD,dep,1970-01-01T19:51:00Z,383,AA/ ORD,2001
AA,ORD,dep,1970-01-01T20:01:00Z,273,AA/ ORD,2001
AA,ORD,dep,1970-01-01T20:11:00Z,832,AA/ ORD,2001
AA,ORD,dep,1970-01-01T20:21:00Z,1939,AA/ ORD,2001
AA,ORD,dep,1970-01-01T20:31:00Z,2151,AA/ ORD,2001
AA,ORD,dep,1970-01-01T20:41:00Z,1269,AA/ ORD,2001
AA,ORD,dep,1970-01-01T20:51:00Z,699,AA/ ORD,2001
AA,ORD,dep,1970-01-01T21:01:00Z,391,AA/ ORD,2001
AA,ORD,dep,1970-01-01T21:11:00Z,311,AA/ ORD,2001
AA,ORD,dep,1970-01-01T21:21:00Z,241,AA/ ORD,2001
AA,ORD,dep,1970-01-01T21:31:00Z,189,AA/ ORD,2001
AA,ORD,dep,1970-01-01T21:41:00Z,447,AA/ ORD,2001
AA,ORD,dep,1970-01-01T21:51:00Z,758,AA/ ORD,2001
AA,ORD,dep,1970-01-01T22:01:00Z,988,AA/ ORD,2001
AA,ORD,dep,1970-01-01T22:11:00Z,367,AA/ ORD,2001
AA,ORD,dep,1970-01-01T22:21:00Z,229,AA/ ORD,2001
AA,ORD,dep,1970-01-01T22:31:00Z,185,AA/ ORD,2001
AA,ORD,dep,1970-01-01T22:41:00Z,148,AA/ ORD,2001
AA,ORD,dep,1970-01-01T22:51:00Z,137,AA/ ORD,2001
AA,ORD,dep,1970-01-01T23:01:00Z,84,AA/ ORD,2001
AA,ORD,dep,1970-01-01T23:11:00Z,66,AA/ ORD,2001
AA,ORD,dep,1970-01-01T23:21:00Z,46,AA/ ORD,2001
AA,ORD,dep,1970-01-01T23:31:00Z,47,AA/ ORD,2001
AA,ORD,dep,1970-01-01T23:41:00Z,27,AA/ ORD,2001
AA,ORD,dep,1970-01-01T23:51:00Z,26,AA/ ORD,2001
AA,ORD,arr,1970-01-01T00:01:00Z,-58,AA/ ORD,2002
AA,ORD,arr,1970-01-01T00:11:00Z,-100,AA/ ORD,2002
AA,ORD,arr,1970-01-01T00:21:00Z,-130,AA/ ORD,2002
AA,ORD,arr,1970-01-01T00:31:00Z,-128,AA/ ORD,2002
AA,ORD,arr,1970-01-01T00:41:00Z,-58,AA/ ORD,2002
AA,ORD,arr,1970-01-01T00:51:00Z,-26,AA/ ORD,2002
AA,ORD,arr,1970-01-01T01:01:00Z,-12,AA/ ORD,2002
AA,ORD,arr,1970-01-01T01:11:00Z,-14,AA/ ORD,2002
AA,ORD,arr,1970-01-01T01:21:00Z,-14,AA/ ORD,2002
AA,ORD,arr,1970-01-01T01:31:00Z,-12,AA/ ORD,2002
AA,ORD,arr,1970-01-01T01:41:00Z,-14,AA/ ORD,2002
AA,ORD,arr,1970-01-01T01:51:00Z,-4,AA/ ORD,2002
AA,ORD,arr,1970-01-01T02:01:00Z,-3,AA/ ORD,2002
AA,ORD,arr,1970-01-01T02:11:00Z,-1,AA/ ORD,2002
AA,ORD,arr,1970-01-01T02:21:00Z,-2,AA/ ORD,2002
AA,ORD,arr,1970-01-01T02:31:00Z,-1,AA/ ORD,2002
AA,ORD,arr,1970-01-01T02:41:00Z,-4,AA/ ORD,2002
AA,ORD,arr,1970-01-01T02:51:00Z,-5,AA/ ORD,2002
AA,ORD,arr,1970-01-01T03:21:00Z,-1,AA/ ORD,2002
AA,ORD,arr,1970-01-01T03:31:00Z,-1,AA/ ORD,2002
AA,ORD,arr,1970-01-01T03:41:00Z,-1,AA/ ORD,2002
AA,ORD,arr,1970-01-01T03:51:00Z,-3,AA/ ORD,2002
AA,ORD,arr,1970-01-01T04:01:00Z,-3,AA/ ORD,2002
AA,ORD,arr,1970-01-01T04:11:00Z,-19,AA/ ORD,2002
AA,ORD,arr,1970-01-01T04:21:00Z,-101,AA/ ORD,2002
AA,ORD,arr,1970-01-01T04:31:00Z,-202,AA/ ORD,2002
AA,ORD,arr,1970-01-01T04:41:00Z,-288,AA/ ORD,2002
AA,ORD,arr,1970-01-01T04:51:00Z,-355,AA/ ORD,2002
AA,ORD,arr,1970-01-01T05:01:00Z,-403,AA/ ORD,2002
AA,ORD,arr,1970-01-01T05:11:00Z,-364,AA/ ORD,2002
AA,ORD,arr,1970-01-01T05:21:00Z,-293,AA/ ORD,2002
AA,ORD,arr,1970-01-01T05:31:00Z,-231,AA/ ORD,2002
AA,ORD,arr,1970-01-01T05:41:00Z,-141,AA/ ORD,2002
AA,ORD,arr,1970-01-01T05:51:00Z,-65,AA/ ORD,2002
AA,ORD,arr,1970-01-01T06:01:00Z,-27,AA/ ORD,2002
AA,ORD,arr,1970-01-01T06:11:00Z,-13,AA/ ORD,2002
AA,ORD,arr,1970-01-01T06:21:00Z,-89,AA/ ORD,2002
AA,ORD,arr,1970-01-01T06:31:00Z,-115,AA/ ORD,2002
AA,ORD,arr,1970-01-01T06:41:00Z,-142,AA/ ORD,2002
AA,ORD,arr,1970-01-01T06:51:00Z,-296,AA/ ORD,2002
AA,ORD,arr,1970-01-01T07:01:00Z,-618,AA/ ORD,2002
AA,ORD,arr,1970-01-01T07:11:00Z,-1191,AA/ ORD,2002
AA,ORD,arr,1970-01-01T07:21:00Z,-1681,AA/ ORD,2002
AA,ORD,arr,1970-01-01T07:31:00Z,-1411,AA/ ORD,2002
AA,ORD,arr,1970-01-01T07:41:00Z,-900,AA/ ORD,2002
AA,ORD,arr,1970-01-01T07:51:00Z,-688,AA/ ORD,2002
AA,ORD,arr,1970-01-01T08:01:00Z,-709,AA/ ORD,2002
AA,ORD,arr,1970-01-01T08:11:00Z,-732,AA/ ORD,2002
AA,ORD,arr,1970-01-01T08:21:00Z,-831,AA/ ORD,2002
AA,ORD,arr,1970-01-01T08:31:00Z,-719,AA/ ORD,2002
AA,ORD,arr,1970-01-01T08:41:00Z,-901,AA/ ORD,2002
AA,ORD,arr,1970-01-01T08:51:00Z,-1041,AA/ ORD,2002
AA,ORD,arr,1970-01-01T09:01:00Z,-1104,AA/ ORD,2002
AA,ORD,arr,1970-01-01T09:11:00Z,-1097,AA/ ORD,2002
AA,ORD,arr,1970-01-01T09:21:00Z,-1116,AA/ ORD,2002
AA,ORD,arr,1970-01-01T09:31:00Z,-1031,AA/ ORD,2002
AA,ORD,arr,1970-01-01T09:41:00Z,-1006,AA/ ORD,2002
AA,ORD,arr,1970-01-01T09:51:00Z,-1008,AA/ ORD,2002
AA,ORD,arr,1970-01-01T10:01:00Z,-963,AA/ ORD,2002
AA,ORD,arr,1970-01-01T10:11:00Z,-968,AA/ ORD,2002
AA,ORD,arr,1970-01-01T10:21:00Z,-1253,AA/ ORD,2002
AA,ORD,arr,1970-01-01T10:31:00Z,-1381,AA/ ORD,2002
AA,ORD,arr,1970-01-01T10:41:00Z,-1109,AA/ ORD,2002
AA,ORD,arr,1970-01-01T10:51:00Z,-864,AA/ ORD,2002
AA,ORD,arr,1970-01-01T11:01:00Z,-978,AA/ ORD,2002
AA,ORD,arr,1970-01-01T11:11:00Z,-1121,AA/ ORD,2002
AA,ORD,arr,1970-01-01T11:21:00Z,-999,AA/ ORD,2002
AA,ORD,arr,1970-01-01T11:31:00Z,-947,AA/ ORD,2002
AA,ORD,arr,1970-01-01T11:41:00Z,-848,AA/ ORD,2002
AA,ORD,arr,1970-01-01T11:51:00Z,-1009,AA/ ORD,2002
AA,ORD,arr,1970-01-01T12:01:00Z,-1074,AA/ ORD,2002
AA,ORD,arr,1970-01-01T12:11:00Z,-1178,AA/ ORD,2002
AA,ORD,arr,1970-01-01T12:21:00Z,-1384,AA/ ORD,2002
AA,ORD,arr,1970-01-01T12:31:00Z,-1468,AA/ ORD,2002
AA,ORD,arr,1970-01-01T12:41:00Z,-1256,AA/ ORD,2002
AA,ORD,arr,1970-01-01T12:51:00Z,-943,AA/ ORD,2002
AA,ORD,arr,1970-01-01T13:01:00Z,-927,AA/ ORD,2002
AA,ORD,arr,1970-01-01T13:11:00Z,-821,AA/ ORD,2002
AA,ORD,arr,1970-01-01T13:21:00Z,-744,AA/ ORD,2002
AA,ORD,arr,1970-01-01T13:31:00Z,-937,AA/ ORD,2002
AA,ORD,arr,1970-01-01T13:41:00Z,-1250,AA/ ORD,2002
AA,ORD,arr,1970-01-01T13:51:00Z,-1434,AA/ ORD,2002
AA,ORD,arr,1970-01-01T14:01:00Z,-1474,AA/ ORD,2002
AA,ORD,arr,1970-01-01T14:11:00Z,-1235,AA/ ORD,2002
AA,ORD,arr,1970-01-01T14:21:00Z,-1190,AA/ ORD,2002
AA,ORD,arr,1970-01-01T14:31:00Z,-1052,AA/ ORD,2002
AA,ORD,arr,1970-01-01T14:41:00Z,-860,AA/ ORD,2002
AA,ORD,arr,1970-01-01T14:51:00Z,-750,AA/ ORD,2002
AA,ORD,arr,1970-01-01T15:01:00Z,-726,AA/ ORD,2002
AA,ORD,arr,1970-01-01T15:11:00Z,-867,AA/ ORD,2002
AA,ORD,arr,1970-01-01T15:21:00Z,-1174,AA/ ORD,2002
AA,ORD,arr,1970-01-01T15:31:00Z,-1321,AA/ ORD,2002
AA,ORD,arr,1970-01-01T15:41:00Z,-1379,AA/ ORD,2002
AA,ORD,arr,1970-01-01T15:51:00Z,-1290,AA/ ORD,2002
AA,ORD,arr,1970-01-01T16:01:00Z,-1308,AA/ ORD,2002
AA,ORD,arr,1970-01-01T16:11:00Z,-1322,AA/ ORD,2002
AA,ORD,arr,1970-01-01T16:21:00Z,-1128,AA/ ORD,2002
AA,ORD,arr,1970-01-01T16:31:00Z,-974,AA/ ORD,2002
AA,ORD,arr,1970-01-01T16:41:00Z,-856,AA/ ORD,2002
AA,ORD,arr,1970-01-01T16:51:00Z,-795,AA/ ORD,2002
AA,ORD,arr,1970-01-01T17:01:00Z,-836,AA/ ORD,2002
AA,ORD,arr,1970-01-01T17:11:00Z,-1192,AA/ ORD,2002
AA,ORD,arr,1970-01-01T17:21:00Z,-1403,AA/ ORD,2002
AA,ORD,arr,1970-01-01T17:31:00Z,-1498,AA/ ORD,2002
AA,ORD,arr,1970-01-01T17:41:00Z,-1480,AA/ ORD,2002
AA,ORD,arr,1970-01-01T17:51:00Z,-1328,AA/ ORD,2002
AA,ORD,arr,1970-01-01T18:01:00Z,-1081,AA/ ORD,2002
AA,ORD,arr,1970-01-01T18:11:00Z,-1095,AA/ ORD,2002
AA,ORD,arr,1970-01-01T18:21:00Z,-1186,AA/ ORD,2002
AA,ORD,arr,1970-01-01T18:31:00Z,-1187,AA/ ORD,2002
AA,ORD,arr,1970-01-01T18:41:00Z,-1205,AA/ ORD,2002
AA,ORD,arr,1970-01-01T18:51:00Z,-1166,AA/ ORD,2002
AA,ORD,arr,1970-01-01T19:01:00Z,-1276,AA/ ORD,2002
AA,ORD,arr,1970-01-01T19:11:00Z,-1436,AA/ ORD,2002
AA,ORD,arr,1970-01-01T19:21:00Z,-1281,AA/ ORD,2002
AA,ORD,arr,1970-01-01T19:31:00Z,-1113,AA/ ORD,2002
AA,ORD,arr,1970-01-01T19:41:00Z,-1033,AA/ ORD,2002
AA,ORD,arr,1970-01-01T19:51:00Z,-987,AA/ ORD,2002
AA,ORD,arr,1970-01-01T20:01:00Z,-1110,AA/ ORD,2002
AA,ORD,arr,1970-01-01T20:11:00Z,-1083,AA/ ORD,2002
AA,ORD,arr,1970-01-01T20:21:00Z,-1304,AA/ ORD,2002
AA,ORD,arr,1970-01-01T20:31:00Z,-1211,AA/ ORD,2002
AA,ORD,arr,1970-01-01T20:41:00Z,-935,AA/ ORD,2002
AA,ORD,arr,1970-01-01T20:51:00Z,-802,AA/ ORD,2002
AA,ORD,arr,1970-01-01T21:01:00Z,-722,AA/ ORD,2002
AA,ORD,arr,1970-01-01T21:11:00Z,-657,AA/ ORD,2002
AA,ORD,arr,1970-01-01T21:21:00Z,-674,AA/ ORD,2002
AA,ORD,arr,1970-01-01T21:31:00Z,-542,AA/ ORD,2002
AA,ORD,arr,1970-01-01T21:41:00Z,-452,AA/ ORD,2002
AA,ORD,arr,1970-01-01T21:51:00Z,-301,AA/ ORD,2002
AA,ORD,arr,1970-01-01T22:01:00Z,-286,AA/ ORD,2002
AA,ORD,arr,1970-01-01T22:11:00Z,-189,AA/ ORD,2002
AA,ORD,arr,1970-01-01T22:21:00Z,-234,AA/ ORD,2002
AA,ORD,arr,1970-01-01T22:31:00Z,-332,AA/ ORD,2002
AA,ORD,arr,1970-01-01T22:41:00Z,-361,AA/ ORD,2002
AA,ORD,arr,1970-01-01T22:51:00Z,-379,AA/ ORD,2002
AA,ORD,arr,1970-01-01T23:01:00Z,-287,AA/ ORD,2002
AA,ORD,arr,1970-01-01T23:11:00Z,-152,AA/ ORD,2002
AA,ORD,arr,1970-01-01T23:21:00Z,-121,AA/ ORD,2002
AA,ORD,arr,1970-01-01T23:31:00Z,-90,AA/ ORD,2002
AA,ORD,arr,1970-01-01T23:41:00Z,-55,AA/ ORD,2002
AA,ORD,arr,1970-01-01T23:51:00Z,-57,AA/ ORD,2002
AA,ORD,dep,1970-01-01T00:01:00Z,14,AA/ ORD,2002
AA,ORD,dep,1970-01-01T00:11:00Z,10,AA/ ORD,2002
AA,ORD,dep,1970-01-01T00:21:00Z,10,AA/ ORD,2002
AA,ORD,dep,1970-01-01T00:31:00Z,4,AA/ ORD,2002
AA,ORD,dep,1970-01-01T00:41:00Z,13,AA/ ORD,2002
AA,ORD,dep,1970-01-01T00:51:00Z,5,AA/ ORD,2002
AA,ORD,dep,1970-01-01T01:01:00Z,2,AA/ ORD,2002
AA,ORD,dep,1970-01-01T01:11:00Z,1,AA/ ORD,2002
AA,ORD,dep,1970-01-01T01:21:00Z,1,AA/ ORD,2002
AA,ORD,dep,1970-01-01T01:31:00Z,1,AA/ ORD,2002
AA,ORD,dep,1970-01-01T01:41:00Z,3,AA/ ORD,2002
AA,ORD,dep,1970-01-01T01:51:00Z,2,AA/ ORD,2002
AA,ORD,dep,1970-01-01T02:01:00Z,2,AA/ ORD,2002
AA,ORD,dep,1970-01-01T05:21:00Z,1,AA/ ORD,2002
AA,ORD,dep,1970-01-01T05:41:00Z,8,AA/ ORD,2002
AA,ORD,dep,1970-01-01T05:51:00Z,726,AA/ ORD,2002
AA,ORD,dep,1970-01-01T06:01:00Z,315,AA/ ORD,2002
AA,ORD,dep,1970-01-01T06:11:00Z,147,AA/ ORD,2002
AA,ORD,dep,1970-01-01T06:21:00Z,310,AA/ ORD,2002
AA,ORD,dep,1970-01-01T06:31:00Z,983,AA/ ORD,2002
AA,ORD,dep,1970-01-01T06:41:00Z,1003,AA/ ORD,2002
AA,ORD,dep,1970-01-01T06:51:00Z,1626,AA/ ORD,2002
AA,ORD,dep,1970-01-01T07:01:00Z,1065,AA/ ORD,2002
AA,ORD,dep,1970-01-01T07:11:00Z,588,AA/ ORD,2002
AA,ORD,dep,1970-01-01T07:21:00Z,328,AA/ ORD,2002
AA,ORD,dep,1970-01-01T07:31:00Z,71,AA/ ORD,2002
AA,ORD,dep,1970-01-01T07:41:00Z,105,AA/ ORD,2002
AA,ORD,dep,1970-01-01T07:51:00Z,717,AA/ ORD,2002
AA,ORD,dep,1970-01-01T08:01:00Z,919,AA/ ORD,2002
AA,ORD,dep,1970-01-01T08:11:00Z,1919,AA/ ORD,2002
AA,ORD,dep,1970-01-01T08:21:00Z,2034,AA/ ORD,2002
AA,ORD,dep,1970-01-01T08:31:00Z,1757,AA/ ORD,2002
AA,ORD,dep,1970-01-01T08:41:00Z,1398,AA/ ORD,2002
AA,ORD,dep,1970-01-01T08:51:00Z,1364,AA/ ORD,2002
AA,ORD,dep,1970-01-01T09:01:00Z,988,AA/ ORD,2002
AA,ORD,dep,1970-01-01T09:11:00Z,776,AA/ ORD,2002
AA,ORD,dep,1970-01-01T09:21:00Z,1002,AA/ ORD,2002
AA,ORD,dep,1970-01-01T09:31:00Z,641,AA/ ORD,2002
AA,ORD,dep,1970-01-01T09:41:00Z,836,AA/ ORD,2002
AA,ORD,dep,1970-01-01T09:51:00Z,1555,AA/ ORD,2002
AA,ORD,dep,1970-01-01T10:01:00Z,1686,AA/ ORD,2002
AA,ORD,dep,1970-01-01T10:11:00Z,1513,AA/ ORD,2002
AA,ORD,dep,1970-01-01T10:21:00Z,1208,AA/ ORD,2002
AA,ORD,dep,1970-01-01T10:31:00Z,478,AA/ ORD,2002
AA,ORD,dep,1970-01-01T10:41:00Z,754,AA/ ORD,2002
AA,ORD,dep,1970-01-01T10:51:00Z,1274,AA/ ORD,2002
AA,ORD,dep,1970-01-01T11:01:00Z,1105,AA/ ORD,2002
AA,ORD,dep,1970-01-01T11:11:00Z,699,AA/ ORD,2002
AA,ORD,dep,1970-01-01T11:21:00Z,763,AA/ ORD,2002
AA,ORD,dep,1970-01-01T11:31:00Z,970,AA/ ORD,2002
AA,ORD,dep,1970-01-01T11:41:00Z,1795,AA/ ORD,2002
AA,ORD,dep,1970-01-01T11:51:00Z,1644,AA/ ORD,2002
AA,ORD,dep,1970-01-01T12:01:00Z,1089,AA/ ORD,2002
AA,ORD,dep,1970-01-01T12:11:00Z,966,AA/ ORD,2002
AA,ORD,dep,1970-01-01T12:21:00Z,1051,AA/ ORD,2002
AA,ORD,dep,1970-01-01T12:31:00Z,662,AA/ ORD,2002
AA,ORD,dep,1970-01-01T12:41:00Z,713,AA/ ORD,2002
AA,ORD,dep,1970-01-01T12:51:00Z,1168,AA/ ORD,2002
AA,ORD,dep,1970-01-01T13:01:00Z,800,AA/ ORD,2002
AA,ORD,dep,1970-01-01T13:11:00Z,1494,AA/ ORD,2002
AA,ORD,dep,1970-01-01T13:21:00Z,1332,AA/ ORD,2002
AA,ORD,dep,1970-01-01T13:31:00Z,1600,AA/ ORD,2002
AA,ORD,dep,1970-01-01T13:41:00Z,1033,AA/ ORD,2002
AA,ORD,dep,1970-01-01T13:51:00Z,1159,AA/ ORD,2002
AA,ORD,dep,1970-01-01T14:01:00Z,1045,AA/ ORD,2002
AA,ORD,dep,1970-01-01T14:11:00Z,680,AA/ ORD,2002
AA,ORD,dep,1970-01-01T14:21:00Z,560,AA/ ORD,2002
AA,ORD,dep,1970-01-01T14:31:00Z,686,AA/ ORD,2002
AA,ORD,dep,1970-01-01T14:41:00Z,1152,AA/ ORD,2002
AA,ORD,dep,1970-01-01T14:51:00Z,1708,AA/ ORD,2002
AA,ORD,dep,1970-01-01T15:01:00Z,1765,AA/ ORD,2002
AA,ORD,dep,1970-01-01T15:11:00Z,1529,AA/ ORD,2002
AA,ORD,dep,1970-01-01T15:21:00Z,887,AA/ ORD,2002
AA,ORD,dep,1970-01-01T15:31:00Z,711,AA/ ORD,2002
AA,ORD,dep,1970-01-01T15:41:00Z,858,AA/ ORD,2002
AA,ORD,dep,1970-01-01T15:51:00Z,1199,AA/ ORD,2002
AA,ORD,dep,1970-01-01T16:01:00Z,771,AA/ ORD,2002
AA,ORD,dep,1970-01-01T16:11:00Z,529,AA/ ORD,2002
AA,ORD,dep,1970-01-01T16:21:00Z,584,AA/ ORD,2002
AA,ORD,dep,1970-01-01T16:31:00Z,1138,AA/ ORD,2002
AA,ORD,dep,1970-01-01T16:41:00Z,1533,AA/ ORD,2002
AA,ORD,dep,1970-01-01T16:51:00Z,1358,AA/ ORD,2002
AA,ORD,dep,1970-01-01T17:01:00Z,989,AA/ ORD,2002
AA,ORD,dep,1970-01-01T17:11:00Z,965,AA/ ORD,2002
AA,ORD,dep,1970-01-01T17:21:00Z,1305,AA/ ORD,2002
AA,ORD,dep,1970-01-01T17:31:00Z,1203,AA/ ORD,2002
AA,ORD,dep,1970-01-01T17:41:00Z,857,AA/ ORD,2002
AA,ORD,dep,1970-01-01T17:51:00Z,842,AA/ ORD,2002
AA,ORD,dep,1970-01-01T18:01:00Z,845,AA/ ORD,2002
AA,ORD,dep,1970-01-01T18:11:00Z,804,AA/ ORD,2002
AA,ORD,dep,1970-01-01T18:21:00Z,856,AA/ ORD,2002
AA,ORD,dep,1970-01-01T18:31:00Z,1142,AA/ ORD,2002
AA,ORD,dep,1970-01-01T18:41:00Z,1656,AA/ ORD,2002
AA,ORD,dep,1970-01-01T18:51:00Z,2033,AA/ ORD,2002
AA,ORD,dep,1970-01-01T19:01:00Z,1696,AA/ ORD,2002
AA,ORD,dep,1970-01-01T19:11:00Z,1371,AA/ ORD,2002
AA,ORD,dep,1970-01-01T19:21:00Z,1147,AA/ ORD,2002
AA,ORD,dep,1970-01-01T19:31:00Z,1137,AA/ ORD,2002
AA,ORD,dep,1970-01-01T19:41:00Z,997,AA/ ORD,2002
AA,ORD,dep,1970-01-01T19:51:00Z,995,AA/ ORD,2002
AA,ORD,dep,1970-01-01T20:01:00Z,631,AA/ ORD,2002
AA,ORD,dep,1970-01-01T20:11:00Z,1084,AA/ ORD,2002
AA,ORD,dep,1970-01-01T20:21:00Z,1285,AA/ ORD,2002
AA,ORD,dep,1970-01-01T20:31:00Z,1325,AA/ ORD,2002
AA,ORD,dep,1970-01-01T20:41:00Z,1036,AA/ ORD,2002
AA,ORD,dep,1970-01-01T20:51:00Z,763,AA/ ORD,2002
AA,ORD,dep,1970-01-01T21:01:00Z,749,AA/ ORD,2002
AA,ORD,dep,1970-01-01T21:11:00Z,870,AA/ ORD,2002
AA,ORD,dep,1970-01-01T21:21:00Z,714,AA/ ORD,2002
AA,ORD,dep,1970-01-01T21:31:00Z,411,AA/ ORD,2002
AA,ORD,dep,1970-01-01T21:41:00Z,293,AA/ ORD,2002
AA,ORD,dep,1970-01-01T21:51:00Z,188,AA/ ORD,2002
AA,ORD,dep,1970-01-01T22:01:00Z,367,AA/ ORD,2002
AA,ORD,dep,1970-01-01T22:11:00Z,638,AA/ ORD,2002
AA,ORD,dep,1970-01-01T22:21:00Z,468,AA/ ORD,2002
AA,ORD,dep,1970-01-01T22:31:00Z,225,AA/ ORD,2002
AA,ORD,dep,1970-01-01T22:41:00Z,111,AA/ ORD,2002
AA,ORD,dep,1970-01-01T22:51:00Z,104,AA/ ORD,2002
AA,ORD,dep,1970-01-01T23:01:00Z,64,AA/ ORD,2002
AA,ORD,dep,1970-01-01T23:11:00Z,58,AA/ ORD,2002
AA,ORD,dep,1970-01-01T23:21:00Z,45,AA/ ORD,2002
AA,ORD,dep,1970-01-01T23:31:00Z,31,AA/ ORD,2002
AA,ORD,dep,1970-01-01T23:41:00Z,36,AA/ ORD,2002
AA,ORD,dep,1970-01-01T23:51:00Z,18,AA/ ORD,2002
UA,ORD,arr,1970-01-01T00:01:00Z,-99,UA/ ORD,2002
UA,ORD,arr,1970-01-01T00:11:00Z,-62,UA/ ORD,2002
UA,ORD,arr,1970-01-01T00:21:00Z,-39,UA/ ORD,2002
UA,ORD,arr,1970-01-01T00:31:00Z,-42,UA/ ORD,2002
UA,ORD,arr,1970-01-01T00:41:00Z,-44,UA/ ORD,2002
UA,ORD,arr,1970-01-01T00:51:00Z,-49,UA/ ORD,2002
UA,ORD,arr,1970-01-01T01:01:00Z,-26,UA/ ORD,2002
UA,ORD,arr,1970-01-01T01:11:00Z,-33,UA/ ORD,2002
UA,ORD,arr,1970-01-01T01:21:00Z,-18,UA/ ORD,2002
UA,ORD,arr,1970-01-01T01:31:00Z,-5,UA/ ORD,2002
UA,ORD,arr,1970-01-01T01:41:00Z,-8,UA/ ORD,2002
UA,ORD,arr,1970-01-01T01:51:00Z,-6,UA/ ORD,2002
UA,ORD,arr,1970-01-01T02:01:00Z,-2,UA/ ORD,2002
UA,ORD,arr,1970-01-01T02:11:00Z,-6,UA/ ORD,2002
UA,ORD,arr,1970-01-01T02:21:00Z,-1,UA/ ORD,2002
UA,ORD,arr,1970-01-01T02:31:00Z,-4,UA/ ORD,2002
UA,ORD,arr,1970-01-01T02:41:00Z,-1,UA/ ORD,2002
UA,ORD,arr,1970-01-01T02:51:00Z,-2,UA/ ORD,2002
UA,ORD,arr,1970-01-01T03:11:00Z,-1,UA/ ORD,2002
UA,ORD,arr,1970-01-01T03:21:00Z,-2,UA/ ORD,2002
UA,ORD,arr,1970-01-01T03:31:00Z,-1,UA/ ORD,2002
UA,ORD,arr,1970-01-01T03:41:00Z,-3,UA/ ORD,2002
UA,ORD,arr,1970-01-01T03:51:00Z,-5,UA/ ORD,2002
UA,ORD,arr,1970-01-01T04:01:00Z,-13,UA/ ORD,2002
UA,ORD,arr,1970-01-01T04:11:00Z,-40,UA/ ORD,2002
UA,ORD,arr,1970-01-01T04:21:00Z,-127,UA/ ORD,2002
UA,ORD,arr,1970-01-01T04:31:00Z,-235,UA/ ORD,2002
UA,ORD,arr,1970-01-01T04:41:00Z,-353,UA/ ORD,2002
UA,ORD,arr,1970-01-01T04:51:00Z,-473,UA/ ORD,2002
UA,ORD,arr,1970-01-01T05:01:00Z,-511,UA/ ORD,2002
UA,ORD,arr,1970-01-01T05:11:00Z,-497,UA/ ORD,2002
UA,ORD,arr,1970-01-01T05:21:00Z,-339,UA/ ORD,2002
UA,ORD,arr,1970-01-01T05:31:00Z,-248,UA/ ORD,2002
UA,ORD,arr,1970-01-01T05:41:00Z,-168,UA/ ORD,2002
UA,ORD,arr,1970-01-01T05:51:00Z,-72,UA/ ORD,2002
UA,ORD,arr,1970-01-01T06:01:00Z,-17,UA/ ORD,2002
UA,ORD,arr,1970-01-01T06:11:00Z,-28,UA/ ORD,2002
UA,ORD,arr,1970-01-01T06:21:00Z,-9,UA/ ORD,2002
UA,ORD,arr,1970-01-01T06:31:00Z,-133,UA/ ORD,2002
UA,ORD,arr,1970-01-01T06:41:00Z,-399,UA/ ORD,2002
UA,ORD,arr,1970-01-01T06:51:00Z,-886,UA/ ORD,2002
UA,ORD,arr,1970-01-01T07:01:00Z,-1420,UA/ ORD,2002
UA,ORD,arr,1970-01-01T07:11:00Z,-1237,UA/ ORD,2002
UA,ORD,arr,1970-01-01T07:21:00Z,-777,UA/ ORD,2002
UA,ORD,arr,1970-01-01T07:31:00Z,-513,UA/ ORD,2002
UA,ORD,arr,1970-01-01T07:41:00Z,-557,UA/ ORD,2002
UA,ORD,arr,1970-01-01T07:51:00Z,-768,UA/ ORD,2002
UA,ORD,arr,1970-01-01T08:01:00Z,-834,UA/ ORD,2002
UA,ORD,arr,1970-01-01T08:11:00Z,-613,UA/ ORD,2002
UA,ORD,arr,1970-01-01T08:21:00Z,-522,UA/ ORD,2002
UA,ORD,arr,1970-01-01T08:31:00Z,-677,UA/ ORD,2002
UA,ORD,arr,1970-01-01T08:41:00Z,-1120,UA/ ORD,2002
UA,ORD,arr,1970-01-01T08:51:00Z,-1698,UA/ ORD,2002
UA,ORD,arr,1970-01-01T09:01:00Z,-1995,UA/ ORD,2002
UA,ORD,arr,1970-01-01T09:11:00Z,-2059,UA/ ORD,2002
UA,ORD,arr,1970-01-01T09:21:00Z,-1446,UA/ ORD,2002
UA,ORD,arr,1970-01-01T09:31:00Z,-992,UA/ ORD,2002
UA,ORD,arr,1970-01-01T09:41:00Z,-838,UA/ ORD,2002
UA,ORD,arr,1970-01-01T09:51:00Z,-990,UA/ ORD,2002
UA,ORD,arr,1970-01-01T10:01:00Z,-1024,UA/ ORD,2002
UA,ORD,arr,1970-01-01T10:11:00Z,-914,UA/ ORD,2002
UA,ORD,arr,1970-01-01T10:21:00Z,-959,UA/ ORD,2002
UA,ORD,arr,1970-01-01T10:31:00Z,-1165,UA/ ORD,2002
UA,ORD,arr,1970-01-01T10:41:00Z,-1381,UA/ ORD,2002
UA,ORD,arr,1970-01-01T10:51:00Z,-1408,UA/ ORD,2002
UA,ORD,arr,1970-01-01T11:01:00Z,-1242,UA/ ORD,2002
UA,ORD,arr,1970-01-01T11:11:00Z,-863,UA/ ORD,2002
UA,ORD,arr,1970-01-01T11:21:00Z,-584,UA/ ORD,2002
UA,ORD,arr,1970-01-01T11:31:00Z,-460,UA/ ORD,2002
UA,ORD,arr,1970-01-01T11:41:00Z,-573,UA/ ORD,2002
UA,ORD,arr,1970-01-01T11:51:00Z,-854,UA/ ORD,2002
UA,ORD,arr,1970-01-01T12:01:00Z,-1419,UA/ ORD,2002
UA,ORD,arr,1970-01-01T12:11:00Z,-1860,UA/ ORD,2002
UA,ORD,arr,1970-01-01T12:21:00Z,-1675,UA/ ORD,2002
UA,ORD,arr,1970-01-01T12:31:00Z,-1355,UA/ ORD,2002
UA,ORD,arr,1970-01-01T12:41:00Z,-1000,UA/ ORD,2002
UA,ORD,arr,1970-01-01T12:51:00Z,-725,UA/ ORD,2002
UA,ORD,arr,1970-01-01T13:01:00Z,-799,UA/ ORD,2002
UA,ORD,arr,1970-01-01T13:11:00Z,-733,UA/ ORD,2002
UA,ORD,arr,1970-01-01T13:21:00Z,-935,UA/ ORD,2002
UA,ORD,arr,1970-01-01T13:31:00Z,-1501,UA/ ORD,2002
UA,ORD,arr,1970-01-01T13:41:00Z,-1778,UA/ ORD,2002
UA,ORD,arr,1970-01-01T13:51:00Z,-1759,UA/ ORD,2002
UA,ORD,arr,1970-01-01T14:01:00Z,-1349,UA/ ORD,2002
UA,ORD,arr,1970-01-01T14:11:00Z,-952,UA/ ORD,2002
UA,ORD,arr,1970-01-01T14:21:00Z,-954,UA/ ORD,2002
UA,ORD,arr,1970-01-01T14:31:00Z,-1116,UA/ ORD,2002
UA,ORD,arr,1970-01-01T14:41:00Z,-1049,UA/ ORD,2002
UA,ORD,arr,1970-01-01T14:51:00Z,-1402,UA/ ORD,2002
UA,ORD,arr,1970-01-01T15:01:00Z,-1532,UA/ ORD,2002
UA,ORD,arr,1970-01-01T15:11:00Z,-1221,UA/ ORD,2002
UA,ORD,arr,1970-01-01T15:21:00Z,-998,UA/ ORD,2002
UA,ORD,arr,1970-01-01T15:31:00Z,-1109,UA/ ORD,2002
UA,ORD,arr,1970-01-01T15:41:00Z,-1231,UA/ ORD,2002
UA,ORD,arr,1970-01-01T15:51:00Z,-1471,UA/ ORD,2002
UA,ORD,arr,1970-01-01T16:01:00Z,-1400,UA/ ORD,2002
UA,ORD,arr,1970-01-01T16:11:00Z,-1090,UA/ ORD,2002
UA,ORD,arr,1970-01-01T16:21:00Z,-1124,UA/ ORD,2002
UA,ORD,arr,1970-01-01T16:31:00Z,-1202,UA/ ORD,2002
UA,ORD,arr,1970-01-01T16:41:00Z,-1274,UA/ ORD,2002
UA,ORD,arr,1970-01-01T16:51:00Z,-1759,UA/ ORD,2002
UA,ORD,arr,1970-01-01T17:01:00Z,-1921,UA/ ORD,2002
UA,ORD,arr,1970-01-01T17:11:00Z,-1489,UA/ ORD,2002
UA,ORD,arr,1970-01-01T17:21:00Z,-879,UA/ ORD,2002
UA,ORD,arr,1970-01-01T17:31:00Z,-766,UA/ ORD,2002
UA,ORD,arr,1970-01-01T17:41:00Z,-814,UA/ ORD,2002
UA,ORD,arr,1970-01-01T17:51:00Z,-1068,UA/ ORD,2002
UA,ORD,arr,1970-01-01T18:01:00Z,-1239,UA/ ORD,2002
UA,ORD,arr,1970-01-01T18:11:00Z,-1457,UA/ ORD,2002
UA,ORD,arr,1970-01-01T18:21:00Z,-1781,UA/ ORD,2002
UA,ORD,arr,1970-01-01T18:31:00Z,-1832,UA/ ORD,2002
UA,ORD,arr,1970-01-01T18:41:00Z,-1593,UA/ ORD,2002
UA,ORD,arr,1970-01-01T18:51:00Z,-1413,UA/ ORD,2002
UA,ORD,arr,1970-01-01T19:01:00Z,-1238,UA/ ORD,2002
UA,ORD,arr,1970-01-01T19:11:00Z,-1097,UA/ ORD,2002
UA,ORD,arr,1970-01-01T19:21:00Z,-1163,UA/ ORD,2002
UA,ORD,arr,1970-01-01T19:31:00Z,-1286,UA/ ORD,2002
UA,ORD,arr,1970-01-01T19:41:00Z,-1729,UA/ ORD,2002
UA,ORD,arr,1970-01-01T19:51:00Z,-1801,UA/ ORD,2002
UA,ORD,arr,1970-01-01T20:01:00Z,-1716,UA/ ORD,2002
UA,ORD,arr,1970-01-01T20:11:00Z,-1397,UA/ ORD,2002
UA,ORD,arr,1970-01-01T20:21:00Z,-990,UA/ ORD,2002
UA,ORD,arr,1970-01-01T20:31:00Z,-703,UA/ ORD,2002
UA,ORD,arr,1970-01-01T20:41:00Z,-617,UA/ ORD,2002
UA,ORD,arr,1970-01-01T20:51:00Z,-606,UA/ ORD,2002
UA,ORD,arr,1970-01-01T21:01:00Z,-521,UA/ ORD,2002
UA,ORD,arr,1970-01-01T21:11:00Z,-405,UA/ ORD,2002
UA,ORD,arr,1970-01-01T21:21:00Z,-382,UA/ ORD,2002
UA,ORD,arr,1970-01-01T21:31:00Z,-384,UA/ ORD,2002
UA,ORD,arr,1970-01-01T21:41:00Z,-424,UA/ ORD,2002
UA,ORD,arr,1970-01-01T21:51:00Z,-405,UA/ ORD,2002
UA,ORD,arr,1970-01-01T22:01:00Z,-372,UA/ ORD,2002
UA,ORD,arr,1970-01-01T22:11:00Z,-316,UA/ ORD,2002
UA,ORD,arr,1970-01-01T22:21:00Z,-262,UA/ ORD,2002
UA,ORD,arr,1970-01-01T22:31:00Z,-271,UA/ ORD,2002
UA,ORD,arr,1970-01-01T22:41:00Z,-280,UA/ ORD,2002
UA,ORD,arr,1970-01-01T22:51:00Z,-202,UA/ ORD,2002
UA,ORD,arr,1970-01-01T23:01:00Z,-131,UA/ ORD,2002
UA,ORD,arr,1970-01-01T23:11:00Z,-83,UA/ ORD,2002
UA,ORD,arr,1970-01-01T23:21:00Z,-101,UA/ ORD,2002
UA,ORD,arr,1970-01-01T23:31:00Z,-196,UA/ ORD,2002
UA,ORD,arr,1970-01-01T23:41:00Z,-288,UA/ ORD,2002
UA,ORD,arr,1970-01-01T23:51:00Z,-242,UA/ ORD,2002
UA,ORD,dep,1970-01-01T00:01:00Z,19,UA/ ORD,2002
UA,ORD,dep,1970-01-01T00:11:00Z,8,UA/ ORD,2002
UA,ORD,dep,1970-01-01T00:21:00Z,14,UA/ ORD,2002
UA,ORD,dep,1970-01-01T00:31:00Z,9,UA/ ORD,2002
UA,ORD,dep,1970-01-01T00:41:00Z,7,UA/ ORD,2002
UA,ORD,dep,1970-01-01T00:51:00Z,7,UA/ ORD,2002
UA,ORD,dep,1970-01-01T01:01:00Z,2,UA/ ORD,2002
UA,ORD,dep,1970-01-01T01:11:00Z,1,UA/ ORD,2002
UA,ORD,dep,1970-01-01T01:21:00Z,3,UA/ ORD,2002
UA,ORD,dep,1970-01-01T01:31:00Z,1,UA/ ORD,2002
UA,ORD,dep,1970-01-01T05:41:00Z,2,UA/ ORD,2002
UA,ORD,dep,1970-01-01T05:51:00Z,737,UA/ ORD,2002
UA,ORD,dep,1970-01-01T06:01:00Z,154,UA/ ORD,2002
UA,ORD,dep,1970-01-01T06:11:00Z,141,UA/ ORD,2002
UA,ORD,dep,1970-01-01T06:21:00Z,560,UA/ ORD,2002
UA,ORD,dep,1970-01-01T06:31:00Z,904,UA/ ORD,2002
UA,ORD,dep,1970-01-01T06:41:00Z,1763,UA/ ORD,2002
UA,ORD,dep,1970-01-01T06:51:00Z,2770,UA/ ORD,2002
UA,ORD,dep,1970-01-01T07:01:00Z,992,UA/ ORD,2002
UA,ORD,dep,1970-01-01T07:11:00Z,252,UA/ ORD,2002
UA,ORD,dep,1970-01-01T07:21:00Z,284,UA/ ORD,2002
UA,ORD,dep,1970-01-01T07:31:00Z,209,UA/ ORD,2002
UA,ORD,dep,1970-01-01T07:41:00Z,235,UA/ ORD,2002
UA,ORD,dep,1970-01-01T07:51:00Z,1354,UA/ ORD,2002
UA,ORD,dep,1970-01-01T08:01:00Z,1865,UA/ ORD,2002
UA,ORD,dep,1970-01-01T08:11:00Z,2037,UA/ ORD,2002
UA,ORD,dep,1970-01-01T08:21:00Z,1260,UA/ ORD,2002
UA,ORD,dep,1970-01-01T08:31:00Z,630,UA/ ORD,2002
UA,ORD,dep,1970-01-01T08:41:00Z,482,UA/ ORD,2002
UA,ORD,dep,1970-01-01T08:51:00Z,1517,UA/ ORD,2002
UA,ORD,dep,1970-01-01T09:01:00Z,1096,UA/ ORD,2002
UA,ORD,dep,1970-01-01T09:11:00Z,751,UA/ ORD,2002
UA,ORD,dep,1970-01-01T09:21:00Z,529,UA/ ORD,2002
UA,ORD,dep,1970-01-01T09:31:00Z,285,UA/ ORD,2002
UA,ORD,dep,1970-01-01T09:41:00Z,473,UA/ ORD,2002
UA,ORD,dep,1970-01-01T09:51:00Z,1446,UA/ ORD,2002
UA,ORD,dep,1970-01-01T10:01:00Z,2591,UA/ ORD,2002
UA,ORD,dep,1970-01-01T10:11:00Z,2463,UA/ ORD,2002
UA,ORD,dep,1970-01-01T10:21:00Z,1653,UA/ ORD,2002
UA,ORD,dep,1970-01-01T10:31:00Z,976,UA/ ORD,2002
UA,ORD,dep,1970-01-01T10:41:00Z,813,UA/ ORD,2002
UA,ORD,dep,1970-01-01T10:51:00Z,1692,UA/ ORD,2002
UA,ORD,dep,1970-01-01T11:01:00Z,1150,UA/ ORD,2002
UA,ORD,dep,1970-01-01T11:11:00Z,754,UA/ ORD,2002
UA,ORD,dep,1970-01-01T11:21:00Z,317,UA/ ORD,2002
UA,ORD,dep,1970-01-01T11:31:00Z,405,UA/ ORD,2002
UA,ORD,dep,1970-01-01T11:41:00Z,1735,UA/ ORD,2002
UA,ORD,dep,1970-01-01T11:51:00Z,1966,UA/ ORD,2002
UA,ORD,dep,1970-01-01T12:01:00Z,1237,UA/ ORD,2002
UA,ORD,dep,1970-01-01T12:11:00Z,428,UA/ ORD,2002
UA,ORD,dep,1970-01-01T12:21:00Z,218,UA/ ORD,2002
UA,ORD,dep,1970-01-01T12:31:00Z,265,UA/ ORD,2002
UA,ORD,dep,1970-01-01T12:41:00Z,270,UA/ ORD,2002
UA,ORD,dep,1970-01-01T12:51:00Z,1161,UA/ ORD,2002
UA,ORD,dep,1970-01-01T13:01:00Z,1223,UA/ ORD,2002
UA,ORD,dep,1970-01-01T13:11:00Z,2232,UA/ ORD,2002
UA,ORD,dep,1970-01-01T13:21:00Z,2564,UA/ ORD,2002
UA,ORD,dep,1970-01-01T13:31:00Z,1529,UA/ ORD,2002
UA,ORD,dep,1970-01-01T13:41:00Z,1025,UA/ ORD,2002
UA,ORD,dep,1970-01-01T13:51:00Z,1228,UA/ ORD,2002
UA,ORD,dep,1970-01-01T14:01:00Z,734,UA/ ORD,2002
UA,ORD,dep,1970-01-01T14:11:00Z,430,UA/ ORD,2002
UA,ORD,dep,1970-01-01T14:21:00Z,296,UA/ ORD,2002
UA,ORD,dep,1970-01-01T14:31:00Z,1047,UA/ ORD,2002
UA,ORD,dep,1970-01-01T14:41:00Z,2593,UA/ ORD,2002
UA,ORD,dep,1970-01-01T14:51:00Z,2402,UA/ ORD,2002
UA,ORD,dep,1970-01-01T15:01:00Z,1314,UA/ ORD,2002
UA,ORD,dep,1970-01-01T15:11:00Z,950,UA/ ORD,2002
UA,ORD,dep,1970-01-01T15:21:00Z,354,UA/ ORD,2002
UA,ORD,dep,1970-01-01T15:31:00Z,469,UA/ ORD,2002
UA,ORD,dep,1970-01-01T15:41:00Z,1948,UA/ ORD,2002
UA,ORD,dep,1970-01-01T15:51:00Z,1917,UA/ ORD,2002
UA,ORD,dep,1970-01-01T16:01:00Z,1259,UA/ ORD,2002
UA,ORD,dep,1970-01-01T16:11:00Z,1154,UA/ ORD,2002
UA,ORD,dep,1970-01-01T16:21:00Z,514,UA/ ORD,2002
UA,ORD,dep,1970-01-01T16:31:00Z,631,UA/ ORD,2002
UA,ORD,dep,1970-01-01T16:41:00Z,2093,UA/ ORD,2002
UA,ORD,dep,1970-01-01T16:51:00Z,2208,UA/ ORD,2002
UA,ORD,dep,1970-01-01T17:01:00Z,1257,UA/ ORD,2002
UA,ORD,dep,1970-01-01T17:11:00Z,696,UA/ ORD,2002
UA,ORD,dep,1970-01-01T17:21:00Z,359,UA/ ORD,2002
UA,ORD,dep,1970-01-01T17:31:00Z,589,UA/ ORD,2002
UA,ORD,dep,1970-01-01T17:41:00Z,2034,UA/ ORD,2002
UA,ORD,dep,1970-01-01T17:51:00Z,2374,UA/ ORD,2002
UA,ORD,dep,1970-01-01T18:01:00Z,2468,UA/ ORD,2002
UA,ORD,dep,1970-01-01T18:11:00Z,1402,UA/ ORD,2002
UA,ORD,dep,1970-01-01T18:21:00Z,627,UA/ ORD,2002
UA,ORD,dep,1970-01-01T18:31:00Z,497,UA/ ORD,2002
UA,ORD,dep,1970-01-01T18:41:00Z,878,UA/ ORD,2002
UA,ORD,dep,1970-01-01T18:51:00Z,1164,UA/ ORD,2002
UA,ORD,dep,1970-01-01T19:01:00Z,874,UA/ ORD,2002
UA,ORD,dep,1970-01-01T19:11:00Z,1233,UA/ ORD,2002
UA,ORD,dep,1970-01-01T19:21:00Z,1205,UA/ ORD,2002
UA,ORD,dep,1970-01-01T19:31:00Z,2399,UA/ ORD,2002
UA,ORD,dep,1970-01-01T19:41:00Z,1870,UA/ ORD,2002
UA,ORD,dep,1970-01-01T19:51:00Z,1232,UA/ ORD,2002
UA,ORD,dep,1970-01-01T20:01:00Z,662,UA/ ORD,2002
UA,ORD,dep,1970-01-01T20:11:00Z,426,UA/ ORD,2002
UA,ORD,dep,1970-01-01T20:21:00Z,389,UA/ ORD,2002
UA,ORD,dep,1970-01-01T20:31:00Z,463,UA/ ORD,2002
UA,ORD,dep,1970-01-01T20:41:00Z,2054,UA/ ORD,2002
UA,ORD,dep,1970-01-01T20:51:00Z,1699,UA/ ORD,2002
UA,ORD,dep,1970-01-01T21:01:00Z,1068,UA/ ORD,2002
UA,ORD,dep,1970-01-01T21:11:00Z,1873,UA/ ORD,2002
UA,ORD,dep,1970-01-01T21:21:00Z,776,UA/ ORD,2002
UA,ORD,dep,1970-01-01T21:31:00Z,399,UA/ ORD,2002
UA,ORD,dep,1970-01-01T21:41:00Z,305,UA/ ORD,2002
UA,ORD,dep,1970-01-01T21:51:00Z,210,UA/ ORD,2002
UA,ORD,dep,1970-01-01T22:01:00Z,159,UA/ ORD,2002
UA,ORD,dep,1970-01-01T22:11:00Z,122,UA/ ORD,2002
UA,ORD,dep,1970-01-01T22:21:00Z,101,UA/ ORD,2002
UA,ORD,dep,1970-01-01T22:31:00Z,92,UA/ ORD,2002
UA,ORD,dep,1970-01-01T22:41:00Z,91,UA/ ORD,2002
UA,ORD,dep,1970-01-01T22:51:00Z,93,UA/ ORD,2002
UA,ORD,dep,1970-01-01T23:01:00Z,63,UA/ ORD,2002
UA,ORD,dep,1970-01-01T23:11:00Z,53,UA/ ORD,2002
UA,ORD,dep,1970-01-01T23:21:00Z,38,UA/ ORD,2002
UA,ORD,dep,1970-01-01T23:31:00Z,30,UA/ ORD,2002
UA,ORD,dep,1970-01-01T23:41:00Z,29,UA/ ORD,2002
UA,ORD,dep,1970-01-01T23:51:00Z,20,UA/ ORD,2002
AA,ORD,arr,1970-01-01T00:01:00Z,-42,AA/ ORD,2003
AA,ORD,arr,1970-01-01T00:11:00Z,-37,AA/ ORD,2003
AA,ORD,arr,1970-01-01T00:21:00Z,-28,AA/ ORD,2003
AA,ORD,arr,1970-01-01T00:31:00Z,-20,AA/ ORD,2003
AA,ORD,arr,1970-01-01T00:41:00Z,-26,AA/ ORD,2003
AA,ORD,arr,1970-01-01T00:51:00Z,-12,AA/ ORD,2003
AA,ORD,arr,1970-01-01T01:01:00Z,-16,AA/ ORD,2003
AA,ORD,arr,1970-01-01T01:11:00Z,-5,AA/ ORD,2003
AA,ORD,arr,1970-01-01T01:21:00Z,-9,AA/ ORD,2003
AA,ORD,arr,1970-01-01T01:31:00Z,-5,AA/ ORD,2003
AA,ORD,arr,1970-01-01T01:41:00Z,-6,AA/ ORD,2003
AA,ORD,arr,1970-01-01T01:51:00Z,-4,AA/ ORD,2003
AA,ORD,arr,1970-01-01T02:01:00Z,-6,AA/ ORD,2003
AA,ORD,arr,1970-01-01T02:11:00Z,-3,AA/ ORD,2003
AA,ORD,arr,1970-01-01T02:21:00Z,-3,AA/ ORD,2003
AA,ORD,arr,1970-01-01T02:31:00Z,-5,AA/ ORD,2003
AA,ORD,arr,1970-01-01T02:41:00Z,-1,AA/ ORD,2003
AA,ORD,arr,1970-01-01T02:51:00Z,-3,AA/ ORD,2003
AA,ORD,arr,1970-01-01T03:01:00Z,-2,AA/ ORD,2003
AA,ORD,arr,1970-01-01T03:11:00Z,-1,AA/ ORD,2003
AA,ORD,arr,1970-01-01T03:21:00Z,-1,AA/ ORD,2003
AA,ORD,arr,1970-01-01T03:51:00Z,-2,AA/ ORD,2003
AA,ORD,arr,1970-01-01T04:01:00Z,-5,AA/ ORD,2003
AA,ORD,arr,1970-01-01T04:11:00Z,-10,AA/ ORD,2003
AA,ORD,arr,1970-01-01T04:21:00Z,-15,AA/ ORD,2003
AA,ORD,arr,1970-01-01T04:31:00Z,-60,AA/ ORD,2003
AA,ORD,arr,1970-01-01T04:41:00Z,-147,AA/ ORD,2003
AA,ORD,arr,1970-01-01T04:51:00Z,-219,AA/ ORD,2003
AA,ORD,arr,1970-01-01T05:01:00Z,-259,AA/ ORD,2003
AA,ORD,arr,1970-01-01T05:11:00Z,-245,AA/ ORD,2003
AA,ORD,arr,1970-01-01T05:21:00Z,-300,AA/ ORD,2003
AA,ORD,arr,1970-01-01T05:31:00Z,-355,AA/ ORD,2003
AA,ORD,arr,1970-01-01T05:41:00Z,-253,AA/ ORD,2003
AA,ORD,arr,1970-01-01T05:51:00Z,-137,AA/ ORD,2003
AA,ORD,arr,1970-01-01T06:01:00Z,-47,AA/ ORD,2003
AA,ORD,arr,1970-01-01T06:11:00Z,-24,AA/ ORD,2003
AA,ORD,arr,1970-01-01T06:21:00Z,-21,AA/ ORD,2003
AA,ORD,arr,1970-01-01T06:31:00Z,-73,AA/ ORD,2003
AA,ORD,arr,1970-01-01T06:41:00Z,-161,AA/ ORD,2003
AA,ORD,arr,1970-01-01T06:51:00Z,-233,AA/ ORD,2003
AA,ORD,arr,1970-01-01T07:01:00Z,-606,AA/ ORD,2003
AA,ORD,arr,1970-01-01T07:11:00Z,-1055,AA/ ORD,2003
AA,ORD,arr,1970-01-01T07:21:00Z,-1063,AA/ ORD,2003
AA,ORD,arr,1970-01-01T07:31:00Z,-838,AA/ ORD,2003
AA,ORD,arr,1970-01-01T07:41:00Z,-537,AA/ ORD,2003
AA,ORD,arr,1970-01-01T07:51:00Z,-447,AA/ ORD,2003
AA,ORD,arr,1970-01-01T08:01:00Z,-605,AA/ ORD,2003
AA,ORD,arr,1970-01-01T08:11:00Z,-626,AA/ ORD,2003
AA,ORD,arr,1970-01-01T08:21:00Z,-863,AA/ ORD,2003
AA,ORD,arr,1970-01-01T08:31:00Z,-814,AA/ ORD,2003
AA,ORD,arr,1970-01-01T08:41:00Z,-728,AA/ ORD,2003
AA,ORD,arr,1970-01-01T08:51:00Z,-666,AA/ ORD,2003
AA,ORD,arr,1970-01-01T09:01:00Z,-799,AA/ ORD,2003
AA,ORD,arr,1970-01-01T09:11:00Z,-907,AA/ ORD,2003
AA,ORD,arr,1970-01-01T09:21:00Z,-1068,AA/ ORD,2003
AA,ORD,arr,1970-01-01T09:31:00Z,-1126,AA/ ORD,2003
AA,ORD,arr,1970-01-01T09:41:00Z,-882,AA/ ORD,2003
AA,ORD,arr,1970-01-01T09:51:00Z,-890,AA/ ORD,2003
AA,ORD,arr,1970-01-01T10:01:00Z,-1146,AA/ ORD,2003
AA,ORD,arr,1970-01-01T10:11:00Z,-995,AA/ ORD,2003
AA,ORD,arr,1970-01-01T10:21:00Z,-874,AA/ ORD,2003
AA,ORD,arr,1970-01-01T10:31:00Z,-992,AA/ ORD,2003
AA,ORD,arr,1970-01-01T10:41:00Z,-830,AA/ ORD,2003
AA,ORD,arr,1970-01-01T10:51:00Z,-736,AA/ ORD,2003
AA,ORD,arr,1970-01-01T11:01:00Z,-794,AA/ ORD,2003
AA,ORD,arr,1970-01-01T11:11:00Z,-1019,AA/ ORD,2003
AA,ORD,arr,1970-01-01T11:21:00Z,-1136,AA/ ORD,2003
AA,ORD,arr,1970-01-01T11:31:00Z,-1298,AA/ ORD,2003
AA,ORD,arr,1970-01-01T11:41:00Z,-1262,AA/ ORD,2003
AA,ORD,arr,1970-01-01T11:51:00Z,-1191,AA/ ORD,2003
AA,ORD,arr,1970-01-01T12:01:00Z,-1043,AA/ ORD,2003
AA,ORD,arr,1970-01-01T12:11:00Z,-865,AA/ ORD,2003
AA,ORD,arr,1970-01-01T12:21:00Z,-952,AA/ ORD,2003
AA,ORD,arr,1970-01-01T12:31:00Z,-1209,AA/ ORD,2003
AA,ORD,arr,1970-01-01T12:41:00Z,-1323,AA/ ORD,2003
AA,ORD,arr,1970-01-01T12:51:00Z,-1083,AA/ ORD,2003
AA,ORD,arr,1970-01-01T13:01:00Z,-937,AA/ ORD,2003
AA,ORD,arr,1970-01-01T13:11:00Z,-753,AA/ ORD,2003
AA,ORD,arr,1970-01-01T13:21:00Z,-691,AA/ ORD,2003
AA,ORD,arr,1970-01-01T13:31:00Z,-832,AA/ ORD,2003
AA,ORD,arr,1970-01-01T13:41:00Z,-937,AA/ ORD,2003
AA,ORD,arr,1970-01-01T13:51:00Z,-1056,AA/ ORD,2003
AA,ORD,arr,1970-01-01T14:01:00Z,-1344,AA/ ORD,2003
AA,ORD,arr,1970-01-01T14:11:00Z,-1141,AA/ ORD,2003
AA,ORD,arr,1970-01-01T14:21:00Z,-997,AA/ ORD,2003
AA,ORD,arr,1970-01-01T14:31:00Z,-828,AA/ ORD,2003
AA,ORD,arr,1970-01-01T14:41:00Z,-724,AA/ ORD,2003
AA,ORD,arr,1970-01-01T14:51:00Z,-644,AA/ ORD,2003
AA,ORD,arr,1970-01-01T15:01:00Z,-682,AA/ ORD,2003
AA,ORD,arr,1970-01-01T15:11:00Z,-827,AA/ ORD,2003
AA,ORD,arr,1970-01-01T15:21:00Z,-966,AA/ ORD,2003
AA,ORD,arr,1970-01-01T15:31:00Z,-992,AA/ ORD,2003
AA,ORD,arr,1970-01-01T15:41:00Z,-1071,AA/ ORD,2003
AA,ORD,arr,1970-01-01T15:51:00Z,-1102,AA/ ORD,2003
AA,ORD,arr,1970-01-01T16:01:00Z,-1273,AA/ ORD,2003
AA,ORD,arr,1970-01-01T16:11:00Z,-1401,AA/ ORD,2003
AA,ORD,arr,1970-01-01T16:21:00Z,-1230,AA/ ORD,2003
AA,ORD,arr,1970-01-01T16:31:00Z,-1162,AA/ ORD,2003
AA,ORD,arr,1970-01-01T16:41:00Z,-978,AA/ ORD,2003
AA,ORD,arr,1970-01-01T16:51:00Z,-817,AA/ ORD,2003
AA,ORD,arr,1970-01-01T17:01:00Z,-886,AA/ ORD,2003
AA,ORD,arr,1970-01-01T17:11:00Z,-1032,AA/ ORD,2003
AA,ORD,arr,1970-01-01T17:21:00Z,-1039,AA/ ORD,2003
AA,ORD,arr,1970-01-01T17:31:00Z,-1174,AA/ ORD,2003
AA,ORD,arr,1970-01-01T17:41:00Z,-1302,AA/ ORD,2003
AA,ORD,arr,1970-01-01T17:51:00Z,-1206,AA/ ORD,2003
AA,ORD,arr,1970-01-01T18:01:00Z,-1197,AA/ ORD,2003
AA,ORD,arr,1970-01-01T18:11:00Z,-1123,AA/ ORD,2003
AA,ORD,arr,1970-01-01T18:21:00Z,-1183,AA/ ORD,2003
AA,ORD,arr,1970-01-01T18:31:00Z,-1184,AA/ ORD,2003
AA,ORD,arr,1970-01-01T18:41:00Z,-1040,AA/ ORD,2003
AA,ORD,arr,1970-01-01T18:51:00Z,-989,AA/ ORD,2003
AA,ORD,arr,1970-01-01T19:01:00Z,-1009,AA/ ORD,2003
AA,ORD,arr,1970-01-01T19:11:00Z,-1031,AA/ ORD,2003
AA,ORD,arr,1970-01-01T19:21:00Z,-956,AA/ ORD,2003
AA,ORD,arr,1970-01-01T19:31:00Z,-923,AA/ ORD,2003
AA,ORD,arr,1970-01-01T19:41:00Z,-886,AA/ ORD,2003
AA,ORD,arr,1970-01-01T19:51:00Z,-860,AA/ ORD,2003
AA,ORD,arr,1970-01-01T20:01:00Z,-1048,AA/ ORD,2003
AA,ORD,arr,1970-01-01T20:11:00Z,-1260,AA/ ORD,2003
AA,ORD,arr,1970-01-01T20:21:00Z,-1387,AA/ ORD,2003
AA,ORD,arr,1970-01-01T20:31:00Z,-1271,AA/ ORD,2003
AA,ORD,arr,1970-01-01T20:41:00Z,-962,AA/ ORD,2003
AA,ORD,arr,1970-01-01T20:51:00Z,-836,AA/ ORD,2003
AA,ORD,arr,1970-01-01T21:01:00Z,-789,AA/ ORD,2003
AA,ORD,arr,1970-01-01T21:11:00Z,-781,AA/ ORD,2003
AA,ORD,arr,1970-01-01T21:21:00Z,-761,AA/ ORD,2003
AA,ORD,arr,1970-01-01T21:31:00Z,-843,AA/ ORD,2003
AA,ORD,arr,1970-01-01T21:41:00Z,-546,AA/ ORD,2003
AA,ORD,arr,1970-01-01T21:51:00Z,-387,AA/ ORD,2003
AA,ORD,arr,1970-01-01T22:01:00Z,-323,AA/ ORD,2003
AA,ORD,arr,1970-01-01T22:11:00Z,-290,AA/ ORD,2003
AA,ORD,arr,1970-01-01T22:21:00Z,-256,AA/ ORD,2003
AA,ORD,arr,1970-01-01T22:31:00Z,-286,AA/ ORD,2003
AA,ORD,arr,1970-01-01T22:41:00Z,-295,AA/ ORD,2003
AA,ORD,arr,1970-01-01T22:51:00Z,-352,AA/ ORD,2003
AA,ORD,arr,1970-01-01T23:01:00Z,-344,AA/ ORD,2003
AA,ORD,arr,1970-01-01T23:11:00Z,-222,AA/ ORD,2003
AA,ORD,arr,1970-01-01T23:21:00Z,-164,AA/ ORD,2003
AA,ORD,arr,1970-01-01T23:31:00Z,-95,AA/ ORD,2003
AA,ORD,arr,1970-01-01T23:41:00Z,-74,AA/ ORD,2003
AA,ORD,arr,1970-01-01T23:51:00Z,-42,AA/ ORD,2003
AA,ORD,dep,1970-01-01T00:01:00Z,10,AA/ ORD,2003
AA,ORD,dep,1970-01-01T00:11:00Z,7,AA/ ORD,2003
AA,ORD,dep,1970-01-01T00:21:00Z,5,AA/ ORD,2003
AA,ORD,dep,1970-01-01T00:41:00Z,6,AA/ ORD,2003
AA,ORD,dep,1970-01-01T00:51:00Z,4,AA/ ORD,2003
AA,ORD,dep,1970-01-01T01:01:00Z,5,AA/ ORD,2003
AA,ORD,dep,1970-01-01T01:11:00Z,4,AA/ ORD,2003
AA,ORD,dep,1970-01-01T01:21:00Z,5,AA/ ORD,2003
AA,ORD,dep,1970-01-01T01:31:00Z,2,AA/ ORD,2003
AA,ORD,dep,1970-01-01T01:51:00Z,5,AA/ ORD,2003
AA,ORD,dep,1970-01-01T02:21:00Z,1,AA/ ORD,2003
AA,ORD,dep,1970-01-01T02:41:00Z,1,AA/ ORD,2003
AA,ORD,dep,1970-01-01T05:01:00Z,1,AA/ ORD,2003
AA,ORD,dep,1970-01-01T05:21:00Z,1,AA/ ORD,2003
AA,ORD,dep,1970-01-01T05:41:00Z,2,AA/ ORD,2003
AA,ORD,dep,1970-01-01T05:51:00Z,536,AA/ ORD,2003
AA,ORD,dep,1970-01-01T06:01:00Z,119,AA/ ORD,2003
AA,ORD,dep,1970-01-01T06:11:00Z,87,AA/ ORD,2003
AA,ORD,dep,1970-01-01T06:21:00Z,787,AA/ ORD,2003
AA,ORD,dep,1970-01-01T06:31:00Z,795,AA/ ORD,2003
AA,ORD,dep,1970-01-01T06:41:00Z,797,AA/ ORD,2003
AA,ORD,dep,1970-01-01T06:51:00Z,1205,AA/ ORD,2003
AA,ORD,dep,1970-01-01T07:01:00Z,905,AA/ ORD,2003
AA,ORD,dep,1970-01-01T07:11:00Z,343,AA/ ORD,2003
AA,ORD,dep,1970-01-01T07:21:00Z,447,AA/ ORD,2003
AA,ORD,dep,1970-01-01T07:31:00Z,258,AA/ ORD,2003
AA,ORD,dep,1970-01-01T07:41:00Z,246,AA/ ORD,2003
AA,ORD,dep,1970-01-01T07:51:00Z,782,AA/ ORD,2003
AA,ORD,dep,1970-01-01T08:01:00Z,876,AA/ ORD,2003
AA,ORD,dep,1970-01-01T08:11:00Z,1761,AA/ ORD,2003
AA,ORD,dep,1970-01-01T08:21:00Z,1836,AA/ ORD,2003
AA,ORD,dep,1970-01-01T08:31:00Z,1263,AA/ ORD,2003
AA,ORD,dep,1970-01-01T08:41:00Z,924,AA/ ORD,2003
AA,ORD,dep,1970-01-01T08:51:00Z,1143,AA/ ORD,2003
AA,ORD,dep,1970-01-01T09:01:00Z,1144,AA/ ORD,2003
AA,ORD,dep,1970-01-01T09:11:00Z,965,AA/ ORD,2003
AA,ORD,dep,1970-01-01T09:21:00Z,991,AA/ ORD,2003
AA,ORD,dep,1970-01-01T09:31:00Z,715,AA/ ORD,2003
AA,ORD,dep,1970-01-01T09:41:00Z,638,AA/ ORD,2003
AA,ORD,dep,1970-01-01T09:51:00Z,876,AA/ ORD,2003
AA,ORD,dep,1970-01-01T10:01:00Z,1106,AA/ ORD,2003
AA,ORD,dep,1970-01-01T10:11:00Z,1150,AA/ ORD,2003
AA,ORD,dep,1970-01-01T10:21:00Z,1097,AA/ ORD,2003
AA,ORD,dep,1970-01-01T10:31:00Z,816,AA/ ORD,2003
AA,ORD,dep,1970-01-01T10:41:00Z,1105,AA/ ORD,2003
AA,ORD,dep,1970-01-01T10:51:00Z,1540,AA/ ORD,2003
AA,ORD,dep,1970-01-01T11:01:00Z,1372,AA/ ORD,2003
AA,ORD,dep,1970-01-01T11:11:00Z,530,AA/ ORD,2003
AA,ORD,dep,1970-01-01T11:21:00Z,603,AA/ ORD,2003
AA,ORD,dep,1970-01-01T11:31:00Z,733,AA/ ORD,2003
AA,ORD,dep,1970-01-01T11:41:00Z,1226,AA/ ORD,2003
AA,ORD,dep,1970-01-01T11:51:00Z,1341,AA/ ORD,2003
AA,ORD,dep,1970-01-01T12:01:00Z,1112,AA/ ORD,2003
AA,ORD,dep,1970-01-01T12:11:00Z,956,AA/ ORD,2003
AA,ORD,dep,1970-01-01T12:21:00Z,1274,AA/ ORD,2003
AA,ORD,dep,1970-01-01T12:31:00Z,1204,AA/ ORD,2003
AA,ORD,dep,1970-01-01T12:41:00Z,1210,AA/ ORD,2003
AA,ORD,dep,1970-01-01T12:51:00Z,1030,AA/ ORD,2003
AA,ORD,dep,1970-01-01T13:01:00Z,620,AA/ ORD,2003
AA,ORD,dep,1970-01-01T13:11:00Z,1001,AA/ ORD,2003
AA,ORD,dep,1970-01-01T13:21:00Z,1079,AA/ ORD,2003
AA,ORD,dep,1970-01-01T13:31:00Z,933,AA/ ORD,2003
AA,ORD,dep,1970-01-01T13:41:00Z,916,AA/ ORD,2003
AA,ORD,dep,1970-01-01T13:51:00Z,1250,AA/ ORD,2003
AA,ORD,dep,1970-01-01T14:01:00Z,1023,AA/ ORD,2003
AA,ORD,dep,1970-01-01T14:11:00Z,791,AA/ ORD,2003
AA,ORD,dep,1970-01-01T14:21:00Z,878,AA/ ORD,2003
AA,ORD,dep,1970-01-01T14:31:00Z,816,AA/ ORD,2003
AA,ORD,dep,1970-01-01T14:41:00Z,910,AA/ ORD,2003
AA,ORD,dep,1970-01-01T14:51:00Z,1447,AA/ ORD,2003
AA,ORD,dep,1970-01-01T15:01:00Z,1745,AA/ ORD,2003
AA,ORD,dep,1970-01-01T15:11:00Z,815,AA/ ORD,2003
AA,ORD,dep,1970-01-01T15:21:00Z,705,AA/ ORD,2003
AA,ORD,dep,1970-01-01T15:31:00Z,670,AA/ ORD,2003
AA,ORD,dep,1970-01-01T15:41:00Z,644,AA/ ORD,2003
AA,ORD,dep,1970-01-01T15:51:00Z,927,AA/ ORD,2003
AA,ORD,dep,1970-01-01T16:01:00Z,1267,AA/ ORD,2003
AA,ORD,dep,1970-01-01T16:11:00Z,706,AA/ ORD,2003
AA,ORD,dep,1970-01-01T16:21:00Z,652,AA/ ORD,2003
AA,ORD,dep,1970-01-01T16:31:00Z,603,AA/ ORD,2003
AA,ORD,dep,1970-01-01T16:41:00Z,802,AA/ ORD,2003
AA,ORD,dep,1970-01-01T16:51:00Z,1081,AA/ ORD,2003
AA,ORD,dep,1970-01-01T17:01:00Z,1232,AA/ ORD,2003
AA,ORD,dep,1970-01-01T17:11:00Z,739,AA/ ORD,2003
AA,ORD,dep,1970-01-01T17:21:00Z,1465,AA/ ORD,2003
AA,ORD,dep,1970-01-01T17:31:00Z,1151,AA/ ORD,2003
AA,ORD,dep,1970-01-01T17:41:00Z,888,AA/ ORD,2003
AA,ORD,dep,1970-01-01T17:51:00Z,1060,AA/ ORD,2003
AA,ORD,dep,1970-01-01T18:01:00Z,1081,AA/ ORD,2003
AA,ORD,dep,1970-01-01T18:11:00Z,975,AA/ ORD,2003
AA,ORD,dep,1970-01-01T18:21:00Z,1043,AA/ ORD,2003
AA,ORD,dep,1970-01-01T18:31:00Z,958,AA/ ORD,2003
AA,ORD,dep,1970-01-01T18:41:00Z,1248,AA/ ORD,2003
AA,ORD,dep,1970-01-01T18:51:00Z,1655,AA/ ORD,2003
AA,ORD,dep,1970-01-01T19:01:00Z,1809,AA/ ORD,2003
AA,ORD,dep,1970-01-01T19:11:00Z,1213,AA/ ORD,2003
AA,ORD,dep,1970-01-01T19:21:00Z,1255,AA/ ORD,2003
AA,ORD,dep,1970-01-01T19:31:00Z,985,AA/ ORD,2003
AA,ORD,dep,1970-01-01T19:41:00Z,812,AA/ ORD,2003
AA,ORD,dep,1970-01-01T19:51:00Z,850,AA/ ORD,2003
AA,ORD,dep,1970-01-01T20:01:00Z,869,AA/ ORD,2003
AA,ORD,dep,1970-01-01T20:11:00Z,878,AA/ ORD,2003
AA,ORD,dep,1970-01-01T20:21:00Z,947,AA/ ORD,2003
AA,ORD,dep,1970-01-01T20:31:00Z,789,AA/ ORD,2003
AA,ORD,dep,1970-01-01T20:41:00Z,762,AA/ ORD,2003
AA,ORD,dep,1970-01-01T20:51:00Z,548,AA/ ORD,2003
AA,ORD,dep,1970-01-01T21:01:00Z,496,AA/ ORD,2003
AA,ORD,dep,1970-01-01T21:11:00Z,605,AA/ ORD,2003
AA,ORD,dep,1970-01-01T21:21:00Z,799,AA/ ORD,2003
AA,ORD,dep,1970-01-01T21:31:00Z,287,AA/ ORD,2003
AA,ORD,dep,1970-01-01T21:41:00Z,244,AA/ ORD,2003
AA,ORD,dep,1970-01-01T21:51:00Z,183,AA/ ORD,2003
AA,ORD,dep,1970-01-01T22:01:00Z,242,AA/ ORD,2003
AA,ORD,dep,1970-01-01T22:11:00Z,598,AA/ ORD,2003
AA,ORD,dep,1970-01-01T22:21:00Z,601,AA/ ORD,2003
AA,ORD,dep,1970-01-01T22:31:00Z,268,AA/ ORD,2003
AA,ORD,dep,1970-01-01T22:41:00Z,128,AA/ ORD,2003
AA,ORD,dep,1970-01-01T22:51:00Z,82,AA/ ORD,2003
AA,ORD,dep,1970-01-01T23:01:00Z,56,AA/ ORD,2003
AA,ORD,dep,1970-01-01T23:11:00Z,44,AA/ ORD,2003
AA,ORD,dep,1970-01-01T23:21:00Z,40,AA/ ORD,2003
AA,ORD,dep,1970-01-01T23:31:00Z,24,AA/ ORD,2003
AA,ORD,dep,1970-01-01T23:41:00Z,23,AA/ ORD,2003
AA,ORD,dep,1970-01-01T23:51:00Z,18,AA/ ORD,2003
UA,ORD,arr,1970-01-01T00:01:00Z,-142,UA/ ORD,2003
UA,ORD,arr,1970-01-01T00:11:00Z,-68,UA/ ORD,2003
UA,ORD,arr,1970-01-01T00:21:00Z,-52,UA/ ORD,2003
UA,ORD,arr,1970-01-01T00:31:00Z,-32,UA/ ORD,2003
UA,ORD,arr,1970-01-01T00:41:00Z,-25,UA/ ORD,2003
UA,ORD,arr,1970-01-01T00:51:00Z,-14,UA/ ORD,2003
UA,ORD,arr,1970-01-01T01:01:00Z,-11,UA/ ORD,2003
UA,ORD,arr,1970-01-01T01:11:00Z,-12,UA/ ORD,2003
UA,ORD,arr,1970-01-01T01:21:00Z,-9,UA/ ORD,2003
UA,ORD,arr,1970-01-01T01:31:00Z,-8,UA/ ORD,2003
UA,ORD,arr,1970-01-01T01:41:00Z,-7,UA/ ORD,2003
UA,ORD,arr,1970-01-01T01:51:00Z,-5,UA/ ORD,2003
UA,ORD,arr,1970-01-01T02:01:00Z,-3,UA/ ORD,2003
UA,ORD,arr,1970-01-01T02:11:00Z,-1,UA/ ORD,2003
UA,ORD,arr,1970-01-01T02:21:00Z,-2,UA/ ORD,2003
UA,ORD,arr,1970-01-01T02:31:00Z,-2,UA/ ORD,2003
UA,ORD,arr,1970-01-01T02:41:00Z,-1,UA/ ORD,2003
UA,ORD,arr,1970-01-01T02:51:00Z,-1,UA/ ORD,2003
UA,ORD,arr,1970-01-01T03:01:00Z,-3,UA/ ORD,2003
UA,ORD,arr,1970-01-01T03:21:00Z,-1,UA/ ORD,2003
UA,ORD,arr,1970-01-01T03:31:00Z,-2,UA/ ORD,2003
UA,ORD,arr,1970-01-01T03:41:00Z,-3,UA/ ORD,2003
UA,ORD,arr,1970-01-01T03:51:00Z,-4,UA/ ORD,2003
UA,ORD,arr,1970-01-01T04:01:00Z,-14,UA/ ORD,2003
UA,ORD,arr,1970-01-01T04:11:00Z,-63,UA/ ORD,2003
UA,ORD,arr,1970-01-01T04:21:00Z,-169,UA/ ORD,2003
UA,ORD,arr,1970-01-01T04:31:00Z,-274,UA/ ORD,2003
UA,ORD,arr,1970-01-01T04:41:00Z,-424,UA/ ORD,2003
UA,ORD,arr,1970-01-01T04:51:00Z,-662,UA/ ORD,2003
UA,ORD,arr,1970-01-01T05:01:00Z,-710,UA/ ORD,2003
UA,ORD,arr,1970-01-01T05:11:00Z,-461,UA/ ORD,2003
UA,ORD,arr,1970-01-01T05:21:00Z,-239,UA/ ORD,2003
UA,ORD,arr,1970-01-01T05:31:00Z,-214,UA/ ORD,2003
UA,ORD,arr,1970-01-01T05:41:00Z,-182,UA/ ORD,2003
UA,ORD,arr,1970-01-01T05:51:00Z,-66,UA/ ORD,2003
UA,ORD,arr,1970-01-01T06:01:00Z,-24,UA/ ORD,2003
UA,ORD,arr,1970-01-01T06:11:00Z,-18,UA/ ORD,2003
UA,ORD,arr,1970-01-01T06:21:00Z,-35,UA/ ORD,2003
UA,ORD,arr,1970-01-01T06:31:00Z,-164,UA/ ORD,2003
UA,ORD,arr,1970-01-01T06:41:00Z,-505,UA/ ORD,2003
UA,ORD,arr,1970-01-01T06:51:00Z,-896,UA/ ORD,2003
UA,ORD,arr,1970-01-01T07:01:00Z,-1277,UA/ ORD,2003
UA,ORD,arr,1970-01-01T07:11:00Z,-942,UA/ ORD,2003
UA,ORD,arr,1970-01-01T07:21:00Z,-565,UA/ ORD,2003
UA,ORD,arr,1970-01-01T07:31:00Z,-370,UA/ ORD,2003
UA,ORD,arr,1970-01-01T07:41:00Z,-430,UA/ ORD,2003
UA,ORD,arr,1970-01-01T07:51:00Z,-768,UA/ ORD,2003
UA,ORD,arr,1970-01-01T08:01:00Z,-715,UA/ ORD,2003
UA,ORD,arr,1970-01-01T08:11:00Z,-395,UA/ ORD,2003
UA,ORD,arr,1970-01-01T08:21:00Z,-448,UA/ ORD,2003
UA,ORD,arr,1970-01-01T08:31:00Z,-800,UA/ ORD,2003
UA,ORD,arr,1970-01-01T08:41:00Z,-1258,UA/ ORD,2003
UA,ORD,arr,1970-01-01T08:51:00Z,-1560,UA/ ORD,2003
UA,ORD,arr,1970-01-01T09:01:00Z,-1923,UA/ ORD,2003
UA,ORD,arr,1970-01-01T09:11:00Z,-2057,UA/ ORD,2003
UA,ORD,arr,1970-01-01T09:21:00Z,-1333,UA/ ORD,2003
UA,ORD,arr,1970-01-01T09:31:00Z,-976,UA/ ORD,2003
UA,ORD,arr,1970-01-01T09:41:00Z,-1195,UA/ ORD,2003
UA,ORD,arr,1970-01-01T09:51:00Z,-1406,UA/ ORD,2003
UA,ORD,arr,1970-01-01T10:01:00Z,-1179,UA/ ORD,2003
UA,ORD,arr,1970-01-01T10:11:00Z,-713,UA/ ORD,2003
UA,ORD,arr,1970-01-01T10:21:00Z,-542,UA/ ORD,2003
UA,ORD,arr,1970-01-01T10:31:00Z,-959,UA/ ORD,2003
UA,ORD,arr,1970-01-01T10:41:00Z,-1439,UA/ ORD,2003
UA,ORD,arr,1970-01-01T10:51:00Z,-1754,UA/ ORD,2003
UA,ORD,arr,1970-01-01T11:01:00Z,-2057,UA/ ORD,2003
UA,ORD,arr,1970-01-01T11:11:00Z,-1528,UA/ ORD,2003
UA,ORD,arr,1970-01-01T11:21:00Z,-771,UA/ ORD,2003
UA,ORD,arr,1970-01-01T11:31:00Z,-473,UA/ ORD,2003
UA,ORD,arr,1970-01-01T11:41:00Z,-514,UA/ ORD,2003
UA,ORD,arr,1970-01-01T11:51:00Z,-818,UA/ ORD,2003
UA,ORD,arr,1970-01-01T12:01:00Z,-1413,UA/ ORD,2003
UA,ORD,arr,1970-01-01T12:11:00Z,-2151,UA/ ORD,2003
UA,ORD,arr,1970-01-01T12:21:00Z,-2302,UA/ ORD,2003
UA,ORD,arr,1970-01-01T12:31:00Z,-1641,UA/ ORD,2003
UA,ORD,arr,1970-01-01T12:41:00Z,-1133,UA/ ORD,2003
UA,ORD,arr,1970-01-01T12:51:00Z,-665,UA/ ORD,2003
UA,ORD,arr,1970-01-01T13:01:00Z,-597,UA/ ORD,2003
UA,ORD,arr,1970-01-01T13:11:00Z,-447,UA/ ORD,2003
UA,ORD,arr,1970-01-01T13:21:00Z,-695,UA/ ORD,2003
UA,ORD,arr,1970-01-01T13:31:00Z,-1373,UA/ ORD,2003
UA,ORD,arr,1970-01-01T13:41:00Z,-2033,UA/ ORD,2003
UA,ORD,arr,1970-01-01T13:51:00Z,-2024,UA/ ORD,2003
UA,ORD,arr,1970-01-01T14:01:00Z,-1849,UA/ ORD,2003
UA,ORD,arr,1970-01-01T14:11:00Z,-1231,UA/ ORD,2003
UA,ORD,arr,1970-01-01T14:21:00Z,-810,UA/ ORD,2003
UA,ORD,arr,1970-01-01T14:31:00Z,-969,UA/ ORD,2003
UA,ORD,arr,1970-01-01T14:41:00Z,-1365,UA/ ORD,2003
UA,ORD,arr,1970-01-01T14:51:00Z,-2021,UA/ ORD,2003
UA,ORD,arr,1970-01-01T15:01:00Z,-2201,UA/ ORD,2003
UA,ORD,arr,1970-01-01T15:11:00Z,-1734,UA/ ORD,2003
UA,ORD,arr,1970-01-01T15:21:00Z,-1046,UA/ ORD,2003
UA,ORD,arr,1970-01-01T15:31:00Z,-958,UA/ ORD,2003
UA,ORD,arr,1970-01-01T15:41:00Z,-1182,UA/ ORD,2003
UA,ORD,arr,1970-01-01T15:51:00Z,-1678,UA/ ORD,2003
UA,ORD,arr,1970-01-01T16:01:00Z,-1726,UA/ ORD,2003
UA,ORD,arr,1970-01-01T16:11:00Z,-1519,UA/ ORD,2003
UA,ORD,arr,1970-01-01T16:21:00Z,-1187,UA/ ORD,2003
UA,ORD,arr,1970-01-01T16:31:00Z,-1258,UA/ ORD,2003
UA,ORD,arr,1970-01-01T16:41:00Z,-1335,UA/ ORD,2003
UA,ORD,arr,1970-01-01T16:51:00Z,-1719,UA/ ORD,2003
UA,ORD,arr,1970-01-01T17:01:00Z,-2313,UA/ ORD,2003
UA,ORD,arr,1970-01-01T17:11:00Z,-1997,UA/ ORD,2003
UA,ORD,arr,1970-01-01T17:21:00Z,-1201,UA/ ORD,2003
UA,ORD,arr,1970-01-01T17:31:00Z,-936,UA/ ORD,2003
UA,ORD,arr,1970-01-01T17:41:00Z,-1121,UA/ ORD,2003
UA,ORD,arr,1970-01-01T17:51:00Z,-1468,UA/ ORD,2003
UA,ORD,arr,1970-01-01T18:01:00Z,-1401,UA/ ORD,2003
UA,ORD,arr,1970-01-01T18:11:00Z,-1599,UA/ ORD,2003
UA,ORD,arr,1970-01-01T18:21:00Z,-1634,UA/ ORD,2003
UA,ORD,arr,1970-01-01T18:31:00Z,-1673,UA/ ORD,2003
UA,ORD,arr,1970-01-01T18:41:00Z,-1811,UA/ ORD,2003
UA,ORD,arr,1970-01-01T18:51:00Z,-1656,UA/ ORD,2003
UA,ORD,arr,1970-01-01T19:01:00Z,-1565,UA/ ORD,2003
UA,ORD,arr,1970-01-01T19:11:00Z,-1321,UA/ ORD,2003
UA,ORD,arr,1970-01-01T19:21:00Z,-1292,UA/ ORD,2003
UA,ORD,arr,1970-01-01T19:31:00Z,-1437,UA/ ORD,2003
UA,ORD,arr,1970-01-01T19:41:00Z,-1725,UA/ ORD,2003
UA,ORD,arr,1970-01-01T19:51:00Z,-2078,UA/ ORD,2003
UA,ORD,arr,1970-01-01T20:01:00Z,-2047,UA/ ORD,2003
UA,ORD,arr,1970-01-01T20:11:00Z,-1661,UA/ ORD,2003
UA,ORD,arr,1970-01-01T20:21:00Z,-1114,UA/ ORD,2003
UA,ORD,arr,1970-01-01T20:31:00Z,-828,UA/ ORD,2003
UA,ORD,arr,1970-01-01T20:41:00Z,-674,UA/ ORD,2003
UA,ORD,arr,1970-01-01T20:51:00Z,-513,UA/ ORD,2003
UA,ORD,arr,1970-01-01T21:01:00Z,-429,UA/ ORD,2003
UA,ORD,arr,1970-01-01T21:11:00Z,-405,UA/ ORD,2003
UA,ORD,arr,1970-01-01T21:21:00Z,-399,UA/ ORD,2003
UA,ORD,arr,1970-01-01T21:31:00Z,-458,UA/ ORD,2003
UA,ORD,arr,1970-01-01T21:41:00Z,-545,UA/ ORD,2003
UA,ORD,arr,1970-01-01T21:51:00Z,-455,UA/ ORD,2003
UA,ORD,arr,1970-01-01T22:01:00Z,-366,UA/ ORD,2003
UA,ORD,arr,1970-01-01T22:11:00Z,-305,UA/ ORD,2003
UA,ORD,arr,1970-01-01T22:21:00Z,-170,UA/ ORD,2003
UA,ORD,arr,1970-01-01T22:31:00Z,-156,UA/ ORD,2003
UA,ORD,arr,1970-01-01T22:41:00Z,-118,UA/ ORD,2003
UA,ORD,arr,1970-01-01T22:51:00Z,-85,UA/ ORD,2003
UA,ORD,arr,1970-01-01T23:01:00Z,-76,UA/ ORD,2003
UA,ORD,arr,1970-01-01T23:11:00Z,-73,UA/ ORD,2003
UA,ORD,arr,1970-01-01T23:21:00Z,-111,UA/ ORD,2003
UA,ORD,arr,1970-01-01T23:31:00Z,-221,UA/ ORD,2003
UA,ORD,arr,1970-01-01T23:41:00Z,-406,UA/ ORD,2003
UA,ORD,arr,1970-01-01T23:51:00Z,-293,UA/ ORD,2003
UA,ORD,dep,1970-01-01T00:01:00Z,15,UA/ ORD,2003
UA,ORD,dep,1970-01-01T00:11:00Z,13,UA/ ORD,2003
UA,ORD,dep,1970-01-01T00:21:00Z,21,UA/ ORD,2003
UA,ORD,dep,1970-01-01T00:31:00Z,16,UA/ ORD,2003
UA,ORD,dep,1970-01-01T00:41:00Z,16,UA/ ORD,2003
UA,ORD,dep,1970-01-01T00:51:00Z,7,UA/ ORD,2003
UA,ORD,dep,1970-01-01T01:01:00Z,6,UA/ ORD,2003
UA,ORD,dep,1970-01-01T01:11:00Z,4,UA/ ORD,2003
UA,ORD,dep,1970-01-01T01:31:00Z,3,UA/ ORD,2003
UA,ORD,dep,1970-01-01T01:41:00Z,3,UA/ ORD,2003
UA,ORD,dep,1970-01-01T02:21:00Z,1,UA/ ORD,2003
UA,ORD,dep,1970-01-01T05:41:00Z,4,UA/ ORD,2003
UA,ORD,dep,1970-01-01T05:51:00Z,919,UA/ ORD,2003
UA,ORD,dep,1970-01-01T06:01:00Z,80,UA/ ORD,2003
UA,ORD,dep,1970-01-01T06:11:00Z,14,UA/ ORD,2003
UA,ORD,dep,1970-01-01T06:21:00Z,593,UA/ ORD,2003
UA,ORD,dep,1970-01-01T06:31:00Z,658,UA/ ORD,2003
UA,ORD,dep,1970-01-01T06:41:00Z,1807,UA/ ORD,2003
UA,ORD,dep,1970-01-01T06:51:00Z,3197,UA/ ORD,2003
UA,ORD,dep,1970-01-01T07:01:00Z,401,UA/ ORD,2003
UA,ORD,dep,1970-01-01T07:11:00Z,104,UA/ ORD,2003
UA,ORD,dep,1970-01-01T07:21:00Z,239,UA/ ORD,2003
UA,ORD,dep,1970-01-01T07:31:00Z,98,UA/ ORD,2003
UA,ORD,dep,1970-01-01T07:41:00Z,165,UA/ ORD,2003
UA,ORD,dep,1970-01-01T07:51:00Z,2415,UA/ ORD,2003
UA,ORD,dep,1970-01-01T08:01:00Z,2375,UA/ ORD,2003
UA,ORD,dep,1970-01-01T08:11:00Z,946,UA/ ORD,2003
UA,ORD,dep,1970-01-01T08:21:00Z,222,UA/ ORD,2003
UA,ORD,dep,1970-01-01T08:31:00Z,210,UA/ ORD,2003
UA,ORD,dep,1970-01-01T08:41:00Z,213,UA/ ORD,2003
UA,ORD,dep,1970-01-01T08:51:00Z,2788,UA/ ORD,2003
UA,ORD,dep,1970-01-01T09:01:00Z,1385,UA/ ORD,2003
UA,ORD,dep,1970-01-01T09:11:00Z,461,UA/ ORD,2003
UA,ORD,dep,1970-01-01T09:21:00Z,241,UA/ ORD,2003
UA,ORD,dep,1970-01-01T09:31:00Z,314,UA/ ORD,2003
UA,ORD,dep,1970-01-01T09:41:00Z,499,UA/ ORD,2003
UA,ORD,dep,1970-01-01T09:51:00Z,2433,UA/ ORD,2003
UA,ORD,dep,1970-01-01T10:01:00Z,3575,UA/ ORD,2003
UA,ORD,dep,1970-01-01T10:11:00Z,1922,UA/ ORD,2003
UA,ORD,dep,1970-01-01T10:21:00Z,592,UA/ ORD,2003
UA,ORD,dep,1970-01-01T10:31:00Z,361,UA/ ORD,2003
UA,ORD,dep,1970-01-01T10:41:00Z,1506,UA/ ORD,2003
UA,ORD,dep,1970-01-01T10:51:00Z,3273,UA/ ORD,2003
UA,ORD,dep,1970-01-01T11:01:00Z,828,UA/ ORD,2003
UA,ORD,dep,1970-01-01T11:11:00Z,310,UA/ ORD,2003
UA,ORD,dep,1970-01-01T11:21:00Z,190,UA/ ORD,2003
UA,ORD,dep,1970-01-01T11:31:00Z,194,UA/ ORD,2003
UA,ORD,dep,1970-01-01T11:41:00Z,470,UA/ ORD,2003
UA,ORD,dep,1970-01-01T11:51:00Z,3080,UA/ ORD,2003
UA,ORD,dep,1970-01-01T12:01:00Z,1699,UA/ ORD,2003
UA,ORD,dep,1970-01-01T12:11:00Z,523,UA/ ORD,2003
UA,ORD,dep,1970-01-01T12:21:00Z,229,UA/ ORD,2003
UA,ORD,dep,1970-01-01T12:31:00Z,164,UA/ ORD,2003
UA,ORD,dep,1970-01-01T12:41:00Z,248,UA/ ORD,2003
UA,ORD,dep,1970-01-01T12:51:00Z,1491,UA/ ORD,2003
UA,ORD,dep,1970-01-01T13:01:00Z,621,UA/ ORD,2003
UA,ORD,dep,1970-01-01T13:11:00Z,4280,UA/ ORD,2003
UA,ORD,dep,1970-01-01T13:21:00Z,3282,UA/ ORD,2003
UA,ORD,dep,1970-01-01T13:31:00Z,1177,UA/ ORD,2003
UA,ORD,dep,1970-01-01T13:41:00Z,533,UA/ ORD,2003
UA,ORD,dep,1970-01-01T13:51:00Z,1793,UA/ ORD,2003
UA,ORD,dep,1970-01-01T14:01:00Z,389,UA/ ORD,2003
UA,ORD,dep,1970-01-01T14:11:00Z,192,UA/ ORD,2003
UA,ORD,dep,1970-01-01T14:21:00Z,270,UA/ ORD,2003
UA,ORD,dep,1970-01-01T14:31:00Z,331,UA/ ORD,2003
UA,ORD,dep,1970-01-01T14:41:00Z,3257,UA/ ORD,2003
UA,ORD,dep,1970-01-01T14:51:00Z,3318,UA/ ORD,2003
UA,ORD,dep,1970-01-01T15:01:00Z,1762,UA/ ORD,2003
UA,ORD,dep,1970-01-01T15:11:00Z,612,UA/ ORD,2003
UA,ORD,dep,1970-01-01T15:21:00Z,310,UA/ ORD,2003
UA,ORD,dep,1970-01-01T15:31:00Z,334,UA/ ORD,2003
UA,ORD,dep,1970-01-01T15:41:00Z,2234,UA/ ORD,2003
UA,ORD,dep,1970-01-01T15:51:00Z,3196,UA/ ORD,2003
UA,ORD,dep,1970-01-01T16:01:00Z,2397,UA/ ORD,2003
UA,ORD,dep,1970-01-01T16:11:00Z,1071,UA/ ORD,2003
UA,ORD,dep,1970-01-01T16:21:00Z,510,UA/ ORD,2003
UA,ORD,dep,1970-01-01T16:31:00Z,387,UA/ ORD,2003
UA,ORD,dep,1970-01-01T16:41:00Z,2033,UA/ ORD,2003
UA,ORD,dep,1970-01-01T16:51:00Z,2955,UA/ ORD,2003
UA,ORD,dep,1970-01-01T17:01:00Z,1536,UA/ ORD,2003
UA,ORD,dep,1970-01-01T17:11:00Z,979,UA/ ORD,2003
UA,ORD,dep,1970-01-01T17:21:00Z,545,UA/ ORD,2003
UA,ORD,dep,1970-01-01T17:31:00Z,387,UA/ ORD,2003
UA,ORD,dep,1970-01-01T17:41:00Z,1770,UA/ ORD,2003
UA,ORD,dep,1970-01-01T17:51:00Z,3226,UA/ ORD,2003
UA,ORD,dep,1970-01-01T18:01:00Z,3185,UA/ ORD,2003
UA,ORD,dep,1970-01-01T18:11:00Z,1571,UA/ ORD,2003
UA,ORD,dep,1970-01-01T18:21:00Z,815,UA/ ORD,2003
UA,ORD,dep,1970-01-01T18:31:00Z,516,UA/ ORD,2003
UA,ORD,dep,1970-01-01T18:41:00Z,903,UA/ ORD,2003
UA,ORD,dep,1970-01-01T18:51:00Z,2094,UA/ ORD,2003
UA,ORD,dep,1970-01-01T19:01:00Z,1211,UA/ ORD,2003
UA,ORD,dep,1970-01-01T19:11:00Z,622,UA/ ORD,2003
UA,ORD,dep,1970-01-01T19:21:00Z,511,UA/ ORD,2003
UA,ORD,dep,1970-01-01T19:31:00Z,2131,UA/ ORD,2003
UA,ORD,dep,1970-01-01T19:41:00Z,2601,UA/ ORD,2003
UA,ORD,dep,1970-01-01T19:51:00Z,1890,UA/ ORD,2003
UA,ORD,dep,1970-01-01T20:01:00Z,950,UA/ ORD,2003
UA,ORD,dep,1970-01-01T20:11:00Z,571,UA/ ORD,2003
UA,ORD,dep,1970-01-01T20:21:00Z,400,UA/ ORD,2003
UA,ORD,dep,1970-01-01T20:31:00Z,520,UA/ ORD,2003
UA,ORD,dep,1970-01-01T20:41:00Z,2425,UA/ ORD,2003
UA,ORD,dep,1970-01-01T20:51:00Z,1764,UA/ ORD,2003
UA,ORD,dep,1970-01-01T21:01:00Z,1086,UA/ ORD,2003
UA,ORD,dep,1970-01-01T21:11:00Z,1668,UA/ ORD,2003
UA,ORD,dep,1970-01-01T21:21:00Z,633,UA/ ORD,2003
UA,ORD,dep,1970-01-01T21:31:00Z,455,UA/ ORD,2003
UA,ORD,dep,1970-01-01T21:41:00Z,340,UA/ ORD,2003
UA,ORD,dep,1970-01-01T21:51:00Z,251,UA/ ORD,2003
UA,ORD,dep,1970-01-01T22:01:00Z,232,UA/ ORD,2003
UA,ORD,dep,1970-01-01T22:11:00Z,174,UA/ ORD,2003
UA,ORD,dep,1970-01-01T22:21:00Z,145,UA/ ORD,2003
UA,ORD,dep,1970-01-01T22:31:00Z,125,UA/ ORD,2003
UA,ORD,dep,1970-01-01T22:41:00Z,82,UA/ ORD,2003
UA,ORD,dep,1970-01-01T22:51:00Z,73,UA/ ORD,2003
UA,ORD,dep,1970-01-01T23:01:00Z,57,UA/ ORD,2003
UA,ORD,dep,1970-01-01T23:11:00Z,43,UA/ ORD,2003
UA,ORD,dep,1970-01-01T23:21:00Z,41,UA/ ORD,2003
UA,ORD,dep,1970-01-01T23:31:00Z,44,UA/ ORD,2003
UA,ORD,dep,1970-01-01T23:41:00Z,24,UA/ ORD,2003
UA,ORD,dep,1970-01-01T23:51:00Z,31,UA/ ORD,2003
AA,ORD,arr,1970-01-01T00:01:00Z,-80,AA/ ORD,2004
AA,ORD,arr,1970-01-01T00:11:00Z,-59,AA/ ORD,2004
AA,ORD,arr,1970-01-01T00:21:00Z,-40,AA/ ORD,2004
AA,ORD,arr,1970-01-01T00:31:00Z,-37,AA/ ORD,2004
AA,ORD,arr,1970-01-01T00:41:00Z,-29,AA/ ORD,2004
AA,ORD,arr,1970-01-01T00:51:00Z,-26,AA/ ORD,2004
AA,ORD,arr,1970-01-01T01:01:00Z,-21,AA/ ORD,2004
AA,ORD,arr,1970-01-01T01:11:00Z,-11,AA/ ORD,2004
AA,ORD,arr,1970-01-01T01:21:00Z,-9,AA/ ORD,2004
AA,ORD,arr,1970-01-01T01:31:00Z,-13,AA/ ORD,2004
AA,ORD,arr,1970-01-01T01:41:00Z,-12,AA/ ORD,2004
AA,ORD,arr,1970-01-01T01:51:00Z,-3,AA/ ORD,2004
AA,ORD,arr,1970-01-01T02:01:00Z,-4,AA/ ORD,2004
AA,ORD,arr,1970-01-01T02:11:00Z,-7,AA/ ORD,2004
AA,ORD,arr,1970-01-01T02:21:00Z,-4,AA/ ORD,2004
AA,ORD,arr,1970-01-01T02:31:00Z,-6,AA/ ORD,2004
AA,ORD,arr,1970-01-01T02:41:00Z,-3,AA/ ORD,2004
AA,ORD,arr,1970-01-01T02:51:00Z,-5,AA/ ORD,2004
AA,ORD,arr,1970-01-01T03:01:00Z,-3,AA/ ORD,2004
AA,ORD,arr,1970-01-01T03:11:00Z,-5,AA/ ORD,2004
AA,ORD,arr,1970-01-01T03:21:00Z,-1,AA/ ORD,2004
AA,ORD,arr,1970-01-01T03:31:00Z,-2,AA/ ORD,2004
AA,ORD,arr,1970-01-01T03:41:00Z,-1,AA/ ORD,2004
AA,ORD,arr,1970-01-01T03:51:00Z,-2,AA/ ORD,2004
AA,ORD,arr,1970-01-01T04:11:00Z,-4,AA/ ORD,2004
AA,ORD,arr,1970-01-01T04:21:00Z,-58,AA/ ORD,2004
AA,ORD,arr,1970-01-01T04:31:00Z,-121,AA/ ORD,2004
AA,ORD,arr,1970-01-01T04:41:00Z,-180,AA/ ORD,2004
AA,ORD,arr,1970-01-01T04:51:00Z,-201,AA/ ORD,2004
AA,ORD,arr,1970-01-01T05:01:00Z,-198,AA/ ORD,2004
AA,ORD,arr,1970-01-01T05:11:00Z,-215,AA/ ORD,2004
AA,ORD,arr,1970-01-01T05:21:00Z,-269,AA/ ORD,2004
AA,ORD,arr,1970-01-01T05:31:00Z,-400,AA/ ORD,2004
AA,ORD,arr,1970-01-01T05:41:00Z,-389,AA/ ORD,2004
AA,ORD,arr,1970-01-01T05:51:00Z,-240,AA/ ORD,2004
AA,ORD,arr,1970-01-01T06:01:00Z,-121,AA/ ORD,2004
AA,ORD,arr,1970-01-01T06:11:00Z,-66,AA/ ORD,2004
AA,ORD,arr,1970-01-01T06:21:00Z,-34,AA/ ORD,2004
AA,ORD,arr,1970-01-01T06:31:00Z,-50,AA/ ORD,2004
AA,ORD,arr,1970-01-01T06:41:00Z,-144,AA/ ORD,2004
AA,ORD,arr,1970-01-01T06:51:00Z,-404,AA/ ORD,2004
AA,ORD,arr,1970-01-01T07:01:00Z,-701,AA/ ORD,2004
AA,ORD,arr,1970-01-01T07:11:00Z,-1010,AA/ ORD,2004
AA,ORD,arr,1970-01-01T07:21:00Z,-1066,AA/ ORD,2004
AA,ORD,arr,1970-01-01T07:31:00Z,-990,AA/ ORD,2004
AA,ORD,arr,1970-01-01T07:41:00Z,-705,AA/ ORD,2004
AA,ORD,arr,1970-01-01T07:51:00Z,-535,AA/ ORD,2004
AA,ORD,arr,1970-01-01T08:01:00Z,-577,AA/ ORD,2004
AA,ORD,arr,1970-01-01T08:11:00Z,-555,AA/ ORD,2004
AA,ORD,arr,1970-01-01T08:21:00Z,-800,AA/ ORD,2004
AA,ORD,arr,1970-01-01T08:31:00Z,-883,AA/ ORD,2004
AA,ORD,arr,1970-01-01T08:41:00Z,-792,AA/ ORD,2004
AA,ORD,arr,1970-01-01T08:51:00Z,-774,AA/ ORD,2004
AA,ORD,arr,1970-01-01T09:01:00Z,-820,AA/ ORD,2004
AA,ORD,arr,1970-01-01T09:11:00Z,-973,AA/ ORD,2004
AA,ORD,arr,1970-01-01T09:21:00Z,-1262,AA/ ORD,2004
AA,ORD,arr,1970-01-01T09:31:00Z,-1127,AA/ ORD,2004
AA,ORD,arr,1970-01-01T09:41:00Z,-898,AA/ ORD,2004
AA,ORD,arr,1970-01-01T09:51:00Z,-910,AA/ ORD,2004
AA,ORD,arr,1970-01-01T10:01:00Z,-1099,AA/ ORD,2004
AA,ORD,arr,1970-01-01T10:11:00Z,-940,AA/ ORD,2004
AA,ORD,arr,1970-01-01T10:21:00Z,-935,AA/ ORD,2004
AA,ORD,arr,1970-01-01T10:31:00Z,-883,AA/ ORD,2004
AA,ORD,arr,1970-01-01T10:41:00Z,-802,AA/ ORD,2004
AA,ORD,arr,1970-01-01T10:51:00Z,-841,AA/ ORD,2004
AA,ORD,arr,1970-01-01T11:01:00Z,-1030,AA/ ORD,2004
AA,ORD,arr,1970-01-01T11:11:00Z,-1166,AA/ ORD,2004
AA,ORD,arr,1970-01-01T11:21:00Z,-1039,AA/ ORD,2004
AA,ORD,arr,1970-01-01T11:31:00Z,-1060,AA/ ORD,2004
AA,ORD,arr,1970-01-01T11:41:00Z,-1148,AA/ ORD,2004
AA,ORD,arr,1970-01-01T11:51:00Z,-1068,AA/ ORD,2004
AA,ORD,arr,1970-01-01T12:01:00Z,-963,AA/ ORD,2004
AA,ORD,arr,1970-01-01T12:11:00Z,-1037,AA/ ORD,2004
AA,ORD,arr,1970-01-01T12:21:00Z,-1185,AA/ ORD,2004
AA,ORD,arr,1970-01-01T12:31:00Z,-1292,AA/ ORD,2004
AA,ORD,arr,1970-01-01T12:41:00Z,-1108,AA/ ORD,2004
AA,ORD,arr,1970-01-01T12:51:00Z,-873,AA/ ORD,2004
AA,ORD,arr,1970-01-01T13:01:00Z,-834,AA/ ORD,2004
AA,ORD,arr,1970-01-01T13:11:00Z,-760,AA/ ORD,2004
AA,ORD,arr,1970-01-01T13:21:00Z,-804,AA/ ORD,2004
AA,ORD,arr,1970-01-01T13:31:00Z,-788,AA/ ORD,2004
AA,ORD,arr,1970-01-01T13:41:00Z,-836,AA/ ORD,2004
AA,ORD,arr,1970-01-01T13:51:00Z,-1034,AA/ ORD,2004
AA,ORD,arr,1970-01-01T14:01:00Z,-1151,AA/ ORD,2004
AA,ORD,arr,1970-01-01T14:11:00Z,-1106,AA/ ORD,2004
AA,ORD,arr,1970-01-01T14:21:00Z,-986,AA/ ORD,2004
AA,ORD,arr,1970-01-01T14:31:00Z,-863,AA/ ORD,2004
AA,ORD,arr,1970-01-01T14:41:00Z,-721,AA/ ORD,2004
AA,ORD,arr,1970-01-01T14:51:00Z,-627,AA/ ORD,2004
AA,ORD,arr,1970-01-01T15:01:00Z,-771,AA/ ORD,2004
AA,ORD,arr,1970-01-01T15:11:00Z,-798,AA/ ORD,2004
AA,ORD,arr,1970-01-01T15:21:00Z,-802,AA/ ORD,2004
AA,ORD,arr,1970-01-01T15:31:00Z,-980,AA/ ORD,2004
AA,ORD,arr,1970-01-01T15:41:00Z,-1100,AA/ ORD,2004
AA,ORD,arr,1970-01-01T15:51:00Z,-1012,AA/ ORD,2004
AA,ORD,arr,1970-01-01T16:01:00Z,-1124,AA/ ORD,2004
AA,ORD,arr,1970-01-01T16:11:00Z,-1163,AA/ ORD,2004
AA,ORD,arr,1970-01-01T16:21:00Z,-1303,AA/ ORD,2004
AA,ORD,arr,1970-01-01T16:31:00Z,-1238,AA/ ORD,2004
AA,ORD,arr,1970-01-01T16:41:00Z,-1059,AA/ ORD,2004
AA,ORD,arr,1970-01-01T16:51:00Z,-1133,AA/ ORD,2004
AA,ORD,arr,1970-01-01T17:01:00Z,-1105,AA/ ORD,2004
AA,ORD,arr,1970-01-01T17:11:00Z,-1016,AA/ ORD,2004
AA,ORD,arr,1970-01-01T17:21:00Z,-1023,AA/ ORD,2004
AA,ORD,arr,1970-01-01T17:31:00Z,-945,AA/ ORD,2004
AA,ORD,arr,1970-01-01T17:41:00Z,-1061,AA/ ORD,2004
AA,ORD,arr,1970-01-01T17:51:00Z,-1103,AA/ ORD,2004
AA,ORD,arr,1970-01-01T18:01:00Z,-1097,AA/ ORD,2004
AA,ORD,arr,1970-01-01T18:11:00Z,-1157,AA/ ORD,2004
AA,ORD,arr,1970-01-01T18:21:00Z,-1204,AA/ ORD,2004
AA,ORD,arr,1970-01-01T18:31:00Z,-1097,AA/ ORD,2004
AA,ORD,arr,1970-01-01T18:41:00Z,-1071,AA/ ORD,2004
AA,ORD,arr,1970-01-01T18:51:00Z,-954,AA/ ORD,2004
AA,ORD,arr,1970-01-01T19:01:00Z,-1008,AA/ ORD,2004
AA,ORD,arr,1970-01-01T19:11:00Z,-1085,AA/ ORD,2004
AA,ORD,arr,1970-01-01T19:21:00Z,-1140,AA/ ORD,2004
AA,ORD,arr,1970-01-01T19:31:00Z,-935,AA/ ORD,2004
AA,ORD,arr,1970-01-01T19:41:00Z,-889,AA/ ORD,2004
AA,ORD,arr,1970-01-01T19:51:00Z,-861,AA/ ORD,2004
AA,ORD,arr,1970-01-01T20:01:00Z,-946,AA/ ORD,2004
AA,ORD,arr,1970-01-01T20:11:00Z,-1038,AA/ ORD,2004
AA,ORD,arr,1970-01-01T20:21:00Z,-1168,AA/ ORD,2004
AA,ORD,arr,1970-01-01T20:31:00Z,-1162,AA/ ORD,2004
AA,ORD,arr,1970-01-01T20:41:00Z,-1095,AA/ ORD,2004
AA,ORD,arr,1970-01-01T20:51:00Z,-902,AA/ ORD,2004
AA,ORD,arr,1970-01-01T21:01:00Z,-848,AA/ ORD,2004
AA,ORD,arr,1970-01-01T21:11:00Z,-894,AA/ ORD,2004
AA,ORD,arr,1970-01-01T21:21:00Z,-746,AA/ ORD,2004
AA,ORD,arr,1970-01-01T21:31:00Z,-664,AA/ ORD,2004
AA,ORD,arr,1970-01-01T21:41:00Z,-582,AA/ ORD,2004
AA,ORD,arr,1970-01-01T21:51:00Z,-551,AA/ ORD,2004
AA,ORD,arr,1970-01-01T22:01:00Z,-553,AA/ ORD,2004
AA,ORD,arr,1970-01-01T22:11:00Z,-526,AA/ ORD,2004
AA,ORD,arr,1970-01-01T22:21:00Z,-480,AA/ ORD,2004
AA,ORD,arr,1970-01-01T22:31:00Z,-494,AA/ ORD,2004
AA,ORD,arr,1970-01-01T22:41:00Z,-392,AA/ ORD,2004
AA,ORD,arr,1970-01-01T22:51:00Z,-477,AA/ ORD,2004
AA,ORD,arr,1970-01-01T23:01:00Z,-462,AA/ ORD,2004
AA,ORD,arr,1970-01-01T23:11:00Z,-299,AA/ ORD,2004
AA,ORD,arr,1970-01-01T23:21:00Z,-229,AA/ ORD,2004
AA,ORD,arr,1970-01-01T23:31:00Z,-201,AA/ ORD,2004
AA,ORD,arr,1970-01-01T23:41:00Z,-127,AA/ ORD,2004
AA,ORD,arr,1970-01-01T23:51:00Z,-130,AA/ ORD,2004
AA,ORD,dep,1970-01-01T00:01:00Z,43,AA/ ORD,2004
AA,ORD,dep,1970-01-01T00:11:00Z,24,AA/ ORD,2004
AA,ORD,dep,1970-01-01T00:21:00Z,19,AA/ ORD,2004
AA,ORD,dep,1970-01-01T00:31:00Z,15,AA/ ORD,2004
AA,ORD,dep,1970-01-01T00:41:00Z,11,AA/ ORD,2004
AA,ORD,dep,1970-01-01T00:51:00Z,10,AA/ ORD,2004
AA,ORD,dep,1970-01-01T01:01:00Z,1,AA/ ORD,2004
AA,ORD,dep,1970-01-01T01:11:00Z,6,AA/ ORD,2004
AA,ORD,dep,1970-01-01T01:21:00Z,3,AA/ ORD,2004
AA,ORD,dep,1970-01-01T01:31:00Z,2,AA/ ORD,2004
AA,ORD,dep,1970-01-01T01:41:00Z,2,AA/ ORD,2004
AA,ORD,dep,1970-01-01T02:01:00Z,3,AA/ ORD,2004
AA,ORD,dep,1970-01-01T02:21:00Z,2,AA/ ORD,2004
AA,ORD,dep,1970-01-01T02:31:00Z,2,AA/ ORD,2004
AA,ORD,dep,1970-01-01T02:41:00Z,1,AA/ ORD,2004
AA,ORD,dep,1970-01-01T02:51:00Z,1,AA/ ORD,2004
AA,ORD,dep,1970-01-01T03:01:00Z,1,AA/ ORD,2004
AA,ORD,dep,1970-01-01T03:21:00Z,1,AA/ ORD,2004
AA,ORD,dep,1970-01-01T04:11:00Z,1,AA/ ORD,2004
AA,ORD,dep,1970-01-01T04:21:00Z,1,AA/ ORD,2004
AA,ORD,dep,1970-01-01T04:31:00Z,1,AA/ ORD,2004
AA,ORD,dep,1970-01-01T05:01:00Z,1,AA/ ORD,2004
AA,ORD,dep,1970-01-01T05:41:00Z,5,AA/ ORD,2004
AA,ORD,dep,1970-01-01T05:51:00Z,363,AA/ ORD,2004
AA,ORD,dep,1970-01-01T06:01:00Z,263,AA/ ORD,2004
AA,ORD,dep,1970-01-01T06:11:00Z,329,AA/ ORD,2004
AA,ORD,dep,1970-01-01T06:21:00Z,948,AA/ ORD,2004
AA,ORD,dep,1970-01-01T06:31:00Z,922,AA/ ORD,2004
AA,ORD,dep,1970-01-01T06:41:00Z,492,AA/ ORD,2004
AA,ORD,dep,1970-01-01T06:51:00Z,1265,AA/ ORD,2004
AA,ORD,dep,1970-01-01T07:01:00Z,703,AA/ ORD,2004
AA,ORD,dep,1970-01-01T07:11:00Z,129,AA/ ORD,2004
AA,ORD,dep,1970-01-01T07:21:00Z,527,AA/ ORD,2004
AA,ORD,dep,1970-01-01T07:31:00Z,235,AA/ ORD,2004
AA,ORD,dep,1970-01-01T07:41:00Z,326,AA/ ORD,2004
AA,ORD,dep,1970-01-01T07:51:00Z,564,AA/ ORD,2004
AA,ORD,dep,1970-01-01T08:01:00Z,852,AA/ ORD,2004
AA,ORD,dep,1970-01-01T08:11:00Z,2205,AA/ ORD,2004
AA,ORD,dep,1970-01-01T08:21:00Z,1872,AA/ ORD,2004
AA,ORD,dep,1970-01-01T08:31:00Z,880,AA/ ORD,2004
AA,ORD,dep,1970-01-01T08:41:00Z,908,AA/ ORD,2004
AA,ORD,dep,1970-01-01T08:51:00Z,1099,AA/ ORD,2004
AA,ORD,dep,1970-01-01T09:01:00Z,876,AA/ ORD,2004
AA,ORD,dep,1970-01-01T09:11:00Z,1031,AA/ ORD,2004
AA,ORD,dep,1970-01-01T09:21:00Z,1139,AA/ ORD,2004
AA,ORD,dep,1970-01-01T09:31:00Z,860,AA/ ORD,2004
AA,ORD,dep,1970-01-01T09:41:00Z,623,AA/ ORD,2004
AA,ORD,dep,1970-01-01T09:51:00Z,1181,AA/ ORD,2004
AA,ORD,dep,1970-01-01T10:01:00Z,982,AA/ ORD,2004
AA,ORD,dep,1970-01-01T10:11:00Z,1741,AA/ ORD,2004
AA,ORD,dep,1970-01-01T10:21:00Z,1190,AA/ ORD,2004
AA,ORD,dep,1970-01-01T10:31:00Z,872,AA/ ORD,2004
AA,ORD,dep,1970-01-01T10:41:00Z,1292,AA/ ORD,2004
AA,ORD,dep,1970-01-01T10:51:00Z,1266,AA/ ORD,2004
AA,ORD,dep,1970-01-01T11:01:00Z,1155,AA/ ORD,2004
AA,ORD,dep,1970-01-01T11:11:00Z,895,AA/ ORD,2004
AA,ORD,dep,1970-01-01T11:21:00Z,1012,AA/ ORD,2004
AA,ORD,dep,1970-01-01T11:31:00Z,907,AA/ ORD,2004
AA,ORD,dep,1970-01-01T11:41:00Z,842,AA/ ORD,2004
AA,ORD,dep,1970-01-01T11:51:00Z,1266,AA/ ORD,2004
AA,ORD,dep,1970-01-01T12:01:00Z,1236,AA/ ORD,2004
AA,ORD,dep,1970-01-01T12:11:00Z,880,AA/ ORD,2004
AA,ORD,dep,1970-01-01T12:21:00Z,1134,AA/ ORD,2004
AA,ORD,dep,1970-01-01T12:31:00Z,868,AA/ ORD,2004
AA,ORD,dep,1970-01-01T12:41:00Z,977,AA/ ORD,2004
AA,ORD,dep,1970-01-01T12:51:00Z,1201,AA/ ORD,2004
AA,ORD,dep,1970-01-01T13:01:00Z,912,AA/ ORD,2004
AA,ORD,dep,1970-01-01T13:11:00Z,1183,AA/ ORD,2004
AA,ORD,dep,1970-01-01T13:21:00Z,1029,AA/ ORD,2004
AA,ORD,dep,1970-01-01T13:31:00Z,919,AA/ ORD,2004
AA,ORD,dep,1970-01-01T13:41:00Z,681,AA/ ORD,2004
AA,ORD,dep,1970-01-01T13:51:00Z,1036,AA/ ORD,2004
AA,ORD,dep,1970-01-01T14:01:00Z,785,AA/ ORD,2004
AA,ORD,dep,1970-01-01T14:11:00Z,915,AA/ ORD,2004
AA,ORD,dep,1970-01-01T14:21:00Z,758,AA/ ORD,2004
AA,ORD,dep,1970-01-01T14:31:00Z,621,AA/ ORD,2004
AA,ORD,dep,1970-01-01T14:41:00Z,1052,AA/ ORD,2004
AA,ORD,dep,1970-01-01T14:51:00Z,1561,AA/ ORD,2004
AA,ORD,dep,1970-01-01T15:01:00Z,1099,AA/ ORD,2004
AA,ORD,dep,1970-01-01T15:11:00Z,962,AA/ ORD,2004
AA,ORD,dep,1970-01-01T15:21:00Z,935,AA/ ORD,2004
AA,ORD,dep,1970-01-01T15:31:00Z,745,AA/ ORD,2004
AA,ORD,dep,1970-01-01T15:41:00Z,578,AA/ ORD,2004
AA,ORD,dep,1970-01-01T15:51:00Z,910,AA/ ORD,2004
AA,ORD,dep,1970-01-01T16:01:00Z,1252,AA/ ORD,2004
AA,ORD,dep,1970-01-01T16:11:00Z,777,AA/ ORD,2004
AA,ORD,dep,1970-01-01T16:21:00Z,694,AA/ ORD,2004
AA,ORD,dep,1970-01-01T16:31:00Z,938,AA/ ORD,2004
AA,ORD,dep,1970-01-01T16:41:00Z,1002,AA/ ORD,2004
AA,ORD,dep,1970-01-01T16:51:00Z,1034,AA/ ORD,2004
AA,ORD,dep,1970-01-01T17:01:00Z,999,AA/ ORD,2004
AA,ORD,dep,1970-01-01T17:11:00Z,765,AA/ ORD,2004
AA,ORD,dep,1970-01-01T17:21:00Z,1143,AA/ ORD,2004
AA,ORD,dep,1970-01-01T17:31:00Z,1030,AA/ ORD,2004
AA,ORD,dep,1970-01-01T17:41:00Z,925,AA/ ORD,2004
AA,ORD,dep,1970-01-01T17:51:00Z,950,AA/ ORD,2004
AA,ORD,dep,1970-01-01T18:01:00Z,929,AA/ ORD,2004
AA,ORD,dep,1970-01-01T18:11:00Z,974,AA/ ORD,2004
AA,ORD,dep,1970-01-01T18:21:00Z,1048,AA/ ORD,2004
AA,ORD,dep,1970-01-01T18:31:00Z,876,AA/ ORD,2004
AA,ORD,dep,1970-01-01T18:41:00Z,1171,AA/ ORD,2004
AA,ORD,dep,1970-01-01T18:51:00Z,1533,AA/ ORD,2004
AA,ORD,dep,1970-01-01T19:01:00Z,1216,AA/ ORD,2004
AA,ORD,dep,1970-01-01T19:11:00Z,1404,AA/ ORD,2004
AA,ORD,dep,1970-01-01T19:21:00Z,1249,AA/ ORD,2004
AA,ORD,dep,1970-01-01T19:31:00Z,1094,AA/ ORD,2004
AA,ORD,dep,1970-01-01T19:41:00Z,971,AA/ ORD,2004
AA,ORD,dep,1970-01-01T19:51:00Z,963,AA/ ORD,2004
AA,ORD,dep,1970-01-01T20:01:00Z,984,AA/ ORD,2004
AA,ORD,dep,1970-01-01T20:11:00Z,1053,AA/ ORD,2004
AA,ORD,dep,1970-01-01T20:21:00Z,1084,AA/ ORD,2004
AA,ORD,dep,1970-01-01T20:31:00Z,793,AA/ ORD,2004
AA,ORD,dep,1970-01-01T20:41:00Z,697,AA/ ORD,2004
AA,ORD,dep,1970-01-01T20:51:00Z,733,AA/ ORD,2004
AA,ORD,dep,1970-01-01T21:01:00Z,625,AA/ ORD,2004
AA,ORD,dep,1970-01-01T21:11:00Z,832,AA/ ORD,2004
AA,ORD,dep,1970-01-01T21:21:00Z,980,AA/ ORD,2004
AA,ORD,dep,1970-01-01T21:31:00Z,611,AA/ ORD,2004
AA,ORD,dep,1970-01-01T21:41:00Z,562,AA/ ORD,2004
AA,ORD,dep,1970-01-01T21:51:00Z,324,AA/ ORD,2004
AA,ORD,dep,1970-01-01T22:01:00Z,357,AA/ ORD,2004
AA,ORD,dep,1970-01-01T22:11:00Z,543,AA/ ORD,2004
AA,ORD,dep,1970-01-01T22:21:00Z,473,AA/ ORD,2004
AA,ORD,dep,1970-01-01T22:31:00Z,272,AA/ ORD,2004
AA,ORD,dep,1970-01-01T22:41:00Z,258,AA/ ORD,2004
AA,ORD,dep,1970-01-01T22:51:00Z,237,AA/ ORD,2004
AA,ORD,dep,1970-01-01T23:01:00Z,151,AA/ ORD,2004
AA,ORD,dep,1970-01-01T23:11:00Z,153,AA/ ORD,2004
AA,ORD,dep,1970-01-01T23:21:00Z,96,AA/ ORD,2004
AA,ORD,dep,1970-01-01T23:31:00Z,76,AA/ ORD,2004
AA,ORD,dep,1970-01-01T23:41:00Z,72,AA/ ORD,2004
AA,ORD,dep,1970-01-01T23:51:00Z,47,AA/ ORD,2004
UA,ORD,arr,1970-01-01T00:01:00Z,-223,UA/ ORD,2004
UA,ORD,arr,1970-01-01T00:11:00Z,-135,UA/ ORD,2004
UA,ORD,arr,1970-01-01T00:21:00Z,-77,UA/ ORD,2004
UA,ORD,arr,1970-01-01T00:31:00Z,-53,UA/ ORD,2004
UA,ORD,arr,1970-01-01T00:41:00Z,-46,UA/ ORD,2004
UA,ORD,arr,1970-01-01T00:51:00Z,-40,UA/ ORD,2004
UA,ORD,arr,1970-01-01T01:01:00Z,-20,UA/ ORD,2004
UA,ORD,arr,1970-01-01T01:11:00Z,-27,UA/ ORD,2004
UA,ORD,arr,1970-01-01T01:21:00Z,-25,UA/ ORD,2004
UA,ORD,arr,1970-01-01T01:31:00Z,-14,UA/ ORD,2004
UA,ORD,arr,1970-01-01T01:41:00Z,-10,UA/ ORD,2004
UA,ORD,arr,1970-01-01T01:51:00Z,-8,UA/ ORD,2004
UA,ORD,arr,1970-01-01T02:01:00Z,-9,UA/ ORD,2004
UA,ORD,arr,1970-01-01T02:11:00Z,-5,UA/ ORD,2004
UA,ORD,arr,1970-01-01T02:21:00Z,-4,UA/ ORD,2004
UA,ORD,arr,1970-01-01T02:31:00Z,-6,UA/ ORD,2004
UA,ORD,arr,1970-01-01T02:41:00Z,-1,UA/ ORD,2004
UA,ORD,arr,1970-01-01T02:51:00Z,-1,UA/ ORD,2004
UA,ORD,arr,1970-01-01T03:01:00Z,-1,UA/ ORD,2004
UA,ORD,arr,1970-01-01T03:11:00Z,-1,UA/ ORD,2004
UA,ORD,arr,1970-01-01T03:31:00Z,-3,UA/ ORD,2004
UA,ORD,arr,1970-01-01T03:41:00Z,-12,UA/ ORD,2004
UA,ORD,arr,1970-01-01T03:51:00Z,-24,UA/ ORD,2004
UA,ORD,arr,1970-01-01T04:01:00Z,-25,UA/ ORD,2004
UA,ORD,arr,1970-01-01T04:11:00Z,-32,UA/ ORD,2004
UA,ORD,arr,1970-01-01T04:21:00Z,-147,UA/ ORD,2004
UA,ORD,arr,1970-01-01T04:31:00Z,-343,UA/ ORD,2004
UA,ORD,arr,1970-01-01T04:41:00Z,-427,UA/ ORD,2004
UA,ORD,arr,1970-01-01T04:51:00Z,-578,UA/ ORD,2004
UA,ORD,arr,1970-01-01T05:01:00Z,-708,UA/ ORD,2004
UA,ORD,arr,1970-01-01T05:11:00Z,-644,UA/ ORD,2004
UA,ORD,arr,1970-01-01T05:21:00Z,-389,UA/ ORD,2004
UA,ORD,arr,1970-01-01T05:31:00Z,-350,UA/ ORD,2004
UA,ORD,arr,1970-01-01T05:41:00Z,-323,UA/ ORD,2004
UA,ORD,arr,1970-01-01T05:51:00Z,-230,UA/ ORD,2004
UA,ORD,arr,1970-01-01T06:01:00Z,-260,UA/ ORD,2004
UA,ORD,arr,1970-01-01T06:11:00Z,-174,UA/ ORD,2004
UA,ORD,arr,1970-01-01T06:21:00Z,-254,UA/ ORD,2004
UA,ORD,arr,1970-01-01T06:31:00Z,-474,UA/ ORD,2004
UA,ORD,arr,1970-01-01T06:41:00Z,-851,UA/ ORD,2004
UA,ORD,arr,1970-01-01T06:51:00Z,-902,UA/ ORD,2004
UA,ORD,arr,1970-01-01T07:01:00Z,-1042,UA/ ORD,2004
UA,ORD,arr,1970-01-01T07:11:00Z,-719,UA/ ORD,2004
UA,ORD,arr,1970-01-01T07:21:00Z,-457,UA/ ORD,2004
UA,ORD,arr,1970-01-01T07:31:00Z,-476,UA/ ORD,2004
UA,ORD,arr,1970-01-01T07:41:00Z,-766,UA/ ORD,2004
UA,ORD,arr,1970-01-01T07:51:00Z,-963,UA/ ORD,2004
UA,ORD,arr,1970-01-01T08:01:00Z,-926,UA/ ORD,2004
UA,ORD,arr,1970-01-01T08:11:00Z,-741,UA/ ORD,2004
UA,ORD,arr,1970-01-01T08:21:00Z,-1061,UA/ ORD,2004
UA,ORD,arr,1970-01-01T08:31:00Z,-1442,UA/ ORD,2004
UA,ORD,arr,1970-01-01T08:41:00Z,-1637,UA/ ORD,2004
UA,ORD,arr,1970-01-01T08:51:00Z,-1421,UA/ ORD,2004
UA,ORD,arr,1970-01-01T09:01:00Z,-1710,UA/ ORD,2004
UA,ORD,arr,1970-01-01T09:11:00Z,-1389,UA/ ORD,2004
UA,ORD,arr,1970-01-01T09:21:00Z,-1036,UA/ ORD,2004
UA,ORD,arr,1970-01-01T09:31:00Z,-1165,UA/ ORD,2004
UA,ORD,arr,1970-01-01T09:41:00Z,-1348,UA/ ORD,2004
UA,ORD,arr,1970-01-01T09:51:00Z,-1218,UA/ ORD,2004
UA,ORD,arr,1970-01-01T10:01:00Z,-1131,UA/ ORD,2004
UA,ORD,arr,1970-01-01T10:11:00Z,-881,UA/ ORD,2004
UA,ORD,arr,1970-01-01T10:21:00Z,-1004,UA/ ORD,2004
UA,ORD,arr,1970-01-01T10:31:00Z,-1303,UA/ ORD,2004
UA,ORD,arr,1970-01-01T10:41:00Z,-1281,UA/ ORD,2004
UA,ORD,arr,1970-01-01T10:51:00Z,-1363,UA/ ORD,2004
UA,ORD,arr,1970-01-01T11:01:00Z,-1326,UA/ ORD,2004
UA,ORD,arr,1970-01-01T11:11:00Z,-980,UA/ ORD,2004
UA,ORD,arr,1970-01-01T11:21:00Z,-744,UA/ ORD,2004
UA,ORD,arr,1970-01-01T11:31:00Z,-813,UA/ ORD,2004
UA,ORD,arr,1970-01-01T11:41:00Z,-1002,UA/ ORD,2004
UA,ORD,arr,1970-01-01T11:51:00Z,-1093,UA/ ORD,2004
UA,ORD,arr,1970-01-01T12:01:00Z,-1296,UA/ ORD,2004
UA,ORD,arr,1970-01-01T12:11:00Z,-1650,UA/ ORD,2004
UA,ORD,arr,1970-01-01T12:21:00Z,-1602,UA/ ORD,2004
UA,ORD,arr,1970-01-01T12:31:00Z,-1292,UA/ ORD,2004
UA,ORD,arr,1970-01-01T12:41:00Z,-1038,UA/ ORD,2004
UA,ORD,arr,1970-01-01T12:51:00Z,-779,UA/ ORD,2004
UA,ORD,arr,1970-01-01T13:01:00Z,-749,UA/ ORD,2004
UA,ORD,arr,1970-01-01T13:11:00Z,-680,UA/ ORD,2004
UA,ORD,arr,1970-01-01T13:21:00Z,-859,UA/ ORD,2004
UA,ORD,arr,1970-01-01T13:31:00Z,-1164,UA/ ORD,2004
UA,ORD,arr,1970-01-01T13:41:00Z,-1504,UA/ ORD,2004
UA,ORD,arr,1970-01-01T13:51:00Z,-1658,UA/ ORD,2004
UA,ORD,arr,1970-01-01T14:01:00Z,-1476,UA/ ORD,2004
UA,ORD,arr,1970-01-01T14:11:00Z,-1068,UA/ ORD,2004
UA,ORD,arr,1970-01-01T14:21:00Z,-992,UA/ ORD,2004
UA,ORD,arr,1970-01-01T14:31:00Z,-1144,UA/ ORD,2004
UA,ORD,arr,1970-01-01T14:41:00Z,-1414,UA/ ORD,2004
UA,ORD,arr,1970-01-01T14:51:00Z,-1550,UA/ ORD,2004
UA,ORD,arr,1970-01-01T15:01:00Z,-1594,UA/ ORD,2004
UA,ORD,arr,1970-01-01T15:11:00Z,-1423,UA/ ORD,2004
UA,ORD,arr,1970-01-01T15:21:00Z,-1047,UA/ ORD,2004
UA,ORD,arr,1970-01-01T15:31:00Z,-995,UA/ ORD,2004
UA,ORD,arr,1970-01-01T15:41:00Z,-1059,UA/ ORD,2004
UA,ORD,arr,1970-01-01T15:51:00Z,-1334,UA/ ORD,2004
UA,ORD,arr,1970-01-01T16:01:00Z,-1569,UA/ ORD,2004
UA,ORD,arr,1970-01-01T16:11:00Z,-1531,UA/ ORD,2004
UA,ORD,arr,1970-01-01T16:21:00Z,-1459,UA/ ORD,2004
UA,ORD,arr,1970-01-01T16:31:00Z,-1282,UA/ ORD,2004
UA,ORD,arr,1970-01-01T16:41:00Z,-1208,UA/ ORD,2004
UA,ORD,arr,1970-01-01T16:51:00Z,-1427,UA/ ORD,2004
UA,ORD,arr,1970-01-01T17:01:00Z,-1819,UA/ ORD,2004
UA,ORD,arr,1970-01-01T17:11:00Z,-1789,UA/ ORD,2004
UA,ORD,arr,1970-01-01T17:21:00Z,-1409,UA/ ORD,2004
UA,ORD,arr,1970-01-01T17:31:00Z,-1191,UA/ ORD,2004
UA,ORD,arr,1970-01-01T17:41:00Z,-1223,UA/ ORD,2004
UA,ORD,arr,1970-01-01T17:51:00Z,-1340,UA/ ORD,2004
UA,ORD,arr,1970-01-01T18:01:00Z,-1375,UA/ ORD,2004
UA,ORD,arr,1970-01-01T18:11:00Z,-1426,UA/ ORD,2004
UA,ORD,arr,1970-01-01T18:21:00Z,-1362,UA/ ORD,2004
UA,ORD,arr,1970-01-01T18:31:00Z,-1452,UA/ ORD,2004
UA,ORD,arr,1970-01-01T18:41:00Z,-1470,UA/ ORD,2004
UA,ORD,arr,1970-01-01T18:51:00Z,-1394,UA/ ORD,2004
UA,ORD,arr,1970-01-01T19:01:00Z,-1387,UA/ ORD,2004
UA,ORD,arr,1970-01-01T19:11:00Z,-1337,UA/ ORD,2004
UA,ORD,arr,1970-01-01T19:21:00Z,-1265,UA/ ORD,2004
UA,ORD,arr,1970-01-01T19:31:00Z,-1353,UA/ ORD,2004
UA,ORD,arr,1970-01-01T19:41:00Z,-1487,UA/ ORD,2004
UA,ORD,arr,1970-01-01T19:51:00Z,-1670,UA/ ORD,2004
UA,ORD,arr,1970-01-01T20:01:00Z,-1774,UA/ ORD,2004
UA,ORD,arr,1970-01-01T20:11:00Z,-1691,UA/ ORD,2004
UA,ORD,arr,1970-01-01T20:21:00Z,-1336,UA/ ORD,2004
UA,ORD,arr,1970-01-01T20:31:00Z,-1045,UA/ ORD,2004
UA,ORD,arr,1970-01-01T20:41:00Z,-869,UA/ ORD,2004
UA,ORD,arr,1970-01-01T20:51:00Z,-690,UA/ ORD,2004
UA,ORD,arr,1970-01-01T21:01:00Z,-545,UA/ ORD,2004
UA,ORD,arr,1970-01-01T21:11:00Z,-531,UA/ ORD,2004
UA,ORD,arr,1970-01-01T21:21:00Z,-553,UA/ ORD,2004
UA,ORD,arr,1970-01-01T21:31:00Z,-529,UA/ ORD,2004
UA,ORD,arr,1970-01-01T21:41:00Z,-670,UA/ ORD,2004
UA,ORD,arr,1970-01-01T21:51:00Z,-623,UA/ ORD,2004
UA,ORD,arr,1970-01-01T22:01:00Z,-413,UA/ ORD,2004
UA,ORD,arr,1970-01-01T22:11:00Z,-338,UA/ ORD,2004
UA,ORD,arr,1970-01-01T22:21:00Z,-305,UA/ ORD,2004
UA,ORD,arr,1970-01-01T22:31:00Z,-337,UA/ ORD,2004
UA,ORD,arr,1970-01-01T22:41:00Z,-290,UA/ ORD,2004
UA,ORD,arr,1970-01-01T22:51:00Z,-254,UA/ ORD,2004
UA,ORD,arr,1970-01-01T23:01:00Z,-246,UA/ ORD,2004
UA,ORD,arr,1970-01-01T23:11:00Z,-205,UA/ ORD,2004
UA,ORD,arr,1970-01-01T23:21:00Z,-161,UA/ ORD,2004
UA,ORD,arr,1970-01-01T23:31:00Z,-234,UA/ ORD,2004
UA,ORD,arr,1970-01-01T23:41:00Z,-290,UA/ ORD,2004
UA,ORD,arr,1970-01-01T23:51:00Z,-321,UA/ ORD,2004
UA,ORD,dep,1970-01-01T00:01:00Z,54,UA/ ORD,2004
UA,ORD,dep,1970-01-01T00:11:00Z,33,UA/ ORD,2004
UA,ORD,dep,1970-01-01T00:21:00Z,23,UA/ ORD,2004
UA,ORD,dep,1970-01-01T00:31:00Z,22,UA/ ORD,2004
UA,ORD,dep,1970-01-01T00:41:00Z,16,UA/ ORD,2004
UA,ORD,dep,1970-01-01T00:51:00Z,8,UA/ ORD,2004
UA,ORD,dep,1970-01-01T01:01:00Z,11,UA/ ORD,2004
UA,ORD,dep,1970-01-01T01:11:00Z,9,UA/ ORD,2004
UA,ORD,dep,1970-01-01T01:21:00Z,5,UA/ ORD,2004
UA,ORD,dep,1970-01-01T01:31:00Z,1,UA/ ORD,2004
UA,ORD,dep,1970-01-01T01:41:00Z,5,UA/ ORD,2004
UA,ORD,dep,1970-01-01T01:51:00Z,1,UA/ ORD,2004
UA,ORD,dep,1970-01-01T02:01:00Z,2,UA/ ORD,2004
UA,ORD,dep,1970-01-01T02:11:00Z,2,UA/ ORD,2004
UA,ORD,dep,1970-01-01T02:21:00Z,1,UA/ ORD,2004
UA,ORD,dep,1970-01-01T02:31:00Z,2,UA/ ORD,2004
UA,ORD,dep,1970-01-01T02:51:00Z,1,UA/ ORD,2004
UA,ORD,dep,1970-01-01T05:41:00Z,9,UA/ ORD,2004
UA,ORD,dep,1970-01-01T05:51:00Z,819,UA/ ORD,2004
UA,ORD,dep,1970-01-01T06:01:00Z,96,UA/ ORD,2004
UA,ORD,dep,1970-01-01T06:11:00Z,99,UA/ ORD,2004
UA,ORD,dep,1970-01-01T06:21:00Z,1381,UA/ ORD,2004
UA,ORD,dep,1970-01-01T06:31:00Z,1617,UA/ ORD,2004
UA,ORD,dep,1970-01-01T06:41:00Z,1383,UA/ ORD,2004
UA,ORD,dep,1970-01-01T06:51:00Z,2139,UA/ ORD,2004
UA,ORD,dep,1970-01-01T07:01:00Z,600,UA/ ORD,2004
UA,ORD,dep,1970-01-01T07:11:00Z,259,UA/ ORD,2004
UA,ORD,dep,1970-01-01T07:21:00Z,288,UA/ ORD,2004
UA,ORD,dep,1970-01-01T07:31:00Z,178,UA/ ORD,2004
UA,ORD,dep,1970-01-01T07:41:00Z,374,UA/ ORD,2004
UA,ORD,dep,1970-01-01T07:51:00Z,2206,UA/ ORD,2004
UA,ORD,dep,1970-01-01T08:01:00Z,1872,UA/ ORD,2004
UA,ORD,dep,1970-01-01T08:11:00Z,1424,UA/ ORD,2004
UA,ORD,dep,1970-01-01T08:21:00Z,346,UA/ ORD,2004
UA,ORD,dep,1970-01-01T08:31:00Z,263,UA/ ORD,2004
UA,ORD,dep,1970-01-01T08:41:00Z,288,UA/ ORD,2004
UA,ORD,dep,1970-01-01T08:51:00Z,2582,UA/ ORD,2004
UA,ORD,dep,1970-01-01T09:01:00Z,1236,UA/ ORD,2004
UA,ORD,dep,1970-01-01T09:11:00Z,790,UA/ ORD,2004
UA,ORD,dep,1970-01-01T09:21:00Z,530,UA/ ORD,2004
UA,ORD,dep,1970-01-01T09:31:00Z,395,UA/ ORD,2004
UA,ORD,dep,1970-01-01T09:41:00Z,565,UA/ ORD,2004
UA,ORD,dep,1970-01-01T09:51:00Z,2622,UA/ ORD,2004
UA,ORD,dep,1970-01-01T10:01:00Z,2377,UA/ ORD,2004
UA,ORD,dep,1970-01-01T10:11:00Z,2212,UA/ ORD,2004
UA,ORD,dep,1970-01-01T10:21:00Z,678,UA/ ORD,2004
UA,ORD,dep,1970-01-01T10:31:00Z,469,UA/ ORD,2004
UA,ORD,dep,1970-01-01T10:41:00Z,2001,UA/ ORD,2004
UA,ORD,dep,1970-01-01T10:51:00Z,2688,UA/ ORD,2004
UA,ORD,dep,1970-01-01T11:01:00Z,1111,UA/ ORD,2004
UA,ORD,dep,1970-01-01T11:11:00Z,646,UA/ ORD,2004
UA,ORD,dep,1970-01-01T11:21:00Z,297,UA/ ORD,2004
UA,ORD,dep,1970-01-01T11:31:00Z,282,UA/ ORD,2004
UA,ORD,dep,1970-01-01T11:41:00Z,554,UA/ ORD,2004
UA,ORD,dep,1970-01-01T11:51:00Z,2949,UA/ ORD,2004
UA,ORD,dep,1970-01-01T12:01:00Z,1733,UA/ ORD,2004
UA,ORD,dep,1970-01-01T12:11:00Z,546,UA/ ORD,2004
UA,ORD,dep,1970-01-01T12:21:00Z,251,UA/ ORD,2004
UA,ORD,dep,1970-01-01T12:31:00Z,208,UA/ ORD,2004
UA,ORD,dep,1970-01-01T12:41:00Z,277,UA/ ORD,2004
UA,ORD,dep,1970-01-01T12:51:00Z,1463,UA/ ORD,2004
UA,ORD,dep,1970-01-01T13:01:00Z,884,UA/ ORD,2004
UA,ORD,dep,1970-01-01T13:11:00Z,2599,UA/ ORD,2004
UA,ORD,dep,1970-01-01T13:21:00Z,2293,UA/ ORD,2004
UA,ORD,dep,1970-01-01T13:31:00Z,1186,UA/ ORD,2004
UA,ORD,dep,1970-01-01T13:41:00Z,1217,UA/ ORD,2004
UA,ORD,dep,1970-01-01T13:51:00Z,1713,UA/ ORD,2004
UA,ORD,dep,1970-01-01T14:01:00Z,672,UA/ ORD,2004
UA,ORD,dep,1970-01-01T14:11:00Z,354,UA/ ORD,2004
UA,ORD,dep,1970-01-01T14:21:00Z,335,UA/ ORD,2004
UA,ORD,dep,1970-01-01T14:31:00Z,327,UA/ ORD,2004
UA,ORD,dep,1970-01-01T14:41:00Z,1624,UA/ ORD,2004
UA,ORD,dep,1970-01-01T14:51:00Z,2551,UA/ ORD,2004
UA,ORD,dep,1970-01-01T15:01:00Z,2020,UA/ ORD,2004
UA,ORD,dep,1970-01-01T15:11:00Z,1185,UA/ ORD,2004
UA,ORD,dep,1970-01-01T15:21:00Z,731,UA/ ORD,2004
UA,ORD,dep,1970-01-01T15:31:00Z,728,UA/ ORD,2004
UA,ORD,dep,1970-01-01T15:41:00Z,1484,UA/ ORD,2004
UA,ORD,dep,1970-01-01T15:51:00Z,2134,UA/ ORD,2004
UA,ORD,dep,1970-01-01T16:01:00Z,1960,UA/ ORD,2004
UA,ORD,dep,1970-01-01T16:11:00Z,1332,UA/ ORD,2004
UA,ORD,dep,1970-01-01T16:21:00Z,630,UA/ ORD,2004
UA,ORD,dep,1970-01-01T16:31:00Z,358,UA/ ORD,2004
UA,ORD,dep,1970-01-01T16:41:00Z,1388,UA/ ORD,2004
UA,ORD,dep,1970-01-01T16:51:00Z,2408,UA/ ORD,2004
UA,ORD,dep,1970-01-01T17:01:00Z,1856,UA/ ORD,2004
UA,ORD,dep,1970-01-01T17:11:00Z,1413,UA/ ORD,2004
UA,ORD,dep,1970-01-01T17:21:00Z,891,UA/ ORD,2004
UA,ORD,dep,1970-01-01T17:31:00Z,610,UA/ ORD,2004
UA,ORD,dep,1970-01-01T17:41:00Z,1345,UA/ ORD,2004
UA,ORD,dep,1970-01-01T17:51:00Z,2261,UA/ ORD,2004
UA,ORD,dep,1970-01-01T18:01:00Z,2281,UA/ ORD,2004
UA,ORD,dep,1970-01-01T18:11:00Z,2071,UA/ ORD,2004
UA,ORD,dep,1970-01-01T18:21:00Z,1233,UA/ ORD,2004
UA,ORD,dep,1970-01-01T18:31:00Z,774,UA/ ORD,2004
UA,ORD,dep,1970-01-01T18:41:00Z,962,UA/ ORD,2004
UA,ORD,dep,1970-01-01T18:51:00Z,1907,UA/ ORD,2004
UA,ORD,dep,1970-01-01T19:01:00Z,1483,UA/ ORD,2004
UA,ORD,dep,1970-01-01T19:11:00Z,825,UA/ ORD,2004
UA,ORD,dep,1970-01-01T19:21:00Z,615,UA/ ORD,2004
UA,ORD,dep,1970-01-01T19:31:00Z,1317,UA/ ORD,2004
UA,ORD,dep,1970-01-01T19:41:00Z,1636,UA/ ORD,2004
UA,ORD,dep,1970-01-01T19:51:00Z,2131,UA/ ORD,2004
UA,ORD,dep,1970-01-01T20:01:00Z,1256,UA/ ORD,2004
UA,ORD,dep,1970-01-01T20:11:00Z,984,UA/ ORD,2004
UA,ORD,dep,1970-01-01T20:21:00Z,747,UA/ ORD,2004
UA,ORD,dep,1970-01-01T20:31:00Z,544,UA/ ORD,2004
UA,ORD,dep,1970-01-01T20:41:00Z,906,UA/ ORD,2004
UA,ORD,dep,1970-01-01T20:51:00Z,1661,UA/ ORD,2004
UA,ORD,dep,1970-01-01T21:01:00Z,2045,UA/ ORD,2004
UA,ORD,dep,1970-01-01T21:11:00Z,1475,UA/ ORD,2004
UA,ORD,dep,1970-01-01T21:21:00Z,1324,UA/ ORD,2004
UA,ORD,dep,1970-01-01T21:31:00Z,1042,UA/ ORD,2004
UA,ORD,dep,1970-01-01T21:41:00Z,615,UA/ ORD,2004
UA,ORD,dep,1970-01-01T21:51:00Z,464,UA/ ORD,2004
UA,ORD,dep,1970-01-01T22:01:00Z,407,UA/ ORD,2004
UA,ORD,dep,1970-01-01T22:11:00Z,338,UA/ ORD,2004
UA,ORD,dep,1970-01-01T22:21:00Z,303,UA/ ORD,2004
UA,ORD,dep,1970-01-01T22:31:00Z,274,UA/ ORD,2004
UA,ORD,dep,1970-01-01T22:41:00Z,234,UA/ ORD,2004
UA,ORD,dep,1970-01-01T22:51:00Z,182,UA/ ORD,2004
UA,ORD,dep,1970-01-01T23:01:00Z,146,UA/ ORD,2004
UA,ORD,dep,1970-01-01T23:11:00Z,119,UA/ ORD,2004
UA,ORD,dep,1970-01-01T23:21:00Z,103,UA/ ORD,2004
UA,ORD,dep,1970-01-01T23:31:00Z,72,UA/ ORD,2004
UA,ORD,dep,1970-01-01T23:41:00Z,72,UA/ ORD,2004
UA,ORD,dep,1970-01-01T23:51:00Z,61,UA/ ORD,2004
AA,ORD,arr,1970-01-01T00:01:00Z,-63,AA/ ORD,2005
AA,ORD,arr,1970-01-01T00:11:00Z,-71,AA/ ORD,2005
AA,ORD,arr,1970-01-01T00:21:00Z,-47,AA/ ORD,2005
AA,ORD,arr,1970-01-01T00:31:00Z,-38,AA/ ORD,2005
AA,ORD,arr,1970-01-01T00:41:00Z,-33,AA/ ORD,2005
AA,ORD,arr,1970-01-01T00:51:00Z,-23,AA/ ORD,2005
AA,ORD,arr,1970-01-01T01:01:00Z,-19,AA/ ORD,2005
AA,ORD,arr,1970-01-01T01:11:00Z,-16,AA/ ORD,2005
AA,ORD,arr,1970-01-01T01:21:00Z,-16,AA/ ORD,2005
AA,ORD,arr,1970-01-01T01:31:00Z,-6,AA/ ORD,2005
AA,ORD,arr,1970-01-01T01:41:00Z,-9,AA/ ORD,2005
AA,ORD,arr,1970-01-01T01:51:00Z,-7,AA/ ORD,2005
AA,ORD,arr,1970-01-01T02:01:00Z,-4,AA/ ORD,2005
AA,ORD,arr,1970-01-01T02:11:00Z,-5,AA/ ORD,2005
AA,ORD,arr,1970-01-01T02:31:00Z,-4,AA/ ORD,2005
AA,ORD,arr,1970-01-01T02:41:00Z,-1,AA/ ORD,2005
AA,ORD,arr,1970-01-01T02:51:00Z,-3,AA/ ORD,2005
AA,ORD,arr,1970-01-01T03:01:00Z,-4,AA/ ORD,2005
AA,ORD,arr,1970-01-01T03:11:00Z,-1,AA/ ORD,2005
AA,ORD,arr,1970-01-01T03:51:00Z,-3,AA/ ORD,2005
AA,ORD,arr,1970-01-01T04:11:00Z,-7,AA/ ORD,2005
AA,ORD,arr,1970-01-01T04:21:00Z,-46,AA/ ORD,2005
AA,ORD,arr,1970-01-01T04:31:00Z,-136,AA/ ORD,2005
AA,ORD,arr,1970-01-01T04:41:00Z,-178,AA/ ORD,2005
AA,ORD,arr,1970-01-01T04:51:00Z,-226,AA/ ORD,2005
AA,ORD,arr,1970-01-01T05:01:00Z,-278,AA/ ORD,2005
AA,ORD,arr,1970-01-01T05:11:00Z,-270,AA/ ORD,2005
AA,ORD,arr,1970-01-01T05:21:00Z,-319,AA/ ORD,2005
AA,ORD,arr,1970-01-01T05:31:00Z,-381,AA/ ORD,2005
AA,ORD,arr,1970-01-01T05:41:00Z,-367,AA/ ORD,2005
AA,ORD,arr,1970-01-01T05:51:00Z,-258,AA/ ORD,2005
AA,ORD,arr,1970-01-01T06:01:00Z,-151,AA/ ORD,2005
AA,ORD,arr,1970-01-01T06:11:00Z,-74,AA/ ORD,2005
AA,ORD,arr,1970-01-01T06:21:00Z,-53,AA/ ORD,2005
AA,ORD,arr,1970-01-01T06:31:00Z,-55,AA/ ORD,2005
AA,ORD,arr,1970-01-01T06:41:00Z,-96,AA/ ORD,2005
AA,ORD,arr,1970-01-01T06:51:00Z,-275,AA/ ORD,2005
AA,ORD,arr,1970-01-01T07:01:00Z,-584,AA/ ORD,2005
AA,ORD,arr,1970-01-01T07:11:00Z,-757,AA/ ORD,2005
AA,ORD,arr,1970-01-01T07:21:00Z,-852,AA/ ORD,2005
AA,ORD,arr,1970-01-01T07:31:00Z,-757,AA/ ORD,2005
AA,ORD,arr,1970-01-01T07:41:00Z,-548,AA/ ORD,2005
AA,ORD,arr,1970-01-01T07:51:00Z,-383,AA/ ORD,2005
AA,ORD,arr,1970-01-01T08:01:00Z,-507,AA/ ORD,2005
AA,ORD,arr,1970-01-01T08:11:00Z,-508,AA/ ORD,2005
AA,ORD,arr,1970-01-01T08:21:00Z,-740,AA/ ORD,2005
AA,ORD,arr,1970-01-01T08:31:00Z,-796,AA/ ORD,2005
AA,ORD,arr,1970-01-01T08:41:00Z,-654,AA/ ORD,2005
AA,ORD,arr,1970-01-01T08:51:00Z,-605,AA/ ORD,2005
AA,ORD,arr,1970-01-01T09:01:00Z,-981,AA/ ORD,2005
AA,ORD,arr,1970-01-01T09:11:00Z,-1220,AA/ ORD,2005
AA,ORD,arr,1970-01-01T09:21:00Z,-1251,AA/ ORD,2005
AA,ORD,arr,1970-01-01T09:31:00Z,-910,AA/ ORD,2005
AA,ORD,arr,1970-01-01T09:41:00Z,-556,AA/ ORD,2005
AA,ORD,arr,1970-01-01T09:51:00Z,-469,AA/ ORD,2005
AA,ORD,arr,1970-01-01T10:01:00Z,-745,AA/ ORD,2005
AA,ORD,arr,1970-01-01T10:11:00Z,-958,AA/ ORD,2005
AA,ORD,arr,1970-01-01T10:21:00Z,-1019,AA/ ORD,2005
AA,ORD,arr,1970-01-01T10:31:00Z,-986,AA/ ORD,2005
AA,ORD,arr,1970-01-01T10:41:00Z,-759,AA/ ORD,2005
AA,ORD,arr,1970-01-01T10:51:00Z,-621,AA/ ORD,2005
AA,ORD,arr,1970-01-01T11:01:00Z,-912,AA/ ORD,2005
AA,ORD,arr,1970-01-01T11:11:00Z,-1032,AA/ ORD,2005
AA,ORD,arr,1970-01-01T11:21:00Z,-895,AA/ ORD,2005
AA,ORD,arr,1970-01-01T11:31:00Z,-845,AA/ ORD,2005
AA,ORD,arr,1970-01-01T11:41:00Z,-943,AA/ ORD,2005
AA,ORD,arr,1970-01-01T11:51:00Z,-832,AA/ ORD,2005
AA,ORD,arr,1970-01-01T12:01:00Z,-862,AA/ ORD,2005
AA,ORD,arr,1970-01-01T12:11:00Z,-869,AA/ ORD,2005
AA,ORD,arr,1970-01-01T12:21:00Z,-1099,AA/ ORD,2005
AA,ORD,arr,1970-01-01T12:31:00Z,-1180,AA/ ORD,2005
AA,ORD,arr,1970-01-01T12:41:00Z,-966,AA/ ORD,2005
AA,ORD,arr,1970-01-01T12:51:00Z,-692,AA/ ORD,2005
AA,ORD,arr,1970-01-01T13:01:00Z,-735,AA/ ORD,2005
AA,ORD,arr,1970-01-01T13:11:00Z,-770,AA/ ORD,2005
AA,ORD,arr,1970-01-01T13:21:00Z,-762,AA/ ORD,2005
AA,ORD,arr,1970-01-01T13:31:00Z,-836,AA/ ORD,2005
AA,ORD,arr,1970-01-01T13:41:00Z,-834,AA/ ORD,2005
AA,ORD,arr,1970-01-01T13:51:00Z,-873,AA/ ORD,2005
AA,ORD,arr,1970-01-01T14:01:00Z,-1056,AA/ ORD,2005
AA,ORD,arr,1970-01-01T14:11:00Z,-1022,AA/ ORD,2005
AA,ORD,arr,1970-01-01T14:21:00Z,-932,AA/ ORD,2005
AA,ORD,arr,1970-01-01T14:31:00Z,-684,AA/ ORD,2005
AA,ORD,arr,1970-01-01T14:41:00Z,-545,AA/ ORD,2005
AA,ORD,arr,1970-01-01T14:51:00Z,-529,AA/ ORD,2005
AA,ORD,arr,1970-01-01T15:01:00Z,-670,AA/ ORD,2005
AA,ORD,arr,1970-01-01T15:11:00Z,-773,AA/ ORD,2005
AA,ORD,arr,1970-01-01T15:21:00Z,-802,AA/ ORD,2005
AA,ORD,arr,1970-01-01T15:31:00Z,-887,AA/ ORD,2005
AA,ORD,arr,1970-01-01T15:41:00Z,-912,AA/ ORD,2005
AA,ORD,arr,1970-01-01T15:51:00Z,-852,AA/ ORD,2005
AA,ORD,arr,1970-01-01T16:01:00Z,-978,AA/ ORD,2005
AA,ORD,arr,1970-01-01T16:11:00Z,-1212,AA/ ORD,2005
AA,ORD,arr,1970-01-01T16:21:00Z,-1296,AA/ ORD,2005
AA,ORD,arr,1970-01-01T16:31:00Z,-1180,AA/ ORD,2005
AA,ORD,arr,1970-01-01T16:41:00Z,-979,AA/ ORD,2005
AA,ORD,arr,1970-01-01T16:51:00Z,-784,AA/ ORD,2005
AA,ORD,arr,1970-01-01T17:01:00Z,-758,AA/ ORD,2005
AA,ORD,arr,1970-01-01T17:11:00Z,-836,AA/ ORD,2005
AA,ORD,arr,1970-01-01T17:21:00Z,-1065,AA/ ORD,2005
AA,ORD,arr,1970-01-01T17:31:00Z,-1018,AA/ ORD,2005
AA,ORD,arr,1970-01-01T17:41:00Z,-1033,AA/ ORD,2005
AA,ORD,arr,1970-01-01T17:51:00Z,-887,AA/ ORD,2005
AA,ORD,arr,1970-01-01T18:01:00Z,-887,AA/ ORD,2005
AA,ORD,arr,1970-01-01T18:11:00Z,-1012,AA/ ORD,2005
AA,ORD,arr,1970-01-01T18:21:00Z,-1108,AA/ ORD,2005
AA,ORD,arr,1970-01-01T18:31:00Z,-1088,AA/ ORD,2005
AA,ORD,arr,1970-01-01T18:41:00Z,-1106,AA/ ORD,2005
AA,ORD,arr,1970-01-01T18:51:00Z,-953,AA/ ORD,2005
AA,ORD,arr,1970-01-01T19:01:00Z,-888,AA/ ORD,2005
AA,ORD,arr,1970-01-01T19:11:00Z,-911,AA/ ORD,2005
AA,ORD,arr,1970-01-01T19:21:00Z,-869,AA/ ORD,2005
AA,ORD,arr,1970-01-01T19:31:00Z,-816,AA/ ORD,2005
AA,ORD,arr,1970-01-01T19:41:00Z,-756,AA/ ORD,2005
AA,ORD,arr,1970-01-01T19:51:00Z,-744,AA/ ORD,2005
AA,ORD,arr,1970-01-01T20:01:00Z,-765,AA/ ORD,2005
AA,ORD,arr,1970-01-01T20:11:00Z,-820,AA/ ORD,2005
AA,ORD,arr,1970-01-01T20:21:00Z,-855,AA/ ORD,2005
AA,ORD,arr,1970-01-01T20:31:00Z,-1191,AA/ ORD,2005
AA,ORD,arr,1970-01-01T20:41:00Z,-1059,AA/ ORD,2005
AA,ORD,arr,1970-01-01T20:51:00Z,-770,AA/ ORD,2005
AA,ORD,arr,1970-01-01T21:01:00Z,-677,AA/ ORD,2005
AA,ORD,arr,1970-01-01T21:11:00Z,-740,AA/ ORD,2005
AA,ORD,arr,1970-01-01T21:21:00Z,-755,AA/ ORD,2005
AA,ORD,arr,1970-01-01T21:31:00Z,-693,AA/ ORD,2005
AA,ORD,arr,1970-01-01T21:41:00Z,-547,AA/ ORD,2005
AA,ORD,arr,1970-01-01T21:51:00Z,-491,AA/ ORD,2005
AA,ORD,arr,1970-01-01T22:01:00Z,-492,AA/ ORD,2005
AA,ORD,arr,1970-01-01T22:11:00Z,-411,AA/ ORD,2005
AA,ORD,arr,1970-01-01T22:21:00Z,-438,AA/ ORD,2005
AA,ORD,arr,1970-01-01T22:31:00Z,-412,AA/ ORD,2005
AA,ORD,arr,1970-01-01T22:41:00Z,-388,AA/ ORD,2005
AA,ORD,arr,1970-01-01T22:51:00Z,-385,AA/ ORD,2005
AA,ORD,arr,1970-01-01T23:01:00Z,-408,AA/ ORD,2005
AA,ORD,arr,1970-01-01T23:11:00Z,-301,AA/ ORD,2005
AA,ORD,arr,1970-01-01T23:21:00Z,-218,AA/ ORD,2005
AA,ORD,arr,1970-01-01T23:31:00Z,-151,AA/ ORD,2005
AA,ORD,arr,1970-01-01T23:41:00Z,-121,AA/ ORD,2005
AA,ORD,arr,1970-01-01T23:51:00Z,-96,AA/ ORD,2005
AA,ORD,dep,1970-01-01T00:01:00Z,31,AA/ ORD,2005
AA,ORD,dep,1970-01-01T00:11:00Z,31,AA/ ORD,2005
AA,ORD,dep,1970-01-01T00:21:00Z,14,AA/ ORD,2005
AA,ORD,dep,1970-01-01T00:31:00Z,14,AA/ ORD,2005
AA,ORD,dep,1970-01-01T00:41:00Z,12,AA/ ORD,2005
AA,ORD,dep,1970-01-01T00:51:00Z,6,AA/ ORD,2005
AA,ORD,dep,1970-01-01T01:01:00Z,5,AA/ ORD,2005
AA,ORD,dep,1970-01-01T01:11:00Z,6,AA/ ORD,2005
AA,ORD,dep,1970-01-01T01:21:00Z,5,AA/ ORD,2005
AA,ORD,dep,1970-01-01T01:31:00Z,3,AA/ ORD,2005
AA,ORD,dep,1970-01-01T01:41:00Z,1,AA/ ORD,2005
AA,ORD,dep,1970-01-01T01:51:00Z,3,AA/ ORD,2005
AA,ORD,dep,1970-01-01T02:21:00Z,1,AA/ ORD,2005
AA,ORD,dep,1970-01-01T02:31:00Z,1,AA/ ORD,2005
AA,ORD,dep,1970-01-01T05:41:00Z,1,AA/ ORD,2005
AA,ORD,dep,1970-01-01T05:51:00Z,230,AA/ ORD,2005
AA,ORD,dep,1970-01-01T06:01:00Z,169,AA/ ORD,2005
AA,ORD,dep,1970-01-01T06:11:00Z,503,AA/ ORD,2005
AA,ORD,dep,1970-01-01T06:21:00Z,859,AA/ ORD,2005
AA,ORD,dep,1970-01-01T06:31:00Z,834,AA/ ORD,2005
AA,ORD,dep,1970-01-01T06:41:00Z,655,AA/ ORD,2005
AA,ORD,dep,1970-01-01T06:51:00Z,1025,AA/ ORD,2005
AA,ORD,dep,1970-01-01T07:01:00Z,376,AA/ ORD,2005
AA,ORD,dep,1970-01-01T07:11:00Z,334,AA/ ORD,2005
AA,ORD,dep,1970-01-01T07:21:00Z,496,AA/ ORD,2005
AA,ORD,dep,1970-01-01T07:31:00Z,302,AA/ ORD,2005
AA,ORD,dep,1970-01-01T07:41:00Z,374,AA/ ORD,2005
AA,ORD,dep,1970-01-01T07:51:00Z,754,AA/ ORD,2005
AA,ORD,dep,1970-01-01T08:01:00Z,727,AA/ ORD,2005
AA,ORD,dep,1970-01-01T08:11:00Z,2378,AA/ ORD,2005
AA,ORD,dep,1970-01-01T08:21:00Z,1385,AA/ ORD,2005
AA,ORD,dep,1970-01-01T08:31:00Z,805,AA/ ORD,2005
AA,ORD,dep,1970-01-01T08:41:00Z,459,AA/ ORD,2005
AA,ORD,dep,1970-01-01T08:51:00Z,877,AA/ ORD,2005
AA,ORD,dep,1970-01-01T09:01:00Z,803,AA/ ORD,2005
AA,ORD,dep,1970-01-01T09:11:00Z,1033,AA/ ORD,2005
AA,ORD,dep,1970-01-01T09:21:00Z,1147,AA/ ORD,2005
AA,ORD,dep,1970-01-01T09:31:00Z,743,AA/ ORD,2005
AA,ORD,dep,1970-01-01T09:41:00Z,487,AA/ ORD,2005
AA,ORD,dep,1970-01-01T09:51:00Z,854,AA/ ORD,2005
AA,ORD,dep,1970-01-01T10:01:00Z,935,AA/ ORD,2005
AA,ORD,dep,1970-01-01T10:11:00Z,1708,AA/ ORD,2005
AA,ORD,dep,1970-01-01T10:21:00Z,1357,AA/ ORD,2005
AA,ORD,dep,1970-01-01T10:31:00Z,859,AA/ ORD,2005
AA,ORD,dep,1970-01-01T10:41:00Z,675,AA/ ORD,2005
AA,ORD,dep,1970-01-01T10:51:00Z,608,AA/ ORD,2005
AA,ORD,dep,1970-01-01T11:01:00Z,880,AA/ ORD,2005
AA,ORD,dep,1970-01-01T11:11:00Z,1069,AA/ ORD,2005
AA,ORD,dep,1970-01-01T11:21:00Z,1396,AA/ ORD,2005
AA,ORD,dep,1970-01-01T11:31:00Z,821,AA/ ORD,2005
AA,ORD,dep,1970-01-01T11:41:00Z,370,AA/ ORD,2005
AA,ORD,dep,1970-01-01T11:51:00Z,845,AA/ ORD,2005
AA,ORD,dep,1970-01-01T12:01:00Z,1206,AA/ ORD,2005
AA,ORD,dep,1970-01-01T12:11:00Z,1139,AA/ ORD,2005
AA,ORD,dep,1970-01-01T12:21:00Z,1128,AA/ ORD,2005
AA,ORD,dep,1970-01-01T12:31:00Z,1075,AA/ ORD,2005
AA,ORD,dep,1970-01-01T12:41:00Z,576,AA/ ORD,2005
AA,ORD,dep,1970-01-01T12:51:00Z,887,AA/ ORD,2005
AA,ORD,dep,1970-01-01T13:01:00Z,763,AA/ ORD,2005
AA,ORD,dep,1970-01-01T13:11:00Z,996,AA/ ORD,2005
AA,ORD,dep,1970-01-01T13:21:00Z,1053,AA/ ORD,2005
AA,ORD,dep,1970-01-01T13:31:00Z,803,AA/ ORD,2005
AA,ORD,dep,1970-01-01T13:41:00Z,698,AA/ ORD,2005
AA,ORD,dep,1970-01-01T13:51:00Z,890,AA/ ORD,2005
AA,ORD,dep,1970-01-01T14:01:00Z,676,AA/ ORD,2005
AA,ORD,dep,1970-01-01T14:11:00Z,730,AA/ ORD,2005
AA,ORD,dep,1970-01-01T14:21:00Z,712,AA/ ORD,2005
AA,ORD,dep,1970-01-01T14:31:00Z,925,AA/ ORD,2005
AA,ORD,dep,1970-01-01T14:41:00Z,760,AA/ ORD,2005
AA,ORD,dep,1970-01-01T14:51:00Z,1233,AA/ ORD,2005
AA,ORD,dep,1970-01-01T15:01:00Z,941,AA/ ORD,2005
AA,ORD,dep,1970-01-01T15:11:00Z,1190,AA/ ORD,2005
AA,ORD,dep,1970-01-01T15:21:00Z,990,AA/ ORD,2005
AA,ORD,dep,1970-01-01T15:31:00Z,662,AA/ ORD,2005
AA,ORD,dep,1970-01-01T15:41:00Z,527,AA/ ORD,2005
AA,ORD,dep,1970-01-01T15:51:00Z,678,AA/ ORD,2005
AA,ORD,dep,1970-01-01T16:01:00Z,785,AA/ ORD,2005
AA,ORD,dep,1970-01-01T16:11:00Z,990,AA/ ORD,2005
AA,ORD,dep,1970-01-01T16:21:00Z,701,AA/ ORD,2005
AA,ORD,dep,1970-01-01T16:31:00Z,696,AA/ ORD,2005
AA,ORD,dep,1970-01-01T16:41:00Z,550,AA/ ORD,2005
AA,ORD,dep,1970-01-01T16:51:00Z,713,AA/ ORD,2005
AA,ORD,dep,1970-01-01T17:01:00Z,972,AA/ ORD,2005
AA,ORD,dep,1970-01-01T17:11:00Z,1213,AA/ ORD,2005
AA,ORD,dep,1970-01-01T17:21:00Z,893,AA/ ORD,2005
AA,ORD,dep,1970-01-01T17:31:00Z,810,AA/ ORD,2005
AA,ORD,dep,1970-01-01T17:41:00Z,645,AA/ ORD,2005
AA,ORD,dep,1970-01-01T17:51:00Z,837,AA/ ORD,2005
AA,ORD,dep,1970-01-01T18:01:00Z,888,AA/ ORD,2005
AA,ORD,dep,1970-01-01T18:11:00Z,995,AA/ ORD,2005
AA,ORD,dep,1970-01-01T18:21:00Z,1153,AA/ ORD,2005
AA,ORD,dep,1970-01-01T18:31:00Z,792,AA/ ORD,2005
AA,ORD,dep,1970-01-01T18:41:00Z,883,AA/ ORD,2005
AA,ORD,dep,1970-01-01T18:51:00Z,915,AA/ ORD,2005
AA,ORD,dep,1970-01-01T19:01:00Z,1191,AA/ ORD,2005
AA,ORD,dep,1970-01-01T19:11:00Z,1345,AA/ ORD,2005
AA,ORD,dep,1970-01-01T19:21:00Z,1274,AA/ ORD,2005
AA,ORD,dep,1970-01-01T19:31:00Z,1013,AA/ ORD,2005
AA,ORD,dep,1970-01-01T19:41:00Z,1033,AA/ ORD,2005
AA,ORD,dep,1970-01-01T19:51:00Z,971,AA/ ORD,2005
AA,ORD,dep,1970-01-01T20:01:00Z,865,AA/ ORD,2005
AA,ORD,dep,1970-01-01T20:11:00Z,750,AA/ ORD,2005
AA,ORD,dep,1970-01-01T20:21:00Z,821,AA/ ORD,2005
AA,ORD,dep,1970-01-01T20:31:00Z,609,AA/ ORD,2005
AA,ORD,dep,1970-01-01T20:41:00Z,610,AA/ ORD,2005
AA,ORD,dep,1970-01-01T20:51:00Z,707,AA/ ORD,2005
AA,ORD,dep,1970-01-01T21:01:00Z,627,AA/ ORD,2005
AA,ORD,dep,1970-01-01T21:11:00Z,560,AA/ ORD,2005
AA,ORD,dep,1970-01-01T21:21:00Z,791,AA/ ORD,2005
AA,ORD,dep,1970-01-01T21:31:00Z,709,AA/ ORD,2005
AA,ORD,dep,1970-01-01T21:41:00Z,431,AA/ ORD,2005
AA,ORD,dep,1970-01-01T21:51:00Z,314,AA/ ORD,2005
AA,ORD,dep,1970-01-01T22:01:00Z,288,AA/ ORD,2005
AA,ORD,dep,1970-01-01T22:11:00Z,391,AA/ ORD,2005
AA,ORD,dep,1970-01-01T22:21:00Z,352,AA/ ORD,2005
AA,ORD,dep,1970-01-01T22:31:00Z,263,AA/ ORD,2005
AA,ORD,dep,1970-01-01T22:41:00Z,180,AA/ ORD,2005
AA,ORD,dep,1970-01-01T22:51:00Z,171,AA/ ORD,2005
AA,ORD,dep,1970-01-01T23:01:00Z,131,AA/ ORD,2005
AA,ORD,dep,1970-01-01T23:11:00Z,92,AA/ ORD,2005
AA,ORD,dep,1970-01-01T23:21:00Z,80,AA/ ORD,2005
AA,ORD,dep,1970-01-01T23:31:00Z,62,AA/ ORD,2005
AA,ORD,dep,1970-01-01T23:41:00Z,63,AA/ ORD,2005
AA,ORD,dep,1970-01-01T23:51:00Z,43,AA/ ORD,2005
UA,ORD,arr,1970-01-01T00:01:00Z,-293,UA/ ORD,2005
UA,ORD,arr,1970-01-01T00:11:00Z,-259,UA/ ORD,2005
UA,ORD,arr,1970-01-01T00:21:00Z,-171,UA/ ORD,2005
UA,ORD,arr,1970-01-01T00:31:00Z,-103,UA/ ORD,2005
UA,ORD,arr,1970-01-01T00:41:00Z,-75,UA/ ORD,2005
UA,ORD,arr,1970-01-01T00:51:00Z,-34,UA/ ORD,2005
UA,ORD,arr,1970-01-01T01:01:00Z,-41,UA/ ORD,2005
UA,ORD,arr,1970-01-01T01:11:00Z,-23,UA/ ORD,2005
UA,ORD,arr,1970-01-01T01:21:00Z,-23,UA/ ORD,2005
UA,ORD,arr,1970-01-01T01:31:00Z,-20,UA/ ORD,2005
UA,ORD,arr,1970-01-01T01:41:00Z,-14,UA/ ORD,2005
UA,ORD,arr,1970-01-01T01:51:00Z,-12,UA/ ORD,2005
UA,ORD,arr,1970-01-01T02:01:00Z,-15,UA/ ORD,2005
UA,ORD,arr,1970-01-01T02:11:00Z,-14,UA/ ORD,2005
UA,ORD,arr,1970-01-01T02:21:00Z,-3,UA/ ORD,2005
UA,ORD,arr,1970-01-01T02:31:00Z,-9,UA/ ORD,2005
UA,ORD,arr,1970-01-01T02:41:00Z,-5,UA/ ORD,2005
UA,ORD,arr,1970-01-01T02:51:00Z,-9,UA/ ORD,2005
UA,ORD,arr,1970-01-01T03:01:00Z,-3,UA/ ORD,2005
UA,ORD,arr,1970-01-01T03:11:00Z,-5,UA/ ORD,2005
UA,ORD,arr,1970-01-01T03:21:00Z,-6,UA/ ORD,2005
UA,ORD,arr,1970-01-01T03:31:00Z,-5,UA/ ORD,2005
UA,ORD,arr,1970-01-01T03:41:00Z,-12,UA/ ORD,2005
UA,ORD,arr,1970-01-01T03:51:00Z,-41,UA/ ORD,2005
UA,ORD,arr,1970-01-01T04:01:00Z,-56,UA/ ORD,2005
UA,ORD,arr,1970-01-01T04:11:00Z,-91,UA/ ORD,2005
UA,ORD,arr,1970-01-01T04:21:00Z,-157,UA/ ORD,2005
UA,ORD,arr,1970-01-01T04:31:00Z,-189,UA/ ORD,2005
UA,ORD,arr,1970-01-01T04:41:00Z,-337,UA/ ORD,2005
UA,ORD,arr,1970-01-01T04:51:00Z,-567,UA/ ORD,2005
UA,ORD,arr,1970-01-01T05:01:00Z,-655,UA/ ORD,2005
UA,ORD,arr,1970-01-01T05:11:00Z,-554,UA/ ORD,2005
UA,ORD,arr,1970-01-01T05:21:00Z,-385,UA/ ORD,2005
UA,ORD,arr,1970-01-01T05:31:00Z,-329,UA/ ORD,2005
UA,ORD,arr,1970-01-01T05:41:00Z,-449,UA/ ORD,2005
UA,ORD,arr,1970-01-01T05:51:00Z,-340,UA/ ORD,2005
UA,ORD,arr,1970-01-01T06:01:00Z,-351,UA/ ORD,2005
UA,ORD,arr,1970-01-01T06:11:00Z,-223,UA/ ORD,2005
UA,ORD,arr,1970-01-01T06:21:00Z,-207,UA/ ORD,2005
UA,ORD,arr,1970-01-01T06:31:00Z,-372,UA/ ORD,2005
UA,ORD,arr,1970-01-01T06:41:00Z,-596,UA/ ORD,2005
UA,ORD,arr,1970-01-01T06:51:00Z,-699,UA/ ORD,2005
UA,ORD,arr,1970-01-01T07:01:00Z,-884,UA/ ORD,2005
UA,ORD,arr,1970-01-01T07:11:00Z,-696,UA/ ORD,2005
UA,ORD,arr,1970-01-01T07:21:00Z,-450,UA/ ORD,2005
UA,ORD,arr,1970-01-01T07:31:00Z,-374,UA/ ORD,2005
UA,ORD,arr,1970-01-01T07:41:00Z,-453,UA/ ORD,2005
UA,ORD,arr,1970-01-01T07:51:00Z,-756,UA/ ORD,2005
UA,ORD,arr,1970-01-01T08:01:00Z,-887,UA/ ORD,2005
UA,ORD,arr,1970-01-01T08:11:00Z,-771,UA/ ORD,2005
UA,ORD,arr,1970-01-01T08:21:00Z,-1005,UA/ ORD,2005
UA,ORD,arr,1970-01-01T08:31:00Z,-1349,UA/ ORD,2005
UA,ORD,arr,1970-01-01T08:41:00Z,-1507,UA/ ORD,2005
UA,ORD,arr,1970-01-01T08:51:00Z,-1377,UA/ ORD,2005
UA,ORD,arr,1970-01-01T09:01:00Z,-1249,UA/ ORD,2005
UA,ORD,arr,1970-01-01T09:11:00Z,-1102,UA/ ORD,2005
UA,ORD,arr,1970-01-01T09:21:00Z,-818,UA/ ORD,2005
UA,ORD,arr,1970-01-01T09:31:00Z,-1029,UA/ ORD,2005
UA,ORD,arr,1970-01-01T09:41:00Z,-1180,UA/ ORD,2005
UA,ORD,arr,1970-01-01T09:51:00Z,-904,UA/ ORD,2005
UA,ORD,arr,1970-01-01T10:01:00Z,-833,UA/ ORD,2005
UA,ORD,arr,1970-01-01T10:11:00Z,-821,UA/ ORD,2005
UA,ORD,arr,1970-01-01T10:21:00Z,-918,UA/ ORD,2005
UA,ORD,arr,1970-01-01T10:31:00Z,-1264,UA/ ORD,2005
UA,ORD,arr,1970-01-01T10:41:00Z,-1270,UA/ ORD,2005
UA,ORD,arr,1970-01-01T10:51:00Z,-1112,UA/ ORD,2005
UA,ORD,arr,1970-01-01T11:01:00Z,-974,UA/ ORD,2005
UA,ORD,arr,1970-01-01T11:11:00Z,-726,UA/ ORD,2005
UA,ORD,arr,1970-01-01T11:21:00Z,-714,UA/ ORD,2005
UA,ORD,arr,1970-01-01T11:31:00Z,-882,UA/ ORD,2005
UA,ORD,arr,1970-01-01T11:41:00Z,-938,UA/ ORD,2005
UA,ORD,arr,1970-01-01T11:51:00Z,-782,UA/ ORD,2005
UA,ORD,arr,1970-01-01T12:01:00Z,-939,UA/ ORD,2005
UA,ORD,arr,1970-01-01T12:11:00Z,-1328,UA/ ORD,2005
UA,ORD,arr,1970-01-01T12:21:00Z,-1302,UA/ ORD,2005
UA,ORD,arr,1970-01-01T12:31:00Z,-1010,UA/ ORD,2005
UA,ORD,arr,1970-01-01T12:41:00Z,-713,UA/ ORD,2005
UA,ORD,arr,1970-01-01T12:51:00Z,-608,UA/ ORD,2005
UA,ORD,arr,1970-01-01T13:01:00Z,-681,UA/ ORD,2005
UA,ORD,arr,1970-01-01T13:11:00Z,-687,UA/ ORD,2005
UA,ORD,arr,1970-01-01T13:21:00Z,-926,UA/ ORD,2005
UA,ORD,arr,1970-01-01T13:31:00Z,-1124,UA/ ORD,2005
UA,ORD,arr,1970-01-01T13:41:00Z,-1170,UA/ ORD,2005
UA,ORD,arr,1970-01-01T13:51:00Z,-860,UA/ ORD,2005
UA,ORD,arr,1970-01-01T14:01:00Z,-754,UA/ ORD,2005
UA,ORD,arr,1970-01-01T14:11:00Z,-815,UA/ ORD,2005
UA,ORD,arr,1970-01-01T14:21:00Z,-893,UA/ ORD,2005
UA,ORD,arr,1970-01-01T14:31:00Z,-1097,UA/ ORD,2005
UA,ORD,arr,1970-01-01T14:41:00Z,-1198,UA/ ORD,2005
UA,ORD,arr,1970-01-01T14:51:00Z,-1169,UA/ ORD,2005
UA,ORD,arr,1970-01-01T15:01:00Z,-980,UA/ ORD,2005
UA,ORD,arr,1970-01-01T15:11:00Z,-786,UA/ ORD,2005
UA,ORD,arr,1970-01-01T15:21:00Z,-847,UA/ ORD,2005
UA,ORD,arr,1970-01-01T15:31:00Z,-918,UA/ ORD,2005
UA,ORD,arr,1970-01-01T15:41:00Z,-948,UA/ ORD,2005
UA,ORD,arr,1970-01-01T15:51:00Z,-935,UA/ ORD,2005
UA,ORD,arr,1970-01-01T16:01:00Z,-985,UA/ ORD,2005
UA,ORD,arr,1970-01-01T16:11:00Z,-1102,UA/ ORD,2005
UA,ORD,arr,1970-01-01T16:21:00Z,-1002,UA/ ORD,2005
UA,ORD,arr,1970-01-01T16:31:00Z,-979,UA/ ORD,2005
UA,ORD,arr,1970-01-01T16:41:00Z,-1113,UA/ ORD,2005
UA,ORD,arr,1970-01-01T16:51:00Z,-1239,UA/ ORD,2005
UA,ORD,arr,1970-01-01T17:01:00Z,-1417,UA/ ORD,2005
UA,ORD,arr,1970-01-01T17:11:00Z,-1373,UA/ ORD,2005
UA,ORD,arr,1970-01-01T17:21:00Z,-1145,UA/ ORD,2005
UA,ORD,arr,1970-01-01T17:31:00Z,-1051,UA/ ORD,2005
UA,ORD,arr,1970-01-01T17:41:00Z,-879,UA/ ORD,2005
UA,ORD,arr,1970-01-01T17:51:00Z,-900,UA/ ORD,2005
UA,ORD,arr,1970-01-01T18:01:00Z,-971,UA/ ORD,2005
UA,ORD,arr,1970-01-01T18:11:00Z,-984,UA/ ORD,2005
UA,ORD,arr,1970-01-01T18:21:00Z,-955,UA/ ORD,2005
UA,ORD,arr,1970-01-01T18:31:00Z,-991,UA/ ORD,2005
UA,ORD,arr,1970-01-01T18:41:00Z,-1270,UA/ ORD,2005
UA,ORD,arr,1970-01-01T18:51:00Z,-1334,UA/ ORD,2005
UA,ORD,arr,1970-01-01T19:01:00Z,-1172,UA/ ORD,2005
UA,ORD,arr,1970-01-01T19:11:00Z,-1187,UA/ ORD,2005
UA,ORD,arr,1970-01-01T19:21:00Z,-1200,UA/ ORD,2005
UA,ORD,arr,1970-01-01T19:31:00Z,-1194,UA/ ORD,2005
UA,ORD,arr,1970-01-01T19:41:00Z,-1090,UA/ ORD,2005
UA,ORD,arr,1970-01-01T19:51:00Z,-1174,UA/ ORD,2005
UA,ORD,arr,1970-01-01T20:01:00Z,-1156,UA/ ORD,2005
UA,ORD,arr,1970-01-01T20:11:00Z,-1133,UA/ ORD,2005
UA,ORD,arr,1970-01-01T20:21:00Z,-1119,UA/ ORD,2005
UA,ORD,arr,1970-01-01T20:31:00Z,-953,UA/ ORD,2005
UA,ORD,arr,1970-01-01T20:41:00Z,-885,UA/ ORD,2005
UA,ORD,arr,1970-01-01T20:51:00Z,-702,UA/ ORD,2005
UA,ORD,arr,1970-01-01T21:01:00Z,-569,UA/ ORD,2005
UA,ORD,arr,1970-01-01T21:11:00Z,-510,UA/ ORD,2005
UA,ORD,arr,1970-01-01T21:21:00Z,-386,UA/ ORD,2005
UA,ORD,arr,1970-01-01T21:31:00Z,-426,UA/ ORD,2005
UA,ORD,arr,1970-01-01T21:41:00Z,-467,UA/ ORD,2005
UA,ORD,arr,1970-01-01T21:51:00Z,-481,UA/ ORD,2005
UA,ORD,arr,1970-01-01T22:01:00Z,-442,UA/ ORD,2005
UA,ORD,arr,1970-01-01T22:11:00Z,-405,UA/ ORD,2005
UA,ORD,arr,1970-01-01T22:21:00Z,-297,UA/ ORD,2005
UA,ORD,arr,1970-01-01T22:31:00Z,-275,UA/ ORD,2005
UA,ORD,arr,1970-01-01T22:41:00Z,-274,UA/ ORD,2005
UA,ORD,arr,1970-01-01T22:51:00Z,-233,UA/ ORD,2005
UA,ORD,arr,1970-01-01T23:01:00Z,-184,UA/ ORD,2005
UA,ORD,arr,1970-01-01T23:11:00Z,-143,UA/ ORD,2005
UA,ORD,arr,1970-01-01T23:21:00Z,-103,UA/ ORD,2005
UA,ORD,arr,1970-01-01T23:31:00Z,-155,UA/ ORD,2005
UA,ORD,arr,1970-01-01T23:41:00Z,-234,UA/ ORD,2005
UA,ORD,arr,1970-01-01T23:51:00Z,-243,UA/ ORD,2005
UA,ORD,dep,1970-01-01T00:01:00Z,47,UA/ ORD,2005
UA,ORD,dep,1970-01-01T00:11:00Z,46,UA/ ORD,2005
UA,ORD,dep,1970-01-01T00:21:00Z,32,UA/ ORD,2005
UA,ORD,dep,1970-01-01T00:31:00Z,21,UA/ ORD,2005
UA,ORD,dep,1970-01-01T00:41:00Z,20,UA/ ORD,2005
UA,ORD,dep,1970-01-01T00:51:00Z,7,UA/ ORD,2005
UA,ORD,dep,1970-01-01T01:01:00Z,11,UA/ ORD,2005
UA,ORD,dep,1970-01-01T01:11:00Z,13,UA/ ORD,2005
UA,ORD,dep,1970-01-01T01:21:00Z,7,UA/ ORD,2005
UA,ORD,dep,1970-01-01T01:31:00Z,6,UA/ ORD,2005
UA,ORD,dep,1970-01-01T01:41:00Z,4,UA/ ORD,2005
UA,ORD,dep,1970-01-01T01:51:00Z,2,UA/ ORD,2005
UA,ORD,dep,1970-01-01T02:01:00Z,1,UA/ ORD,2005
UA,ORD,dep,1970-01-01T02:11:00Z,4,UA/ ORD,2005
UA,ORD,dep,1970-01-01T02:51:00Z,1,UA/ ORD,2005
UA,ORD,dep,1970-01-01T03:51:00Z,1,UA/ ORD,2005
UA,ORD,dep,1970-01-01T05:41:00Z,13,UA/ ORD,2005
UA,ORD,dep,1970-01-01T05:51:00Z,1035,UA/ ORD,2005
UA,ORD,dep,1970-01-01T06:01:00Z,363,UA/ ORD,2005
UA,ORD,dep,1970-01-01T06:11:00Z,243,UA/ ORD,2005
UA,ORD,dep,1970-01-01T06:21:00Z,715,UA/ ORD,2005
UA,ORD,dep,1970-01-01T06:31:00Z,1376,UA/ ORD,2005
UA,ORD,dep,1970-01-01T06:41:00Z,936,UA/ ORD,2005
UA,ORD,dep,1970-01-01T06:51:00Z,1683,UA/ ORD,2005
UA,ORD,dep,1970-01-01T07:01:00Z,616,UA/ ORD,2005
UA,ORD,dep,1970-01-01T07:11:00Z,430,UA/ ORD,2005
UA,ORD,dep,1970-01-01T07:21:00Z,582,UA/ ORD,2005
UA,ORD,dep,1970-01-01T07:31:00Z,318,UA/ ORD,2005
UA,ORD,dep,1970-01-01T07:41:00Z,203,UA/ ORD,2005
UA,ORD,dep,1970-01-01T07:51:00Z,1842,UA/ ORD,2005
UA,ORD,dep,1970-01-01T08:01:00Z,1688,UA/ ORD,2005
UA,ORD,dep,1970-01-01T08:11:00Z,933,UA/ ORD,2005
UA,ORD,dep,1970-01-01T08:21:00Z,485,UA/ ORD,2005
UA,ORD,dep,1970-01-01T08:31:00Z,335,UA/ ORD,2005
UA,ORD,dep,1970-01-01T08:41:00Z,137,UA/ ORD,2005
UA,ORD,dep,1970-01-01T08:51:00Z,1290,UA/ ORD,2005
UA,ORD,dep,1970-01-01T09:01:00Z,959,UA/ ORD,2005
UA,ORD,dep,1970-01-01T09:11:00Z,483,UA/ ORD,2005
UA,ORD,dep,1970-01-01T09:21:00Z,850,UA/ ORD,2005
UA,ORD,dep,1970-01-01T09:31:00Z,606,UA/ ORD,2005
UA,ORD,dep,1970-01-01T09:41:00Z,581,UA/ ORD,2005
UA,ORD,dep,1970-01-01T09:51:00Z,2562,UA/ ORD,2005
UA,ORD,dep,1970-01-01T10:01:00Z,2201,UA/ ORD,2005
UA,ORD,dep,1970-01-01T10:11:00Z,1726,UA/ ORD,2005
UA,ORD,dep,1970-01-01T10:21:00Z,801,UA/ ORD,2005
UA,ORD,dep,1970-01-01T10:31:00Z,463,UA/ ORD,2005
UA,ORD,dep,1970-01-01T10:41:00Z,1397,UA/ ORD,2005
UA,ORD,dep,1970-01-01T10:51:00Z,1776,UA/ ORD,2005
UA,ORD,dep,1970-01-01T11:01:00Z,671,UA/ ORD,2005
UA,ORD,dep,1970-01-01T11:11:00Z,588,UA/ ORD,2005
UA,ORD,dep,1970-01-01T11:21:00Z,351,UA/ ORD,2005
UA,ORD,dep,1970-01-01T11:31:00Z,250,UA/ ORD,2005
UA,ORD,dep,1970-01-01T11:41:00Z,291,UA/ ORD,2005
UA,ORD,dep,1970-01-01T11:51:00Z,2135,UA/ ORD,2005
UA,ORD,dep,1970-01-01T12:01:00Z,1578,UA/ ORD,2005
UA,ORD,dep,1970-01-01T12:11:00Z,574,UA/ ORD,2005
UA,ORD,dep,1970-01-01T12:21:00Z,316,UA/ ORD,2005
UA,ORD,dep,1970-01-01T12:31:00Z,170,UA/ ORD,2005
UA,ORD,dep,1970-01-01T12:41:00Z,196,UA/ ORD,2005
UA,ORD,dep,1970-01-01T12:51:00Z,1274,UA/ ORD,2005
UA,ORD,dep,1970-01-01T13:01:00Z,875,UA/ ORD,2005
UA,ORD,dep,1970-01-01T13:11:00Z,2610,UA/ ORD,2005
UA,ORD,dep,1970-01-01T13:21:00Z,1847,UA/ ORD,2005
UA,ORD,dep,1970-01-01T13:31:00Z,803,UA/ ORD,2005
UA,ORD,dep,1970-01-01T13:41:00Z,556,UA/ ORD,2005
UA,ORD,dep,1970-01-01T13:51:00Z,1078,UA/ ORD,2005
UA,ORD,dep,1970-01-01T14:01:00Z,617,UA/ ORD,2005
UA,ORD,dep,1970-01-01T14:11:00Z,326,UA/ ORD,2005
UA,ORD,dep,1970-01-01T14:21:00Z,281,UA/ ORD,2005
UA,ORD,dep,1970-01-01T14:31:00Z,426,UA/ ORD,2005
UA,ORD,dep,1970-01-01T14:41:00Z,1210,UA/ ORD,2005
UA,ORD,dep,1970-01-01T14:51:00Z,1939,UA/ ORD,2005
UA,ORD,dep,1970-01-01T15:01:00Z,1157,UA/ ORD,2005
UA,ORD,dep,1970-01-01T15:11:00Z,1047,UA/ ORD,2005
UA,ORD,dep,1970-01-01T15:21:00Z,701,UA/ ORD,2005
UA,ORD,dep,1970-01-01T15:31:00Z,462,UA/ ORD,2005
UA,ORD,dep,1970-01-01T15:41:00Z,1395,UA/ ORD,2005
UA,ORD,dep,1970-01-01T15:51:00Z,1613,UA/ ORD,2005
UA,ORD,dep,1970-01-01T16:01:00Z,1165,UA/ ORD,2005
UA,ORD,dep,1970-01-01T16:11:00Z,782,UA/ ORD,2005
UA,ORD,dep,1970-01-01T16:21:00Z,618,UA/ ORD,2005
UA,ORD,dep,1970-01-01T16:31:00Z,408,UA/ ORD,2005
UA,ORD,dep,1970-01-01T16:41:00Z,849,UA/ ORD,2005
UA,ORD,dep,1970-01-01T16:51:00Z,1688,UA/ ORD,2005
UA,ORD,dep,1970-01-01T17:01:00Z,1258,UA/ ORD,2005
UA,ORD,dep,1970-01-01T17:11:00Z,965,UA/ ORD,2005
UA,ORD,dep,1970-01-01T17:21:00Z,750,UA/ ORD,2005
UA,ORD,dep,1970-01-01T17:31:00Z,491,UA/ ORD,2005
UA,ORD,dep,1970-01-01T17:41:00Z,1124,UA/ ORD,2005
UA,ORD,dep,1970-01-01T17:51:00Z,1688,UA/ ORD,2005
UA,ORD,dep,1970-01-01T18:01:00Z,1883,UA/ ORD,2005
UA,ORD,dep,1970-01-01T18:11:00Z,1608,UA/ ORD,2005
UA,ORD,dep,1970-01-01T18:21:00Z,1038,UA/ ORD,2005
UA,ORD,dep,1970-01-01T18:31:00Z,836,UA/ ORD,2005
UA,ORD,dep,1970-01-01T18:41:00Z,962,UA/ ORD,2005
UA,ORD,dep,1970-01-01T18:51:00Z,1363,UA/ ORD,2005
UA,ORD,dep,1970-01-01T19:01:00Z,1165,UA/ ORD,2005
UA,ORD,dep,1970-01-01T19:11:00Z,821,UA/ ORD,2005
UA,ORD,dep,1970-01-01T19:21:00Z,504,UA/ ORD,2005
UA,ORD,dep,1970-01-01T19:31:00Z,533,UA/ ORD,2005
UA,ORD,dep,1970-01-01T19:41:00Z,1138,UA/ ORD,2005
UA,ORD,dep,1970-01-01T19:51:00Z,1630,UA/ ORD,2005
UA,ORD,dep,1970-01-01T20:01:00Z,1394,UA/ ORD,2005
UA,ORD,dep,1970-01-01T20:11:00Z,1115,UA/ ORD,2005
UA,ORD,dep,1970-01-01T20:21:00Z,870,UA/ ORD,2005
UA,ORD,dep,1970-01-01T20:31:00Z,697,UA/ ORD,2005
UA,ORD,dep,1970-01-01T20:41:00Z,1152,UA/ ORD,2005
UA,ORD,dep,1970-01-01T20:51:00Z,1347,UA/ ORD,2005
UA,ORD,dep,1970-01-01T21:01:00Z,1261,UA/ ORD,2005
UA,ORD,dep,1970-01-01T21:11:00Z,1107,UA/ ORD,2005
UA,ORD,dep,1970-01-01T21:21:00Z,965,UA/ ORD,2005
UA,ORD,dep,1970-01-01T21:31:00Z,924,UA/ ORD,2005
UA,ORD,dep,1970-01-01T21:41:00Z,589,UA/ ORD,2005
UA,ORD,dep,1970-01-01T21:51:00Z,709,UA/ ORD,2005
UA,ORD,dep,1970-01-01T22:01:00Z,623,UA/ ORD,2005
UA,ORD,dep,1970-01-01T22:11:00Z,397,UA/ ORD,2005
UA,ORD,dep,1970-01-01T22:21:00Z,316,UA/ ORD,2005
UA,ORD,dep,1970-01-01T22:31:00Z,261,UA/ ORD,2005
UA,ORD,dep,1970-01-01T22:41:00Z,213,UA/ ORD,2005
UA,ORD,dep,1970-01-01T22:51:00Z,188,UA/ ORD,2005
UA,ORD,dep,1970-01-01T23:01:00Z,163,UA/ ORD,2005
UA,ORD,dep,1970-01-01T23:11:00Z,118,UA/ ORD,2005
UA,ORD,dep,1970-01-01T23:21:00Z,100,UA/ ORD,2005
UA,ORD,dep,1970-01-01T23:31:00Z,66,UA/ ORD,2005
UA,ORD,dep,1970-01-01T23:41:00Z,64,UA/ ORD,2005
UA,ORD,dep,1970-01-01T23:51:00Z,65,UA/ ORD,2005
AA,ORD,arr,1970-01-01T00:01:00Z,-141,AA/ ORD,2006
AA,ORD,arr,1970-01-01T00:11:00Z,-101,AA/ ORD,2006
AA,ORD,arr,1970-01-01T00:21:00Z,-94,AA/ ORD,2006
AA,ORD,arr,1970-01-01T00:31:00Z,-91,AA/ ORD,2006
AA,ORD,arr,1970-01-01T00:41:00Z,-51,AA/ ORD,2006
AA,ORD,arr,1970-01-01T00:51:00Z,-56,AA/ ORD,2006
AA,ORD,arr,1970-01-01T01:01:00Z,-48,AA/ ORD,2006
AA,ORD,arr,1970-01-01T01:11:00Z,-39,AA/ ORD,2006
AA,ORD,arr,1970-01-01T01:21:00Z,-24,AA/ ORD,2006
AA,ORD,arr,1970-01-01T01:31:00Z,-18,AA/ ORD,2006
AA,ORD,arr,1970-01-01T01:41:00Z,-20,AA/ ORD,2006
AA,ORD,arr,1970-01-01T01:51:00Z,-14,AA/ ORD,2006
AA,ORD,arr,1970-01-01T02:01:00Z,-9,AA/ ORD,2006
AA,ORD,arr,1970-01-01T02:11:00Z,-7,AA/ ORD,2006
AA,ORD,arr,1970-01-01T02:21:00Z,-16,AA/ ORD,2006
AA,ORD,arr,1970-01-01T02:31:00Z,-13,AA/ ORD,2006
AA,ORD,arr,1970-01-01T02:41:00Z,-7,AA/ ORD,2006
AA,ORD,arr,1970-01-01T02:51:00Z,-6,AA/ ORD,2006
AA,ORD,arr,1970-01-01T03:01:00Z,-3,AA/ ORD,2006
AA,ORD,arr,1970-01-01T03:11:00Z,-6,AA/ ORD,2006
AA,ORD,arr,1970-01-01T03:21:00Z,-3,AA/ ORD,2006
AA,ORD,arr,1970-01-01T03:31:00Z,-3,AA/ ORD,2006
AA,ORD,arr,1970-01-01T03:41:00Z,-2,AA/ ORD,2006
AA,ORD,arr,1970-01-01T04:01:00Z,-2,AA/ ORD,2006
AA,ORD,arr,1970-01-01T04:11:00Z,-3,AA/ ORD,2006
AA,ORD,arr,1970-01-01T04:21:00Z,-25,AA/ ORD,2006
AA,ORD,arr,1970-01-01T04:31:00Z,-82,AA/ ORD,2006
AA,ORD,arr,1970-01-01T04:41:00Z,-152,AA/ ORD,2006
AA,ORD,arr,1970-01-01T04:51:00Z,-188,AA/ ORD,2006
AA,ORD,arr,1970-01-01T05:01:00Z,-223,AA/ ORD,2006
AA,ORD,arr,1970-01-01T05:11:00Z,-236,AA/ ORD,2006
AA,ORD,arr,1970-01-01T05:21:00Z,-291,AA/ ORD,2006
AA,ORD,arr,1970-01-01T05:31:00Z,-358,AA/ ORD,2006
AA,ORD,arr,1970-01-01T05:41:00Z,-326,AA/ ORD,2006
AA,ORD,arr,1970-01-01T05:51:00Z,-161,AA/ ORD,2006
AA,ORD,arr,1970-01-01T06:01:00Z,-98,AA/ ORD,2006
AA,ORD,arr,1970-01-01T06:11:00Z,-65,AA/ ORD,2006
AA,ORD,arr,1970-01-01T06:21:00Z,-74,AA/ ORD,2006
AA,ORD,arr,1970-01-01T06:31:00Z,-76,AA/ ORD,2006
AA,ORD,arr,1970-01-01T06:41:00Z,-26,AA/ ORD,2006
AA,ORD,arr,1970-01-01T06:51:00Z,-94,AA/ ORD,2006
AA,ORD,arr,1970-01-01T07:01:00Z,-238,AA/ ORD,2006
AA,ORD,arr,1970-01-01T07:11:00Z,-319,AA/ ORD,2006
AA,ORD,arr,1970-01-01T07:21:00Z,-356,AA/ ORD,2006
AA,ORD,arr,1970-01-01T07:31:00Z,-444,AA/ ORD,2006
AA,ORD,arr,1970-01-01T07:41:00Z,-453,AA/ ORD,2006
AA,ORD,arr,1970-01-01T07:51:00Z,-472,AA/ ORD,2006
AA,ORD,arr,1970-01-01T08:01:00Z,-442,AA/ ORD,2006
AA,ORD,arr,1970-01-01T08:11:00Z,-489,AA/ ORD,2006
AA,ORD,arr,1970-01-01T08:21:00Z,-659,AA/ ORD,2006
AA,ORD,arr,1970-01-01T08:31:00Z,-527,AA/ ORD,2006
AA,ORD,arr,1970-01-01T08:41:00Z,-458,AA/ ORD,2006
AA,ORD,arr,1970-01-01T08:51:00Z,-565,AA/ ORD,2006
AA,ORD,arr,1970-01-01T09:01:00Z,-750,AA/ ORD,2006
AA,ORD,arr,1970-01-01T09:11:00Z,-865,AA/ ORD,2006
AA,ORD,arr,1970-01-01T09:21:00Z,-1038,AA/ ORD,2006
AA,ORD,arr,1970-01-01T09:31:00Z,-844,AA/ ORD,2006
AA,ORD,arr,1970-01-01T09:41:00Z,-637,AA/ ORD,2006
AA,ORD,arr,1970-01-01T09:51:00Z,-571,AA/ ORD,2006
AA,ORD,arr,1970-01-01T10:01:00Z,-618,AA/ ORD,2006
AA,ORD,arr,1970-01-01T10:11:00Z,-692,AA/ ORD,2006
AA,ORD,arr,1970-01-01T10:21:00Z,-742,AA/ ORD,2006
AA,ORD,arr,1970-01-01T10:31:00Z,-669,AA/ ORD,2006
AA,ORD,arr,1970-01-01T10:41:00Z,-479,AA/ ORD,2006
AA,ORD,arr,1970-01-01T10:51:00Z,-590,AA/ ORD,2006
AA,ORD,arr,1970-01-01T11:01:00Z,-754,AA/ ORD,2006
AA,ORD,arr,1970-01-01T11:11:00Z,-910,AA/ ORD,2006
AA,ORD,arr,1970-01-01T11:21:00Z,-789,AA/ ORD,2006
AA,ORD,arr,1970-01-01T11:31:00Z,-872,AA/ ORD,2006
AA,ORD,arr,1970-01-01T11:41:00Z,-966,AA/ ORD,2006
AA,ORD,arr,1970-01-01T11:51:00Z,-820,AA/ ORD,2006
AA,ORD,arr,1970-01-01T12:01:00Z,-861,AA/ ORD,2006
AA,ORD,arr,1970-01-01T12:11:00Z,-853,AA/ ORD,2006
AA,ORD,arr,1970-01-01T12:21:00Z,-898,AA/ ORD,2006
AA,ORD,arr,1970-01-01T12:31:00Z,-906,AA/ ORD,2006
AA,ORD,arr,1970-01-01T12:41:00Z,-944,AA/ ORD,2006
AA,ORD,arr,1970-01-01T12:51:00Z,-793,AA/ ORD,2006
AA,ORD,arr,1970-01-01T13:01:00Z,-721,AA/ ORD,2006
AA,ORD,arr,1970-01-01T13:11:00Z,-765,AA/ ORD,2006
AA,ORD,arr,1970-01-01T13:21:00Z,-769,AA/ ORD,2006
AA,ORD,arr,1970-01-01T13:31:00Z,-798,AA/ ORD,2006
AA,ORD,arr,1970-01-01T13:41:00Z,-810,AA/ ORD,2006
AA,ORD,arr,1970-01-01T13:51:00Z,-723,AA/ ORD,2006
AA,ORD,arr,1970-01-01T14:01:00Z,-739,AA/ ORD,2006
AA,ORD,arr,1970-01-01T14:11:00Z,-794,AA/ ORD,2006
AA,ORD,arr,1970-01-01T14:21:00Z,-749,AA/ ORD,2006
AA,ORD,arr,1970-01-01T14:31:00Z,-711,AA/ ORD,2006
AA,ORD,arr,1970-01-01T14:41:00Z,-698,AA/ ORD,2006
AA,ORD,arr,1970-01-01T14:51:00Z,-609,AA/ ORD,2006
AA,ORD,arr,1970-01-01T15:01:00Z,-679,AA/ ORD,2006
AA,ORD,arr,1970-01-01T15:11:00Z,-659,AA/ ORD,2006
AA,ORD,arr,1970-01-01T15:21:00Z,-678,AA/ ORD,2006
AA,ORD,arr,1970-01-01T15:31:00Z,-720,AA/ ORD,2006
AA,ORD,arr,1970-01-01T15:41:00Z,-765,AA/ ORD,2006
AA,ORD,arr,1970-01-01T15:51:00Z,-752,AA/ ORD,2006
AA,ORD,arr,1970-01-01T16:01:00Z,-813,AA/ ORD,2006
AA,ORD,arr,1970-01-01T16:11:00Z,-890,AA/ ORD,2006
AA,ORD,arr,1970-01-01T16:21:00Z,-805,AA/ ORD,2006
AA,ORD,arr,1970-01-01T16:31:00Z,-814,AA/ ORD,2006
AA,ORD,arr,1970-01-01T16:41:00Z,-821,AA/ ORD,2006
AA,ORD,arr,1970-01-01T16:51:00Z,-785,AA/ ORD,2006
AA,ORD,arr,1970-01-01T17:01:00Z,-726,AA/ ORD,2006
AA,ORD,arr,1970-01-01T17:11:00Z,-824,AA/ ORD,2006
AA,ORD,arr,1970-01-01T17:21:00Z,-939,AA/ ORD,2006
AA,ORD,arr,1970-01-01T17:31:00Z,-935,AA/ ORD,2006
AA,ORD,arr,1970-01-01T17:41:00Z,-943,AA/ ORD,2006
AA,ORD,arr,1970-01-01T17:51:00Z,-900,AA/ ORD,2006
AA,ORD,arr,1970-01-01T18:01:00Z,-870,AA/ ORD,2006
AA,ORD,arr,1970-01-01T18:11:00Z,-882,AA/ ORD,2006
AA,ORD,arr,1970-01-01T18:21:00Z,-972,AA/ ORD,2006
AA,ORD,arr,1970-01-01T18:31:00Z,-1127,AA/ ORD,2006
AA,ORD,arr,1970-01-01T18:41:00Z,-947,AA/ ORD,2006
AA,ORD,arr,1970-01-01T18:51:00Z,-895,AA/ ORD,2006
AA,ORD,arr,1970-01-01T19:01:00Z,-840,AA/ ORD,2006
AA,ORD,arr,1970-01-01T19:11:00Z,-837,AA/ ORD,2006
AA,ORD,arr,1970-01-01T19:21:00Z,-863,AA/ ORD,2006
AA,ORD,arr,1970-01-01T19:31:00Z,-819,AA/ ORD,2006
AA,ORD,arr,1970-01-01T19:41:00Z,-838,AA/ ORD,2006
AA,ORD,arr,1970-01-01T19:51:00Z,-722,AA/ ORD,2006
AA,ORD,arr,1970-01-01T20:01:00Z,-704,AA/ ORD,2006
AA,ORD,arr,1970-01-01T20:11:00Z,-741,AA/ ORD,2006
AA,ORD,arr,1970-01-01T20:21:00Z,-768,AA/ ORD,2006
AA,ORD,arr,1970-01-01T20:31:00Z,-900,AA/ ORD,2006
AA,ORD,arr,1970-01-01T20:41:00Z,-866,AA/ ORD,2006
AA,ORD,arr,1970-01-01T20:51:00Z,-707,AA/ ORD,2006
AA,ORD,arr,1970-01-01T21:01:00Z,-698,AA/ ORD,2006
AA,ORD,arr,1970-01-01T21:11:00Z,-688,AA/ ORD,2006
AA,ORD,arr,1970-01-01T21:21:00Z,-740,AA/ ORD,2006
AA,ORD,arr,1970-01-01T21:31:00Z,-727,AA/ ORD,2006
AA,ORD,arr,1970-01-01T21:41:00Z,-647,AA/ ORD,2006
AA,ORD,arr,1970-01-01T21:51:00Z,-601,AA/ ORD,2006
AA,ORD,arr,1970-01-01T22:01:00Z,-508,AA/ ORD,2006
AA,ORD,arr,1970-01-01T22:11:00Z,-452,AA/ ORD,2006
AA,ORD,arr,1970-01-01T22:21:00Z,-424,AA/ ORD,2006
AA,ORD,arr,1970-01-01T22:31:00Z,-427,AA/ ORD,2006
AA,ORD,arr,1970-01-01T22:41:00Z,-407,AA/ ORD,2006
AA,ORD,arr,1970-01-01T22:51:00Z,-382,AA/ ORD,2006
AA,ORD,arr,1970-01-01T23:01:00Z,-446,AA/ ORD,2006
AA,ORD,arr,1970-01-01T23:11:00Z,-349,AA/ ORD,2006
AA,ORD,arr,1970-01-01T23:21:00Z,-326,AA/ ORD,2006
AA,ORD,arr,1970-01-01T23:31:00Z,-244,AA/ ORD,2006
AA,ORD,arr,1970-01-01T23:41:00Z,-228,AA/ ORD,2006
AA,ORD,arr,1970-01-01T23:51:00Z,-181,AA/ ORD,2006
AA,ORD,dep,1970-01-01T00:01:00Z,35,AA/ ORD,2006
AA,ORD,dep,1970-01-01T00:11:00Z,25,AA/ ORD,2006
AA,ORD,dep,1970-01-01T00:21:00Z,21,AA/ ORD,2006
AA,ORD,dep,1970-01-01T00:31:00Z,18,AA/ ORD,2006
AA,ORD,dep,1970-01-01T00:41:00Z,12,AA/ ORD,2006
AA,ORD,dep,1970-01-01T00:51:00Z,18,AA/ ORD,2006
AA,ORD,dep,1970-01-01T01:01:00Z,5,AA/ ORD,2006
AA,ORD,dep,1970-01-01T01:11:00Z,7,AA/ ORD,2006
AA,ORD,dep,1970-01-01T01:21:00Z,3,AA/ ORD,2006
AA,ORD,dep,1970-01-01T01:31:00Z,4,AA/ ORD,2006
AA,ORD,dep,1970-01-01T01:41:00Z,4,AA/ ORD,2006
AA,ORD,dep,1970-01-01T01:51:00Z,4,AA/ ORD,2006
AA,ORD,dep,1970-01-01T02:01:00Z,4,AA/ ORD,2006
AA,ORD,dep,1970-01-01T02:21:00Z,2,AA/ ORD,2006
AA,ORD,dep,1970-01-01T02:31:00Z,1,AA/ ORD,2006
AA,ORD,dep,1970-01-01T02:41:00Z,1,AA/ ORD,2006
AA,ORD,dep,1970-01-01T02:51:00Z,1,AA/ ORD,2006
AA,ORD,dep,1970-01-01T03:11:00Z,2,AA/ ORD,2006
AA,ORD,dep,1970-01-01T03:31:00Z,1,AA/ ORD,2006
AA,ORD,dep,1970-01-01T05:51:00Z,272,AA/ ORD,2006
AA,ORD,dep,1970-01-01T06:01:00Z,195,AA/ ORD,2006
AA,ORD,dep,1970-01-01T06:11:00Z,465,AA/ ORD,2006
AA,ORD,dep,1970-01-01T06:21:00Z,499,AA/ ORD,2006
AA,ORD,dep,1970-01-01T06:31:00Z,675,AA/ ORD,2006
AA,ORD,dep,1970-01-01T06:41:00Z,1191,AA/ ORD,2006
AA,ORD,dep,1970-01-01T06:51:00Z,836,AA/ ORD,2006
AA,ORD,dep,1970-01-01T07:01:00Z,599,AA/ ORD,2006
AA,ORD,dep,1970-01-01T07:11:00Z,532,AA/ ORD,2006
AA,ORD,dep,1970-01-01T07:21:00Z,705,AA/ ORD,2006
AA,ORD,dep,1970-01-01T07:31:00Z,749,AA/ ORD,2006
AA,ORD,dep,1970-01-01T07:41:00Z,561,AA/ ORD,2006
AA,ORD,dep,1970-01-01T07:51:00Z,696,AA/ ORD,2006
AA,ORD,dep,1970-01-01T08:01:00Z,921,AA/ ORD,2006
AA,ORD,dep,1970-01-01T08:11:00Z,1517,AA/ ORD,2006
AA,ORD,dep,1970-01-01T08:21:00Z,1054,AA/ ORD,2006
AA,ORD,dep,1970-01-01T08:31:00Z,602,AA/ ORD,2006
AA,ORD,dep,1970-01-01T08:41:00Z,702,AA/ ORD,2006
AA,ORD,dep,1970-01-01T08:51:00Z,1122,AA/ ORD,2006
AA,ORD,dep,1970-01-01T09:01:00Z,608,AA/ ORD,2006
AA,ORD,dep,1970-01-01T09:11:00Z,860,AA/ ORD,2006
AA,ORD,dep,1970-01-01T09:21:00Z,861,AA/ ORD,2006
AA,ORD,dep,1970-01-01T09:31:00Z,835,AA/ ORD,2006
AA,ORD,dep,1970-01-01T09:41:00Z,918,AA/ ORD,2006
AA,ORD,dep,1970-01-01T09:51:00Z,542,AA/ ORD,2006
AA,ORD,dep,1970-01-01T10:01:00Z,761,AA/ ORD,2006
AA,ORD,dep,1970-01-01T10:11:00Z,1241,AA/ ORD,2006
AA,ORD,dep,1970-01-01T10:21:00Z,1243,AA/ ORD,2006
AA,ORD,dep,1970-01-01T10:31:00Z,797,AA/ ORD,2006
AA,ORD,dep,1970-01-01T10:41:00Z,972,AA/ ORD,2006
AA,ORD,dep,1970-01-01T10:51:00Z,802,AA/ ORD,2006
AA,ORD,dep,1970-01-01T11:01:00Z,690,AA/ ORD,2006
AA,ORD,dep,1970-01-01T11:11:00Z,751,AA/ ORD,2006
AA,ORD,dep,1970-01-01T11:21:00Z,660,AA/ ORD,2006
AA,ORD,dep,1970-01-01T11:31:00Z,639,AA/ ORD,2006
AA,ORD,dep,1970-01-01T11:41:00Z,590,AA/ ORD,2006
AA,ORD,dep,1970-01-01T11:51:00Z,789,AA/ ORD,2006
AA,ORD,dep,1970-01-01T12:01:00Z,734,AA/ ORD,2006
AA,ORD,dep,1970-01-01T12:11:00Z,1189,AA/ ORD,2006
AA,ORD,dep,1970-01-01T12:21:00Z,819,AA/ ORD,2006
AA,ORD,dep,1970-01-01T12:31:00Z,836,AA/ ORD,2006
AA,ORD,dep,1970-01-01T12:41:00Z,718,AA/ ORD,2006
AA,ORD,dep,1970-01-01T12:51:00Z,1025,AA/ ORD,2006
AA,ORD,dep,1970-01-01T13:01:00Z,866,AA/ ORD,2006
AA,ORD,dep,1970-01-01T13:11:00Z,696,AA/ ORD,2006
AA,ORD,dep,1970-01-01T13:21:00Z,681,AA/ ORD,2006
AA,ORD,dep,1970-01-01T13:31:00Z,1075,AA/ ORD,2006
AA,ORD,dep,1970-01-01T13:41:00Z,681,AA/ ORD,2006
AA,ORD,dep,1970-01-01T13:51:00Z,718,AA/ ORD,2006
AA,ORD,dep,1970-01-01T14:01:00Z,706,AA/ ORD,2006
AA,ORD,dep,1970-01-01T14:11:00Z,683,AA/ ORD,2006
AA,ORD,dep,1970-01-01T14:21:00Z,851,AA/ ORD,2006
AA,ORD,dep,1970-01-01T14:31:00Z,835,AA/ ORD,2006
AA,ORD,dep,1970-01-01T14:41:00Z,827,AA/ ORD,2006
AA,ORD,dep,1970-01-01T14:51:00Z,868,AA/ ORD,2006
AA,ORD,dep,1970-01-01T15:01:00Z,920,AA/ ORD,2006
AA,ORD,dep,1970-01-01T15:11:00Z,727,AA/ ORD,2006
AA,ORD,dep,1970-01-01T15:21:00Z,705,AA/ ORD,2006
AA,ORD,dep,1970-01-01T15:31:00Z,660,AA/ ORD,2006
AA,ORD,dep,1970-01-01T15:41:00Z,597,AA/ ORD,2006
AA,ORD,dep,1970-01-01T15:51:00Z,715,AA/ ORD,2006
AA,ORD,dep,1970-01-01T16:01:00Z,576,AA/ ORD,2006
AA,ORD,dep,1970-01-01T16:11:00Z,632,AA/ ORD,2006
AA,ORD,dep,1970-01-01T16:21:00Z,597,AA/ ORD,2006
AA,ORD,dep,1970-01-01T16:31:00Z,682,AA/ ORD,2006
AA,ORD,dep,1970-01-01T16:41:00Z,591,AA/ ORD,2006
AA,ORD,dep,1970-01-01T16:51:00Z,666,AA/ ORD,2006
AA,ORD,dep,1970-01-01T17:01:00Z,689,AA/ ORD,2006
AA,ORD,dep,1970-01-01T17:11:00Z,710,AA/ ORD,2006
AA,ORD,dep,1970-01-01T17:21:00Z,732,AA/ ORD,2006
AA,ORD,dep,1970-01-01T17:31:00Z,722,AA/ ORD,2006
AA,ORD,dep,1970-01-01T17:41:00Z,654,AA/ ORD,2006
AA,ORD,dep,1970-01-01T17:51:00Z,565,AA/ ORD,2006
AA,ORD,dep,1970-01-01T18:01:00Z,627,AA/ ORD,2006
AA,ORD,dep,1970-01-01T18:11:00Z,1127,AA/ ORD,2006
AA,ORD,dep,1970-01-01T18:21:00Z,1071,AA/ ORD,2006
AA,ORD,dep,1970-01-01T18:31:00Z,829,AA/ ORD,2006
AA,ORD,dep,1970-01-01T18:41:00Z,819,AA/ ORD,2006
AA,ORD,dep,1970-01-01T18:51:00Z,835,AA/ ORD,2006
AA,ORD,dep,1970-01-01T19:01:00Z,902,AA/ ORD,2006
AA,ORD,dep,1970-01-01T19:11:00Z,972,AA/ ORD,2006
AA,ORD,dep,1970-01-01T19:21:00Z,967,AA/ ORD,2006
AA,ORD,dep,1970-01-01T19:31:00Z,903,AA/ ORD,2006
AA,ORD,dep,1970-01-01T19:41:00Z,870,AA/ ORD,2006
AA,ORD,dep,1970-01-01T19:51:00Z,972,AA/ ORD,2006
AA,ORD,dep,1970-01-01T20:01:00Z,685,AA/ ORD,2006
AA,ORD,dep,1970-01-01T20:11:00Z,923,AA/ ORD,2006
AA,ORD,dep,1970-01-01T20:21:00Z,840,AA/ ORD,2006
AA,ORD,dep,1970-01-01T20:31:00Z,703,AA/ ORD,2006
AA,ORD,dep,1970-01-01T20:41:00Z,559,AA/ ORD,2006
AA,ORD,dep,1970-01-01T20:51:00Z,527,AA/ ORD,2006
AA,ORD,dep,1970-01-01T21:01:00Z,485,AA/ ORD,2006
AA,ORD,dep,1970-01-01T21:11:00Z,507,AA/ ORD,2006
AA,ORD,dep,1970-01-01T21:21:00Z,458,AA/ ORD,2006
AA,ORD,dep,1970-01-01T21:31:00Z,338,AA/ ORD,2006
AA,ORD,dep,1970-01-01T21:41:00Z,381,AA/ ORD,2006
AA,ORD,dep,1970-01-01T21:51:00Z,297,AA/ ORD,2006
AA,ORD,dep,1970-01-01T22:01:00Z,232,AA/ ORD,2006
AA,ORD,dep,1970-01-01T22:11:00Z,257,AA/ ORD,2006
AA,ORD,dep,1970-01-01T22:21:00Z,218,AA/ ORD,2006
AA,ORD,dep,1970-01-01T22:31:00Z,185,AA/ ORD,2006
AA,ORD,dep,1970-01-01T22:41:00Z,137,AA/ ORD,2006
AA,ORD,dep,1970-01-01T22:51:00Z,125,AA/ ORD,2006
AA,ORD,dep,1970-01-01T23:01:00Z,95,AA/ ORD,2006
AA,ORD,dep,1970-01-01T23:11:00Z,93,AA/ ORD,2006
AA,ORD,dep,1970-01-01T23:21:00Z,89,AA/ ORD,2006
AA,ORD,dep,1970-01-01T23:31:00Z,66,AA/ ORD,2006
AA,ORD,dep,1970-01-01T23:41:00Z,51,AA/ ORD,2006
AA,ORD,dep,1970-01-01T23:51:00Z,40,AA/ ORD,2006
UA,ORD,arr,1970-01-01T00:01:00Z,-213,UA/ ORD,2006
UA,ORD,arr,1970-01-01T00:11:00Z,-252,UA/ ORD,2006
UA,ORD,arr,1970-01-01T00:21:00Z,-216,UA/ ORD,2006
UA,ORD,arr,1970-01-01T00:31:00Z,-127,UA/ ORD,2006
UA,ORD,arr,1970-01-01T00:41:00Z,-91,UA/ ORD,2006
UA,ORD,arr,1970-01-01T00:51:00Z,-65,UA/ ORD,2006
UA,ORD,arr,1970-01-01T01:01:00Z,-59,UA/ ORD,2006
UA,ORD,arr,1970-01-01T01:11:00Z,-41,UA/ ORD,2006
UA,ORD,arr,1970-01-01T01:21:00Z,-37,UA/ ORD,2006
UA,ORD,arr,1970-01-01T01:31:00Z,-28,UA/ ORD,2006
UA,ORD,arr,1970-01-01T01:41:00Z,-23,UA/ ORD,2006
UA,ORD,arr,1970-01-01T01:51:00Z,-23,UA/ ORD,2006
UA,ORD,arr,1970-01-01T02:01:00Z,-11,UA/ ORD,2006
UA,ORD,arr,1970-01-01T02:11:00Z,-9,UA/ ORD,2006
UA,ORD,arr,1970-01-01T02:21:00Z,-11,UA/ ORD,2006
UA,ORD,arr,1970-01-01T02:31:00Z,-13,UA/ ORD,2006
UA,ORD,arr,1970-01-01T02:41:00Z,-8,UA/ ORD,2006
UA,ORD,arr,1970-01-01T02:51:00Z,-8,UA/ ORD,2006
UA,ORD,arr,1970-01-01T03:01:00Z,-8,UA/ ORD,2006
UA,ORD,arr,1970-01-01T03:11:00Z,-4,UA/ ORD,2006
UA,ORD,arr,1970-01-01T03:21:00Z,-5,UA/ ORD,2006
UA,ORD,arr,1970-01-01T03:31:00Z,-6,UA/ ORD,2006
UA,ORD,arr,1970-01-01T03:41:00Z,-20,UA/ ORD,2006
UA,ORD,arr,1970-01-01T03:51:00Z,-30,UA/ ORD,2006
UA,ORD,arr,1970-01-01T04:01:00Z,-63,UA/ ORD,2006
UA,ORD,arr,1970-01-01T04:11:00Z,-119,UA/ ORD,2006
UA,ORD,arr,1970-01-01T04:21:00Z,-202,UA/ ORD,2006
UA,ORD,arr,1970-01-01T04:31:00Z,-292,UA/ ORD,2006
UA,ORD,arr,1970-01-01T04:41:00Z,-478,UA/ ORD,2006
UA,ORD,arr,1970-01-01T04:51:00Z,-578,UA/ ORD,2006
UA,ORD,arr,1970-01-01T05:01:00Z,-636,UA/ ORD,2006
UA,ORD,arr,1970-01-01T05:11:00Z,-509,UA/ ORD,2006
UA,ORD,arr,1970-01-01T05:21:00Z,-363,UA/ ORD,2006
UA,ORD,arr,1970-01-01T05:31:00Z,-344,UA/ ORD,2006
UA,ORD,arr,1970-01-01T05:41:00Z,-348,UA/ ORD,2006
UA,ORD,arr,1970-01-01T05:51:00Z,-374,UA/ ORD,2006
UA,ORD,arr,1970-01-01T06:01:00Z,-397,UA/ ORD,2006
UA,ORD,arr,1970-01-01T06:11:00Z,-267,UA/ ORD,2006
UA,ORD,arr,1970-01-01T06:21:00Z,-318,UA/ ORD,2006
UA,ORD,arr,1970-01-01T06:31:00Z,-324,UA/ ORD,2006
UA,ORD,arr,1970-01-01T06:41:00Z,-391,UA/ ORD,2006
UA,ORD,arr,1970-01-01T06:51:00Z,-569,UA/ ORD,2006
UA,ORD,arr,1970-01-01T07:01:00Z,-884,UA/ ORD,2006
UA,ORD,arr,1970-01-01T07:11:00Z,-885,UA/ ORD,2006
UA,ORD,arr,1970-01-01T07:21:00Z,-593,UA/ ORD,2006
UA,ORD,arr,1970-01-01T07:31:00Z,-486,UA/ ORD,2006
UA,ORD,arr,1970-01-01T07:41:00Z,-597,UA/ ORD,2006
UA,ORD,arr,1970-01-01T07:51:00Z,-750,UA/ ORD,2006
UA,ORD,arr,1970-01-01T08:01:00Z,-912,UA/ ORD,2006
UA,ORD,arr,1970-01-01T08:11:00Z,-795,UA/ ORD,2006
UA,ORD,arr,1970-01-01T08:21:00Z,-885,UA/ ORD,2006
UA,ORD,arr,1970-01-01T08:31:00Z,-1153,UA/ ORD,2006
UA,ORD,arr,1970-01-01T08:41:00Z,-1390,UA/ ORD,2006
UA,ORD,arr,1970-01-01T08:51:00Z,-1268,UA/ ORD,2006
UA,ORD,arr,1970-01-01T09:01:00Z,-1078,UA/ ORD,2006
UA,ORD,arr,1970-01-01T09:11:00Z,-848,UA/ ORD,2006
UA,ORD,arr,1970-01-01T09:21:00Z,-775,UA/ ORD,2006
UA,ORD,arr,1970-01-01T09:31:00Z,-1126,UA/ ORD,2006
UA,ORD,arr,1970-01-01T09:41:00Z,-1141,UA/ ORD,2006
UA,ORD,arr,1970-01-01T09:51:00Z,-918,UA/ ORD,2006
UA,ORD,arr,1970-01-01T10:01:00Z,-702,UA/ ORD,2006
UA,ORD,arr,1970-01-01T10:11:00Z,-602,UA/ ORD,2006
UA,ORD,arr,1970-01-01T10:21:00Z,-674,UA/ ORD,2006
UA,ORD,arr,1970-01-01T10:31:00Z,-901,UA/ ORD,2006
UA,ORD,arr,1970-01-01T10:41:00Z,-1053,UA/ ORD,2006
UA,ORD,arr,1970-01-01T10:51:00Z,-1001,UA/ ORD,2006
UA,ORD,arr,1970-01-01T11:01:00Z,-870,UA/ ORD,2006
UA,ORD,arr,1970-01-01T11:11:00Z,-759,UA/ ORD,2006
UA,ORD,arr,1970-01-01T11:21:00Z,-795,UA/ ORD,2006
UA,ORD,arr,1970-01-01T11:31:00Z,-996,UA/ ORD,2006
UA,ORD,arr,1970-01-01T11:41:00Z,-1114,UA/ ORD,2006
UA,ORD,arr,1970-01-01T11:51:00Z,-1082,UA/ ORD,2006
UA,ORD,arr,1970-01-01T12:01:00Z,-1057,UA/ ORD,2006
UA,ORD,arr,1970-01-01T12:11:00Z,-1021,UA/ ORD,2006
UA,ORD,arr,1970-01-01T12:21:00Z,-998,UA/ ORD,2006
UA,ORD,arr,1970-01-01T12:31:00Z,-806,UA/ ORD,2006
UA,ORD,arr,1970-01-01T12:41:00Z,-677,UA/ ORD,2006
UA,ORD,arr,1970-01-01T12:51:00Z,-653,UA/ ORD,2006
UA,ORD,arr,1970-01-01T13:01:00Z,-653,UA/ ORD,2006
UA,ORD,arr,1970-01-01T13:11:00Z,-641,UA/ ORD,2006
UA,ORD,arr,1970-01-01T13:21:00Z,-714,UA/ ORD,2006
UA,ORD,arr,1970-01-01T13:31:00Z,-902,UA/ ORD,2006
UA,ORD,arr,1970-01-01T13:41:00Z,-988,UA/ ORD,2006
UA,ORD,arr,1970-01-01T13:51:00Z,-915,UA/ ORD,2006
UA,ORD,arr,1970-01-01T14:01:00Z,-915,UA/ ORD,2006
UA,ORD,arr,1970-01-01T14:11:00Z,-890,UA/ ORD,2006
UA,ORD,arr,1970-01-01T14:21:00Z,-985,UA/ ORD,2006
UA,ORD,arr,1970-01-01T14:31:00Z,-961,UA/ ORD,2006
UA,ORD,arr,1970-01-01T14:41:00Z,-969,UA/ ORD,2006
UA,ORD,arr,1970-01-01T14:51:00Z,-901,UA/ ORD,2006
UA,ORD,arr,1970-01-01T15:01:00Z,-673,UA/ ORD,2006
UA,ORD,arr,1970-01-01T15:11:00Z,-603,UA/ ORD,2006
UA,ORD,arr,1970-01-01T15:21:00Z,-636,UA/ ORD,2006
UA,ORD,arr,1970-01-01T15:31:00Z,-803,UA/ ORD,2006
UA,ORD,arr,1970-01-01T15:41:00Z,-983,UA/ ORD,2006
UA,ORD,arr,1970-01-01T15:51:00Z,-992,UA/ ORD,2006
UA,ORD,arr,1970-01-01T16:01:00Z,-1071,UA/ ORD,2006
UA,ORD,arr,1970-01-01T16:11:00Z,-1052,UA/ ORD,2006
UA,ORD,arr,1970-01-01T16:21:00Z,-945,UA/ ORD,2006
UA,ORD,arr,1970-01-01T16:31:00Z,-952,UA/ ORD,2006
UA,ORD,arr,1970-01-01T16:41:00Z,-1033,UA/ ORD,2006
UA,ORD,arr,1970-01-01T16:51:00Z,-1034,UA/ ORD,2006
UA,ORD,arr,1970-01-01T17:01:00Z,-1119,UA/ ORD,2006
UA,ORD,arr,1970-01-01T17:11:00Z,-1155,UA/ ORD,2006
UA,ORD,arr,1970-01-01T17:21:00Z,-996,UA/ ORD,2006
UA,ORD,arr,1970-01-01T17:31:00Z,-995,UA/ ORD,2006
UA,ORD,arr,1970-01-01T17:41:00Z,-929,UA/ ORD,2006
UA,ORD,arr,1970-01-01T17:51:00Z,-998,UA/ ORD,2006
UA,ORD,arr,1970-01-01T18:01:00Z,-903,UA/ ORD,2006
UA,ORD,arr,1970-01-01T18:11:00Z,-923,UA/ ORD,2006
UA,ORD,arr,1970-01-01T18:21:00Z,-1040,UA/ ORD,2006
UA,ORD,arr,1970-01-01T18:31:00Z,-1071,UA/ ORD,2006
UA,ORD,arr,1970-01-01T18:41:00Z,-1140,UA/ ORD,2006
UA,ORD,arr,1970-01-01T18:51:00Z,-1134,UA/ ORD,2006
UA,ORD,arr,1970-01-01T19:01:00Z,-1086,UA/ ORD,2006
UA,ORD,arr,1970-01-01T19:11:00Z,-1136,UA/ ORD,2006
UA,ORD,arr,1970-01-01T19:21:00Z,-1169,UA/ ORD,2006
UA,ORD,arr,1970-01-01T19:31:00Z,-1216,UA/ ORD,2006
UA,ORD,arr,1970-01-01T19:41:00Z,-1201,UA/ ORD,2006
UA,ORD,arr,1970-01-01T19:51:00Z,-1103,UA/ ORD,2006
UA,ORD,arr,1970-01-01T20:01:00Z,-1118,UA/ ORD,2006
UA,ORD,arr,1970-01-01T20:11:00Z,-1060,UA/ ORD,2006
UA,ORD,arr,1970-01-01T20:21:00Z,-957,UA/ ORD,2006
UA,ORD,arr,1970-01-01T20:31:00Z,-927,UA/ ORD,2006
UA,ORD,arr,1970-01-01T20:41:00Z,-764,UA/ ORD,2006
UA,ORD,arr,1970-01-01T20:51:00Z,-725,UA/ ORD,2006
UA,ORD,arr,1970-01-01T21:01:00Z,-661,UA/ ORD,2006
UA,ORD,arr,1970-01-01T21:11:00Z,-571,UA/ ORD,2006
UA,ORD,arr,1970-01-01T21:21:00Z,-547,UA/ ORD,2006
UA,ORD,arr,1970-01-01T21:31:00Z,-558,UA/ ORD,2006
UA,ORD,arr,1970-01-01T21:41:00Z,-573,UA/ ORD,2006
UA,ORD,arr,1970-01-01T21:51:00Z,-488,UA/ ORD,2006
UA,ORD,arr,1970-01-01T22:01:00Z,-433,UA/ ORD,2006
UA,ORD,arr,1970-01-01T22:11:00Z,-375,UA/ ORD,2006
UA,ORD,arr,1970-01-01T22:21:00Z,-275,UA/ ORD,2006
UA,ORD,arr,1970-01-01T22:31:00Z,-291,UA/ ORD,2006
UA,ORD,arr,1970-01-01T22:41:00Z,-350,UA/ ORD,2006
UA,ORD,arr,1970-01-01T22:51:00Z,-348,UA/ ORD,2006
UA,ORD,arr,1970-01-01T23:01:00Z,-262,UA/ ORD,2006
UA,ORD,arr,1970-01-01T23:11:00Z,-188,UA/ ORD,2006
UA,ORD,arr,1970-01-01T23:21:00Z,-171,UA/ ORD,2006
UA,ORD,arr,1970-01-01T23:31:00Z,-157,UA/ ORD,2006
UA,ORD,arr,1970-01-01T23:41:00Z,-167,UA/ ORD,2006
UA,ORD,arr,1970-01-01T23:51:00Z,-216,UA/ ORD,2006
UA,ORD,dep,1970-01-01T00:01:00Z,66,UA/ ORD,2006
UA,ORD,dep,1970-01-01T00:11:00Z,60,UA/ ORD,2006
UA,ORD,dep,1970-01-01T00:21:00Z,59,UA/ ORD,2006
UA,ORD,dep,1970-01-01T00:31:00Z,32,UA/ ORD,2006
UA,ORD,dep,1970-01-01T00:41:00Z,44,UA/ ORD,2006
UA,ORD,dep,1970-01-01T00:51:00Z,22,UA/ ORD,2006
UA,ORD,dep,1970-01-01T01:01:00Z,23,UA/ ORD,2006
UA,ORD,dep,1970-01-01T01:11:00Z,11,UA/ ORD,2006
UA,ORD,dep,1970-01-01T01:21:00Z,27,UA/ ORD,2006
UA,ORD,dep,1970-01-01T01:31:00Z,10,UA/ ORD,2006
UA,ORD,dep,1970-01-01T01:41:00Z,10,UA/ ORD,2006
UA,ORD,dep,1970-01-01T01:51:00Z,6,UA/ ORD,2006
UA,ORD,dep,1970-01-01T02:01:00Z,1,UA/ ORD,2006
UA,ORD,dep,1970-01-01T02:11:00Z,4,UA/ ORD,2006
UA,ORD,dep,1970-01-01T02:21:00Z,1,UA/ ORD,2006
UA,ORD,dep,1970-01-01T02:31:00Z,1,UA/ ORD,2006
UA,ORD,dep,1970-01-01T02:41:00Z,3,UA/ ORD,2006
UA,ORD,dep,1970-01-01T03:11:00Z,1,UA/ ORD,2006
UA,ORD,dep,1970-01-01T03:31:00Z,1,UA/ ORD,2006
UA,ORD,dep,1970-01-01T05:41:00Z,17,UA/ ORD,2006
UA,ORD,dep,1970-01-01T05:51:00Z,1288,UA/ ORD,2006
UA,ORD,dep,1970-01-01T06:01:00Z,654,UA/ ORD,2006
UA,ORD,dep,1970-01-01T06:11:00Z,443,UA/ ORD,2006
UA,ORD,dep,1970-01-01T06:21:00Z,1037,UA/ ORD,2006
UA,ORD,dep,1970-01-01T06:31:00Z,977,UA/ ORD,2006
UA,ORD,dep,1970-01-01T06:41:00Z,657,UA/ ORD,2006
UA,ORD,dep,1970-01-01T06:51:00Z,1463,UA/ ORD,2006
UA,ORD,dep,1970-01-01T07:01:00Z,470,UA/ ORD,2006
UA,ORD,dep,1970-01-01T07:11:00Z,307,UA/ ORD,2006
UA,ORD,dep,1970-01-01T07:21:00Z,604,UA/ ORD,2006
UA,ORD,dep,1970-01-01T07:31:00Z,539,UA/ ORD,2006
UA,ORD,dep,1970-01-01T07:41:00Z,216,UA/ ORD,2006
UA,ORD,dep,1970-01-01T07:51:00Z,1860,UA/ ORD,2006
UA,ORD,dep,1970-01-01T08:01:00Z,1987,UA/ ORD,2006
UA,ORD,dep,1970-01-01T08:11:00Z,894,UA/ ORD,2006
UA,ORD,dep,1970-01-01T08:21:00Z,587,UA/ ORD,2006
UA,ORD,dep,1970-01-01T08:31:00Z,262,UA/ ORD,2006
UA,ORD,dep,1970-01-01T08:41:00Z,186,UA/ ORD,2006
UA,ORD,dep,1970-01-01T08:51:00Z,1488,UA/ ORD,2006
UA,ORD,dep,1970-01-01T09:01:00Z,911,UA/ ORD,2006
UA,ORD,dep,1970-01-01T09:11:00Z,690,UA/ ORD,2006
UA,ORD,dep,1970-01-01T09:21:00Z,750,UA/ ORD,2006
UA,ORD,dep,1970-01-01T09:31:00Z,385,UA/ ORD,2006
UA,ORD,dep,1970-01-01T09:41:00Z,713,UA/ ORD,2006
UA,ORD,dep,1970-01-01T09:51:00Z,2603,UA/ ORD,2006
UA,ORD,dep,1970-01-01T10:01:00Z,1837,UA/ ORD,2006
UA,ORD,dep,1970-01-01T10:11:00Z,984,UA/ ORD,2006
UA,ORD,dep,1970-01-01T10:21:00Z,681,UA/ ORD,2006
UA,ORD,dep,1970-01-01T10:31:00Z,1375,UA/ ORD,2006
UA,ORD,dep,1970-01-01T10:41:00Z,1316,UA/ ORD,2006
UA,ORD,dep,1970-01-01T10:51:00Z,1287,UA/ ORD,2006
UA,ORD,dep,1970-01-01T11:01:00Z,549,UA/ ORD,2006
UA,ORD,dep,1970-01-01T11:11:00Z,404,UA/ ORD,2006
UA,ORD,dep,1970-01-01T11:21:00Z,345,UA/ ORD,2006
UA,ORD,dep,1970-01-01T11:31:00Z,196,UA/ ORD,2006
UA,ORD,dep,1970-01-01T11:41:00Z,339,UA/ ORD,2006
UA,ORD,dep,1970-01-01T11:51:00Z,1927,UA/ ORD,2006
UA,ORD,dep,1970-01-01T12:01:00Z,1076,UA/ ORD,2006
UA,ORD,dep,1970-01-01T12:11:00Z,575,UA/ ORD,2006
UA,ORD,dep,1970-01-01T12:21:00Z,326,UA/ ORD,2006
UA,ORD,dep,1970-01-01T12:31:00Z,162,UA/ ORD,2006
UA,ORD,dep,1970-01-01T12:41:00Z,217,UA/ ORD,2006
UA,ORD,dep,1970-01-01T12:51:00Z,1220,UA/ ORD,2006
UA,ORD,dep,1970-01-01T13:01:00Z,1636,UA/ ORD,2006
UA,ORD,dep,1970-01-01T13:11:00Z,2160,UA/ ORD,2006
UA,ORD,dep,1970-01-01T13:21:00Z,1351,UA/ ORD,2006
UA,ORD,dep,1970-01-01T13:31:00Z,846,UA/ ORD,2006
UA,ORD,dep,1970-01-01T13:41:00Z,723,UA/ ORD,2006
UA,ORD,dep,1970-01-01T13:51:00Z,1088,UA/ ORD,2006
UA,ORD,dep,1970-01-01T14:01:00Z,636,UA/ ORD,2006
UA,ORD,dep,1970-01-01T14:11:00Z,455,UA/ ORD,2006
UA,ORD,dep,1970-01-01T14:21:00Z,292,UA/ ORD,2006
UA,ORD,dep,1970-01-01T14:31:00Z,359,UA/ ORD,2006
UA,ORD,dep,1970-01-01T14:41:00Z,1211,UA/ ORD,2006
UA,ORD,dep,1970-01-01T14:51:00Z,1557,UA/ ORD,2006
UA,ORD,dep,1970-01-01T15:01:00Z,1185,UA/ ORD,2006
UA,ORD,dep,1970-01-01T15:11:00Z,1011,UA/ ORD,2006
UA,ORD,dep,1970-01-01T15:21:00Z,598,UA/ ORD,2006
UA,ORD,dep,1970-01-01T15:31:00Z,498,UA/ ORD,2006
UA,ORD,dep,1970-01-01T15:41:00Z,1112,UA/ ORD,2006
UA,ORD,dep,1970-01-01T15:51:00Z,1315,UA/ ORD,2006
UA,ORD,dep,1970-01-01T16:01:00Z,938,UA/ ORD,2006
UA,ORD,dep,1970-01-01T16:11:00Z,669,UA/ ORD,2006
UA,ORD,dep,1970-01-01T16:21:00Z,533,UA/ ORD,2006
UA,ORD,dep,1970-01-01T16:31:00Z,494,UA/ ORD,2006
UA,ORD,dep,1970-01-01T16:41:00Z,757,UA/ ORD,2006
UA,ORD,dep,1970-01-01T16:51:00Z,1446,UA/ ORD,2006
UA,ORD,dep,1970-01-01T17:01:00Z,1091,UA/ ORD,2006
UA,ORD,dep,1970-01-01T17:11:00Z,994,UA/ ORD,2006
UA,ORD,dep,1970-01-01T17:21:00Z,779,UA/ ORD,2006
UA,ORD,dep,1970-01-01T17:31:00Z,564,UA/ ORD,2006
UA,ORD,dep,1970-01-01T17:41:00Z,1092,UA/ ORD,2006
UA,ORD,dep,1970-01-01T17:51:00Z,1515,UA/ ORD,2006
UA,ORD,dep,1970-01-01T18:01:00Z,1439,UA/ ORD,2006
UA,ORD,dep,1970-01-01T18:11:00Z,1146,UA/ ORD,2006
UA,ORD,dep,1970-01-01T18:21:00Z,961,UA/ ORD,2006
UA,ORD,dep,1970-01-01T18:31:00Z,817,UA/ ORD,2006
UA,ORD,dep,1970-01-01T18:41:00Z,1137,UA/ ORD,2006
UA,ORD,dep,1970-01-01T18:51:00Z,1263,UA/ ORD,2006
UA,ORD,dep,1970-01-01T19:01:00Z,1129,UA/ ORD,2006
UA,ORD,dep,1970-01-01T19:11:00Z,858,UA/ ORD,2006
UA,ORD,dep,1970-01-01T19:21:00Z,638,UA/ ORD,2006
UA,ORD,dep,1970-01-01T19:31:00Z,516,UA/ ORD,2006
UA,ORD,dep,1970-01-01T19:41:00Z,1033,UA/ ORD,2006
UA,ORD,dep,1970-01-01T19:51:00Z,1226,UA/ ORD,2006
UA,ORD,dep,1970-01-01T20:01:00Z,1093,UA/ ORD,2006
UA,ORD,dep,1970-01-01T20:11:00Z,1287,UA/ ORD,2006
UA,ORD,dep,1970-01-01T20:21:00Z,1117,UA/ ORD,2006
UA,ORD,dep,1970-01-01T20:31:00Z,813,UA/ ORD,2006
UA,ORD,dep,1970-01-01T20:41:00Z,1271,UA/ ORD,2006
UA,ORD,dep,1970-01-01T20:51:00Z,1245,UA/ ORD,2006
UA,ORD,dep,1970-01-01T21:01:00Z,1029,UA/ ORD,2006
UA,ORD,dep,1970-01-01T21:11:00Z,1091,UA/ ORD,2006
UA,ORD,dep,1970-01-01T21:21:00Z,688,UA/ ORD,2006
UA,ORD,dep,1970-01-01T21:31:00Z,629,UA/ ORD,2006
UA,ORD,dep,1970-01-01T21:41:00Z,625,UA/ ORD,2006
UA,ORD,dep,1970-01-01T21:51:00Z,583,UA/ ORD,2006
UA,ORD,dep,1970-01-01T22:01:00Z,712,UA/ ORD,2006
UA,ORD,dep,1970-01-01T22:11:00Z,552,UA/ ORD,2006
UA,ORD,dep,1970-01-01T22:21:00Z,427,UA/ ORD,2006
UA,ORD,dep,1970-01-01T22:31:00Z,372,UA/ ORD,2006
UA,ORD,dep,1970-01-01T22:41:00Z,259,UA/ ORD,2006
UA,ORD,dep,1970-01-01T22:51:00Z,230,UA/ ORD,2006
UA,ORD,dep,1970-01-01T23:01:00Z,171,UA/ ORD,2006
UA,ORD,dep,1970-01-01T23:11:00Z,161,UA/ ORD,2006
UA,ORD,dep,1970-01-01T23:21:00Z,130,UA/ ORD,2006
UA,ORD,dep,1970-01-01T23:31:00Z,115,UA/ ORD,2006
UA,ORD,dep,1970-01-01T23:41:00Z,106,UA/ ORD,2006
UA,ORD,dep,1970-01-01T23:51:00Z,95,UA/ ORD,2006
AA,ORD,arr,1970-01-01T00:01:00Z,-171,AA/ ORD,2007
AA,ORD,arr,1970-01-01T00:11:00Z,-132,AA/ ORD,2007
AA,ORD,arr,1970-01-01T00:21:00Z,-100,AA/ ORD,2007
AA,ORD,arr,1970-01-01T00:31:00Z,-83,AA/ ORD,2007
AA,ORD,arr,1970-01-01T00:41:00Z,-65,AA/ ORD,2007
AA,ORD,arr,1970-01-01T00:51:00Z,-66,AA/ ORD,2007
AA,ORD,arr,1970-01-01T01:01:00Z,-50,AA/ ORD,2007
AA,ORD,arr,1970-01-01T01:11:00Z,-36,AA/ ORD,2007
AA,ORD,arr,1970-01-01T01:21:00Z,-29,AA/ ORD,2007
AA,ORD,arr,1970-01-01T01:31:00Z,-25,AA/ ORD,2007
AA,ORD,arr,1970-01-01T01:41:00Z,-20,AA/ ORD,2007
AA,ORD,arr,1970-01-01T01:51:00Z,-14,AA/ ORD,2007
AA,ORD,arr,1970-01-01T02:01:00Z,-16,AA/ ORD,2007
AA,ORD,arr,1970-01-01T02:11:00Z,-9,AA/ ORD,2007
AA,ORD,arr,1970-01-01T02:21:00Z,-6,AA/ ORD,2007
AA,ORD,arr,1970-01-01T02:31:00Z,-6,AA/ ORD,2007
AA,ORD,arr,1970-01-01T02:41:00Z,-8,AA/ ORD,2007
AA,ORD,arr,1970-01-01T02:51:00Z,-5,AA/ ORD,2007
AA,ORD,arr,1970-01-01T03:01:00Z,-9,AA/ ORD,2007
AA,ORD,arr,1970-01-01T03:11:00Z,-1,AA/ ORD,2007
AA,ORD,arr,1970-01-01T03:21:00Z,-3,AA/ ORD,2007
AA,ORD,arr,1970-01-01T03:31:00Z,-2,AA/ ORD,2007
AA,ORD,arr,1970-01-01T03:41:00Z,-2,AA/ ORD,2007
AA,ORD,arr,1970-01-01T03:51:00Z,-1,AA/ ORD,2007
AA,ORD,arr,1970-01-01T04:01:00Z,-1,AA/ ORD,2007
AA,ORD,arr,1970-01-01T04:11:00Z,-13,AA/ ORD,2007
AA,ORD,arr,1970-01-01T04:21:00Z,-62,AA/ ORD,2007
AA,ORD,arr,1970-01-01T04:31:00Z,-104,AA/ ORD,2007
AA,ORD,arr,1970-01-01T04:41:00Z,-131,AA/ ORD,2007
AA,ORD,arr,1970-01-01T04:51:00Z,-137,AA/ ORD,2007
AA,ORD,arr,1970-01-01T05:01:00Z,-134,AA/ ORD,2007
AA,ORD,arr,1970-01-01T05:11:00Z,-154,AA/ ORD,2007
AA,ORD,arr,1970-01-01T05:21:00Z,-170,AA/ ORD,2007
AA,ORD,arr,1970-01-01T05:31:00Z,-158,AA/ ORD,2007
AA,ORD,arr,1970-01-01T05:41:00Z,-201,AA/ ORD,2007
AA,ORD,arr,1970-01-01T05:51:00Z,-207,AA/ ORD,2007
AA,ORD,arr,1970-01-01T06:01:00Z,-193,AA/ ORD,2007
AA,ORD,arr,1970-01-01T06:11:00Z,-128,AA/ ORD,2007
AA,ORD,arr,1970-01-01T06:21:00Z,-72,AA/ ORD,2007
AA,ORD,arr,1970-01-01T06:31:00Z,-60,AA/ ORD,2007
AA,ORD,arr,1970-01-01T06:41:00Z,-39,AA/ ORD,2007
AA,ORD,arr,1970-01-01T06:51:00Z,-126,AA/ ORD,2007
AA,ORD,arr,1970-01-01T07:01:00Z,-233,AA/ ORD,2007
AA,ORD,arr,1970-01-01T07:11:00Z,-273,AA/ ORD,2007
AA,ORD,arr,1970-01-01T07:21:00Z,-192,AA/ ORD,2007
AA,ORD,arr,1970-01-01T07:31:00Z,-312,AA/ ORD,2007
AA,ORD,arr,1970-01-01T07:41:00Z,-424,AA/ ORD,2007
AA,ORD,arr,1970-01-01T07:51:00Z,-497,AA/ ORD,2007
AA,ORD,arr,1970-01-01T08:01:00Z,-461,AA/ ORD,2007
AA,ORD,arr,1970-01-01T08:11:00Z,-370,AA/ ORD,2007
AA,ORD,arr,1970-01-01T08:21:00Z,-514,AA/ ORD,2007
AA,ORD,arr,1970-01-01T08:31:00Z,-679,AA/ ORD,2007
AA,ORD,arr,1970-01-01T08:41:00Z,-785,AA/ ORD,2007
AA,ORD,arr,1970-01-01T08:51:00Z,-742,AA/ ORD,2007
AA,ORD,arr,1970-01-01T09:01:00Z,-628,AA/ ORD,2007
AA,ORD,arr,1970-01-01T09:11:00Z,-635,AA/ ORD,2007
AA,ORD,arr,1970-01-01T09:21:00Z,-730,AA/ ORD,2007
AA,ORD,arr,1970-01-01T09:31:00Z,-723,AA/ ORD,2007
AA,ORD,arr,1970-01-01T09:41:00Z,-595,AA/ ORD,2007
AA,ORD,arr,1970-01-01T09:51:00Z,-591,AA/ ORD,2007
AA,ORD,arr,1970-01-01T10:01:00Z,-740,AA/ ORD,2007
AA,ORD,arr,1970-01-01T10:11:00Z,-810,AA/ ORD,2007
AA,ORD,arr,1970-01-01T10:21:00Z,-700,AA/ ORD,2007
AA,ORD,arr,1970-01-01T10:31:00Z,-527,AA/ ORD,2007
AA,ORD,arr,1970-01-01T10:41:00Z,-413,AA/ ORD,2007
AA,ORD,arr,1970-01-01T10:51:00Z,-531,AA/ ORD,2007
AA,ORD,arr,1970-01-01T11:01:00Z,-745,AA/ ORD,2007
AA,ORD,arr,1970-01-01T11:11:00Z,-842,AA/ ORD,2007
AA,ORD,arr,1970-01-01T11:21:00Z,-850,AA/ ORD,2007
AA,ORD,arr,1970-01-01T11:31:00Z,-791,AA/ ORD,2007
AA,ORD,arr,1970-01-01T11:41:00Z,-915,AA/ ORD,2007
AA,ORD,arr,1970-01-01T11:51:00Z,-877,AA/ ORD,2007
AA,ORD,arr,1970-01-01T12:01:00Z,-852,AA/ ORD,2007
AA,ORD,arr,1970-01-01T12:11:00Z,-860,AA/ ORD,2007
AA,ORD,arr,1970-01-01T12:21:00Z,-807,AA/ ORD,2007
AA,ORD,arr,1970-01-01T12:31:00Z,-868,AA/ ORD,2007
AA,ORD,arr,1970-01-01T12:41:00Z,-764,AA/ ORD,2007
AA,ORD,arr,1970-01-01T12:51:00Z,-871,AA/ ORD,2007
AA,ORD,arr,1970-01-01T13:01:00Z,-955,AA/ ORD,2007
AA,ORD,arr,1970-01-01T13:11:00Z,-813,AA/ ORD,2007
AA,ORD,arr,1970-01-01T13:21:00Z,-733,AA/ ORD,2007
AA,ORD,arr,1970-01-01T13:31:00Z,-762,AA/ ORD,2007
AA,ORD,arr,1970-01-01T13:41:00Z,-734,AA/ ORD,2007
AA,ORD,arr,1970-01-01T13:51:00Z,-686,AA/ ORD,2007
AA,ORD,arr,1970-01-01T14:01:00Z,-672,AA/ ORD,2007
AA,ORD,arr,1970-01-01T14:11:00Z,-659,AA/ ORD,2007
AA,ORD,arr,1970-01-01T14:21:00Z,-715,AA/ ORD,2007
AA,ORD,arr,1970-01-01T14:31:00Z,-721,AA/ ORD,2007
AA,ORD,arr,1970-01-01T14:41:00Z,-699,AA/ ORD,2007
AA,ORD,arr,1970-01-01T14:51:00Z,-648,AA/ ORD,2007
AA,ORD,arr,1970-01-01T15:01:00Z,-734,AA/ ORD,2007
AA,ORD,arr,1970-01-01T15:11:00Z,-728,AA/ ORD,2007
AA,ORD,arr,1970-01-01T15:21:00Z,-816,AA/ ORD,2007
AA,ORD,arr,1970-01-01T15:31:00Z,-860,AA/ ORD,2007
AA,ORD,arr,1970-01-01T15:41:00Z,-708,AA/ ORD,2007
AA,ORD,arr,1970-01-01T15:51:00Z,-755,AA/ ORD,2007
AA,ORD,arr,1970-01-01T16:01:00Z,-732,AA/ ORD,2007
AA,ORD,arr,1970-01-01T16:11:00Z,-653,AA/ ORD,2007
AA,ORD,arr,1970-01-01T16:21:00Z,-623,AA/ ORD,2007
AA,ORD,arr,1970-01-01T16:31:00Z,-648,AA/ ORD,2007
AA,ORD,arr,1970-01-01T16:41:00Z,-681,AA/ ORD,2007
AA,ORD,arr,1970-01-01T16:51:00Z,-727,AA/ ORD,2007
AA,ORD,arr,1970-01-01T17:01:00Z,-831,AA/ ORD,2007
AA,ORD,arr,1970-01-01T17:11:00Z,-820,AA/ ORD,2007
AA,ORD,arr,1970-01-01T17:21:00Z,-863,AA/ ORD,2007
AA,ORD,arr,1970-01-01T17:31:00Z,-742,AA/ ORD,2007
AA,ORD,arr,1970-01-01T17:41:00Z,-766,AA/ ORD,2007
AA,ORD,arr,1970-01-01T17:51:00Z,-819,AA/ ORD,2007
AA,ORD,arr,1970-01-01T18:01:00Z,-788,AA/ ORD,2007
AA,ORD,arr,1970-01-01T18:11:00Z,-804,AA/ ORD,2007
AA,ORD,arr,1970-01-01T18:21:00Z,-909,AA/ ORD,2007
AA,ORD,arr,1970-01-01T18:31:00Z,-883,AA/ ORD,2007
AA,ORD,arr,1970-01-01T18:41:00Z,-871,AA/ ORD,2007
AA,ORD,arr,1970-01-01T18:51:00Z,-836,AA/ ORD,2007
AA,ORD,arr,1970-01-01T19:01:00Z,-824,AA/ ORD,2007
AA,ORD,arr,1970-01-01T19:11:00Z,-834,AA/ ORD,2007
AA,ORD,arr,1970-01-01T19:21:00Z,-881,AA/ ORD,2007
AA,ORD,arr,1970-01-01T19:31:00Z,-1007,AA/ ORD,2007
AA,ORD,arr,1970-01-01T19:41:00Z,-859,AA/ ORD,2007
AA,ORD,arr,1970-01-01T19:51:00Z,-828,AA/ ORD,2007
AA,ORD,arr,1970-01-01T20:01:00Z,-722,AA/ ORD,2007
AA,ORD,arr,1970-01-01T20:11:00Z,-725,AA/ ORD,2007
AA,ORD,arr,1970-01-01T20:21:00Z,-817,AA/ ORD,2007
AA,ORD,arr,1970-01-01T20:31:00Z,-814,AA/ ORD,2007
AA,ORD,arr,1970-01-01T20:41:00Z,-740,AA/ ORD,2007
AA,ORD,arr,1970-01-01T20:51:00Z,-820,AA/ ORD,2007
AA,ORD,arr,1970-01-01T21:01:00Z,-792,AA/ ORD,2007
AA,ORD,arr,1970-01-01T21:11:00Z,-640,AA/ ORD,2007
AA,ORD,arr,1970-01-01T21:21:00Z,-626,AA/ ORD,2007
AA,ORD,arr,1970-01-01T21:31:00Z,-596,AA/ ORD,2007
AA,ORD,arr,1970-01-01T21:41:00Z,-632,AA/ ORD,2007
AA,ORD,arr,1970-01-01T21:51:00Z,-617,AA/ ORD,2007
AA,ORD,arr,1970-01-01T22:01:00Z,-588,AA/ ORD,2007
AA,ORD,arr,1970-01-01T22:11:00Z,-555,AA/ ORD,2007
AA,ORD,arr,1970-01-01T22:21:00Z,-532,AA/ ORD,2007
AA,ORD,arr,1970-01-01T22:31:00Z,-451,AA/ ORD,2007
AA,ORD,arr,1970-01-01T22:41:00Z,-443,AA/ ORD,2007
AA,ORD,arr,1970-01-01T22:51:00Z,-430,AA/ ORD,2007
AA,ORD,arr,1970-01-01T23:01:00Z,-447,AA/ ORD,2007
AA,ORD,arr,1970-01-01T23:11:00Z,-393,AA/ ORD,2007
AA,ORD,arr,1970-01-01T23:21:00Z,-333,AA/ ORD,2007
AA,ORD,arr,1970-01-01T23:31:00Z,-259,AA/ ORD,2007
AA,ORD,arr,1970-01-01T23:41:00Z,-208,AA/ ORD,2007
AA,ORD,arr,1970-01-01T23:51:00Z,-195,AA/ ORD,2007
AA,ORD,dep,1970-01-01T00:01:00Z,27,AA/ ORD,2007
AA,ORD,dep,1970-01-01T00:11:00Z,24,AA/ ORD,2007
AA,ORD,dep,1970-01-01T00:21:00Z,14,AA/ ORD,2007
AA,ORD,dep,1970-01-01T00:31:00Z,11,AA/ ORD,2007
AA,ORD,dep,1970-01-01T00:41:00Z,8,AA/ ORD,2007
AA,ORD,dep,1970-01-01T00:51:00Z,13,AA/ ORD,2007
AA,ORD,dep,1970-01-01T01:01:00Z,3,AA/ ORD,2007
AA,ORD,dep,1970-01-01T01:11:00Z,2,AA/ ORD,2007
AA,ORD,dep,1970-01-01T01:21:00Z,5,AA/ ORD,2007
AA,ORD,dep,1970-01-01T01:31:00Z,3,AA/ ORD,2007
AA,ORD,dep,1970-01-01T01:41:00Z,3,AA/ ORD,2007
AA,ORD,dep,1970-01-01T02:01:00Z,2,AA/ ORD,2007
AA,ORD,dep,1970-01-01T05:51:00Z,401,AA/ ORD,2007
AA,ORD,dep,1970-01-01T06:01:00Z,246,AA/ ORD,2007
AA,ORD,dep,1970-01-01T06:11:00Z,175,AA/ ORD,2007
AA,ORD,dep,1970-01-01T06:21:00Z,190,AA/ ORD,2007
AA,ORD,dep,1970-01-01T06:31:00Z,600,AA/ ORD,2007
AA,ORD,dep,1970-01-01T06:41:00Z,753,AA/ ORD,2007
AA,ORD,dep,1970-01-01T06:51:00Z,1089,AA/ ORD,2007
AA,ORD,dep,1970-01-01T07:01:00Z,911,AA/ ORD,2007
AA,ORD,dep,1970-01-01T07:11:00Z,1016,AA/ ORD,2007
AA,ORD,dep,1970-01-01T07:21:00Z,713,AA/ ORD,2007
AA,ORD,dep,1970-01-01T07:31:00Z,726,AA/ ORD,2007
AA,ORD,dep,1970-01-01T07:41:00Z,697,AA/ ORD,2007
AA,ORD,dep,1970-01-01T07:51:00Z,919,AA/ ORD,2007
AA,ORD,dep,1970-01-01T08:01:00Z,845,AA/ ORD,2007
AA,ORD,dep,1970-01-01T08:11:00Z,573,AA/ ORD,2007
AA,ORD,dep,1970-01-01T08:21:00Z,713,AA/ ORD,2007
AA,ORD,dep,1970-01-01T08:31:00Z,979,AA/ ORD,2007
AA,ORD,dep,1970-01-01T08:41:00Z,659,AA/ ORD,2007
AA,ORD,dep,1970-01-01T08:51:00Z,723,AA/ ORD,2007
AA,ORD,dep,1970-01-01T09:01:00Z,680,AA/ ORD,2007
AA,ORD,dep,1970-01-01T09:11:00Z,590,AA/ ORD,2007
AA,ORD,dep,1970-01-01T09:21:00Z,869,AA/ ORD,2007
AA,ORD,dep,1970-01-01T09:31:00Z,981,AA/ ORD,2007
AA,ORD,dep,1970-01-01T09:41:00Z,1095,AA/ ORD,2007
AA,ORD,dep,1970-01-01T09:51:00Z,1043,AA/ ORD,2007
AA,ORD,dep,1970-01-01T10:01:00Z,784,AA/ ORD,2007
AA,ORD,dep,1970-01-01T10:11:00Z,836,AA/ ORD,2007
AA,ORD,dep,1970-01-01T10:21:00Z,1035,AA/ ORD,2007
AA,ORD,dep,1970-01-01T10:31:00Z,883,AA/ ORD,2007
AA,ORD,dep,1970-01-01T10:41:00Z,709,AA/ ORD,2007
AA,ORD,dep,1970-01-01T10:51:00Z,822,AA/ ORD,2007
AA,ORD,dep,1970-01-01T11:01:00Z,746,AA/ ORD,2007
AA,ORD,dep,1970-01-01T11:11:00Z,817,AA/ ORD,2007
AA,ORD,dep,1970-01-01T11:21:00Z,620,AA/ ORD,2007
AA,ORD,dep,1970-01-01T11:31:00Z,677,AA/ ORD,2007
AA,ORD,dep,1970-01-01T11:41:00Z,676,AA/ ORD,2007
AA,ORD,dep,1970-01-01T11:51:00Z,854,AA/ ORD,2007
AA,ORD,dep,1970-01-01T12:01:00Z,790,AA/ ORD,2007
AA,ORD,dep,1970-01-01T12:11:00Z,780,AA/ ORD,2007
AA,ORD,dep,1970-01-01T12:21:00Z,857,AA/ ORD,2007
AA,ORD,dep,1970-01-01T12:31:00Z,783,AA/ ORD,2007
AA,ORD,dep,1970-01-01T12:41:00Z,842,AA/ ORD,2007
AA,ORD,dep,1970-01-01T12:51:00Z,796,AA/ ORD,2007
AA,ORD,dep,1970-01-01T13:01:00Z,861,AA/ ORD,2007
AA,ORD,dep,1970-01-01T13:11:00Z,667,AA/ ORD,2007
AA,ORD,dep,1970-01-01T13:21:00Z,587,AA/ ORD,2007
AA,ORD,dep,1970-01-01T13:31:00Z,837,AA/ ORD,2007
AA,ORD,dep,1970-01-01T13:41:00Z,764,AA/ ORD,2007
AA,ORD,dep,1970-01-01T13:51:00Z,930,AA/ ORD,2007
AA,ORD,dep,1970-01-01T14:01:00Z,941,AA/ ORD,2007
AA,ORD,dep,1970-01-01T14:11:00Z,788,AA/ ORD,2007
AA,ORD,dep,1970-01-01T14:21:00Z,712,AA/ ORD,2007
AA,ORD,dep,1970-01-01T14:31:00Z,784,AA/ ORD,2007
AA,ORD,dep,1970-01-01T14:41:00Z,733,AA/ ORD,2007
AA,ORD,dep,1970-01-01T14:51:00Z,844,AA/ ORD,2007
AA,ORD,dep,1970-01-01T15:01:00Z,763,AA/ ORD,2007
AA,ORD,dep,1970-01-01T15:11:00Z,932,AA/ ORD,2007
AA,ORD,dep,1970-01-01T15:21:00Z,578,AA/ ORD,2007
AA,ORD,dep,1970-01-01T15:31:00Z,526,AA/ ORD,2007
AA,ORD,dep,1970-01-01T15:41:00Z,712,AA/ ORD,2007
AA,ORD,dep,1970-01-01T15:51:00Z,548,AA/ ORD,2007
AA,ORD,dep,1970-01-01T16:01:00Z,509,AA/ ORD,2007
AA,ORD,dep,1970-01-01T16:11:00Z,636,AA/ ORD,2007
AA,ORD,dep,1970-01-01T16:21:00Z,650,AA/ ORD,2007
AA,ORD,dep,1970-01-01T16:31:00Z,658,AA/ ORD,2007
AA,ORD,dep,1970-01-01T16:41:00Z,744,AA/ ORD,2007
AA,ORD,dep,1970-01-01T16:51:00Z,664,AA/ ORD,2007
AA,ORD,dep,1970-01-01T17:01:00Z,584,AA/ ORD,2007
AA,ORD,dep,1970-01-01T17:11:00Z,576,AA/ ORD,2007
AA,ORD,dep,1970-01-01T17:21:00Z,490,AA/ ORD,2007
AA,ORD,dep,1970-01-01T17:31:00Z,560,AA/ ORD,2007
AA,ORD,dep,1970-01-01T17:41:00Z,574,AA/ ORD,2007
AA,ORD,dep,1970-01-01T17:51:00Z,704,AA/ ORD,2007
AA,ORD,dep,1970-01-01T18:01:00Z,687,AA/ ORD,2007
AA,ORD,dep,1970-01-01T18:11:00Z,724,AA/ ORD,2007
AA,ORD,dep,1970-01-01T18:21:00Z,853,AA/ ORD,2007
AA,ORD,dep,1970-01-01T18:31:00Z,832,AA/ ORD,2007
AA,ORD,dep,1970-01-01T18:41:00Z,852,AA/ ORD,2007
AA,ORD,dep,1970-01-01T18:51:00Z,907,AA/ ORD,2007
AA,ORD,dep,1970-01-01T19:01:00Z,838,AA/ ORD,2007
AA,ORD,dep,1970-01-01T19:11:00Z,794,AA/ ORD,2007
AA,ORD,dep,1970-01-01T19:21:00Z,827,AA/ ORD,2007
AA,ORD,dep,1970-01-01T19:31:00Z,766,AA/ ORD,2007
AA,ORD,dep,1970-01-01T19:41:00Z,738,AA/ ORD,2007
AA,ORD,dep,1970-01-01T19:51:00Z,608,AA/ ORD,2007
AA,ORD,dep,1970-01-01T20:01:00Z,767,AA/ ORD,2007
AA,ORD,dep,1970-01-01T20:11:00Z,783,AA/ ORD,2007
AA,ORD,dep,1970-01-01T20:21:00Z,880,AA/ ORD,2007
AA,ORD,dep,1970-01-01T20:31:00Z,797,AA/ ORD,2007
AA,ORD,dep,1970-01-01T20:41:00Z,723,AA/ ORD,2007
AA,ORD,dep,1970-01-01T20:51:00Z,653,AA/ ORD,2007
AA,ORD,dep,1970-01-01T21:01:00Z,535,AA/ ORD,2007
AA,ORD,dep,1970-01-01T21:11:00Z,598,AA/ ORD,2007
AA,ORD,dep,1970-01-01T21:21:00Z,543,AA/ ORD,2007
AA,ORD,dep,1970-01-01T21:31:00Z,446,AA/ ORD,2007
AA,ORD,dep,1970-01-01T21:41:00Z,507,AA/ ORD,2007
AA,ORD,dep,1970-01-01T21:51:00Z,407,AA/ ORD,2007
AA,ORD,dep,1970-01-01T22:01:00Z,294,AA/ ORD,2007
AA,ORD,dep,1970-01-01T22:11:00Z,251,AA/ ORD,2007
AA,ORD,dep,1970-01-01T22:21:00Z,206,AA/ ORD,2007
AA,ORD,dep,1970-01-01T22:31:00Z,173,AA/ ORD,2007
AA,ORD,dep,1970-01-01T22:41:00Z,154,AA/ ORD,2007
AA,ORD,dep,1970-01-01T22:51:00Z,140,AA/ ORD,2007
AA,ORD,dep,1970-01-01T23:01:00Z,97,AA/ ORD,2007
AA,ORD,dep,1970-01-01T23:11:00Z,80,AA/ ORD,2007
AA,ORD,dep,1970-01-01T23:21:00Z,58,AA/ ORD,2007
AA,ORD,dep,1970-01-01T23:31:00Z,57,AA/ ORD,2007
AA,ORD,dep,1970-01-01T23:41:00Z,52,AA/ ORD,2007
AA,ORD,dep,1970-01-01T23:51:00Z,46,AA/ ORD,2007
UA,ORD,arr,1970-01-01T00:01:00Z,-201,UA/ ORD,2007
UA,ORD,arr,1970-01-01T00:11:00Z,-143,UA/ ORD,2007
UA,ORD,arr,1970-01-01T00:21:00Z,-167,UA/ ORD,2007
UA,ORD,arr,1970-01-01T00:31:00Z,-121,UA/ ORD,2007
UA,ORD,arr,1970-01-01T00:41:00Z,-93,UA/ ORD,2007
UA,ORD,arr,1970-01-01T00:51:00Z,-72,UA/ ORD,2007
UA,ORD,arr,1970-01-01T01:01:00Z,-63,UA/ ORD,2007
UA,ORD,arr,1970-01-01T01:11:00Z,-45,UA/ ORD,2007
UA,ORD,arr,1970-01-01T01:21:00Z,-47,UA/ ORD,2007
UA,ORD,arr,1970-01-01T01:31:00Z,-34,UA/ ORD,2007
UA,ORD,arr,1970-01-01T01:41:00Z,-39,UA/ ORD,2007
UA,ORD,arr,1970-01-01T01:51:00Z,-22,UA/ ORD,2007
UA,ORD,arr,1970-01-01T02:01:00Z,-18,UA/ ORD,2007
UA,ORD,arr,1970-01-01T02:11:00Z,-12,UA/ ORD,2007
UA,ORD,arr,1970-01-01T02:21:00Z,-5,UA/ ORD,2007
UA,ORD,arr,1970-01-01T02:31:00Z,-5,UA/ ORD,2007
UA,ORD,arr,1970-01-01T02:41:00Z,-9,UA/ ORD,2007
UA,ORD,arr,1970-01-01T02:51:00Z,-6,UA/ ORD,2007
UA,ORD,arr,1970-01-01T03:01:00Z,-6,UA/ ORD,2007
UA,ORD,arr,1970-01-01T03:11:00Z,-5,UA/ ORD,2007
UA,ORD,arr,1970-01-01T03:21:00Z,-4,UA/ ORD,2007
UA,ORD,arr,1970-01-01T03:31:00Z,-8,UA/ ORD,2007
UA,ORD,arr,1970-01-01T03:41:00Z,-11,UA/ ORD,2007
UA,ORD,arr,1970-01-01T03:51:00Z,-24,UA/ ORD,2007
UA,ORD,arr,1970-01-01T04:01:00Z,-40,UA/ ORD,2007
UA,ORD,arr,1970-01-01T04:11:00Z,-82,UA/ ORD,2007
UA,ORD,arr,1970-01-01T04:21:00Z,-117,UA/ ORD,2007
UA,ORD,arr,1970-01-01T04:31:00Z,-254,UA/ ORD,2007
UA,ORD,arr,1970-01-01T04:41:00Z,-383,UA/ ORD,2007
UA,ORD,arr,1970-01-01T04:51:00Z,-595,UA/ ORD,2007
UA,ORD,arr,1970-01-01T05:01:00Z,-609,UA/ ORD,2007
UA,ORD,arr,1970-01-01T05:11:00Z,-460,UA/ ORD,2007
UA,ORD,arr,1970-01-01T05:21:00Z,-349,UA/ ORD,2007
UA,ORD,arr,1970-01-01T05:31:00Z,-305,UA/ ORD,2007
UA,ORD,arr,1970-01-01T05:41:00Z,-281,UA/ ORD,2007
UA,ORD,arr,1970-01-01T05:51:00Z,-302,UA/ ORD,2007
UA,ORD,arr,1970-01-01T06:01:00Z,-305,UA/ ORD,2007
UA,ORD,arr,1970-01-01T06:11:00Z,-305,UA/ ORD,2007
UA,ORD,arr,1970-01-01T06:21:00Z,-285,UA/ ORD,2007
UA,ORD,arr,1970-01-01T06:31:00Z,-347,UA/ ORD,2007
UA,ORD,arr,1970-01-01T06:41:00Z,-457,UA/ ORD,2007
UA,ORD,arr,1970-01-01T06:51:00Z,-582,UA/ ORD,2007
UA,ORD,arr,1970-01-01T07:01:00Z,-850,UA/ ORD,2007
UA,ORD,arr,1970-01-01T07:11:00Z,-766,UA/ ORD,2007
UA,ORD,arr,1970-01-01T07:21:00Z,-512,UA/ ORD,2007
UA,ORD,arr,1970-01-01T07:31:00Z,-412,UA/ ORD,2007
UA,ORD,arr,1970-01-01T07:41:00Z,-531,UA/ ORD,2007
UA,ORD,arr,1970-01-01T07:51:00Z,-709,UA/ ORD,2007
UA,ORD,arr,1970-01-01T08:01:00Z,-978,UA/ ORD,2007
UA,ORD,arr,1970-01-01T08:11:00Z,-1230,UA/ ORD,2007
UA,ORD,arr,1970-01-01T08:21:00Z,-1261,UA/ ORD,2007
UA,ORD,arr,1970-01-01T08:31:00Z,-1231,UA/ ORD,2007
UA,ORD,arr,1970-01-01T08:41:00Z,-1180,UA/ ORD,2007
UA,ORD,arr,1970-01-01T08:51:00Z,-1048,UA/ ORD,2007
UA,ORD,arr,1970-01-01T09:01:00Z,-1025,UA/ ORD,2007
UA,ORD,arr,1970-01-01T09:11:00Z,-968,UA/ ORD,2007
UA,ORD,arr,1970-01-01T09:21:00Z,-920,UA/ ORD,2007
UA,ORD,arr,1970-01-01T09:31:00Z,-1043,UA/ ORD,2007
UA,ORD,arr,1970-01-01T09:41:00Z,-899,UA/ ORD,2007
UA,ORD,arr,1970-01-01T09:51:00Z,-872,UA/ ORD,2007
UA,ORD,arr,1970-01-01T10:01:00Z,-740,UA/ ORD,2007
UA,ORD,arr,1970-01-01T10:11:00Z,-642,UA/ ORD,2007
UA,ORD,arr,1970-01-01T10:21:00Z,-693,UA/ ORD,2007
UA,ORD,arr,1970-01-01T10:31:00Z,-902,UA/ ORD,2007
UA,ORD,arr,1970-01-01T10:41:00Z,-976,UA/ ORD,2007
UA,ORD,arr,1970-01-01T10:51:00Z,-998,UA/ ORD,2007
UA,ORD,arr,1970-01-01T11:01:00Z,-1002,UA/ ORD,2007
UA,ORD,arr,1970-01-01T11:11:00Z,-801,UA/ ORD,2007
UA,ORD,arr,1970-01-01T11:21:00Z,-746,UA/ ORD,2007
UA,ORD,arr,1970-01-01T11:31:00Z,-833,UA/ ORD,2007
UA,ORD,arr,1970-01-01T11:41:00Z,-957,UA/ ORD,2007
UA,ORD,arr,1970-01-01T11:51:00Z,-1062,UA/ ORD,2007
UA,ORD,arr,1970-01-01T12:01:00Z,-1147,UA/ ORD,2007
UA,ORD,arr,1970-01-01T12:11:00Z,-1175,UA/ ORD,2007
UA,ORD,arr,1970-01-01T12:21:00Z,-1129,UA/ ORD,2007
UA,ORD,arr,1970-01-01T12:31:00Z,-902,UA/ ORD,2007
UA,ORD,arr,1970-01-01T12:41:00Z,-759,UA/ ORD,2007
UA,ORD,arr,1970-01-01T12:51:00Z,-650,UA/ ORD,2007
UA,ORD,arr,1970-01-01T13:01:00Z,-569,UA/ ORD,2007
UA,ORD,arr,1970-01-01T13:11:00Z,-551,UA/ ORD,2007
UA,ORD,arr,1970-01-01T13:21:00Z,-570,UA/ ORD,2007
UA,ORD,arr,1970-01-01T13:31:00Z,-633,UA/ ORD,2007
UA,ORD,arr,1970-01-01T13:41:00Z,-800,UA/ ORD,2007
UA,ORD,arr,1970-01-01T13:51:00Z,-858,UA/ ORD,2007
UA,ORD,arr,1970-01-01T14:01:00Z,-952,UA/ ORD,2007
UA,ORD,arr,1970-01-01T14:11:00Z,-871,UA/ ORD,2007
UA,ORD,arr,1970-01-01T14:21:00Z,-942,UA/ ORD,2007
UA,ORD,arr,1970-01-01T14:31:00Z,-989,UA/ ORD,2007
UA,ORD,arr,1970-01-01T14:41:00Z,-982,UA/ ORD,2007
UA,ORD,arr,1970-01-01T14:51:00Z,-971,UA/ ORD,2007
UA,ORD,arr,1970-01-01T15:01:00Z,-775,UA/ ORD,2007
UA,ORD,arr,1970-01-01T15:11:00Z,-672,UA/ ORD,2007
UA,ORD,arr,1970-01-01T15:21:00Z,-613,UA/ ORD,2007
UA,ORD,arr,1970-01-01T15:31:00Z,-720,UA/ ORD,2007
UA,ORD,arr,1970-01-01T15:41:00Z,-897,UA/ ORD,2007
UA,ORD,arr,1970-01-01T15:51:00Z,-905,UA/ ORD,2007
UA,ORD,arr,1970-01-01T16:01:00Z,-1017,UA/ ORD,2007
UA,ORD,arr,1970-01-01T16:11:00Z,-949,UA/ ORD,2007
UA,ORD,arr,1970-01-01T16:21:00Z,-929,UA/ ORD,2007
UA,ORD,arr,1970-01-01T16:31:00Z,-978,UA/ ORD,2007
UA,ORD,arr,1970-01-01T16:41:00Z,-1087,UA/ ORD,2007
UA,ORD,arr,1970-01-01T16:51:00Z,-1132,UA/ ORD,2007
UA,ORD,arr,1970-01-01T17:01:00Z,-1225,UA/ ORD,2007
UA,ORD,arr,1970-01-01T17:11:00Z,-1103,UA/ ORD,2007
UA,ORD,arr,1970-01-01T17:21:00Z,-971,UA/ ORD,2007
UA,ORD,arr,1970-01-01T17:31:00Z,-885,UA/ ORD,2007
UA,ORD,arr,1970-01-01T17:41:00Z,-882,UA/ ORD,2007
UA,ORD,arr,1970-01-01T17:51:00Z,-779,UA/ ORD,2007
UA,ORD,arr,1970-01-01T18:01:00Z,-905,UA/ ORD,2007
UA,ORD,arr,1970-01-01T18:11:00Z,-882,UA/ ORD,2007
UA,ORD,arr,1970-01-01T18:21:00Z,-881,UA/ ORD,2007
UA,ORD,arr,1970-01-01T18:31:00Z,-1033,UA/ ORD,2007
UA,ORD,arr,1970-01-01T18:41:00Z,-1193,UA/ ORD,2007
UA,ORD,arr,1970-01-01T18:51:00Z,-1297,UA/ ORD,2007
UA,ORD,arr,1970-01-01T19:01:00Z,-1185,UA/ ORD,2007
UA,ORD,arr,1970-01-01T19:11:00Z,-1226,UA/ ORD,2007
UA,ORD,arr,1970-01-01T19:21:00Z,-1138,UA/ ORD,2007
UA,ORD,arr,1970-01-01T19:31:00Z,-1085,UA/ ORD,2007
UA,ORD,arr,1970-01-01T19:41:00Z,-1134,UA/ ORD,2007
UA,ORD,arr,1970-01-01T19:51:00Z,-1155,UA/ ORD,2007
UA,ORD,arr,1970-01-01T20:01:00Z,-1126,UA/ ORD,2007
UA,ORD,arr,1970-01-01T20:11:00Z,-1072,UA/ ORD,2007
UA,ORD,arr,1970-01-01T20:21:00Z,-887,UA/ ORD,2007
UA,ORD,arr,1970-01-01T20:31:00Z,-825,UA/ ORD,2007
UA,ORD,arr,1970-01-01T20:41:00Z,-674,UA/ ORD,2007
UA,ORD,arr,1970-01-01T20:51:00Z,-593,UA/ ORD,2007
UA,ORD,arr,1970-01-01T21:01:00Z,-551,UA/ ORD,2007
UA,ORD,arr,1970-01-01T21:11:00Z,-583,UA/ ORD,2007
UA,ORD,arr,1970-01-01T21:21:00Z,-578,UA/ ORD,2007
UA,ORD,arr,1970-01-01T21:31:00Z,-591,UA/ ORD,2007
UA,ORD,arr,1970-01-01T21:41:00Z,-565,UA/ ORD,2007
UA,ORD,arr,1970-01-01T21:51:00Z,-517,UA/ ORD,2007
UA,ORD,arr,1970-01-01T22:01:00Z,-415,UA/ ORD,2007
UA,ORD,arr,1970-01-01T22:11:00Z,-357,UA/ ORD,2007
UA,ORD,arr,1970-01-01T22:21:00Z,-357,UA/ ORD,2007
UA,ORD,arr,1970-01-01T22:31:00Z,-357,UA/ ORD,2007
UA,ORD,arr,1970-01-01T22:41:00Z,-390,UA/ ORD,2007
UA,ORD,arr,1970-01-01T22:51:00Z,-321,UA/ ORD,2007
UA,ORD,arr,1970-01-01T23:01:00Z,-228,UA/ ORD,2007
UA,ORD,arr,1970-01-01T23:11:00Z,-195,UA/ ORD,2007
UA,ORD,arr,1970-01-01T23:21:00Z,-174,UA/ ORD,2007
UA,ORD,arr,1970-01-01T23:31:00Z,-173,UA/ ORD,2007
UA,ORD,arr,1970-01-01T23:41:00Z,-236,UA/ ORD,2007
UA,ORD,arr,1970-01-01T23:51:00Z,-269,UA/ ORD,2007
UA,ORD,dep,1970-01-01T00:01:00Z,43,UA/ ORD,2007
UA,ORD,dep,1970-01-01T00:11:00Z,45,UA/ ORD,2007
UA,ORD,dep,1970-01-01T00:21:00Z,36,UA/ ORD,2007
UA,ORD,dep,1970-01-01T00:31:00Z,31,UA/ ORD,2007
UA,ORD,dep,1970-01-01T00:41:00Z,34,UA/ ORD,2007
UA,ORD,dep,1970-01-01T00:51:00Z,18,UA/ ORD,2007
UA,ORD,dep,1970-01-01T01:01:00Z,16,UA/ ORD,2007
UA,ORD,dep,1970-01-01T01:11:00Z,9,UA/ ORD,2007
UA,ORD,dep,1970-01-01T01:21:00Z,8,UA/ ORD,2007
UA,ORD,dep,1970-01-01T01:31:00Z,6,UA/ ORD,2007
UA,ORD,dep,1970-01-01T01:41:00Z,5,UA/ ORD,2007
UA,ORD,dep,1970-01-01T01:51:00Z,4,UA/ ORD,2007
UA,ORD,dep,1970-01-01T02:01:00Z,5,UA/ ORD,2007
UA,ORD,dep,1970-01-01T02:21:00Z,2,UA/ ORD,2007
UA,ORD,dep,1970-01-01T02:31:00Z,1,UA/ ORD,2007
UA,ORD,dep,1970-01-01T05:41:00Z,12,UA/ ORD,2007
UA,ORD,dep,1970-01-01T05:51:00Z,1337,UA/ ORD,2007
UA,ORD,dep,1970-01-01T06:01:00Z,487,UA/ ORD,2007
UA,ORD,dep,1970-01-01T06:11:00Z,446,UA/ ORD,2007
UA,ORD,dep,1970-01-01T06:21:00Z,1733,UA/ ORD,2007
UA,ORD,dep,1970-01-01T06:31:00Z,677,UA/ ORD,2007
UA,ORD,dep,1970-01-01T06:41:00Z,347,UA/ ORD,2007
UA,ORD,dep,1970-01-01T06:51:00Z,1057,UA/ ORD,2007
UA,ORD,dep,1970-01-01T07:01:00Z,593,UA/ ORD,2007
UA,ORD,dep,1970-01-01T07:11:00Z,278,UA/ ORD,2007
UA,ORD,dep,1970-01-01T07:21:00Z,487,UA/ ORD,2007
UA,ORD,dep,1970-01-01T07:31:00Z,514,UA/ ORD,2007
UA,ORD,dep,1970-01-01T07:41:00Z,203,UA/ ORD,2007
UA,ORD,dep,1970-01-01T07:51:00Z,2335,UA/ ORD,2007
UA,ORD,dep,1970-01-01T08:01:00Z,1619,UA/ ORD,2007
UA,ORD,dep,1970-01-01T08:11:00Z,1025,UA/ ORD,2007
UA,ORD,dep,1970-01-01T08:21:00Z,610,UA/ ORD,2007
UA,ORD,dep,1970-01-01T08:31:00Z,330,UA/ ORD,2007
UA,ORD,dep,1970-01-01T08:41:00Z,240,UA/ ORD,2007
UA,ORD,dep,1970-01-01T08:51:00Z,1443,UA/ ORD,2007
UA,ORD,dep,1970-01-01T09:01:00Z,857,UA/ ORD,2007
UA,ORD,dep,1970-01-01T09:11:00Z,811,UA/ ORD,2007
UA,ORD,dep,1970-01-01T09:21:00Z,685,UA/ ORD,2007
UA,ORD,dep,1970-01-01T09:31:00Z,565,UA/ ORD,2007
UA,ORD,dep,1970-01-01T09:41:00Z,1958,UA/ ORD,2007
UA,ORD,dep,1970-01-01T09:51:00Z,1757,UA/ ORD,2007
UA,ORD,dep,1970-01-01T10:01:00Z,1194,UA/ ORD,2007
UA,ORD,dep,1970-01-01T10:11:00Z,838,UA/ ORD,2007
UA,ORD,dep,1970-01-01T10:21:00Z,619,UA/ ORD,2007
UA,ORD,dep,1970-01-01T10:31:00Z,1474,UA/ ORD,2007
UA,ORD,dep,1970-01-01T10:41:00Z,1146,UA/ ORD,2007
UA,ORD,dep,1970-01-01T10:51:00Z,1141,UA/ ORD,2007
UA,ORD,dep,1970-01-01T11:01:00Z,651,UA/ ORD,2007
UA,ORD,dep,1970-01-01T11:11:00Z,404,UA/ ORD,2007
UA,ORD,dep,1970-01-01T11:21:00Z,503,UA/ ORD,2007
UA,ORD,dep,1970-01-01T11:31:00Z,368,UA/ ORD,2007
UA,ORD,dep,1970-01-01T11:41:00Z,399,UA/ ORD,2007
UA,ORD,dep,1970-01-01T11:51:00Z,1562,UA/ ORD,2007
UA,ORD,dep,1970-01-01T12:01:00Z,877,UA/ ORD,2007
UA,ORD,dep,1970-01-01T12:11:00Z,561,UA/ ORD,2007
UA,ORD,dep,1970-01-01T12:21:00Z,482,UA/ ORD,2007
UA,ORD,dep,1970-01-01T12:31:00Z,346,UA/ ORD,2007
UA,ORD,dep,1970-01-01T12:41:00Z,207,UA/ ORD,2007
UA,ORD,dep,1970-01-01T12:51:00Z,529,UA/ ORD,2007
UA,ORD,dep,1970-01-01T13:01:00Z,2335,UA/ ORD,2007
UA,ORD,dep,1970-01-01T13:11:00Z,2304,UA/ ORD,2007
UA,ORD,dep,1970-01-01T13:21:00Z,1135,UA/ ORD,2007
UA,ORD,dep,1970-01-01T13:31:00Z,805,UA/ ORD,2007
UA,ORD,dep,1970-01-01T13:41:00Z,719,UA/ ORD,2007
UA,ORD,dep,1970-01-01T13:51:00Z,1001,UA/ ORD,2007
UA,ORD,dep,1970-01-01T14:01:00Z,645,UA/ ORD,2007
UA,ORD,dep,1970-01-01T14:11:00Z,361,UA/ ORD,2007
UA,ORD,dep,1970-01-01T14:21:00Z,341,UA/ ORD,2007
UA,ORD,dep,1970-01-01T14:31:00Z,359,UA/ ORD,2007
UA,ORD,dep,1970-01-01T14:41:00Z,970,UA/ ORD,2007
UA,ORD,dep,1970-01-01T14:51:00Z,1221,UA/ ORD,2007
UA,ORD,dep,1970-01-01T15:01:00Z,1124,UA/ ORD,2007
UA,ORD,dep,1970-01-01T15:11:00Z,1102,UA/ ORD,2007
UA,ORD,dep,1970-01-01T15:21:00Z,650,UA/ ORD,2007
UA,ORD,dep,1970-01-01T15:31:00Z,544,UA/ ORD,2007
UA,ORD,dep,1970-01-01T15:41:00Z,1281,UA/ ORD,2007
UA,ORD,dep,1970-01-01T15:51:00Z,1213,UA/ ORD,2007
UA,ORD,dep,1970-01-01T16:01:00Z,852,UA/ ORD,2007
UA,ORD,dep,1970-01-01T16:11:00Z,597,UA/ ORD,2007
UA,ORD,dep,1970-01-01T16:21:00Z,520,UA/ ORD,2007
UA,ORD,dep,1970-01-01T16:31:00Z,701,UA/ ORD,2007
UA,ORD,dep,1970-01-01T16:41:00Z,731,UA/ ORD,2007
UA,ORD,dep,1970-01-01T16:51:00Z,1281,UA/ ORD,2007
UA,ORD,dep,1970-01-01T17:01:00Z,1107,UA/ ORD,2007
UA,ORD,dep,1970-01-01T17:11:00Z,900,UA/ ORD,2007
UA,ORD,dep,1970-01-01T17:21:00Z,721,UA/ ORD,2007
UA,ORD,dep,1970-01-01T17:31:00Z,741,UA/ ORD,2007
UA,ORD,dep,1970-01-01T17:41:00Z,908,UA/ ORD,2007
UA,ORD,dep,1970-01-01T17:51:00Z,1384,UA/ ORD,2007
UA,ORD,dep,1970-01-01T18:01:00Z,1476,UA/ ORD,2007
UA,ORD,dep,1970-01-01T18:11:00Z,1078,UA/ ORD,2007
UA,ORD,dep,1970-01-01T18:21:00Z,1117,UA/ ORD,2007
UA,ORD,dep,1970-01-01T18:31:00Z,924,UA/ ORD,2007
UA,ORD,dep,1970-01-01T18:41:00Z,872,UA/ ORD,2007
UA,ORD,dep,1970-01-01T18:51:00Z,1029,UA/ ORD,2007
UA,ORD,dep,1970-01-01T19:01:00Z,1002,UA/ ORD,2007
UA,ORD,dep,1970-01-01T19:11:00Z,865,UA/ ORD,2007
UA,ORD,dep,1970-01-01T19:21:00Z,747,UA/ ORD,2007
UA,ORD,dep,1970-01-01T19:31:00Z,828,UA/ ORD,2007
UA,ORD,dep,1970-01-01T19:41:00Z,809,UA/ ORD,2007
UA,ORD,dep,1970-01-01T19:51:00Z,1332,UA/ ORD,2007
UA,ORD,dep,1970-01-01T20:01:00Z,1430,UA/ ORD,2007
UA,ORD,dep,1970-01-01T20:11:00Z,1175,UA/ ORD,2007
UA,ORD,dep,1970-01-01T20:21:00Z,1124,UA/ ORD,2007
UA,ORD,dep,1970-01-01T20:31:00Z,933,UA/ ORD,2007
UA,ORD,dep,1970-01-01T20:41:00Z,1130,UA/ ORD,2007
UA,ORD,dep,1970-01-01T20:51:00Z,1118,UA/ ORD,2007
UA,ORD,dep,1970-01-01T21:01:00Z,1052,UA/ ORD,2007
UA,ORD,dep,1970-01-01T21:11:00Z,1054,UA/ ORD,2007
UA,ORD,dep,1970-01-01T21:21:00Z,828,UA/ ORD,2007
UA,ORD,dep,1970-01-01T21:31:00Z,694,UA/ ORD,2007
UA,ORD,dep,1970-01-01T21:41:00Z,501,UA/ ORD,2007
UA,ORD,dep,1970-01-01T21:51:00Z,448,UA/ ORD,2007
UA,ORD,dep,1970-01-01T22:01:00Z,490,UA/ ORD,2007
UA,ORD,dep,1970-01-01T22:11:00Z,581,UA/ ORD,2007
UA,ORD,dep,1970-01-01T22:21:00Z,487,UA/ ORD,2007
UA,ORD,dep,1970-01-01T22:31:00Z,319,UA/ ORD,2007
UA,ORD,dep,1970-01-01T22:41:00Z,312,UA/ ORD,2007
UA,ORD,dep,1970-01-01T22:51:00Z,254,UA/ ORD,2007
UA,ORD,dep,1970-01-01T23:01:00Z,189,UA/ ORD,2007
UA,ORD,dep,1970-01-01T23:11:00Z,184,UA/ ORD,2007
UA,ORD,dep,1970-01-01T23:21:00Z,147,UA/ ORD,2007
UA,ORD,dep,1970-01-01T23:31:00Z,133,UA/ ORD,2007
UA,ORD,dep,1970-01-01T23:41:00Z,78,UA/ ORD,2007
UA,ORD,dep,1970-01-01T23:51:00Z,96,UA/ ORD,2007
AA,ORD,arr,1970-01-01T00:01:00Z,-140,AA/ ORD,2008
AA,ORD,arr,1970-01-01T00:11:00Z,-120,AA/ ORD,2008
AA,ORD,arr,1970-01-01T00:21:00Z,-98,AA/ ORD,2008
AA,ORD,arr,1970-01-01T00:31:00Z,-72,AA/ ORD,2008
AA,ORD,arr,1970-01-01T00:41:00Z,-60,AA/ ORD,2008
AA,ORD,arr,1970-01-01T00:51:00Z,-47,AA/ ORD,2008
AA,ORD,arr,1970-01-01T01:01:00Z,-33,AA/ ORD,2008
AA,ORD,arr,1970-01-01T01:11:00Z,-35,AA/ ORD,2008
AA,ORD,arr,1970-01-01T01:21:00Z,-34,AA/ ORD,2008
AA,ORD,arr,1970-01-01T01:31:00Z,-17,AA/ ORD,2008
AA,ORD,arr,1970-01-01T01:41:00Z,-20,AA/ ORD,2008
AA,ORD,arr,1970-01-01T01:51:00Z,-6,AA/ ORD,2008
AA,ORD,arr,1970-01-01T02:01:00Z,-6,AA/ ORD,2008
AA,ORD,arr,1970-01-01T02:11:00Z,-9,AA/ ORD,2008
AA,ORD,arr,1970-01-01T02:21:00Z,-7,AA/ ORD,2008
AA,ORD,arr,1970-01-01T02:31:00Z,-7,AA/ ORD,2008
AA,ORD,arr,1970-01-01T02:41:00Z,-4,AA/ ORD,2008
AA,ORD,arr,1970-01-01T02:51:00Z,-6,AA/ ORD,2008
AA,ORD,arr,1970-01-01T03:01:00Z,-5,AA/ ORD,2008
AA,ORD,arr,1970-01-01T03:31:00Z,-3,AA/ ORD,2008
AA,ORD,arr,1970-01-01T03:41:00Z,-1,AA/ ORD,2008
AA,ORD,arr,1970-01-01T04:01:00Z,-1,AA/ ORD,2008
AA,ORD,arr,1970-01-01T04:11:00Z,-2,AA/ ORD,2008
AA,ORD,arr,1970-01-01T04:31:00Z,-5,AA/ ORD,2008
AA,ORD,arr,1970-01-01T04:41:00Z,-23,AA/ ORD,2008
AA,ORD,arr,1970-01-01T04:51:00Z,-44,AA/ ORD,2008
AA,ORD,arr,1970-01-01T05:01:00Z,-60,AA/ ORD,2008
AA,ORD,arr,1970-01-01T05:11:00Z,-88,AA/ ORD,2008
AA,ORD,arr,1970-01-01T05:21:00Z,-120,AA/ ORD,2008
AA,ORD,arr,1970-01-01T05:31:00Z,-133,AA/ ORD,2008
AA,ORD,arr,1970-01-01T05:41:00Z,-180,AA/ ORD,2008
AA,ORD,arr,1970-01-01T05:51:00Z,-169,AA/ ORD,2008
AA,ORD,arr,1970-01-01T06:01:00Z,-112,AA/ ORD,2008
AA,ORD,arr,1970-01-01T06:11:00Z,-74,AA/ ORD,2008
AA,ORD,arr,1970-01-01T06:21:00Z,-56,AA/ ORD,2008
AA,ORD,arr,1970-01-01T06:31:00Z,-38,AA/ ORD,2008
AA,ORD,arr,1970-01-01T06:41:00Z,-81,AA/ ORD,2008
AA,ORD,arr,1970-01-01T06:51:00Z,-208,AA/ ORD,2008
AA,ORD,arr,1970-01-01T07:01:00Z,-365,AA/ ORD,2008
AA,ORD,arr,1970-01-01T07:11:00Z,-278,AA/ ORD,2008
AA,ORD,arr,1970-01-01T07:21:00Z,-270,AA/ ORD,2008
AA,ORD,arr,1970-01-01T07:31:00Z,-446,AA/ ORD,2008
AA,ORD,arr,1970-01-01T07:41:00Z,-501,AA/ ORD,2008
AA,ORD,arr,1970-01-01T07:51:00Z,-398,AA/ ORD,2008
AA,ORD,arr,1970-01-01T08:01:00Z,-531,AA/ ORD,2008
AA,ORD,arr,1970-01-01T08:11:00Z,-544,AA/ ORD,2008
AA,ORD,arr,1970-01-01T08:21:00Z,-631,AA/ ORD,2008
AA,ORD,arr,1970-01-01T08:31:00Z,-589,AA/ ORD,2008
AA,ORD,arr,1970-01-01T08:41:00Z,-657,AA/ ORD,2008
AA,ORD,arr,1970-01-01T08:51:00Z,-672,AA/ ORD,2008
AA,ORD,arr,1970-01-01T09:01:00Z,-722,AA/ ORD,2008
AA,ORD,arr,1970-01-01T09:11:00Z,-720,AA/ ORD,2008
AA,ORD,arr,1970-01-01T09:21:00Z,-808,AA/ ORD,2008
AA,ORD,arr,1970-01-01T09:31:00Z,-592,AA/ ORD,2008
AA,ORD,arr,1970-01-01T09:41:00Z,-525,AA/ ORD,2008
AA,ORD,arr,1970-01-01T09:51:00Z,-583,AA/ ORD,2008
AA,ORD,arr,1970-01-01T10:01:00Z,-580,AA/ ORD,2008
AA,ORD,arr,1970-01-01T10:11:00Z,-548,AA/ ORD,2008
AA,ORD,arr,1970-01-01T10:21:00Z,-544,AA/ ORD,2008
AA,ORD,arr,1970-01-01T10:31:00Z,-616,AA/ ORD,2008
AA,ORD,arr,1970-01-01T10:41:00Z,-677,AA/ ORD,2008
AA,ORD,arr,1970-01-01T10:51:00Z,-751,AA/ ORD,2008
AA,ORD,arr,1970-01-01T11:01:00Z,-711,AA/ ORD,2008
AA,ORD,arr,1970-01-01T11:11:00Z,-774,AA/ ORD,2008
AA,ORD,arr,1970-01-01T11:21:00Z,-750,AA/ ORD,2008
AA,ORD,arr,1970-01-01T11:31:00Z,-736,AA/ ORD,2008
AA,ORD,arr,1970-01-01T11:41:00Z,-798,AA/ ORD,2008
AA,ORD,arr,1970-01-01T11:51:00Z,-834,AA/ ORD,2008
AA,ORD,arr,1970-01-01T12:01:00Z,-618,AA/ ORD,2008
AA,ORD,arr,1970-01-01T12:11:00Z,-670,AA/ ORD,2008
AA,ORD,arr,1970-01-01T12:21:00Z,-813,AA/ ORD,2008
AA,ORD,arr,1970-01-01T12:31:00Z,-840,AA/ ORD,2008
AA,ORD,arr,1970-01-01T12:41:00Z,-754,AA/ ORD,2008
AA,ORD,arr,1970-01-01T12:51:00Z,-670,AA/ ORD,2008
AA,ORD,arr,1970-01-01T13:01:00Z,-682,AA/ ORD,2008
AA,ORD,arr,1970-01-01T13:11:00Z,-668,AA/ ORD,2008
AA,ORD,arr,1970-01-01T13:21:00Z,-823,AA/ ORD,2008
AA,ORD,arr,1970-01-01T13:31:00Z,-787,AA/ ORD,2008
AA,ORD,arr,1970-01-01T13:41:00Z,-607,AA/ ORD,2008
AA,ORD,arr,1970-01-01T13:51:00Z,-495,AA/ ORD,2008
AA,ORD,arr,1970-01-01T14:01:00Z,-538,AA/ ORD,2008
AA,ORD,arr,1970-01-01T14:11:00Z,-566,AA/ ORD,2008
AA,ORD,arr,1970-01-01T14:21:00Z,-691,AA/ ORD,2008
AA,ORD,arr,1970-01-01T14:31:00Z,-712,AA/ ORD,2008
AA,ORD,arr,1970-01-01T14:41:00Z,-545,AA/ ORD,2008
AA,ORD,arr,1970-01-01T14:51:00Z,-563,AA/ ORD,2008
AA,ORD,arr,1970-01-01T15:01:00Z,-614,AA/ ORD,2008
AA,ORD,arr,1970-01-01T15:11:00Z,-660,AA/ ORD,2008
AA,ORD,arr,1970-01-01T15:21:00Z,-734,AA/ ORD,2008
AA,ORD,arr,1970-01-01T15:31:00Z,-769,AA/ ORD,2008
AA,ORD,arr,1970-01-01T15:41:00Z,-720,AA/ ORD,2008
AA,ORD,arr,1970-01-01T15:51:00Z,-650,AA/ ORD,2008
AA,ORD,arr,1970-01-01T16:01:00Z,-681,AA/ ORD,2008
AA,ORD,arr,1970-01-01T16:11:00Z,-622,AA/ ORD,2008
AA,ORD,arr,1970-01-01T16:21:00Z,-555,AA/ ORD,2008
AA,ORD,arr,1970-01-01T16:31:00Z,-614,AA/ ORD,2008
AA,ORD,arr,1970-01-01T16:41:00Z,-648,AA/ ORD,2008
AA,ORD,arr,1970-01-01T16:51:00Z,-707,AA/ ORD,2008
AA,ORD,arr,1970-01-01T17:01:00Z,-708,AA/ ORD,2008
AA,ORD,arr,1970-01-01T17:11:00Z,-700,AA/ ORD,2008
AA,ORD,arr,1970-01-01T17:21:00Z,-682,AA/ ORD,2008
AA,ORD,arr,1970-01-01T17:31:00Z,-726,AA/ ORD,2008
AA,ORD,arr,1970-01-01T17:41:00Z,-761,AA/ ORD,2008
AA,ORD,arr,1970-01-01T17:51:00Z,-827,AA/ ORD,2008
AA,ORD,arr,1970-01-01T18:01:00Z,-809,AA/ ORD,2008
AA,ORD,arr,1970-01-01T18:11:00Z,-901,AA/ ORD,2008
AA,ORD,arr,1970-01-01T18:21:00Z,-829,AA/ ORD,2008
AA,ORD,arr,1970-01-01T18:31:00Z,-778,AA/ ORD,2008
AA,ORD,arr,1970-01-01T18:41:00Z,-813,AA/ ORD,2008
AA,ORD,arr,1970-01-01T18:51:00Z,-825,AA/ ORD,2008
AA,ORD,arr,1970-01-01T19:01:00Z,-870,AA/ ORD,2008
AA,ORD,arr,1970-01-01T19:11:00Z,-841,AA/ ORD,2008
AA,ORD,arr,1970-01-01T19:21:00Z,-879,AA/ ORD,2008
AA,ORD,arr,1970-01-01T19:31:00Z,-851,AA/ ORD,2008
AA,ORD,arr,1970-01-01T19:41:00Z,-856,AA/ ORD,2008
AA,ORD,arr,1970-01-01T19:51:00Z,-714,AA/ ORD,2008
AA,ORD,arr,1970-01-01T20:01:00Z,-711,AA/ ORD,2008
AA,ORD,arr,1970-01-01T20:11:00Z,-739,AA/ ORD,2008
AA,ORD,arr,1970-01-01T20:21:00Z,-836,AA/ ORD,2008
AA,ORD,arr,1970-01-01T20:31:00Z,-828,AA/ ORD,2008
AA,ORD,arr,1970-01-01T20:41:00Z,-812,AA/ ORD,2008
AA,ORD,arr,1970-01-01T20:51:00Z,-761,AA/ ORD,2008
AA,ORD,arr,1970-01-01T21:01:00Z,-734,AA/ ORD,2008
AA,ORD,arr,1970-01-01T21:11:00Z,-743,AA/ ORD,2008
AA,ORD,arr,1970-01-01T21:21:00Z,-653,AA/ ORD,2008
AA,ORD,arr,1970-01-01T21:31:00Z,-620,AA/ ORD,2008
AA,ORD,arr,1970-01-01T21:41:00Z,-473,AA/ ORD,2008
AA,ORD,arr,1970-01-01T21:51:00Z,-430,AA/ ORD,2008
AA,ORD,arr,1970-01-01T22:01:00Z,-448,AA/ ORD,2008
AA,ORD,arr,1970-01-01T22:11:00Z,-460,AA/ ORD,2008
AA,ORD,arr,1970-01-01T22:21:00Z,-445,AA/ ORD,2008
AA,ORD,arr,1970-01-01T22:31:00Z,-465,AA/ ORD,2008
AA,ORD,arr,1970-01-01T22:41:00Z,-428,AA/ ORD,2008
AA,ORD,arr,1970-01-01T22:51:00Z,-435,AA/ ORD,2008
AA,ORD,arr,1970-01-01T23:01:00Z,-397,AA/ ORD,2008
AA,ORD,arr,1970-01-01T23:11:00Z,-366,AA/ ORD,2008
AA,ORD,arr,1970-01-01T23:21:00Z,-301,AA/ ORD,2008
AA,ORD,arr,1970-01-01T23:31:00Z,-252,AA/ ORD,2008
AA,ORD,arr,1970-01-01T23:41:00Z,-202,AA/ ORD,2008
AA,ORD,arr,1970-01-01T23:51:00Z,-165,AA/ ORD,2008
AA,ORD,dep,1970-01-01T00:01:00Z,25,AA/ ORD,2008
AA,ORD,dep,1970-01-01T00:11:00Z,22,AA/ ORD,2008
AA,ORD,dep,1970-01-01T00:21:00Z,17,AA/ ORD,2008
AA,ORD,dep,1970-01-01T00:31:00Z,13,AA/ ORD,2008
AA,ORD,dep,1970-01-01T00:41:00Z,9,AA/ ORD,2008
AA,ORD,dep,1970-01-01T00:51:00Z,6,AA/ ORD,2008
AA,ORD,dep,1970-01-01T01:01:00Z,7,AA/ ORD,2008
AA,ORD,dep,1970-01-01T01:11:00Z,8,AA/ ORD,2008
AA,ORD,dep,1970-01-01T01:31:00Z,1,AA/ ORD,2008
AA,ORD,dep,1970-01-01T01:41:00Z,4,AA/ ORD,2008
AA,ORD,dep,1970-01-01T01:51:00Z,1,AA/ ORD,2008
AA,ORD,dep,1970-01-01T02:11:00Z,2,AA/ ORD,2008
AA,ORD,dep,1970-01-01T02:31:00Z,2,AA/ ORD,2008
AA,ORD,dep,1970-01-01T02:51:00Z,1,AA/ ORD,2008
AA,ORD,dep,1970-01-01T05:21:00Z,1,AA/ ORD,2008
AA,ORD,dep,1970-01-01T05:41:00Z,4,AA/ ORD,2008
AA,ORD,dep,1970-01-01T05:51:00Z,543,AA/ ORD,2008
AA,ORD,dep,1970-01-01T06:01:00Z,177,AA/ ORD,2008
AA,ORD,dep,1970-01-01T06:11:00Z,321,AA/ ORD,2008
AA,ORD,dep,1970-01-01T06:21:00Z,442,AA/ ORD,2008
AA,ORD,dep,1970-01-01T06:31:00Z,840,AA/ ORD,2008
AA,ORD,dep,1970-01-01T06:41:00Z,741,AA/ ORD,2008
AA,ORD,dep,1970-01-01T06:51:00Z,868,AA/ ORD,2008
AA,ORD,dep,1970-01-01T07:01:00Z,657,AA/ ORD,2008
AA,ORD,dep,1970-01-01T07:11:00Z,751,AA/ ORD,2008
AA,ORD,dep,1970-01-01T07:21:00Z,1284,AA/ ORD,2008
AA,ORD,dep,1970-01-01T07:31:00Z,631,AA/ ORD,2008
AA,ORD,dep,1970-01-01T07:41:00Z,428,AA/ ORD,2008
AA,ORD,dep,1970-01-01T07:51:00Z,664,AA/ ORD,2008
AA,ORD,dep,1970-01-01T08:01:00Z,541,AA/ ORD,2008
AA,ORD,dep,1970-01-01T08:11:00Z,751,AA/ ORD,2008
AA,ORD,dep,1970-01-01T08:21:00Z,954,AA/ ORD,2008
AA,ORD,dep,1970-01-01T08:31:00Z,716,AA/ ORD,2008
AA,ORD,dep,1970-01-01T08:41:00Z,611,AA/ ORD,2008
AA,ORD,dep,1970-01-01T08:51:00Z,579,AA/ ORD,2008
AA,ORD,dep,1970-01-01T09:01:00Z,552,AA/ ORD,2008
AA,ORD,dep,1970-01-01T09:11:00Z,836,AA/ ORD,2008
AA,ORD,dep,1970-01-01T09:21:00Z,705,AA/ ORD,2008
AA,ORD,dep,1970-01-01T09:31:00Z,789,AA/ ORD,2008
AA,ORD,dep,1970-01-01T09:41:00Z,1007,AA/ ORD,2008
AA,ORD,dep,1970-01-01T09:51:00Z,1008,AA/ ORD,2008
AA,ORD,dep,1970-01-01T10:01:00Z,768,AA/ ORD,2008
AA,ORD,dep,1970-01-01T10:11:00Z,1089,AA/ ORD,2008
AA,ORD,dep,1970-01-01T10:21:00Z,914,AA/ ORD,2008
AA,ORD,dep,1970-01-01T10:31:00Z,845,AA/ ORD,2008
AA,ORD,dep,1970-01-01T10:41:00Z,782,AA/ ORD,2008
AA,ORD,dep,1970-01-01T10:51:00Z,552,AA/ ORD,2008
AA,ORD,dep,1970-01-01T11:01:00Z,548,AA/ ORD,2008
AA,ORD,dep,1970-01-01T11:11:00Z,424,AA/ ORD,2008
AA,ORD,dep,1970-01-01T11:21:00Z,756,AA/ ORD,2008
AA,ORD,dep,1970-01-01T11:31:00Z,849,AA/ ORD,2008
AA,ORD,dep,1970-01-01T11:41:00Z,1026,AA/ ORD,2008
AA,ORD,dep,1970-01-01T11:51:00Z,762,AA/ ORD,2008
AA,ORD,dep,1970-01-01T12:01:00Z,760,AA/ ORD,2008
AA,ORD,dep,1970-01-01T12:11:00Z,898,AA/ ORD,2008
AA,ORD,dep,1970-01-01T12:21:00Z,686,AA/ ORD,2008
AA,ORD,dep,1970-01-01T12:31:00Z,664,AA/ ORD,2008
AA,ORD,dep,1970-01-01T12:41:00Z,704,AA/ ORD,2008
AA,ORD,dep,1970-01-01T12:51:00Z,720,AA/ ORD,2008
AA,ORD,dep,1970-01-01T13:01:00Z,732,AA/ ORD,2008
AA,ORD,dep,1970-01-01T13:11:00Z,628,AA/ ORD,2008
AA,ORD,dep,1970-01-01T13:21:00Z,779,AA/ ORD,2008
AA,ORD,dep,1970-01-01T13:31:00Z,634,AA/ ORD,2008
AA,ORD,dep,1970-01-01T13:41:00Z,682,AA/ ORD,2008
AA,ORD,dep,1970-01-01T13:51:00Z,648,AA/ ORD,2008
AA,ORD,dep,1970-01-01T14:01:00Z,778,AA/ ORD,2008
AA,ORD,dep,1970-01-01T14:11:00Z,687,AA/ ORD,2008
AA,ORD,dep,1970-01-01T14:21:00Z,748,AA/ ORD,2008
AA,ORD,dep,1970-01-01T14:31:00Z,794,AA/ ORD,2008
AA,ORD,dep,1970-01-01T14:41:00Z,688,AA/ ORD,2008
AA,ORD,dep,1970-01-01T14:51:00Z,544,AA/ ORD,2008
AA,ORD,dep,1970-01-01T15:01:00Z,580,AA/ ORD,2008
AA,ORD,dep,1970-01-01T15:11:00Z,679,AA/ ORD,2008
AA,ORD,dep,1970-01-01T15:21:00Z,647,AA/ ORD,2008
AA,ORD,dep,1970-01-01T15:31:00Z,714,AA/ ORD,2008
AA,ORD,dep,1970-01-01T15:41:00Z,581,AA/ ORD,2008
AA,ORD,dep,1970-01-01T15:51:00Z,545,AA/ ORD,2008
AA,ORD,dep,1970-01-01T16:01:00Z,508,AA/ ORD,2008
AA,ORD,dep,1970-01-01T16:11:00Z,433,AA/ ORD,2008
AA,ORD,dep,1970-01-01T16:21:00Z,587,AA/ ORD,2008
AA,ORD,dep,1970-01-01T16:31:00Z,674,AA/ ORD,2008
AA,ORD,dep,1970-01-01T16:41:00Z,608,AA/ ORD,2008
AA,ORD,dep,1970-01-01T16:51:00Z,486,AA/ ORD,2008
AA,ORD,dep,1970-01-01T17:01:00Z,688,AA/ ORD,2008
AA,ORD,dep,1970-01-01T17:11:00Z,559,AA/ ORD,2008
AA,ORD,dep,1970-01-01T17:21:00Z,553,AA/ ORD,2008
AA,ORD,dep,1970-01-01T17:31:00Z,404,AA/ ORD,2008
AA,ORD,dep,1970-01-01T17:41:00Z,566,AA/ ORD,2008
AA,ORD,dep,1970-01-01T17:51:00Z,553,AA/ ORD,2008
AA,ORD,dep,1970-01-01T18:01:00Z,687,AA/ ORD,2008
AA,ORD,dep,1970-01-01T18:11:00Z,634,AA/ ORD,2008
AA,ORD,dep,1970-01-01T18:21:00Z,636,AA/ ORD,2008
AA,ORD,dep,1970-01-01T18:31:00Z,775,AA/ ORD,2008
AA,ORD,dep,1970-01-01T18:41:00Z,818,AA/ ORD,2008
AA,ORD,dep,1970-01-01T18:51:00Z,949,AA/ ORD,2008
AA,ORD,dep,1970-01-01T19:01:00Z,838,AA/ ORD,2008
AA,ORD,dep,1970-01-01T19:11:00Z,893,AA/ ORD,2008
AA,ORD,dep,1970-01-01T19:21:00Z,870,AA/ ORD,2008
AA,ORD,dep,1970-01-01T19:31:00Z,644,AA/ ORD,2008
AA,ORD,dep,1970-01-01T19:41:00Z,742,AA/ ORD,2008
AA,ORD,dep,1970-01-01T19:51:00Z,847,AA/ ORD,2008
AA,ORD,dep,1970-01-01T20:01:00Z,631,AA/ ORD,2008
AA,ORD,dep,1970-01-01T20:11:00Z,686,AA/ ORD,2008
AA,ORD,dep,1970-01-01T20:21:00Z,665,AA/ ORD,2008
AA,ORD,dep,1970-01-01T20:31:00Z,699,AA/ ORD,2008
AA,ORD,dep,1970-01-01T20:41:00Z,577,AA/ ORD,2008
AA,ORD,dep,1970-01-01T20:51:00Z,675,AA/ ORD,2008
AA,ORD,dep,1970-01-01T21:01:00Z,540,AA/ ORD,2008
AA,ORD,dep,1970-01-01T21:11:00Z,396,AA/ ORD,2008
AA,ORD,dep,1970-01-01T21:21:00Z,476,AA/ ORD,2008
AA,ORD,dep,1970-01-01T21:31:00Z,373,AA/ ORD,2008
AA,ORD,dep,1970-01-01T21:41:00Z,497,AA/ ORD,2008
AA,ORD,dep,1970-01-01T21:51:00Z,465,AA/ ORD,2008
AA,ORD,dep,1970-01-01T22:01:00Z,268,AA/ ORD,2008
AA,ORD,dep,1970-01-01T22:11:00Z,246,AA/ ORD,2008
AA,ORD,dep,1970-01-01T22:21:00Z,188,AA/ ORD,2008
AA,ORD,dep,1970-01-01T22:31:00Z,150,AA/ ORD,2008
AA,ORD,dep,1970-01-01T22:41:00Z,163,AA/ ORD,2008
AA,ORD,dep,1970-01-01T22:51:00Z,146,AA/ ORD,2008
AA,ORD,dep,1970-01-01T23:01:00Z,76,AA/ ORD,2008
AA,ORD,dep,1970-01-01T23:11:00Z,64,AA/ ORD,2008
AA,ORD,dep,1970-01-01T23:21:00Z,53,AA/ ORD,2008
AA,ORD,dep,1970-01-01T23:31:00Z,66,AA/ ORD,2008
AA,ORD,dep,1970-01-01T23:41:00Z,48,AA/ ORD,2008
AA,ORD,dep,1970-01-01T23:51:00Z,37,AA/ ORD,2008
UA,ORD,arr,1970-01-01T00:01:00Z,-147,UA/ ORD,2008
UA,ORD,arr,1970-01-01T00:11:00Z,-162,UA/ ORD,2008
UA,ORD,arr,1970-01-01T00:21:00Z,-141,UA/ ORD,2008
UA,ORD,arr,1970-01-01T00:31:00Z,-134,UA/ ORD,2008
UA,ORD,arr,1970-01-01T00:41:00Z,-131,UA/ ORD,2008
UA,ORD,arr,1970-01-01T00:51:00Z,-112,UA/ ORD,2008
UA,ORD,arr,1970-01-01T01:01:00Z,-87,UA/ ORD,2008
UA,ORD,arr,1970-01-01T01:11:00Z,-78,UA/ ORD,2008
UA,ORD,arr,1970-01-01T01:21:00Z,-53,UA/ ORD,2008
UA,ORD,arr,1970-01-01T01:31:00Z,-38,UA/ ORD,2008
UA,ORD,arr,1970-01-01T01:41:00Z,-34,UA/ ORD,2008
UA,ORD,arr,1970-01-01T01:51:00Z,-30,UA/ ORD,2008
UA,ORD,arr,1970-01-01T02:01:00Z,-23,UA/ ORD,2008
UA,ORD,arr,1970-01-01T02:11:00Z,-25,UA/ ORD,2008
UA,ORD,arr,1970-01-01T02:21:00Z,-10,UA/ ORD,2008
UA,ORD,arr,1970-01-01T02:31:00Z,-8,UA/ ORD,2008
UA,ORD,arr,1970-01-01T02:41:00Z,-5,UA/ ORD,2008
UA,ORD,arr,1970-01-01T02:51:00Z,-8,UA/ ORD,2008
UA,ORD,arr,1970-01-01T03:01:00Z,-2,UA/ ORD,2008
UA,ORD,arr,1970-01-01T03:11:00Z,-8,UA/ ORD,2008
UA,ORD,arr,1970-01-01T03:21:00Z,-5,UA/ ORD,2008
UA,ORD,arr,1970-01-01T03:31:00Z,-5,UA/ ORD,2008
UA,ORD,arr,1970-01-01T03:41:00Z,-4,UA/ ORD,2008
UA,ORD,arr,1970-01-01T03:51:00Z,-9,UA/ ORD,2008
UA,ORD,arr,1970-01-01T04:01:00Z,-18,UA/ ORD,2008
UA,ORD,arr,1970-01-01T04:11:00Z,-41,UA/ ORD,2008
UA,ORD,arr,1970-01-01T04:21:00Z,-78,UA/ ORD,2008
UA,ORD,arr,1970-01-01T04:31:00Z,-131,UA/ ORD,2008
UA,ORD,arr,1970-01-01T04:41:00Z,-248,UA/ ORD,2008
UA,ORD,arr,1970-01-01T04:51:00Z,-378,UA/ ORD,2008
UA,ORD,arr,1970-01-01T05:01:00Z,-472,UA/ ORD,2008
UA,ORD,arr,1970-01-01T05:11:00Z,-406,UA/ ORD,2008
UA,ORD,arr,1970-01-01T05:21:00Z,-327,UA/ ORD,2008
UA,ORD,arr,1970-01-01T05:31:00Z,-266,UA/ ORD,2008
UA,ORD,arr,1970-01-01T05:41:00Z,-203,UA/ ORD,2008
UA,ORD,arr,1970-01-01T05:51:00Z,-179,UA/ ORD,2008
UA,ORD,arr,1970-01-01T06:01:00Z,-248,UA/ ORD,2008
UA,ORD,arr,1970-01-01T06:11:00Z,-297,UA/ ORD,2008
UA,ORD,arr,1970-01-01T06:21:00Z,-288,UA/ ORD,2008
UA,ORD,arr,1970-01-01T06:31:00Z,-306,UA/ ORD,2008
UA,ORD,arr,1970-01-01T06:41:00Z,-471,UA/ ORD,2008
UA,ORD,arr,1970-01-01T06:51:00Z,-710,UA/ ORD,2008
UA,ORD,arr,1970-01-01T07:01:00Z,-880,UA/ ORD,2008
UA,ORD,arr,1970-01-01T07:11:00Z,-729,UA/ ORD,2008
UA,ORD,arr,1970-01-01T07:21:00Z,-535,UA/ ORD,2008
UA,ORD,arr,1970-01-01T07:31:00Z,-485,UA/ ORD,2008
UA,ORD,arr,1970-01-01T07:41:00Z,-753,UA/ ORD,2008
UA,ORD,arr,1970-01-01T07:51:00Z,-820,UA/ ORD,2008
UA,ORD,arr,1970-01-01T08:01:00Z,-924,UA/ ORD,2008
UA,ORD,arr,1970-01-01T08:11:00Z,-1109,UA/ ORD,2008
UA,ORD,arr,1970-01-01T08:21:00Z,-1097,UA/ ORD,2008
UA,ORD,arr,1970-01-01T08:31:00Z,-1155,UA/ ORD,2008
UA,ORD,arr,1970-01-01T08:41:00Z,-1194,UA/ ORD,2008
UA,ORD,arr,1970-01-01T08:51:00Z,-1134,UA/ ORD,2008
UA,ORD,arr,1970-01-01T09:01:00Z,-1128,UA/ ORD,2008
UA,ORD,arr,1970-01-01T09:11:00Z,-1017,UA/ ORD,2008
UA,ORD,arr,1970-01-01T09:21:00Z,-928,UA/ ORD,2008
UA,ORD,arr,1970-01-01T09:31:00Z,-822,UA/ ORD,2008
UA,ORD,arr,1970-01-01T09:41:00Z,-637,UA/ ORD,2008
UA,ORD,arr,1970-01-01T09:51:00Z,-590,UA/ ORD,2008
UA,ORD,arr,1970-01-01T10:01:00Z,-561,UA/ ORD,2008
UA,ORD,arr,1970-01-01T10:11:00Z,-575,UA/ ORD,2008
UA,ORD,arr,1970-01-01T10:21:00Z,-693,UA/ ORD,2008
UA,ORD,arr,1970-01-01T10:31:00Z,-825,UA/ ORD,2008
UA,ORD,arr,1970-01-01T10:41:00Z,-970,UA/ ORD,2008
UA,ORD,arr,1970-01-01T10:51:00Z,-1000,UA/ ORD,2008
UA,ORD,arr,1970-01-01T11:01:00Z,-1013,UA/ ORD,2008
UA,ORD,arr,1970-01-01T11:11:00Z,-837,UA/ ORD,2008
UA,ORD,arr,1970-01-01T11:21:00Z,-758,UA/ ORD,2008
UA,ORD,arr,1970-01-01T11:31:00Z,-812,UA/ ORD,2008
UA,ORD,arr,1970-01-01T11:41:00Z,-961,UA/ ORD,2008
UA,ORD,arr,1970-01-01T11:51:00Z,-1009,UA/ ORD,2008
UA,ORD,arr,1970-01-01T12:01:00Z,-1153,UA/ ORD,2008
UA,ORD,arr,1970-01-01T12:11:00Z,-1209,UA/ ORD,2008
UA,ORD,arr,1970-01-01T12:21:00Z,-1002,UA/ ORD,2008
UA,ORD,arr,1970-01-01T12:31:00Z,-860,UA/ ORD,2008
UA,ORD,arr,1970-01-01T12:41:00Z,-743,UA/ ORD,2008
UA,ORD,arr,1970-01-01T12:51:00Z,-599,UA/ ORD,2008
UA,ORD,arr,1970-01-01T13:01:00Z,-490,UA/ ORD,2008
UA,ORD,arr,1970-01-01T13:11:00Z,-581,UA/ ORD,2008
UA,ORD,arr,1970-01-01T13:21:00Z,-730,UA/ ORD,2008
UA,ORD,arr,1970-01-01T13:31:00Z,-744,UA/ ORD,2008
UA,ORD,arr,1970-01-01T13:41:00Z,-824,UA/ ORD,2008
UA,ORD,arr,1970-01-01T13:51:00Z,-878,UA/ ORD,2008
UA,ORD,arr,1970-01-01T14:01:00Z,-792,UA/ ORD,2008
UA,ORD,arr,1970-01-01T14:11:00Z,-704,UA/ ORD,2008
UA,ORD,arr,1970-01-01T14:21:00Z,-670,UA/ ORD,2008
UA,ORD,arr,1970-01-01T14:31:00Z,-712,UA/ ORD,2008
UA,ORD,arr,1970-01-01T14:41:00Z,-879,UA/ ORD,2008
UA,ORD,arr,1970-01-01T14:51:00Z,-907,UA/ ORD,2008
UA,ORD,arr,1970-01-01T15:01:00Z,-710,UA/ ORD,2008
UA,ORD,arr,1970-01-01T15:11:00Z,-628,UA/ ORD,2008
UA,ORD,arr,1970-01-01T15:21:00Z,-594,UA/ ORD,2008
UA,ORD,arr,1970-01-01T15:31:00Z,-715,UA/ ORD,2008
UA,ORD,arr,1970-01-01T15:41:00Z,-896,UA/ ORD,2008
UA,ORD,arr,1970-01-01T15:51:00Z,-1021,UA/ ORD,2008
UA,ORD,arr,1970-01-01T16:01:00Z,-946,UA/ ORD,2008
UA,ORD,arr,1970-01-01T16:11:00Z,-842,UA/ ORD,2008
UA,ORD,arr,1970-01-01T16:21:00Z,-848,UA/ ORD,2008
UA,ORD,arr,1970-01-01T16:31:00Z,-862,UA/ ORD,2008
UA,ORD,arr,1970-01-01T16:41:00Z,-1026,UA/ ORD,2008
UA,ORD,arr,1970-01-01T16:51:00Z,-992,UA/ ORD,2008
UA,ORD,arr,1970-01-01T17:01:00Z,-1099,UA/ ORD,2008
UA,ORD,arr,1970-01-01T17:11:00Z,-1094,UA/ ORD,2008
UA,ORD,arr,1970-01-01T17:21:00Z,-1015,UA/ ORD,2008
UA,ORD,arr,1970-01-01T17:31:00Z,-1008,UA/ ORD,2008
UA,ORD,arr,1970-01-01T17:41:00Z,-1027,UA/ ORD,2008
UA,ORD,arr,1970-01-01T17:51:00Z,-1022,UA/ ORD,2008
UA,ORD,arr,1970-01-01T18:01:00Z,-989,UA/ ORD,2008
UA,ORD,arr,1970-01-01T18:11:00Z,-976,UA/ ORD,2008
UA,ORD,arr,1970-01-01T18:21:00Z,-986,UA/ ORD,2008
UA,ORD,arr,1970-01-01T18:31:00Z,-1076,UA/ ORD,2008
UA,ORD,arr,1970-01-01T18:41:00Z,-1085,UA/ ORD,2008
UA,ORD,arr,1970-01-01T18:51:00Z,-1133,UA/ ORD,2008
UA,ORD,arr,1970-01-01T19:01:00Z,-1193,UA/ ORD,2008
UA,ORD,arr,1970-01-01T19:11:00Z,-1164,UA/ ORD,2008
UA,ORD,arr,1970-01-01T19:21:00Z,-1083,UA/ ORD,2008
UA,ORD,arr,1970-01-01T19:31:00Z,-1034,UA/ ORD,2008
UA,ORD,arr,1970-01-01T19:41:00Z,-957,UA/ ORD,2008
UA,ORD,arr,1970-01-01T19:51:00Z,-919,UA/ ORD,2008
UA,ORD,arr,1970-01-01T20:01:00Z,-1002,UA/ ORD,2008
UA,ORD,arr,1970-01-01T20:11:00Z,-930,UA/ ORD,2008
UA,ORD,arr,1970-01-01T20:21:00Z,-913,UA/ ORD,2008
UA,ORD,arr,1970-01-01T20:31:00Z,-739,UA/ ORD,2008
UA,ORD,arr,1970-01-01T20:41:00Z,-613,UA/ ORD,2008
UA,ORD,arr,1970-01-01T20:51:00Z,-495,UA/ ORD,2008
UA,ORD,arr,1970-01-01T21:01:00Z,-404,UA/ ORD,2008
UA,ORD,arr,1970-01-01T21:11:00Z,-403,UA/ ORD,2008
UA,ORD,arr,1970-01-01T21:21:00Z,-346,UA/ ORD,2008
UA,ORD,arr,1970-01-01T21:31:00Z,-361,UA/ ORD,2008
UA,ORD,arr,1970-01-01T21:41:00Z,-338,UA/ ORD,2008
UA,ORD,arr,1970-01-01T21:51:00Z,-340,UA/ ORD,2008
UA,ORD,arr,1970-01-01T22:01:00Z,-336,UA/ ORD,2008
UA,ORD,arr,1970-01-01T22:11:00Z,-306,UA/ ORD,2008
UA,ORD,arr,1970-01-01T22:21:00Z,-282,UA/ ORD,2008
UA,ORD,arr,1970-01-01T22:31:00Z,-288,UA/ ORD,2008
UA,ORD,arr,1970-01-01T22:41:00Z,-335,UA/ ORD,2008
UA,ORD,arr,1970-01-01T22:51:00Z,-292,UA/ ORD,2008
UA,ORD,arr,1970-01-01T23:01:00Z,-206,UA/ ORD,2008
UA,ORD,arr,1970-01-01T23:11:00Z,-137,UA/ ORD,2008
UA,ORD,arr,1970-01-01T23:21:00Z,-179,UA/ ORD,2008
UA,ORD,arr,1970-01-01T23:31:00Z,-177,UA/ ORD,2008
UA,ORD,arr,1970-01-01T23:41:00Z,-149,UA/ ORD,2008
UA,ORD,arr,1970-01-01T23:51:00Z,-145,UA/ ORD,2008
UA,ORD,dep,1970-01-01T00:01:00Z,65,UA/ ORD,2008
UA,ORD,dep,1970-01-01T00:11:00Z,51,UA/ ORD,2008
UA,ORD,dep,1970-01-01T00:21:00Z,41,UA/ ORD,2008
UA,ORD,dep,1970-01-01T00:31:00Z,33,UA/ ORD,2008
UA,ORD,dep,1970-01-01T00:41:00Z,27,UA/ ORD,2008
UA,ORD,dep,1970-01-01T00:51:00Z,19,UA/ ORD,2008
UA,ORD,dep,1970-01-01T01:01:00Z,24,UA/ ORD,2008
UA,ORD,dep,1970-01-01T01:11:00Z,18,UA/ ORD,2008
UA,ORD,dep,1970-01-01T01:21:00Z,10,UA/ ORD,2008
UA,ORD,dep,1970-01-01T01:31:00Z,7,UA/ ORD,2008
UA,ORD,dep,1970-01-01T01:41:00Z,4,UA/ ORD,2008
UA,ORD,dep,1970-01-01T01:51:00Z,5,UA/ ORD,2008
UA,ORD,dep,1970-01-01T02:01:00Z,4,UA/ ORD,2008
UA,ORD,dep,1970-01-01T02:11:00Z,3,UA/ ORD,2008
UA,ORD,dep,1970-01-01T02:21:00Z,2,UA/ ORD,2008
UA,ORD,dep,1970-01-01T02:51:00Z,1,UA/ ORD,2008
UA,ORD,dep,1970-01-01T05:41:00Z,4,UA/ ORD,2008
UA,ORD,dep,1970-01-01T05:51:00Z,916,UA/ ORD,2008
UA,ORD,dep,1970-01-01T06:01:00Z,528,UA/ ORD,2008
UA,ORD,dep,1970-01-01T06:11:00Z,205,UA/ ORD,2008
UA,ORD,dep,1970-01-01T06:21:00Z,1002,UA/ ORD,2008
UA,ORD,dep,1970-01-01T06:31:00Z,539,UA/ ORD,2008
UA,ORD,dep,1970-01-01T06:41:00Z,303,UA/ ORD,2008
UA,ORD,dep,1970-01-01T06:51:00Z,784,UA/ ORD,2008
UA,ORD,dep,1970-01-01T07:01:00Z,571,UA/ ORD,2008
UA,ORD,dep,1970-01-01T07:11:00Z,403,UA/ ORD,2008
UA,ORD,dep,1970-01-01T07:21:00Z,233,UA/ ORD,2008
UA,ORD,dep,1970-01-01T07:31:00Z,446,UA/ ORD,2008
UA,ORD,dep,1970-01-01T07:41:00Z,503,UA/ ORD,2008
UA,ORD,dep,1970-01-01T07:51:00Z,1935,UA/ ORD,2008
UA,ORD,dep,1970-01-01T08:01:00Z,1764,UA/ ORD,2008
UA,ORD,dep,1970-01-01T08:11:00Z,968,UA/ ORD,2008
UA,ORD,dep,1970-01-01T08:21:00Z,631,UA/ ORD,2008
UA,ORD,dep,1970-01-01T08:31:00Z,400,UA/ ORD,2008
UA,ORD,dep,1970-01-01T08:41:00Z,559,UA/ ORD,2008
UA,ORD,dep,1970-01-01T08:51:00Z,1456,UA/ ORD,2008
UA,ORD,dep,1970-01-01T09:01:00Z,1004,UA/ ORD,2008
UA,ORD,dep,1970-01-01T09:11:00Z,619,UA/ ORD,2008
UA,ORD,dep,1970-01-01T09:21:00Z,662,UA/ ORD,2008
UA,ORD,dep,1970-01-01T09:31:00Z,597,UA/ ORD,2008
UA,ORD,dep,1970-01-01T09:41:00Z,1743,UA/ ORD,2008
UA,ORD,dep,1970-01-01T09:51:00Z,1568,UA/ ORD,2008
UA,ORD,dep,1970-01-01T10:01:00Z,1081,UA/ ORD,2008
UA,ORD,dep,1970-01-01T10:11:00Z,967,UA/ ORD,2008
UA,ORD,dep,1970-01-01T10:21:00Z,1015,UA/ ORD,2008
UA,ORD,dep,1970-01-01T10:31:00Z,1230,UA/ ORD,2008
UA,ORD,dep,1970-01-01T10:41:00Z,738,UA/ ORD,2008
UA,ORD,dep,1970-01-01T10:51:00Z,780,UA/ ORD,2008
UA,ORD,dep,1970-01-01T11:01:00Z,652,UA/ ORD,2008
UA,ORD,dep,1970-01-01T11:11:00Z,400,UA/ ORD,2008
UA,ORD,dep,1970-01-01T11:21:00Z,470,UA/ ORD,2008
UA,ORD,dep,1970-01-01T11:31:00Z,574,UA/ ORD,2008
UA,ORD,dep,1970-01-01T11:41:00Z,372,UA/ ORD,2008
UA,ORD,dep,1970-01-01T11:51:00Z,1514,UA/ ORD,2008
UA,ORD,dep,1970-01-01T12:01:00Z,1064,UA/ ORD,2008
UA,ORD,dep,1970-01-01T12:11:00Z,587,UA/ ORD,2008
UA,ORD,dep,1970-01-01T12:21:00Z,505,UA/ ORD,2008
UA,ORD,dep,1970-01-01T12:31:00Z,370,UA/ ORD,2008
UA,ORD,dep,1970-01-01T12:41:00Z,216,UA/ ORD,2008
UA,ORD,dep,1970-01-01T12:51:00Z,468,UA/ ORD,2008
UA,ORD,dep,1970-01-01T13:01:00Z,2124,UA/ ORD,2008
UA,ORD,dep,1970-01-01T13:11:00Z,1984,UA/ ORD,2008
UA,ORD,dep,1970-01-01T13:21:00Z,1342,UA/ ORD,2008
UA,ORD,dep,1970-01-01T13:31:00Z,1058,UA/ ORD,2008
UA,ORD,dep,1970-01-01T13:41:00Z,726,UA/ ORD,2008
UA,ORD,dep,1970-01-01T13:51:00Z,854,UA/ ORD,2008
UA,ORD,dep,1970-01-01T14:01:00Z,758,UA/ ORD,2008
UA,ORD,dep,1970-01-01T14:11:00Z,578,UA/ ORD,2008
UA,ORD,dep,1970-01-01T14:21:00Z,436,UA/ ORD,2008
UA,ORD,dep,1970-01-01T14:31:00Z,309,UA/ ORD,2008
UA,ORD,dep,1970-01-01T14:41:00Z,536,UA/ ORD,2008
UA,ORD,dep,1970-01-01T14:51:00Z,858,UA/ ORD,2008
UA,ORD,dep,1970-01-01T15:01:00Z,1036,UA/ ORD,2008
UA,ORD,dep,1970-01-01T15:11:00Z,806,UA/ ORD,2008
UA,ORD,dep,1970-01-01T15:21:00Z,632,UA/ ORD,2008
UA,ORD,dep,1970-01-01T15:31:00Z,658,UA/ ORD,2008
UA,ORD,dep,1970-01-01T15:41:00Z,1003,UA/ ORD,2008
UA,ORD,dep,1970-01-01T15:51:00Z,999,UA/ ORD,2008
UA,ORD,dep,1970-01-01T16:01:00Z,754,UA/ ORD,2008
UA,ORD,dep,1970-01-01T16:11:00Z,624,UA/ ORD,2008
UA,ORD,dep,1970-01-01T16:21:00Z,501,UA/ ORD,2008
UA,ORD,dep,1970-01-01T16:31:00Z,444,UA/ ORD,2008
UA,ORD,dep,1970-01-01T16:41:00Z,689,UA/ ORD,2008
UA,ORD,dep,1970-01-01T16:51:00Z,1042,UA/ ORD,2008
UA,ORD,dep,1970-01-01T17:01:00Z,1048,UA/ ORD,2008
UA,ORD,dep,1970-01-01T17:11:00Z,1028,UA/ ORD,2008
UA,ORD,dep,1970-01-01T17:21:00Z,718,UA/ ORD,2008
UA,ORD,dep,1970-01-01T17:31:00Z,716,UA/ ORD,2008
UA,ORD,dep,1970-01-01T17:41:00Z,858,UA/ ORD,2008
UA,ORD,dep,1970-01-01T17:51:00Z,1220,UA/ ORD,2008
UA,ORD,dep,1970-01-01T18:01:00Z,1289,UA/ ORD,2008
UA,ORD,dep,1970-01-01T18:11:00Z,1087,UA/ ORD,2008
UA,ORD,dep,1970-01-01T18:21:00Z,823,UA/ ORD,2008
UA,ORD,dep,1970-01-01T18:31:00Z,1061,UA/ ORD,2008
UA,ORD,dep,1970-01-01T18:41:00Z,1218,UA/ ORD,2008
UA,ORD,dep,1970-01-01T18:51:00Z,1276,UA/ ORD,2008
UA,ORD,dep,1970-01-01T19:01:00Z,1116,UA/ ORD,2008
UA,ORD,dep,1970-01-01T19:11:00Z,887,UA/ ORD,2008
UA,ORD,dep,1970-01-01T19:21:00Z,855,UA/ ORD,2008
UA,ORD,dep,1970-01-01T19:31:00Z,668,UA/ ORD,2008
UA,ORD,dep,1970-01-01T19:41:00Z,712,UA/ ORD,2008
UA,ORD,dep,1970-01-01T19:51:00Z,1222,UA/ ORD,2008
UA,ORD,dep,1970-01-01T20:01:00Z,1332,UA/ ORD,2008
UA,ORD,dep,1970-01-01T20:11:00Z,1076,UA/ ORD,2008
UA,ORD,dep,1970-01-01T20:21:00Z,986,UA/ ORD,2008
UA,ORD,dep,1970-01-01T20:31:00Z,995,UA/ ORD,2008
UA,ORD,dep,1970-01-01T20:41:00Z,958,UA/ ORD,2008
UA,ORD,dep,1970-01-01T20:51:00Z,1068,UA/ ORD,2008
UA,ORD,dep,1970-01-01T21:01:00Z,980,UA/ ORD,2008
UA,ORD,dep,1970-01-01T21:11:00Z,953,UA/ ORD,2008
UA,ORD,dep,1970-01-01T21:21:00Z,904,UA/ ORD,2008
UA,ORD,dep,1970-01-01T21:31:00Z,794,UA/ ORD,2008
UA,ORD,dep,1970-01-01T21:41:00Z,670,UA/ ORD,2008
UA,ORD,dep,1970-01-01T21:51:00Z,429,UA/ ORD,2008
UA,ORD,dep,1970-01-01T22:01:00Z,333,UA/ ORD,2008
UA,ORD,dep,1970-01-01T22:11:00Z,301,UA/ ORD,2008
UA,ORD,dep,1970-01-01T22:21:00Z,257,UA/ ORD,2008
UA,ORD,dep,1970-01-01T22:31:00Z,202,UA/ ORD,2008
UA,ORD,dep,1970-01-01T22:41:00Z,224,UA/ ORD,2008
UA,ORD,dep,1970-01-01T22:51:00Z,193,UA/ ORD,2008
UA,ORD,dep,1970-01-01T23:01:00Z,178,UA/ ORD,2008
UA,ORD,dep,1970-01-01T23:11:00Z,146,UA/ ORD,2008
UA,ORD,dep,1970-01-01T23:21:00Z,120,UA/ ORD,2008
UA,ORD,dep,1970-01-01T23:31:00Z,114,UA/ ORD,2008
UA,ORD,dep,1970-01-01T23:41:00Z,101,UA/ ORD,2008
UA,ORD,dep,1970-01-01T23:51:00Z,73,UA/ ORD,2008
AA,ORD,arr,1970-01-01T00:01:00Z,-74,AA/ ORD,2009
AA,ORD,arr,1970-01-01T00:11:00Z,-60,AA/ ORD,2009
AA,ORD,arr,1970-01-01T00:21:00Z,-41,AA/ ORD,2009
AA,ORD,arr,1970-01-01T00:31:00Z,-39,AA/ ORD,2009
AA,ORD,arr,1970-01-01T00:41:00Z,-19,AA/ ORD,2009
AA,ORD,arr,1970-01-01T00:51:00Z,-27,AA/ ORD,2009
AA,ORD,arr,1970-01-01T01:01:00Z,-21,AA/ ORD,2009
AA,ORD,arr,1970-01-01T01:11:00Z,-21,AA/ ORD,2009
AA,ORD,arr,1970-01-01T01:21:00Z,-12,AA/ ORD,2009
AA,ORD,arr,1970-01-01T01:31:00Z,-13,AA/ ORD,2009
AA,ORD,arr,1970-01-01T01:41:00Z,-12,AA/ ORD,2009
AA,ORD,arr,1970-01-01T01:51:00Z,-5,AA/ ORD,2009
AA,ORD,arr,1970-01-01T02:01:00Z,-5,AA/ ORD,2009
AA,ORD,arr,1970-01-01T02:11:00Z,-3,AA/ ORD,2009
AA,ORD,arr,1970-01-01T02:21:00Z,-7,AA/ ORD,2009
AA,ORD,arr,1970-01-01T02:31:00Z,-7,AA/ ORD,2009
AA,ORD,arr,1970-01-01T02:41:00Z,-4,AA/ ORD,2009
AA,ORD,arr,1970-01-01T02:51:00Z,-2,AA/ ORD,2009
AA,ORD,arr,1970-01-01T03:01:00Z,-2,AA/ ORD,2009
AA,ORD,arr,1970-01-01T03:11:00Z,-1,AA/ ORD,2009
AA,ORD,arr,1970-01-01T03:21:00Z,-2,AA/ ORD,2009
AA,ORD,arr,1970-01-01T04:21:00Z,-2,AA/ ORD,2009
AA,ORD,arr,1970-01-01T04:31:00Z,-1,AA/ ORD,2009
AA,ORD,arr,1970-01-01T04:51:00Z,-3,AA/ ORD,2009
AA,ORD,arr,1970-01-01T05:01:00Z,-8,AA/ ORD,2009
AA,ORD,arr,1970-01-01T05:11:00Z,-26,AA/ ORD,2009
AA,ORD,arr,1970-01-01T05:21:00Z,-45,AA/ ORD,2009
AA,ORD,arr,1970-01-01T05:31:00Z,-73,AA/ ORD,2009
AA,ORD,arr,1970-01-01T05:41:00Z,-78,AA/ ORD,2009
AA,ORD,arr,1970-01-01T05:51:00Z,-56,AA/ ORD,2009
AA,ORD,arr,1970-01-01T06:01:00Z,-31,AA/ ORD,2009
AA,ORD,arr,1970-01-01T06:11:00Z,-14,AA/ ORD,2009
AA,ORD,arr,1970-01-01T06:21:00Z,-12,AA/ ORD,2009
AA,ORD,arr,1970-01-01T06:31:00Z,-8,AA/ ORD,2009
AA,ORD,arr,1970-01-01T06:41:00Z,-11,AA/ ORD,2009
AA,ORD,arr,1970-01-01T06:51:00Z,-78,AA/ ORD,2009
AA,ORD,arr,1970-01-01T07:01:00Z,-300,AA/ ORD,2009
AA,ORD,arr,1970-01-01T07:11:00Z,-427,AA/ ORD,2009
AA,ORD,arr,1970-01-01T07:21:00Z,-381,AA/ ORD,2009
AA,ORD,arr,1970-01-01T07:31:00Z,-373,AA/ ORD,2009
AA,ORD,arr,1970-01-01T07:41:00Z,-396,AA/ ORD,2009
AA,ORD,arr,1970-01-01T07:51:00Z,-452,AA/ ORD,2009
AA,ORD,arr,1970-01-01T08:01:00Z,-490,AA/ ORD,2009
AA,ORD,arr,1970-01-01T08:11:00Z,-391,AA/ ORD,2009
AA,ORD,arr,1970-01-01T08:21:00Z,-311,AA/ ORD,2009
AA,ORD,arr,1970-01-01T08:31:00Z,-317,AA/ ORD,2009
AA,ORD,arr,1970-01-01T08:41:00Z,-481,AA/ ORD,2009
AA,ORD,arr,1970-01-01T08:51:00Z,-746,AA/ ORD,2009
AA,ORD,arr,1970-01-01T09:01:00Z,-824,AA/ ORD,2009
AA,ORD,arr,1970-01-01T09:11:00Z,-790,AA/ ORD,2009
AA,ORD,arr,1970-01-01T09:21:00Z,-815,AA/ ORD,2009
AA,ORD,arr,1970-01-01T09:31:00Z,-617,AA/ ORD,2009
AA,ORD,arr,1970-01-01T09:41:00Z,-579,AA/ ORD,2009
AA,ORD,arr,1970-01-01T09:51:00Z,-607,AA/ ORD,2009
AA,ORD,arr,1970-01-01T10:01:00Z,-584,AA/ ORD,2009
AA,ORD,arr,1970-01-01T10:11:00Z,-575,AA/ ORD,2009
AA,ORD,arr,1970-01-01T10:21:00Z,-460,AA/ ORD,2009
AA,ORD,arr,1970-01-01T10:31:00Z,-465,AA/ ORD,2009
AA,ORD,arr,1970-01-01T10:41:00Z,-537,AA/ ORD,2009
AA,ORD,arr,1970-01-01T10:51:00Z,-580,AA/ ORD,2009
AA,ORD,arr,1970-01-01T11:01:00Z,-582,AA/ ORD,2009
AA,ORD,arr,1970-01-01T11:11:00Z,-680,AA/ ORD,2009
AA,ORD,arr,1970-01-01T11:21:00Z,-698,AA/ ORD,2009
AA,ORD,arr,1970-01-01T11:31:00Z,-689,AA/ ORD,2009
AA,ORD,arr,1970-01-01T11:41:00Z,-640,AA/ ORD,2009
AA,ORD,arr,1970-01-01T11:51:00Z,-586,AA/ ORD,2009
AA,ORD,arr,1970-01-01T12:01:00Z,-616,AA/ ORD,2009
AA,ORD,arr,1970-01-01T12:11:00Z,-637,AA/ ORD,2009
AA,ORD,arr,1970-01-01T12:21:00Z,-714,AA/ ORD,2009
AA,ORD,arr,1970-01-01T12:31:00Z,-571,AA/ ORD,2009
AA,ORD,arr,1970-01-01T12:41:00Z,-525,AA/ ORD,2009
AA,ORD,arr,1970-01-01T12:51:00Z,-518,AA/ ORD,2009
AA,ORD,arr,1970-01-01T13:01:00Z,-606,AA/ ORD,2009
AA,ORD,arr,1970-01-01T13:11:00Z,-591,AA/ ORD,2009
AA,ORD,arr,1970-01-01T13:21:00Z,-656,AA/ ORD,2009
AA,ORD,arr,1970-01-01T13:31:00Z,-667,AA/ ORD,2009
AA,ORD,arr,1970-01-01T13:41:00Z,-643,AA/ ORD,2009
AA,ORD,arr,1970-01-01T13:51:00Z,-562,AA/ ORD,2009
AA,ORD,arr,1970-01-01T14:01:00Z,-587,AA/ ORD,2009
AA,ORD,arr,1970-01-01T14:11:00Z,-628,AA/ ORD,2009
AA,ORD,arr,1970-01-01T14:21:00Z,-655,AA/ ORD,2009
AA,ORD,arr,1970-01-01T14:31:00Z,-675,AA/ ORD,2009
AA,ORD,arr,1970-01-01T14:41:00Z,-594,AA/ ORD,2009
AA,ORD,arr,1970-01-01T14:51:00Z,-587,AA/ ORD,2009
AA,ORD,arr,1970-01-01T15:01:00Z,-509,AA/ ORD,2009
AA,ORD,arr,1970-01-01T15:11:00Z,-526,AA/ ORD,2009
AA,ORD,arr,1970-01-01T15:21:00Z,-599,AA/ ORD,2009
AA,ORD,arr,1970-01-01T15:31:00Z,-752,AA/ ORD,2009
AA,ORD,arr,1970-01-01T15:41:00Z,-727,AA/ ORD,2009
AA,ORD,arr,1970-01-01T15:51:00Z,-642,AA/ ORD,2009
AA,ORD,arr,1970-01-01T16:01:00Z,-560,AA/ ORD,2009
AA,ORD,arr,1970-01-01T16:11:00Z,-532,AA/ ORD,2009
AA,ORD,arr,1970-01-01T16:21:00Z,-566,AA/ ORD,2009
AA,ORD,arr,1970-01-01T16:31:00Z,-626,AA/ ORD,2009
AA,ORD,arr,1970-01-01T16:41:00Z,-574,AA/ ORD,2009
AA,ORD,arr,1970-01-01T16:51:00Z,-577,AA/ ORD,2009
AA,ORD,arr,1970-01-01T17:01:00Z,-613,AA/ ORD,2009
AA,ORD,arr,1970-01-01T17:11:00Z,-699,AA/ ORD,2009
AA,ORD,arr,1970-01-01T17:21:00Z,-798,AA/ ORD,2009
AA,ORD,arr,1970-01-01T17:31:00Z,-907,AA/ ORD,2009
AA,ORD,arr,1970-01-01T17:41:00Z,-853,AA/ ORD,2009
AA,ORD,arr,1970-01-01T17:51:00Z,-761,AA/ ORD,2009
AA,ORD,arr,1970-01-01T18:01:00Z,-762,AA/ ORD,2009
AA,ORD,arr,1970-01-01T18:11:00Z,-766,AA/ ORD,2009
AA,ORD,arr,1970-01-01T18:21:00Z,-774,AA/ ORD,2009
AA,ORD,arr,1970-01-01T18:31:00Z,-770,AA/ ORD,2009
AA,ORD,arr,1970-01-01T18:41:00Z,-633,AA/ ORD,2009
AA,ORD,arr,1970-01-01T18:51:00Z,-677,AA/ ORD,2009
AA,ORD,arr,1970-01-01T19:01:00Z,-890,AA/ ORD,2009
AA,ORD,arr,1970-01-01T19:11:00Z,-937,AA/ ORD,2009
AA,ORD,arr,1970-01-01T19:21:00Z,-891,AA/ ORD,2009
AA,ORD,arr,1970-01-01T19:31:00Z,-706,AA/ ORD,2009
AA,ORD,arr,1970-01-01T19:41:00Z,-666,AA/ ORD,2009
AA,ORD,arr,1970-01-01T19:51:00Z,-573,AA/ ORD,2009
AA,ORD,arr,1970-01-01T20:01:00Z,-582,AA/ ORD,2009
AA,ORD,arr,1970-01-01T20:11:00Z,-746,AA/ ORD,2009
AA,ORD,arr,1970-01-01T20:21:00Z,-760,AA/ ORD,2009
AA,ORD,arr,1970-01-01T20:31:00Z,-814,AA/ ORD,2009
AA,ORD,arr,1970-01-01T20:41:00Z,-711,AA/ ORD,2009
AA,ORD,arr,1970-01-01T20:51:00Z,-683,AA/ ORD,2009
AA,ORD,arr,1970-01-01T21:01:00Z,-609,AA/ ORD,2009
AA,ORD,arr,1970-01-01T21:11:00Z,-543,AA/ ORD,2009
AA,ORD,arr,1970-01-01T21:21:00Z,-501,AA/ ORD,2009
AA,ORD,arr,1970-01-01T21:31:00Z,-434,AA/ ORD,2009
AA,ORD,arr,1970-01-01T21:41:00Z,-345,AA/ ORD,2009
AA,ORD,arr,1970-01-01T21:51:00Z,-293,AA/ ORD,2009
AA,ORD,arr,1970-01-01T22:01:00Z,-300,AA/ ORD,2009
AA,ORD,arr,1970-01-01T22:11:00Z,-353,AA/ ORD,2009
AA,ORD,arr,1970-01-01T22:21:00Z,-393,AA/ ORD,2009
AA,ORD,arr,1970-01-01T22:31:00Z,-399,AA/ ORD,2009
AA,ORD,arr,1970-01-01T22:41:00Z,-370,AA/ ORD,2009
AA,ORD,arr,1970-01-01T22:51:00Z,-299,AA/ ORD,2009
AA,ORD,arr,1970-01-01T23:01:00Z,-242,AA/ ORD,2009
AA,ORD,arr,1970-01-01T23:11:00Z,-190,AA/ ORD,2009
AA,ORD,arr,1970-01-01T23:21:00Z,-193,AA/ ORD,2009
AA,ORD,arr,1970-01-01T23:31:00Z,-161,AA/ ORD,2009
AA,ORD,arr,1970-01-01T23:41:00Z,-116,AA/ ORD,2009
AA,ORD,arr,1970-01-01T23:51:00Z,-86,AA/ ORD,2009
AA,ORD,dep,1970-01-01T00:01:00Z,7,AA/ ORD,2009
AA,ORD,dep,1970-01-01T00:11:00Z,3,AA/ ORD,2009
AA,ORD,dep,1970-01-01T00:21:00Z,2,AA/ ORD,2009
AA,ORD,dep,1970-01-01T00:41:00Z,2,AA/ ORD,2009
AA,ORD,dep,1970-01-01T00:51:00Z,2,AA/ ORD,2009
AA,ORD,dep,1970-01-01T01:41:00Z,2,AA/ ORD,2009
AA,ORD,dep,1970-01-01T05:31:00Z,24,AA/ ORD,2009
AA,ORD,dep,1970-01-01T05:41:00Z,14,AA/ ORD,2009
AA,ORD,dep,1970-01-01T05:51:00Z,632,AA/ ORD,2009
AA,ORD,dep,1970-01-01T06:01:00Z,791,AA/ ORD,2009
AA,ORD,dep,1970-01-01T06:11:00Z,529,AA/ ORD,2009
AA,ORD,dep,1970-01-01T06:21:00Z,396,AA/ ORD,2009
AA,ORD,dep,1970-01-01T06:31:00Z,456,AA/ ORD,2009
AA,ORD,dep,1970-01-01T06:41:00Z,660,AA/ ORD,2009
AA,ORD,dep,1970-01-01T06:51:00Z,665,AA/ ORD,2009
AA,ORD,dep,1970-01-01T07:01:00Z,601,AA/ ORD,2009
AA,ORD,dep,1970-01-01T07:11:00Z,487,AA/ ORD,2009
AA,ORD,dep,1970-01-01T07:21:00Z,738,AA/ ORD,2009
AA,ORD,dep,1970-01-01T07:31:00Z,493,AA/ ORD,2009
AA,ORD,dep,1970-01-01T07:41:00Z,506,AA/ ORD,2009
AA,ORD,dep,1970-01-01T07:51:00Z,500,AA/ ORD,2009
AA,ORD,dep,1970-01-01T08:01:00Z,546,AA/ ORD,2009
AA,ORD,dep,1970-01-01T08:11:00Z,751,AA/ ORD,2009
AA,ORD,dep,1970-01-01T08:21:00Z,978,AA/ ORD,2009
AA,ORD,dep,1970-01-01T08:31:00Z,800,AA/ ORD,2009
AA,ORD,dep,1970-01-01T08:41:00Z,884,AA/ ORD,2009
AA,ORD,dep,1970-01-01T08:51:00Z,554,AA/ ORD,2009
AA,ORD,dep,1970-01-01T09:01:00Z,816,AA/ ORD,2009
AA,ORD,dep,1970-01-01T09:11:00Z,683,AA/ ORD,2009
AA,ORD,dep,1970-01-01T09:21:00Z,557,AA/ ORD,2009
AA,ORD,dep,1970-01-01T09:31:00Z,470,AA/ ORD,2009
AA,ORD,dep,1970-01-01T09:41:00Z,687,AA/ ORD,2009
AA,ORD,dep,1970-01-01T09:51:00Z,692,AA/ ORD,2009
AA,ORD,dep,1970-01-01T10:01:00Z,1023,AA/ ORD,2009
AA,ORD,dep,1970-01-01T10:11:00Z,1056,AA/ ORD,2009
AA,ORD,dep,1970-01-01T10:21:00Z,755,AA/ ORD,2009
AA,ORD,dep,1970-01-01T10:31:00Z,595,AA/ ORD,2009
AA,ORD,dep,1970-01-01T10:41:00Z,524,AA/ ORD,2009
AA,ORD,dep,1970-01-01T10:51:00Z,486,AA/ ORD,2009
AA,ORD,dep,1970-01-01T11:01:00Z,621,AA/ ORD,2009
AA,ORD,dep,1970-01-01T11:11:00Z,589,AA/ ORD,2009
AA,ORD,dep,1970-01-01T11:21:00Z,513,AA/ ORD,2009
AA,ORD,dep,1970-01-01T11:31:00Z,511,AA/ ORD,2009
AA,ORD,dep,1970-01-01T11:41:00Z,547,AA/ ORD,2009
AA,ORD,dep,1970-01-01T11:51:00Z,494,AA/ ORD,2009
AA,ORD,dep,1970-01-01T12:01:00Z,691,AA/ ORD,2009
AA,ORD,dep,1970-01-01T12:11:00Z,851,AA/ ORD,2009
AA,ORD,dep,1970-01-01T12:21:00Z,609,AA/ ORD,2009
AA,ORD,dep,1970-01-01T12:31:00Z,565,AA/ ORD,2009
AA,ORD,dep,1970-01-01T12:41:00Z,580,AA/ ORD,2009
AA,ORD,dep,1970-01-01T12:51:00Z,620,AA/ ORD,2009
AA,ORD,dep,1970-01-01T13:01:00Z,691,AA/ ORD,2009
AA,ORD,dep,1970-01-01T13:11:00Z,712,AA/ ORD,2009
AA,ORD,dep,1970-01-01T13:21:00Z,770,AA/ ORD,2009
AA,ORD,dep,1970-01-01T13:31:00Z,589,AA/ ORD,2009
AA,ORD,dep,1970-01-01T13:41:00Z,442,AA/ ORD,2009
AA,ORD,dep,1970-01-01T13:51:00Z,599,AA/ ORD,2009
AA,ORD,dep,1970-01-01T14:01:00Z,501,AA/ ORD,2009
AA,ORD,dep,1970-01-01T14:11:00Z,460,AA/ ORD,2009
AA,ORD,dep,1970-01-01T14:21:00Z,728,AA/ ORD,2009
AA,ORD,dep,1970-01-01T14:31:00Z,719,AA/ ORD,2009
AA,ORD,dep,1970-01-01T14:41:00Z,545,AA/ ORD,2009
AA,ORD,dep,1970-01-01T14:51:00Z,375,AA/ ORD,2009
AA,ORD,dep,1970-01-01T15:01:00Z,728,AA/ ORD,2009
AA,ORD,dep,1970-01-01T15:11:00Z,522,AA/ ORD,2009
AA,ORD,dep,1970-01-01T15:21:00Z,757,AA/ ORD,2009
AA,ORD,dep,1970-01-01T15:31:00Z,541,AA/ ORD,2009
AA,ORD,dep,1970-01-01T15:41:00Z,616,AA/ ORD,2009
AA,ORD,dep,1970-01-01T15:51:00Z,794,AA/ ORD,2009
AA,ORD,dep,1970-01-01T16:01:00Z,529,AA/ ORD,2009
AA,ORD,dep,1970-01-01T16:11:00Z,434,AA/ ORD,2009
AA,ORD,dep,1970-01-01T16:21:00Z,359,AA/ ORD,2009
AA,ORD,dep,1970-01-01T16:31:00Z,456,AA/ ORD,2009
AA,ORD,dep,1970-01-01T16:41:00Z,657,AA/ ORD,2009
AA,ORD,dep,1970-01-01T16:51:00Z,687,AA/ ORD,2009
AA,ORD,dep,1970-01-01T17:01:00Z,475,AA/ ORD,2009
AA,ORD,dep,1970-01-01T17:11:00Z,441,AA/ ORD,2009
AA,ORD,dep,1970-01-01T17:21:00Z,574,AA/ ORD,2009
AA,ORD,dep,1970-01-01T17:31:00Z,508,AA/ ORD,2009
AA,ORD,dep,1970-01-01T17:41:00Z,677,AA/ ORD,2009
AA,ORD,dep,1970-01-01T17:51:00Z,699,AA/ ORD,2009
AA,ORD,dep,1970-01-01T18:01:00Z,592,AA/ ORD,2009
AA,ORD,dep,1970-01-01T18:11:00Z,652,AA/ ORD,2009
AA,ORD,dep,1970-01-01T18:21:00Z,617,AA/ ORD,2009
AA,ORD,dep,1970-01-01T18:31:00Z,615,AA/ ORD,2009
AA,ORD,dep,1970-01-01T18:41:00Z,926,AA/ ORD,2009
AA,ORD,dep,1970-01-01T18:51:00Z,1059,AA/ ORD,2009
AA,ORD,dep,1970-01-01T19:01:00Z,887,AA/ ORD,2009
AA,ORD,dep,1970-01-01T19:11:00Z,809,AA/ ORD,2009
AA,ORD,dep,1970-01-01T19:21:00Z,686,AA/ ORD,2009
AA,ORD,dep,1970-01-01T19:31:00Z,665,AA/ ORD,2009
AA,ORD,dep,1970-01-01T19:41:00Z,696,AA/ ORD,2009
AA,ORD,dep,1970-01-01T19:51:00Z,690,AA/ ORD,2009
AA,ORD,dep,1970-01-01T20:01:00Z,664,AA/ ORD,2009
AA,ORD,dep,1970-01-01T20:11:00Z,666,AA/ ORD,2009
AA,ORD,dep,1970-01-01T20:21:00Z,731,AA/ ORD,2009
AA,ORD,dep,1970-01-01T20:31:00Z,514,AA/ ORD,2009
AA,ORD,dep,1970-01-01T20:41:00Z,434,AA/ ORD,2009
AA,ORD,dep,1970-01-01T20:51:00Z,298,AA/ ORD,2009
AA,ORD,dep,1970-01-01T21:01:00Z,239,AA/ ORD,2009
AA,ORD,dep,1970-01-01T21:11:00Z,307,AA/ ORD,2009
AA,ORD,dep,1970-01-01T21:21:00Z,293,AA/ ORD,2009
AA,ORD,dep,1970-01-01T21:31:00Z,186,AA/ ORD,2009
AA,ORD,dep,1970-01-01T21:41:00Z,112,AA/ ORD,2009
AA,ORD,dep,1970-01-01T21:51:00Z,175,AA/ ORD,2009
AA,ORD,dep,1970-01-01T22:01:00Z,152,AA/ ORD,2009
AA,ORD,dep,1970-01-01T22:11:00Z,107,AA/ ORD,2009
AA,ORD,dep,1970-01-01T22:21:00Z,114,AA/ ORD,2009
AA,ORD,dep,1970-01-01T22:31:00Z,48,AA/ ORD,2009
AA,ORD,dep,1970-01-01T22:41:00Z,48,AA/ ORD,2009
AA,ORD,dep,1970-01-01T22:51:00Z,39,AA/ ORD,2009
AA,ORD,dep,1970-01-01T23:01:00Z,26,AA/ ORD,2009
AA,ORD,dep,1970-01-01T23:11:00Z,22,AA/ ORD,2009
AA,ORD,dep,1970-01-01T23:21:00Z,21,AA/ ORD,2009
AA,ORD,dep,1970-01-01T23:31:00Z,8,AA/ ORD,2009
AA,ORD,dep,1970-01-01T23:41:00Z,12,AA/ ORD,2009
AA,ORD,dep,1970-01-01T23:51:00Z,9,AA/ ORD,2009
UA,ORD,arr,1970-01-01T00:01:00Z,-128,UA/ ORD,2009
UA,ORD,arr,1970-01-01T00:11:00Z,-168,UA/ ORD,2009
UA,ORD,arr,1970-01-01T00:21:00Z,-137,UA/ ORD,2009
UA,ORD,arr,1970-01-01T00:31:00Z,-117,UA/ ORD,2009
UA,ORD,arr,1970-01-01T00:41:00Z,-92,UA/ ORD,2009
UA,ORD,arr,1970-01-01T00:51:00Z,-107,UA/ ORD,2009
UA,ORD,arr,1970-01-01T01:01:00Z,-111,UA/ ORD,2009
UA,ORD,arr,1970-01-01T01:11:00Z,-62,UA/ ORD,2009
UA,ORD,arr,1970-01-01T01:21:00Z,-38,UA/ ORD,2009
UA,ORD,arr,1970-01-01T01:31:00Z,-33,UA/ ORD,2009
UA,ORD,arr,1970-01-01T01:41:00Z,-21,UA/ ORD,2009
UA,ORD,arr,1970-01-01T01:51:00Z,-25,UA/ ORD,2009
UA,ORD,arr,1970-01-01T02:01:00Z,-16,UA/ ORD,2009
UA,ORD,arr,1970-01-01T02:11:00Z,-10,UA/ ORD,2009
UA,ORD,arr,1970-01-01T02:21:00Z,-13,UA/ ORD,2009
UA,ORD,arr,1970-01-01T02:31:00Z,-17,UA/ ORD,2009
UA,ORD,arr,1970-01-01T02:41:00Z,-7,UA/ ORD,2009
UA,ORD,arr,1970-01-01T02:51:00Z,-7,UA/ ORD,2009
UA,ORD,arr,1970-01-01T03:01:00Z,-9,UA/ ORD,2009
UA,ORD,arr,1970-01-01T03:11:00Z,-6,UA/ ORD,2009
UA,ORD,arr,1970-01-01T03:21:00Z,-8,UA/ ORD,2009
UA,ORD,arr,1970-01-01T03:31:00Z,-2,UA/ ORD,2009
UA,ORD,arr,1970-01-01T03:41:00Z,-5,UA/ ORD,2009
UA,ORD,arr,1970-01-01T03:51:00Z,-20,UA/ ORD,2009
UA,ORD,arr,1970-01-01T04:01:00Z,-58,UA/ ORD,2009
UA,ORD,arr,1970-01-01T04:11:00Z,-93,UA/ ORD,2009
UA,ORD,arr,1970-01-01T04:21:00Z,-111,UA/ ORD,2009
UA,ORD,arr,1970-01-01T04:31:00Z,-206,UA/ ORD,2009
UA,ORD,arr,1970-01-01T04:41:00Z,-383,UA/ ORD,2009
UA,ORD,arr,1970-01-01T04:51:00Z,-438,UA/ ORD,2009
UA,ORD,arr,1970-01-01T05:01:00Z,-402,UA/ ORD,2009
UA,ORD,arr,1970-01-01T05:11:00Z,-297,UA/ ORD,2009
UA,ORD,arr,1970-01-01T05:21:00Z,-208,UA/ ORD,2009
UA,ORD,arr,1970-01-01T05:31:00Z,-136,UA/ ORD,2009
UA,ORD,arr,1970-01-01T05:41:00Z,-105,UA/ ORD,2009
UA,ORD,arr,1970-01-01T05:51:00Z,-94,UA/ ORD,2009
UA,ORD,arr,1970-01-01T06:01:00Z,-162,UA/ ORD,2009
UA,ORD,arr,1970-01-01T06:11:00Z,-255,UA/ ORD,2009
UA,ORD,arr,1970-01-01T06:21:00Z,-299,UA/ ORD,2009
UA,ORD,arr,1970-01-01T06:31:00Z,-262,UA/ ORD,2009
UA,ORD,arr,1970-01-01T06:41:00Z,-433,UA/ ORD,2009
UA,ORD,arr,1970-01-01T06:51:00Z,-645,UA/ ORD,2009
UA,ORD,arr,1970-01-01T07:01:00Z,-809,UA/ ORD,2009
UA,ORD,arr,1970-01-01T07:11:00Z,-826,UA/ ORD,2009
UA,ORD,arr,1970-01-01T07:21:00Z,-760,UA/ ORD,2009
UA,ORD,arr,1970-01-01T07:31:00Z,-720,UA/ ORD,2009
UA,ORD,arr,1970-01-01T07:41:00Z,-923,UA/ ORD,2009
UA,ORD,arr,1970-01-01T07:51:00Z,-1077,UA/ ORD,2009
UA,ORD,arr,1970-01-01T08:01:00Z,-1262,UA/ ORD,2009
UA,ORD,arr,1970-01-01T08:11:00Z,-1131,UA/ ORD,2009
UA,ORD,arr,1970-01-01T08:21:00Z,-980,UA/ ORD,2009
UA,ORD,arr,1970-01-01T08:31:00Z,-1083,UA/ ORD,2009
UA,ORD,arr,1970-01-01T08:41:00Z,-962,UA/ ORD,2009
UA,ORD,arr,1970-01-01T08:51:00Z,-738,UA/ ORD,2009
UA,ORD,arr,1970-01-01T09:01:00Z,-817,UA/ ORD,2009
UA,ORD,arr,1970-01-01T09:11:00Z,-727,UA/ ORD,2009
UA,ORD,arr,1970-01-01T09:21:00Z,-661,UA/ ORD,2009
UA,ORD,arr,1970-01-01T09:31:00Z,-676,UA/ ORD,2009
UA,ORD,arr,1970-01-01T09:41:00Z,-496,UA/ ORD,2009
UA,ORD,arr,1970-01-01T09:51:00Z,-406,UA/ ORD,2009
UA,ORD,arr,1970-01-01T10:01:00Z,-494,UA/ ORD,2009
UA,ORD,arr,1970-01-01T10:11:00Z,-514,UA/ ORD,2009
UA,ORD,arr,1970-01-01T10:21:00Z,-593,UA/ ORD,2009
UA,ORD,arr,1970-01-01T10:31:00Z,-718,UA/ ORD,2009
UA,ORD,arr,1970-01-01T10:41:00Z,-837,UA/ ORD,2009
UA,ORD,arr,1970-01-01T10:51:00Z,-794,UA/ ORD,2009
UA,ORD,arr,1970-01-01T11:01:00Z,-660,UA/ ORD,2009
UA,ORD,arr,1970-01-01T11:11:00Z,-624,UA/ ORD,2009
UA,ORD,arr,1970-01-01T11:21:00Z,-605,UA/ ORD,2009
UA,ORD,arr,1970-01-01T11:31:00Z,-629,UA/ ORD,2009
UA,ORD,arr,1970-01-01T11:41:00Z,-748,UA/ ORD,2009
UA,ORD,arr,1970-01-01T11:51:00Z,-777,UA/ ORD,2009
UA,ORD,arr,1970-01-01T12:01:00Z,-881,UA/ ORD,2009
UA,ORD,arr,1970-01-01T12:11:00Z,-968,UA/ ORD,2009
UA,ORD,arr,1970-01-01T12:21:00Z,-834,UA/ ORD,2009
UA,ORD,arr,1970-01-01T12:31:00Z,-582,UA/ ORD,2009
UA,ORD,arr,1970-01-01T12:41:00Z,-540,UA/ ORD,2009
UA,ORD,arr,1970-01-01T12:51:00Z,-419,UA/ ORD,2009
UA,ORD,arr,1970-01-01T13:01:00Z,-404,UA/ ORD,2009
UA,ORD,arr,1970-01-01T13:11:00Z,-498,UA/ ORD,2009
UA,ORD,arr,1970-01-01T13:21:00Z,-533,UA/ ORD,2009
UA,ORD,arr,1970-01-01T13:31:00Z,-521,UA/ ORD,2009
UA,ORD,arr,1970-01-01T13:41:00Z,-583,UA/ ORD,2009
UA,ORD,arr,1970-01-01T13:51:00Z,-630,UA/ ORD,2009
UA,ORD,arr,1970-01-01T14:01:00Z,-644,UA/ ORD,2009
UA,ORD,arr,1970-01-01T14:11:00Z,-598,UA/ ORD,2009
UA,ORD,arr,1970-01-01T14:21:00Z,-527,UA/ ORD,2009
UA,ORD,arr,1970-01-01T14:31:00Z,-576,UA/ ORD,2009
UA,ORD,arr,1970-01-01T14:41:00Z,-656,UA/ ORD,2009
UA,ORD,arr,1970-01-01T14:51:00Z,-719,UA/ ORD,2009
UA,ORD,arr,1970-01-01T15:01:00Z,-666,UA/ ORD,2009
UA,ORD,arr,1970-01-01T15:11:00Z,-629,UA/ ORD,2009
UA,ORD,arr,1970-01-01T15:21:00Z,-584,UA/ ORD,2009
UA,ORD,arr,1970-01-01T15:31:00Z,-565,UA/ ORD,2009
UA,ORD,arr,1970-01-01T15:41:00Z,-545,UA/ ORD,2009
UA,ORD,arr,1970-01-01T15:51:00Z,-687,UA/ ORD,2009
UA,ORD,arr,1970-01-01T16:01:00Z,-701,UA/ ORD,2009
UA,ORD,arr,1970-01-01T16:11:00Z,-707,UA/ ORD,2009
UA,ORD,arr,1970-01-01T16:21:00Z,-746,UA/ ORD,2009
UA,ORD,arr,1970-01-01T16:31:00Z,-705,UA/ ORD,2009
UA,ORD,arr,1970-01-01T16:41:00Z,-788,UA/ ORD,2009
UA,ORD,arr,1970-01-01T16:51:00Z,-890,UA/ ORD,2009
UA,ORD,arr,1970-01-01T17:01:00Z,-950,UA/ ORD,2009
UA,ORD,arr,1970-01-01T17:11:00Z,-941,UA/ ORD,2009
UA,ORD,arr,1970-01-01T17:21:00Z,-881,UA/ ORD,2009
UA,ORD,arr,1970-01-01T17:31:00Z,-852,UA/ ORD,2009
UA,ORD,arr,1970-01-01T17:41:00Z,-824,UA/ ORD,2009
UA,ORD,arr,1970-01-01T17:51:00Z,-786,UA/ ORD,2009
UA,ORD,arr,1970-01-01T18:01:00Z,-843,UA/ ORD,2009
UA,ORD,arr,1970-01-01T18:11:00Z,-980,UA/ ORD,2009
UA,ORD,arr,1970-01-01T18:21:00Z,-1035,UA/ ORD,2009
UA,ORD,arr,1970-01-01T18:31:00Z,-1045,UA/ ORD,2009
UA,ORD,arr,1970-01-01T18:41:00Z,-1069,UA/ ORD,2009
UA,ORD,arr,1970-01-01T18:51:00Z,-920,UA/ ORD,2009
UA,ORD,arr,1970-01-01T19:01:00Z,-993,UA/ ORD,2009
UA,ORD,arr,1970-01-01T19:11:00Z,-1053,UA/ ORD,2009
UA,ORD,arr,1970-01-01T19:21:00Z,-958,UA/ ORD,2009
UA,ORD,arr,1970-01-01T19:31:00Z,-942,UA/ ORD,2009
UA,ORD,arr,1970-01-01T19:41:00Z,-785,UA/ ORD,2009
UA,ORD,arr,1970-01-01T19:51:00Z,-793,UA/ ORD,2009
UA,ORD,arr,1970-01-01T20:01:00Z,-813,UA/ ORD,2009
UA,ORD,arr,1970-01-01T20:11:00Z,-791,UA/ ORD,2009
UA,ORD,arr,1970-01-01T20:21:00Z,-621,UA/ ORD,2009
UA,ORD,arr,1970-01-01T20:31:00Z,-454,UA/ ORD,2009
UA,ORD,arr,1970-01-01T20:41:00Z,-376,UA/ ORD,2009
UA,ORD,arr,1970-01-01T20:51:00Z,-268,UA/ ORD,2009
UA,ORD,arr,1970-01-01T21:01:00Z,-223,UA/ ORD,2009
UA,ORD,arr,1970-01-01T21:11:00Z,-230,UA/ ORD,2009
UA,ORD,arr,1970-01-01T21:21:00Z,-225,UA/ ORD,2009
UA,ORD,arr,1970-01-01T21:31:00Z,-208,UA/ ORD,2009
UA,ORD,arr,1970-01-01T21:41:00Z,-198,UA/ ORD,2009
UA,ORD,arr,1970-01-01T21:51:00Z,-200,UA/ ORD,2009
UA,ORD,arr,1970-01-01T22:01:00Z,-185,UA/ ORD,2009
UA,ORD,arr,1970-01-01T22:11:00Z,-185,UA/ ORD,2009
UA,ORD,arr,1970-01-01T22:21:00Z,-238,UA/ ORD,2009
UA,ORD,arr,1970-01-01T22:31:00Z,-285,UA/ ORD,2009
UA,ORD,arr,1970-01-01T22:41:00Z,-273,UA/ ORD,2009
UA,ORD,arr,1970-01-01T22:51:00Z,-197,UA/ ORD,2009
UA,ORD,arr,1970-01-01T23:01:00Z,-155,UA/ ORD,2009
UA,ORD,arr,1970-01-01T23:11:00Z,-130,UA/ ORD,2009
UA,ORD,arr,1970-01-01T23:21:00Z,-94,UA/ ORD,2009
UA,ORD,arr,1970-01-01T23:31:00Z,-144,UA/ ORD,2009
UA,ORD,arr,1970-01-01T23:41:00Z,-171,UA/ ORD,2009
UA,ORD,arr,1970-01-01T23:51:00Z,-147,UA/ ORD,2009
UA,ORD,dep,1970-01-01T00:01:00Z,20,UA/ ORD,2009
UA,ORD,dep,1970-01-01T00:11:00Z,17,UA/ ORD,2009
UA,ORD,dep,1970-01-01T00:21:00Z,14,UA/ ORD,2009
UA,ORD,dep,1970-01-01T00:31:00Z,12,UA/ ORD,2009
UA,ORD,dep,1970-01-01T00:41:00Z,4,UA/ ORD,2009
UA,ORD,dep,1970-01-01T00:51:00Z,7,UA/ ORD,2009
UA,ORD,dep,1970-01-01T01:01:00Z,3,UA/ ORD,2009
UA,ORD,dep,1970-01-01T01:11:00Z,4,UA/ ORD,2009
UA,ORD,dep,1970-01-01T01:21:00Z,1,UA/ ORD,2009
UA,ORD,dep,1970-01-01T01:31:00Z,2,UA/ ORD,2009
UA,ORD,dep,1970-01-01T01:51:00Z,1,UA/ ORD,2009
UA,ORD,dep,1970-01-01T02:11:00Z,2,UA/ ORD,2009
UA,ORD,dep,1970-01-01T05:41:00Z,18,UA/ ORD,2009
UA,ORD,dep,1970-01-01T05:51:00Z,1611,UA/ ORD,2009
UA,ORD,dep,1970-01-01T06:01:00Z,456,UA/ ORD,2009
UA,ORD,dep,1970-01-01T06:11:00Z,304,UA/ ORD,2009
UA,ORD,dep,1970-01-01T06:21:00Z,539,UA/ ORD,2009
UA,ORD,dep,1970-01-01T06:31:00Z,331,UA/ ORD,2009
UA,ORD,dep,1970-01-01T06:41:00Z,198,UA/ ORD,2009
UA,ORD,dep,1970-01-01T06:51:00Z,579,UA/ ORD,2009
UA,ORD,dep,1970-01-01T07:01:00Z,495,UA/ ORD,2009
UA,ORD,dep,1970-01-01T07:11:00Z,373,UA/ ORD,2009
UA,ORD,dep,1970-01-01T07:21:00Z,186,UA/ ORD,2009
UA,ORD,dep,1970-01-01T07:31:00Z,207,UA/ ORD,2009
UA,ORD,dep,1970-01-01T07:41:00Z,289,UA/ ORD,2009
UA,ORD,dep,1970-01-01T07:51:00Z,1443,UA/ ORD,2009
UA,ORD,dep,1970-01-01T08:01:00Z,1468,UA/ ORD,2009
UA,ORD,dep,1970-01-01T08:11:00Z,731,UA/ ORD,2009
UA,ORD,dep,1970-01-01T08:21:00Z,816,UA/ ORD,2009
UA,ORD,dep,1970-01-01T08:31:00Z,548,UA/ ORD,2009
UA,ORD,dep,1970-01-01T08:41:00Z,676,UA/ ORD,2009
UA,ORD,dep,1970-01-01T08:51:00Z,1599,UA/ ORD,2009
UA,ORD,dep,1970-01-01T09:01:00Z,903,UA/ ORD,2009
UA,ORD,dep,1970-01-01T09:11:00Z,489,UA/ ORD,2009
UA,ORD,dep,1970-01-01T09:21:00Z,394,UA/ ORD,2009
UA,ORD,dep,1970-01-01T09:31:00Z,669,UA/ ORD,2009
UA,ORD,dep,1970-01-01T09:41:00Z,1813,UA/ ORD,2009
UA,ORD,dep,1970-01-01T09:51:00Z,1875,UA/ ORD,2009
UA,ORD,dep,1970-01-01T10:01:00Z,876,UA/ ORD,2009
UA,ORD,dep,1970-01-01T10:11:00Z,1039,UA/ ORD,2009
UA,ORD,dep,1970-01-01T10:21:00Z,954,UA/ ORD,2009
UA,ORD,dep,1970-01-01T10:31:00Z,472,UA/ ORD,2009
UA,ORD,dep,1970-01-01T10:41:00Z,367,UA/ ORD,2009
UA,ORD,dep,1970-01-01T10:51:00Z,772,UA/ ORD,2009
UA,ORD,dep,1970-01-01T11:01:00Z,550,UA/ ORD,2009
UA,ORD,dep,1970-01-01T11:11:00Z,323,UA/ ORD,2009
UA,ORD,dep,1970-01-01T11:21:00Z,215,UA/ ORD,2009
UA,ORD,dep,1970-01-01T11:31:00Z,131,UA/ ORD,2009
UA,ORD,dep,1970-01-01T11:41:00Z,243,UA/ ORD,2009
UA,ORD,dep,1970-01-01T11:51:00Z,1599,UA/ ORD,2009
UA,ORD,dep,1970-01-01T12:01:00Z,778,UA/ ORD,2009
UA,ORD,dep,1970-01-01T12:11:00Z,446,UA/ ORD,2009
UA,ORD,dep,1970-01-01T12:21:00Z,200,UA/ ORD,2009
UA,ORD,dep,1970-01-01T12:31:00Z,173,UA/ ORD,2009
UA,ORD,dep,1970-01-01T12:41:00Z,126,UA/ ORD,2009
UA,ORD,dep,1970-01-01T12:51:00Z,538,UA/ ORD,2009
UA,ORD,dep,1970-01-01T13:01:00Z,2133,UA/ ORD,2009
UA,ORD,dep,1970-01-01T13:11:00Z,1602,UA/ ORD,2009
UA,ORD,dep,1970-01-01T13:21:00Z,876,UA/ ORD,2009
UA,ORD,dep,1970-01-01T13:31:00Z,794,UA/ ORD,2009
UA,ORD,dep,1970-01-01T13:41:00Z,608,UA/ ORD,2009
UA,ORD,dep,1970-01-01T13:51:00Z,662,UA/ ORD,2009
UA,ORD,dep,1970-01-01T14:01:00Z,493,UA/ ORD,2009
UA,ORD,dep,1970-01-01T14:11:00Z,496,UA/ ORD,2009
UA,ORD,dep,1970-01-01T14:21:00Z,315,UA/ ORD,2009
UA,ORD,dep,1970-01-01T14:31:00Z,227,UA/ ORD,2009
UA,ORD,dep,1970-01-01T14:41:00Z,235,UA/ ORD,2009
UA,ORD,dep,1970-01-01T14:51:00Z,686,UA/ ORD,2009
UA,ORD,dep,1970-01-01T15:01:00Z,861,UA/ ORD,2009
UA,ORD,dep,1970-01-01T15:11:00Z,517,UA/ ORD,2009
UA,ORD,dep,1970-01-01T15:21:00Z,727,UA/ ORD,2009
UA,ORD,dep,1970-01-01T15:31:00Z,400,UA/ ORD,2009
UA,ORD,dep,1970-01-01T15:41:00Z,641,UA/ ORD,2009
UA,ORD,dep,1970-01-01T15:51:00Z,1107,UA/ ORD,2009
UA,ORD,dep,1970-01-01T16:01:00Z,661,UA/ ORD,2009
UA,ORD,dep,1970-01-01T16:11:00Z,487,UA/ ORD,2009
UA,ORD,dep,1970-01-01T16:21:00Z,520,UA/ ORD,2009
UA,ORD,dep,1970-01-01T16:31:00Z,342,UA/ ORD,2009
UA,ORD,dep,1970-01-01T16:41:00Z,396,UA/ ORD,2009
UA,ORD,dep,1970-01-01T16:51:00Z,726,UA/ ORD,2009
UA,ORD,dep,1970-01-01T17:01:00Z,772,UA/ ORD,2009
UA,ORD,dep,1970-01-01T17:11:00Z,546,UA/ ORD,2009
UA,ORD,dep,1970-01-01T17:21:00Z,651,UA/ ORD,2009
UA,ORD,dep,1970-01-01T17:31:00Z,635,UA/ ORD,2009
UA,ORD,dep,1970-01-01T17:41:00Z,822,UA/ ORD,2009
UA,ORD,dep,1970-01-01T17:51:00Z,1096,UA/ ORD,2009
UA,ORD,dep,1970-01-01T18:01:00Z,1239,UA/ ORD,2009
UA,ORD,dep,1970-01-01T18:11:00Z,866,UA/ ORD,2009
UA,ORD,dep,1970-01-01T18:21:00Z,794,UA/ ORD,2009
UA,ORD,dep,1970-01-01T18:31:00Z,779,UA/ ORD,2009
UA,ORD,dep,1970-01-01T18:41:00Z,1037,UA/ ORD,2009
UA,ORD,dep,1970-01-01T18:51:00Z,1144,UA/ ORD,2009
UA,ORD,dep,1970-01-01T19:01:00Z,1180,UA/ ORD,2009
UA,ORD,dep,1970-01-01T19:11:00Z,916,UA/ ORD,2009
UA,ORD,dep,1970-01-01T19:21:00Z,1012,UA/ ORD,2009
UA,ORD,dep,1970-01-01T19:31:00Z,668,UA/ ORD,2009
UA,ORD,dep,1970-01-01T19:41:00Z,598,UA/ ORD,2009
UA,ORD,dep,1970-01-01T19:51:00Z,945,UA/ ORD,2009
UA,ORD,dep,1970-01-01T20:01:00Z,895,UA/ ORD,2009
UA,ORD,dep,1970-01-01T20:11:00Z,898,UA/ ORD,2009
UA,ORD,dep,1970-01-01T20:21:00Z,920,UA/ ORD,2009
UA,ORD,dep,1970-01-01T20:31:00Z,930,UA/ ORD,2009
UA,ORD,dep,1970-01-01T20:41:00Z,773,UA/ ORD,2009
UA,ORD,dep,1970-01-01T20:51:00Z,1289,UA/ ORD,2009
UA,ORD,dep,1970-01-01T21:01:00Z,992,UA/ ORD,2009
UA,ORD,dep,1970-01-01T21:11:00Z,718,UA/ ORD,2009
UA,ORD,dep,1970-01-01T21:21:00Z,804,UA/ ORD,2009
UA,ORD,dep,1970-01-01T21:31:00Z,582,UA/ ORD,2009
UA,ORD,dep,1970-01-01T21:41:00Z,422,UA/ ORD,2009
UA,ORD,dep,1970-01-01T21:51:00Z,292,UA/ ORD,2009
UA,ORD,dep,1970-01-01T22:01:00Z,207,UA/ ORD,2009
UA,ORD,dep,1970-01-01T22:11:00Z,160,UA/ ORD,2009
UA,ORD,dep,1970-01-01T22:21:00Z,116,UA/ ORD,2009
UA,ORD,dep,1970-01-01T22:31:00Z,120,UA/ ORD,2009
UA,ORD,dep,1970-01-01T22:41:00Z,109,UA/ ORD,2009
UA,ORD,dep,1970-01-01T22:51:00Z,108,UA/ ORD,2009
UA,ORD,dep,1970-01-01T23:01:00Z,81,UA/ ORD,2009
UA,ORD,dep,1970-01-01T23:11:00Z,69,UA/ ORD,2009
UA,ORD,dep,1970-01-01T23:21:00Z,61,UA/ ORD,2009
UA,ORD,dep,1970-01-01T23:31:00Z,41,UA/ ORD,2009
UA,ORD,dep,1970-01-01T23:41:00Z,39,UA/ ORD,2009
UA,ORD,dep,1970-01-01T23:51:00Z,33,UA/ ORD,2009
AA,ORD,arr,1970-01-01T00:01:00Z,-71,AA/ ORD,2010
AA,ORD,arr,1970-01-01T00:11:00Z,-63,AA/ ORD,2010
AA,ORD,arr,1970-01-01T00:21:00Z,-52,AA/ ORD,2010
AA,ORD,arr,1970-01-01T00:31:00Z,-37,AA/ ORD,2010
AA,ORD,arr,1970-01-01T00:41:00Z,-23,AA/ ORD,2010
AA,ORD,arr,1970-01-01T00:51:00Z,-19,AA/ ORD,2010
AA,ORD,arr,1970-01-01T01:01:00Z,-20,AA/ ORD,2010
AA,ORD,arr,1970-01-01T01:11:00Z,-18,AA/ ORD,2010
AA,ORD,arr,1970-01-01T01:21:00Z,-11,AA/ ORD,2010
AA,ORD,arr,1970-01-01T01:31:00Z,-9,AA/ ORD,2010
AA,ORD,arr,1970-01-01T01:41:00Z,-10,AA/ ORD,2010
AA,ORD,arr,1970-01-01T01:51:00Z,-9,AA/ ORD,2010
AA,ORD,arr,1970-01-01T02:01:00Z,-9,AA/ ORD,2010
AA,ORD,arr,1970-01-01T02:11:00Z,-1,AA/ ORD,2010
AA,ORD,arr,1970-01-01T02:21:00Z,-3,AA/ ORD,2010
AA,ORD,arr,1970-01-01T02:31:00Z,-6,AA/ ORD,2010
AA,ORD,arr,1970-01-01T02:41:00Z,-5,AA/ ORD,2010
AA,ORD,arr,1970-01-01T02:51:00Z,-3,AA/ ORD,2010
AA,ORD,arr,1970-01-01T03:11:00Z,-2,AA/ ORD,2010
AA,ORD,arr,1970-01-01T03:21:00Z,-1,AA/ ORD,2010
AA,ORD,arr,1970-01-01T03:41:00Z,-1,AA/ ORD,2010
AA,ORD,arr,1970-01-01T03:51:00Z,-1,AA/ ORD,2010
AA,ORD,arr,1970-01-01T04:11:00Z,-1,AA/ ORD,2010
AA,ORD,arr,1970-01-01T04:21:00Z,-5,AA/ ORD,2010
AA,ORD,arr,1970-01-01T04:31:00Z,-14,AA/ ORD,2010
AA,ORD,arr,1970-01-01T04:41:00Z,-30,AA/ ORD,2010
AA,ORD,arr,1970-01-01T04:51:00Z,-46,AA/ ORD,2010
AA,ORD,arr,1970-01-01T05:01:00Z,-88,AA/ ORD,2010
AA,ORD,arr,1970-01-01T05:11:00Z,-109,AA/ ORD,2010
AA,ORD,arr,1970-01-01T05:21:00Z,-115,AA/ ORD,2010
AA,ORD,arr,1970-01-01T05:31:00Z,-179,AA/ ORD,2010
AA,ORD,arr,1970-01-01T05:41:00Z,-192,AA/ ORD,2010
AA,ORD,arr,1970-01-01T05:51:00Z,-168,AA/ ORD,2010
AA,ORD,arr,1970-01-01T06:01:00Z,-109,AA/ ORD,2010
AA,ORD,arr,1970-01-01T06:11:00Z,-55,AA/ ORD,2010
AA,ORD,arr,1970-01-01T06:21:00Z,-28,AA/ ORD,2010
AA,ORD,arr,1970-01-01T06:31:00Z,-34,AA/ ORD,2010
AA,ORD,arr,1970-01-01T06:41:00Z,-49,AA/ ORD,2010
AA,ORD,arr,1970-01-01T06:51:00Z,-138,AA/ ORD,2010
AA,ORD,arr,1970-01-01T07:01:00Z,-195,AA/ ORD,2010
AA,ORD,arr,1970-01-01T07:11:00Z,-270,AA/ ORD,2010
AA,ORD,arr,1970-01-01T07:21:00Z,-284,AA/ ORD,2010
AA,ORD,arr,1970-01-01T07:31:00Z,-282,AA/ ORD,2010
AA,ORD,arr,1970-01-01T07:41:00Z,-337,AA/ ORD,2010
AA,ORD,arr,1970-01-01T07:51:00Z,-349,AA/ ORD,2010
AA,ORD,arr,1970-01-01T08:01:00Z,-361,AA/ ORD,2010
AA,ORD,arr,1970-01-01T08:11:00Z,-310,AA/ ORD,2010
AA,ORD,arr,1970-01-01T08:21:00Z,-300,AA/ ORD,2010
AA,ORD,arr,1970-01-01T08:31:00Z,-437,AA/ ORD,2010
AA,ORD,arr,1970-01-01T08:41:00Z,-424,AA/ ORD,2010
AA,ORD,arr,1970-01-01T08:51:00Z,-587,AA/ ORD,2010
AA,ORD,arr,1970-01-01T09:01:00Z,-597,AA/ ORD,2010
AA,ORD,arr,1970-01-01T09:11:00Z,-699,AA/ ORD,2010
AA,ORD,arr,1970-01-01T09:21:00Z,-618,AA/ ORD,2010
AA,ORD,arr,1970-01-01T09:31:00Z,-669,AA/ ORD,2010
AA,ORD,arr,1970-01-01T09:41:00Z,-539,AA/ ORD,2010
AA,ORD,arr,1970-01-01T09:51:00Z,-485,AA/ ORD,2010
AA,ORD,arr,1970-01-01T10:01:00Z,-469,AA/ ORD,2010
AA,ORD,arr,1970-01-01T10:11:00Z,-487,AA/ ORD,2010
AA,ORD,arr,1970-01-01T10:21:00Z,-462,AA/ ORD,2010
AA,ORD,arr,1970-01-01T10:31:00Z,-471,AA/ ORD,2010
AA,ORD,arr,1970-01-01T10:41:00Z,-422,AA/ ORD,2010
AA,ORD,arr,1970-01-01T10:51:00Z,-427,AA/ ORD,2010
AA,ORD,arr,1970-01-01T11:01:00Z,-500,AA/ ORD,2010
AA,ORD,arr,1970-01-01T11:11:00Z,-627,AA/ ORD,2010
AA,ORD,arr,1970-01-01T11:21:00Z,-700,AA/ ORD,2010
AA,ORD,arr,1970-01-01T11:31:00Z,-696,AA/ ORD,2010
AA,ORD,arr,1970-01-01T11:41:00Z,-672,AA/ ORD,2010
AA,ORD,arr,1970-01-01T11:51:00Z,-597,AA/ ORD,2010
AA,ORD,arr,1970-01-01T12:01:00Z,-624,AA/ ORD,2010
AA,ORD,arr,1970-01-01T12:11:00Z,-591,AA/ ORD,2010
AA,ORD,arr,1970-01-01T12:21:00Z,-630,AA/ ORD,2010
AA,ORD,arr,1970-01-01T12:31:00Z,-611,AA/ ORD,2010
AA,ORD,arr,1970-01-01T12:41:00Z,-518,AA/ ORD,2010
AA,ORD,arr,1970-01-01T12:51:00Z,-441,AA/ ORD,2010
AA,ORD,arr,1970-01-01T13:01:00Z,-559,AA/ ORD,2010
AA,ORD,arr,1970-01-01T13:11:00Z,-568,AA/ ORD,2010
AA,ORD,arr,1970-01-01T13:21:00Z,-693,AA/ ORD,2010
AA,ORD,arr,1970-01-01T13:31:00Z,-652,AA/ ORD,2010
AA,ORD,arr,1970-01-01T13:41:00Z,-657,AA/ ORD,2010
AA,ORD,arr,1970-01-01T13:51:00Z,-604,AA/ ORD,2010
AA,ORD,arr,1970-01-01T14:01:00Z,-611,AA/ ORD,2010
AA,ORD,arr,1970-01-01T14:11:00Z,-513,AA/ ORD,2010
AA,ORD,arr,1970-01-01T14:21:00Z,-501,AA/ ORD,2010
AA,ORD,arr,1970-01-01T14:31:00Z,-433,AA/ ORD,2010
AA,ORD,arr,1970-01-01T14:41:00Z,-387,AA/ ORD,2010
AA,ORD,arr,1970-01-01T14:51:00Z,-456,AA/ ORD,2010
AA,ORD,arr,1970-01-01T15:01:00Z,-576,AA/ ORD,2010
AA,ORD,arr,1970-01-01T15:11:00Z,-627,AA/ ORD,2010
AA,ORD,arr,1970-01-01T15:21:00Z,-725,AA/ ORD,2010
AA,ORD,arr,1970-01-01T15:31:00Z,-770,AA/ ORD,2010
AA,ORD,arr,1970-01-01T15:41:00Z,-608,AA/ ORD,2010
AA,ORD,arr,1970-01-01T15:51:00Z,-539,AA/ ORD,2010
AA,ORD,arr,1970-01-01T16:01:00Z,-487,AA/ ORD,2010
AA,ORD,arr,1970-01-01T16:11:00Z,-493,AA/ ORD,2010
AA,ORD,arr,1970-01-01T16:21:00Z,-528,AA/ ORD,2010
AA,ORD,arr,1970-01-01T16:31:00Z,-569,AA/ ORD,2010
AA,ORD,arr,1970-01-01T16:41:00Z,-554,AA/ ORD,2010
AA,ORD,arr,1970-01-01T16:51:00Z,-619,AA/ ORD,2010
AA,ORD,arr,1970-01-01T17:01:00Z,-662,AA/ ORD,2010
AA,ORD,arr,1970-01-01T17:11:00Z,-671,AA/ ORD,2010
AA,ORD,arr,1970-01-01T17:21:00Z,-725,AA/ ORD,2010
AA,ORD,arr,1970-01-01T17:31:00Z,-739,AA/ ORD,2010
AA,ORD,arr,1970-01-01T17:41:00Z,-724,AA/ ORD,2010
AA,ORD,arr,1970-01-01T17:51:00Z,-795,AA/ ORD,2010
AA,ORD,arr,1970-01-01T18:01:00Z,-774,AA/ ORD,2010
AA,ORD,arr,1970-01-01T18:11:00Z,-820,AA/ ORD,2010
AA,ORD,arr,1970-01-01T18:21:00Z,-709,AA/ ORD,2010
AA,ORD,arr,1970-01-01T18:31:00Z,-650,AA/ ORD,2010
AA,ORD,arr,1970-01-01T18:41:00Z,-623,AA/ ORD,2010
AA,ORD,arr,1970-01-01T18:51:00Z,-691,AA/ ORD,2010
AA,ORD,arr,1970-01-01T19:01:00Z,-709,AA/ ORD,2010
AA,ORD,arr,1970-01-01T19:11:00Z,-674,AA/ ORD,2010
AA,ORD,arr,1970-01-01T19:21:00Z,-696,AA/ ORD,2010
AA,ORD,arr,1970-01-01T19:31:00Z,-736,AA/ ORD,2010
AA,ORD,arr,1970-01-01T19:41:00Z,-688,AA/ ORD,2010
AA,ORD,arr,1970-01-01T19:51:00Z,-640,AA/ ORD,2010
AA,ORD,arr,1970-01-01T20:01:00Z,-617,AA/ ORD,2010
AA,ORD,arr,1970-01-01T20:11:00Z,-629,AA/ ORD,2010
AA,ORD,arr,1970-01-01T20:21:00Z,-554,AA/ ORD,2010
AA,ORD,arr,1970-01-01T20:31:00Z,-521,AA/ ORD,2010
AA,ORD,arr,1970-01-01T20:41:00Z,-616,AA/ ORD,2010
AA,ORD,arr,1970-01-01T20:51:00Z,-721,AA/ ORD,2010
AA,ORD,arr,1970-01-01T21:01:00Z,-696,AA/ ORD,2010
AA,ORD,arr,1970-01-01T21:11:00Z,-606,AA/ ORD,2010
AA,ORD,arr,1970-01-01T21:21:00Z,-533,AA/ ORD,2010
AA,ORD,arr,1970-01-01T21:31:00Z,-376,AA/ ORD,2010
AA,ORD,arr,1970-01-01T21:41:00Z,-353,AA/ ORD,2010
AA,ORD,arr,1970-01-01T21:51:00Z,-260,AA/ ORD,2010
AA,ORD,arr,1970-01-01T22:01:00Z,-326,AA/ ORD,2010
AA,ORD,arr,1970-01-01T22:11:00Z,-391,AA/ ORD,2010
AA,ORD,arr,1970-01-01T22:21:00Z,-396,AA/ ORD,2010
AA,ORD,arr,1970-01-01T22:31:00Z,-413,AA/ ORD,2010
AA,ORD,arr,1970-01-01T22:41:00Z,-350,AA/ ORD,2010
AA,ORD,arr,1970-01-01T22:51:00Z,-298,AA/ ORD,2010
AA,ORD,arr,1970-01-01T23:01:00Z,-209,AA/ ORD,2010
AA,ORD,arr,1970-01-01T23:11:00Z,-153,AA/ ORD,2010
AA,ORD,arr,1970-01-01T23:21:00Z,-153,AA/ ORD,2010
AA,ORD,arr,1970-01-01T23:31:00Z,-130,AA/ ORD,2010
AA,ORD,arr,1970-01-01T23:41:00Z,-109,AA/ ORD,2010
AA,ORD,arr,1970-01-01T23:51:00Z,-77,AA/ ORD,2010
AA,ORD,dep,1970-01-01T00:01:00Z,4,AA/ ORD,2010
AA,ORD,dep,1970-01-01T00:11:00Z,4,AA/ ORD,2010
AA,ORD,dep,1970-01-01T00:21:00Z,1,AA/ ORD,2010
AA,ORD,dep,1970-01-01T00:31:00Z,1,AA/ ORD,2010
AA,ORD,dep,1970-01-01T00:51:00Z,1,AA/ ORD,2010
AA,ORD,dep,1970-01-01T01:01:00Z,2,AA/ ORD,2010
AA,ORD,dep,1970-01-01T01:11:00Z,2,AA/ ORD,2010
AA,ORD,dep,1970-01-01T01:21:00Z,1,AA/ ORD,2010
AA,ORD,dep,1970-01-01T01:41:00Z,1,AA/ ORD,2010
AA,ORD,dep,1970-01-01T03:41:00Z,1,AA/ ORD,2010
AA,ORD,dep,1970-01-01T05:21:00Z,3,AA/ ORD,2010
AA,ORD,dep,1970-01-01T05:31:00Z,136,AA/ ORD,2010
AA,ORD,dep,1970-01-01T05:41:00Z,95,AA/ ORD,2010
AA,ORD,dep,1970-01-01T05:51:00Z,444,AA/ ORD,2010
AA,ORD,dep,1970-01-01T06:01:00Z,133,AA/ ORD,2010
AA,ORD,dep,1970-01-01T06:11:00Z,350,AA/ ORD,2010
AA,ORD,dep,1970-01-01T06:21:00Z,548,AA/ ORD,2010
AA,ORD,dep,1970-01-01T06:31:00Z,606,AA/ ORD,2010
AA,ORD,dep,1970-01-01T06:41:00Z,608,AA/ ORD,2010
AA,ORD,dep,1970-01-01T06:51:00Z,437,AA/ ORD,2010
AA,ORD,dep,1970-01-01T07:01:00Z,654,AA/ ORD,2010
AA,ORD,dep,1970-01-01T07:11:00Z,429,AA/ ORD,2010
AA,ORD,dep,1970-01-01T07:21:00Z,420,AA/ ORD,2010
AA,ORD,dep,1970-01-01T07:31:00Z,401,AA/ ORD,2010
AA,ORD,dep,1970-01-01T07:41:00Z,308,AA/ ORD,2010
AA,ORD,dep,1970-01-01T07:51:00Z,546,AA/ ORD,2010
AA,ORD,dep,1970-01-01T08:01:00Z,365,AA/ ORD,2010
AA,ORD,dep,1970-01-01T08:11:00Z,631,AA/ ORD,2010
AA,ORD,dep,1970-01-01T08:21:00Z,921,AA/ ORD,2010
AA,ORD,dep,1970-01-01T08:31:00Z,722,AA/ ORD,2010
AA,ORD,dep,1970-01-01T08:41:00Z,942,AA/ ORD,2010
AA,ORD,dep,1970-01-01T08:51:00Z,829,AA/ ORD,2010
AA,ORD,dep,1970-01-01T09:01:00Z,654,AA/ ORD,2010
AA,ORD,dep,1970-01-01T09:11:00Z,467,AA/ ORD,2010
AA,ORD,dep,1970-01-01T09:21:00Z,507,AA/ ORD,2010
AA,ORD,dep,1970-01-01T09:31:00Z,461,AA/ ORD,2010
AA,ORD,dep,1970-01-01T09:41:00Z,728,AA/ ORD,2010
AA,ORD,dep,1970-01-01T09:51:00Z,761,AA/ ORD,2010
AA,ORD,dep,1970-01-01T10:01:00Z,881,AA/ ORD,2010
AA,ORD,dep,1970-01-01T10:11:00Z,812,AA/ ORD,2010
AA,ORD,dep,1970-01-01T10:21:00Z,659,AA/ ORD,2010
AA,ORD,dep,1970-01-01T10:31:00Z,685,AA/ ORD,2010
AA,ORD,dep,1970-01-01T10:41:00Z,614,AA/ ORD,2010
AA,ORD,dep,1970-01-01T10:51:00Z,436,AA/ ORD,2010
AA,ORD,dep,1970-01-01T11:01:00Z,569,AA/ ORD,2010
AA,ORD,dep,1970-01-01T11:11:00Z,647,AA/ ORD,2010
AA,ORD,dep,1970-01-01T11:21:00Z,572,AA/ ORD,2010
AA,ORD,dep,1970-01-01T11:31:00Z,498,AA/ ORD,2010
AA,ORD,dep,1970-01-01T11:41:00Z,487,AA/ ORD,2010
AA,ORD,dep,1970-01-01T11:51:00Z,332,AA/ ORD,2010
AA,ORD,dep,1970-01-01T12:01:00Z,519,AA/ ORD,2010
AA,ORD,dep,1970-01-01T12:11:00Z,448,AA/ ORD,2010
AA,ORD,dep,1970-01-01T12:21:00Z,651,AA/ ORD,2010
AA,ORD,dep,1970-01-01T12:31:00Z,502,AA/ ORD,2010
AA,ORD,dep,1970-01-01T12:41:00Z,624,AA/ ORD,2010
AA,ORD,dep,1970-01-01T12:51:00Z,689,AA/ ORD,2010
AA,ORD,dep,1970-01-01T13:01:00Z,770,AA/ ORD,2010
AA,ORD,dep,1970-01-01T13:11:00Z,709,AA/ ORD,2010
AA,ORD,dep,1970-01-01T13:21:00Z,626,AA/ ORD,2010
AA,ORD,dep,1970-01-01T13:31:00Z,713,AA/ ORD,2010
AA,ORD,dep,1970-01-01T13:41:00Z,455,AA/ ORD,2010
AA,ORD,dep,1970-01-01T13:51:00Z,442,AA/ ORD,2010
AA,ORD,dep,1970-01-01T14:01:00Z,548,AA/ ORD,2010
AA,ORD,dep,1970-01-01T14:11:00Z,596,AA/ ORD,2010
AA,ORD,dep,1970-01-01T14:21:00Z,554,AA/ ORD,2010
AA,ORD,dep,1970-01-01T14:31:00Z,628,AA/ ORD,2010
AA,ORD,dep,1970-01-01T14:41:00Z,741,AA/ ORD,2010
AA,ORD,dep,1970-01-01T14:51:00Z,568,AA/ ORD,2010
AA,ORD,dep,1970-01-01T15:01:00Z,578,AA/ ORD,2010
AA,ORD,dep,1970-01-01T15:11:00Z,780,AA/ ORD,2010
AA,ORD,dep,1970-01-01T15:21:00Z,711,AA/ ORD,2010
AA,ORD,dep,1970-01-01T15:31:00Z,597,AA/ ORD,2010
AA,ORD,dep,1970-01-01T15:41:00Z,496,AA/ ORD,2010
AA,ORD,dep,1970-01-01T15:51:00Z,454,AA/ ORD,2010
AA,ORD,dep,1970-01-01T16:01:00Z,439,AA/ ORD,2010
AA,ORD,dep,1970-01-01T16:11:00Z,337,AA/ ORD,2010
AA,ORD,dep,1970-01-01T16:21:00Z,478,AA/ ORD,2010
AA,ORD,dep,1970-01-01T16:31:00Z,699,AA/ ORD,2010
AA,ORD,dep,1970-01-01T16:41:00Z,672,AA/ ORD,2010
AA,ORD,dep,1970-01-01T16:51:00Z,441,AA/ ORD,2010
AA,ORD,dep,1970-01-01T17:01:00Z,320,AA/ ORD,2010
AA,ORD,dep,1970-01-01T17:11:00Z,438,AA/ ORD,2010
AA,ORD,dep,1970-01-01T17:21:00Z,420,AA/ ORD,2010
AA,ORD,dep,1970-01-01T17:31:00Z,430,AA/ ORD,2010
AA,ORD,dep,1970-01-01T17:41:00Z,622,AA/ ORD,2010
AA,ORD,dep,1970-01-01T17:51:00Z,600,AA/ ORD,2010
AA,ORD,dep,1970-01-01T18:01:00Z,619,AA/ ORD,2010
AA,ORD,dep,1970-01-01T18:11:00Z,548,AA/ ORD,2010
AA,ORD,dep,1970-01-01T18:21:00Z,651,AA/ ORD,2010
AA,ORD,dep,1970-01-01T18:31:00Z,674,AA/ ORD,2010
AA,ORD,dep,1970-01-01T18:41:00Z,912,AA/ ORD,2010
AA,ORD,dep,1970-01-01T18:51:00Z,868,AA/ ORD,2010
AA,ORD,dep,1970-01-01T19:01:00Z,727,AA/ ORD,2010
AA,ORD,dep,1970-01-01T19:11:00Z,827,AA/ ORD,2010
AA,ORD,dep,1970-01-01T19:21:00Z,684,AA/ ORD,2010
AA,ORD,dep,1970-01-01T19:31:00Z,528,AA/ ORD,2010
AA,ORD,dep,1970-01-01T19:41:00Z,654,AA/ ORD,2010
AA,ORD,dep,1970-01-01T19:51:00Z,731,AA/ ORD,2010
AA,ORD,dep,1970-01-01T20:01:00Z,497,AA/ ORD,2010
AA,ORD,dep,1970-01-01T20:11:00Z,673,AA/ ORD,2010
AA,ORD,dep,1970-01-01T20:21:00Z,671,AA/ ORD,2010
AA,ORD,dep,1970-01-01T20:31:00Z,484,AA/ ORD,2010
AA,ORD,dep,1970-01-01T20:41:00Z,523,AA/ ORD,2010
AA,ORD,dep,1970-01-01T20:51:00Z,442,AA/ ORD,2010
AA,ORD,dep,1970-01-01T21:01:00Z,402,AA/ ORD,2010
AA,ORD,dep,1970-01-01T21:11:00Z,298,AA/ ORD,2010
AA,ORD,dep,1970-01-01T21:21:00Z,240,AA/ ORD,2010
AA,ORD,dep,1970-01-01T21:31:00Z,251,AA/ ORD,2010
AA,ORD,dep,1970-01-01T21:41:00Z,179,AA/ ORD,2010
AA,ORD,dep,1970-01-01T21:51:00Z,144,AA/ ORD,2010
AA,ORD,dep,1970-01-01T22:01:00Z,149,AA/ ORD,2010
AA,ORD,dep,1970-01-01T22:11:00Z,116,AA/ ORD,2010
AA,ORD,dep,1970-01-01T22:21:00Z,69,AA/ ORD,2010
AA,ORD,dep,1970-01-01T22:31:00Z,57,AA/ ORD,2010
AA,ORD,dep,1970-01-01T22:41:00Z,39,AA/ ORD,2010
AA,ORD,dep,1970-01-01T22:51:00Z,30,AA/ ORD,2010
AA,ORD,dep,1970-01-01T23:01:00Z,17,AA/ ORD,2010
AA,ORD,dep,1970-01-01T23:11:00Z,19,AA/ ORD,2010
AA,ORD,dep,1970-01-01T23:21:00Z,28,AA/ ORD,2010
AA,ORD,dep,1970-01-01T23:31:00Z,14,AA/ ORD,2010
AA,ORD,dep,1970-01-01T23:41:00Z,10,AA/ ORD,2010
AA,ORD,dep,1970-01-01T23:51:00Z,8,AA/ ORD,2010
UA,ORD,arr,1970-01-01T00:01:00Z,-120,UA/ ORD,2010
UA,ORD,arr,1970-01-01T00:11:00Z,-155,UA/ ORD,2010
UA,ORD,arr,1970-01-01T00:21:00Z,-145,UA/ ORD,2010
UA,ORD,arr,1970-01-01T00:31:00Z,-154,UA/ ORD,2010
UA,ORD,arr,1970-01-01T00:41:00Z,-149,UA/ ORD,2010
UA,ORD,arr,1970-01-01T00:51:00Z,-96,UA/ ORD,2010
UA,ORD,arr,1970-01-01T01:01:00Z,-60,UA/ ORD,2010
UA,ORD,arr,1970-01-01T01:11:00Z,-22,UA/ ORD,2010
UA,ORD,arr,1970-01-01T01:21:00Z,-21,UA/ ORD,2010
UA,ORD,arr,1970-01-01T01:31:00Z,-15,UA/ ORD,2010
UA,ORD,arr,1970-01-01T01:41:00Z,-7,UA/ ORD,2010
UA,ORD,arr,1970-01-01T01:51:00Z,-11,UA/ ORD,2010
UA,ORD,arr,1970-01-01T02:01:00Z,-8,UA/ ORD,2010
UA,ORD,arr,1970-01-01T02:11:00Z,-9,UA/ ORD,2010
UA,ORD,arr,1970-01-01T02:21:00Z,-6,UA/ ORD,2010
UA,ORD,arr,1970-01-01T02:31:00Z,-11,UA/ ORD,2010
UA,ORD,arr,1970-01-01T02:41:00Z,-5,UA/ ORD,2010
UA,ORD,arr,1970-01-01T02:51:00Z,-1,UA/ ORD,2010
UA,ORD,arr,1970-01-01T03:01:00Z,-2,UA/ ORD,2010
UA,ORD,arr,1970-01-01T03:11:00Z,-4,UA/ ORD,2010
UA,ORD,arr,1970-01-01T03:21:00Z,-3,UA/ ORD,2010
UA,ORD,arr,1970-01-01T03:41:00Z,-13,UA/ ORD,2010
UA,ORD,arr,1970-01-01T03:51:00Z,-25,UA/ ORD,2010
UA,ORD,arr,1970-01-01T04:01:00Z,-50,UA/ ORD,2010
UA,ORD,arr,1970-01-01T04:11:00Z,-75,UA/ ORD,2010
UA,ORD,arr,1970-01-01T04:21:00Z,-164,UA/ ORD,2010
UA,ORD,arr,1970-01-01T04:31:00Z,-304,UA/ ORD,2010
UA,ORD,arr,1970-01-01T04:41:00Z,-488,UA/ ORD,2010
UA,ORD,arr,1970-01-01T04:51:00Z,-566,UA/ ORD,2010
UA,ORD,arr,1970-01-01T05:01:00Z,-407,UA/ ORD,2010
UA,ORD,arr,1970-01-01T05:11:00Z,-231,UA/ ORD,2010
UA,ORD,arr,1970-01-01T05:21:00Z,-168,UA/ ORD,2010
UA,ORD,arr,1970-01-01T05:31:00Z,-118,UA/ ORD,2010
UA,ORD,arr,1970-01-01T05:41:00Z,-124,UA/ ORD,2010
UA,ORD,arr,1970-01-01T05:51:00Z,-61,UA/ ORD,2010
UA,ORD,arr,1970-01-01T06:01:00Z,-64,UA/ ORD,2010
UA,ORD,arr,1970-01-01T06:11:00Z,-115,UA/ ORD,2010
UA,ORD,arr,1970-01-01T06:21:00Z,-192,UA/ ORD,2010
UA,ORD,arr,1970-01-01T06:31:00Z,-251,UA/ ORD,2010
UA,ORD,arr,1970-01-01T06:41:00Z,-428,UA/ ORD,2010
UA,ORD,arr,1970-01-01T06:51:00Z,-667,UA/ ORD,2010
UA,ORD,arr,1970-01-01T07:01:00Z,-871,UA/ ORD,2010
UA,ORD,arr,1970-01-01T07:11:00Z,-752,UA/ ORD,2010
UA,ORD,arr,1970-01-01T07:21:00Z,-610,UA/ ORD,2010
UA,ORD,arr,1970-01-01T07:31:00Z,-670,UA/ ORD,2010
UA,ORD,arr,1970-01-01T07:41:00Z,-796,UA/ ORD,2010
UA,ORD,arr,1970-01-01T07:51:00Z,-808,UA/ ORD,2010
UA,ORD,arr,1970-01-01T08:01:00Z,-948,UA/ ORD,2010
UA,ORD,arr,1970-01-01T08:11:00Z,-948,UA/ ORD,2010
UA,ORD,arr,1970-01-01T08:21:00Z,-941,UA/ ORD,2010
UA,ORD,arr,1970-01-01T08:31:00Z,-945,UA/ ORD,2010
UA,ORD,arr,1970-01-01T08:41:00Z,-825,UA/ ORD,2010
UA,ORD,arr,1970-01-01T08:51:00Z,-737,UA/ ORD,2010
UA,ORD,arr,1970-01-01T09:01:00Z,-639,UA/ ORD,2010
UA,ORD,arr,1970-01-01T09:11:00Z,-619,UA/ ORD,2010
UA,ORD,arr,1970-01-01T09:21:00Z,-435,UA/ ORD,2010
UA,ORD,arr,1970-01-01T09:31:00Z,-397,UA/ ORD,2010
UA,ORD,arr,1970-01-01T09:41:00Z,-466,UA/ ORD,2010
UA,ORD,arr,1970-01-01T09:51:00Z,-517,UA/ ORD,2010
UA,ORD,arr,1970-01-01T10:01:00Z,-413,UA/ ORD,2010
UA,ORD,arr,1970-01-01T10:11:00Z,-397,UA/ ORD,2010
UA,ORD,arr,1970-01-01T10:21:00Z,-521,UA/ ORD,2010
UA,ORD,arr,1970-01-01T10:31:00Z,-511,UA/ ORD,2010
UA,ORD,arr,1970-01-01T10:41:00Z,-562,UA/ ORD,2010
UA,ORD,arr,1970-01-01T10:51:00Z,-411,UA/ ORD,2010
UA,ORD,arr,1970-01-01T11:01:00Z,-413,UA/ ORD,2010
UA,ORD,arr,1970-01-01T11:11:00Z,-430,UA/ ORD,2010
UA,ORD,arr,1970-01-01T11:21:00Z,-547,UA/ ORD,2010
UA,ORD,arr,1970-01-01T11:31:00Z,-611,UA/ ORD,2010
UA,ORD,arr,1970-01-01T11:41:00Z,-753,UA/ ORD,2010
UA,ORD,arr,1970-01-01T11:51:00Z,-796,UA/ ORD,2010
UA,ORD,arr,1970-01-01T12:01:00Z,-839,UA/ ORD,2010
UA,ORD,arr,1970-01-01T12:11:00Z,-791,UA/ ORD,2010
UA,ORD,arr,1970-01-01T12:21:00Z,-650,UA/ ORD,2010
UA,ORD,arr,1970-01-01T12:31:00Z,-440,UA/ ORD,2010
UA,ORD,arr,1970-01-01T12:41:00Z,-449,UA/ ORD,2010
UA,ORD,arr,1970-01-01T12:51:00Z,-329,UA/ ORD,2010
UA,ORD,arr,1970-01-01T13:01:00Z,-423,UA/ ORD,2010
UA,ORD,arr,1970-01-01T13:11:00Z,-475,UA/ ORD,2010
UA,ORD,arr,1970-01-01T13:21:00Z,-471,UA/ ORD,2010
UA,ORD,arr,1970-01-01T13:31:00Z,-466,UA/ ORD,2010
UA,ORD,arr,1970-01-01T13:41:00Z,-685,UA/ ORD,2010
UA,ORD,arr,1970-01-01T13:51:00Z,-689,UA/ ORD,2010
UA,ORD,arr,1970-01-01T14:01:00Z,-661,UA/ ORD,2010
UA,ORD,arr,1970-01-01T14:11:00Z,-629,UA/ ORD,2010
UA,ORD,arr,1970-01-01T14:21:00Z,-654,UA/ ORD,2010
UA,ORD,arr,1970-01-01T14:31:00Z,-552,UA/ ORD,2010
UA,ORD,arr,1970-01-01T14:41:00Z,-573,UA/ ORD,2010
UA,ORD,arr,1970-01-01T14:51:00Z,-591,UA/ ORD,2010
UA,ORD,arr,1970-01-01T15:01:00Z,-532,UA/ ORD,2010
UA,ORD,arr,1970-01-01T15:11:00Z,-451,UA/ ORD,2010
UA,ORD,arr,1970-01-01T15:21:00Z,-460,UA/ ORD,2010
UA,ORD,arr,1970-01-01T15:31:00Z,-454,UA/ ORD,2010
UA,ORD,arr,1970-01-01T15:41:00Z,-493,UA/ ORD,2010
UA,ORD,arr,1970-01-01T15:51:00Z,-588,UA/ ORD,2010
UA,ORD,arr,1970-01-01T16:01:00Z,-568,UA/ ORD,2010
UA,ORD,arr,1970-01-01T16:11:00Z,-625,UA/ ORD,2010
UA,ORD,arr,1970-01-01T16:21:00Z,-657,UA/ ORD,2010
UA,ORD,arr,1970-01-01T16:31:00Z,-733,UA/ ORD,2010
UA,ORD,arr,1970-01-01T16:41:00Z,-780,UA/ ORD,2010
UA,ORD,arr,1970-01-01T16:51:00Z,-839,UA/ ORD,2010
UA,ORD,arr,1970-01-01T17:01:00Z,-931,UA/ ORD,2010
UA,ORD,arr,1970-01-01T17:11:00Z,-863,UA/ ORD,2010
UA,ORD,arr,1970-01-01T17:21:00Z,-737,UA/ ORD,2010
UA,ORD,arr,1970-01-01T17:31:00Z,-650,UA/ ORD,2010
UA,ORD,arr,1970-01-01T17:41:00Z,-582,UA/ ORD,2010
UA,ORD,arr,1970-01-01T17:51:00Z,-572,UA/ ORD,2010
UA,ORD,arr,1970-01-01T18:01:00Z,-680,UA/ ORD,2010
UA,ORD,arr,1970-01-01T18:11:00Z,-711,UA/ ORD,2010
UA,ORD,arr,1970-01-01T18:21:00Z,-827,UA/ ORD,2010
UA,ORD,arr,1970-01-01T18:31:00Z,-935,UA/ ORD,2010
UA,ORD,arr,1970-01-01T18:41:00Z,-958,UA/ ORD,2010
UA,ORD,arr,1970-01-01T18:51:00Z,-962,UA/ ORD,2010
UA,ORD,arr,1970-01-01T19:01:00Z,-1010,UA/ ORD,2010
UA,ORD,arr,1970-01-01T19:11:00Z,-963,UA/ ORD,2010
UA,ORD,arr,1970-01-01T19:21:00Z,-888,UA/ ORD,2010
UA,ORD,arr,1970-01-01T19:31:00Z,-813,UA/ ORD,2010
UA,ORD,arr,1970-01-01T19:41:00Z,-697,UA/ ORD,2010
UA,ORD,arr,1970-01-01T19:51:00Z,-562,UA/ ORD,2010
UA,ORD,arr,1970-01-01T20:01:00Z,-578,UA/ ORD,2010
UA,ORD,arr,1970-01-01T20:11:00Z,-590,UA/ ORD,2010
UA,ORD,arr,1970-01-01T20:21:00Z,-597,UA/ ORD,2010
UA,ORD,arr,1970-01-01T20:31:00Z,-497,UA/ ORD,2010
UA,ORD,arr,1970-01-01T20:41:00Z,-365,UA/ ORD,2010
UA,ORD,arr,1970-01-01T20:51:00Z,-265,UA/ ORD,2010
UA,ORD,arr,1970-01-01T21:01:00Z,-240,UA/ ORD,2010
UA,ORD,arr,1970-01-01T21:11:00Z,-227,UA/ ORD,2010
UA,ORD,arr,1970-01-01T21:21:00Z,-218,UA/ ORD,2010
UA,ORD,arr,1970-01-01T21:31:00Z,-215,UA/ ORD,2010
UA,ORD,arr,1970-01-01T21:41:00Z,-205,UA/ ORD,2010
UA,ORD,arr,1970-01-01T21:51:00Z,-196,UA/ ORD,2010
UA,ORD,arr,1970-01-01T22:01:00Z,-154,UA/ ORD,2010
UA,ORD,arr,1970-01-01T22:11:00Z,-120,UA/ ORD,2010
UA,ORD,arr,1970-01-01T22:21:00Z,-167,UA/ ORD,2010
UA,ORD,arr,1970-01-01T22:31:00Z,-212,UA/ ORD,2010
UA,ORD,arr,1970-01-01T22:41:00Z,-287,UA/ ORD,2010
UA,ORD,arr,1970-01-01T22:51:00Z,-289,UA/ ORD,2010
UA,ORD,arr,1970-01-01T23:01:00Z,-218,UA/ ORD,2010
UA,ORD,arr,1970-01-01T23:11:00Z,-157,UA/ ORD,2010
UA,ORD,arr,1970-01-01T23:21:00Z,-127,UA/ ORD,2010
UA,ORD,arr,1970-01-01T23:31:00Z,-99,UA/ ORD,2010
UA,ORD,arr,1970-01-01T23:41:00Z,-102,UA/ ORD,2010
UA,ORD,arr,1970-01-01T23:51:00Z,-107,UA/ ORD,2010
UA,ORD,dep,1970-01-01T00:01:00Z,15,UA/ ORD,2010
UA,ORD,dep,1970-01-01T00:11:00Z,14,UA/ ORD,2010
UA,ORD,dep,1970-01-01T00:21:00Z,7,UA/ ORD,2010
UA,ORD,dep,1970-01-01T00:31:00Z,7,UA/ ORD,2010
UA,ORD,dep,1970-01-01T00:41:00Z,5,UA/ ORD,2010
UA,ORD,dep,1970-01-01T00:51:00Z,5,UA/ ORD,2010
UA,ORD,dep,1970-01-01T01:11:00Z,2,UA/ ORD,2010
UA,ORD,dep,1970-01-01T01:21:00Z,2,UA/ ORD,2010
UA,ORD,dep,1970-01-01T01:31:00Z,4,UA/ ORD,2010
UA,ORD,dep,1970-01-01T01:51:00Z,1,UA/ ORD,2010
UA,ORD,dep,1970-01-01T05:41:00Z,14,UA/ ORD,2010
UA,ORD,dep,1970-01-01T05:51:00Z,1621,UA/ ORD,2010
UA,ORD,dep,1970-01-01T06:01:00Z,650,UA/ ORD,2010
UA,ORD,dep,1970-01-01T06:11:00Z,166,UA/ ORD,2010
UA,ORD,dep,1970-01-01T06:21:00Z,431,UA/ ORD,2010
UA,ORD,dep,1970-01-01T06:31:00Z,252,UA/ ORD,2010
UA,ORD,dep,1970-01-01T06:41:00Z,267,UA/ ORD,2010
UA,ORD,dep,1970-01-01T06:51:00Z,662,UA/ ORD,2010
UA,ORD,dep,1970-01-01T07:01:00Z,276,UA/ ORD,2010
UA,ORD,dep,1970-01-01T07:11:00Z,107,UA/ ORD,2010
UA,ORD,dep,1970-01-01T07:21:00Z,61,UA/ ORD,2010
UA,ORD,dep,1970-01-01T07:31:00Z,94,UA/ ORD,2010
UA,ORD,dep,1970-01-01T07:41:00Z,264,UA/ ORD,2010
UA,ORD,dep,1970-01-01T07:51:00Z,998,UA/ ORD,2010
UA,ORD,dep,1970-01-01T08:01:00Z,1142,UA/ ORD,2010
UA,ORD,dep,1970-01-01T08:11:00Z,796,UA/ ORD,2010
UA,ORD,dep,1970-01-01T08:21:00Z,621,UA/ ORD,2010
UA,ORD,dep,1970-01-01T08:31:00Z,634,UA/ ORD,2010
UA,ORD,dep,1970-01-01T08:41:00Z,1002,UA/ ORD,2010
UA,ORD,dep,1970-01-01T08:51:00Z,1298,UA/ ORD,2010
UA,ORD,dep,1970-01-01T09:01:00Z,762,UA/ ORD,2010
UA,ORD,dep,1970-01-01T09:11:00Z,500,UA/ ORD,2010
UA,ORD,dep,1970-01-01T09:21:00Z,382,UA/ ORD,2010
UA,ORD,dep,1970-01-01T09:31:00Z,684,UA/ ORD,2010
UA,ORD,dep,1970-01-01T09:41:00Z,1721,UA/ ORD,2010
UA,ORD,dep,1970-01-01T09:51:00Z,1531,UA/ ORD,2010
UA,ORD,dep,1970-01-01T10:01:00Z,585,UA/ ORD,2010
UA,ORD,dep,1970-01-01T10:11:00Z,933,UA/ ORD,2010
UA,ORD,dep,1970-01-01T10:21:00Z,532,UA/ ORD,2010
UA,ORD,dep,1970-01-01T10:31:00Z,319,UA/ ORD,2010
UA,ORD,dep,1970-01-01T10:41:00Z,317,UA/ ORD,2010
UA,ORD,dep,1970-01-01T10:51:00Z,719,UA/ ORD,2010
UA,ORD,dep,1970-01-01T11:01:00Z,532,UA/ ORD,2010
UA,ORD,dep,1970-01-01T11:11:00Z,364,UA/ ORD,2010
UA,ORD,dep,1970-01-01T11:21:00Z,223,UA/ ORD,2010
UA,ORD,dep,1970-01-01T11:31:00Z,113,UA/ ORD,2010
UA,ORD,dep,1970-01-01T11:41:00Z,166,UA/ ORD,2010
UA,ORD,dep,1970-01-01T11:51:00Z,1307,UA/ ORD,2010
UA,ORD,dep,1970-01-01T12:01:00Z,627,UA/ ORD,2010
UA,ORD,dep,1970-01-01T12:11:00Z,577,UA/ ORD,2010
UA,ORD,dep,1970-01-01T12:21:00Z,403,UA/ ORD,2010
UA,ORD,dep,1970-01-01T12:31:00Z,167,UA/ ORD,2010
UA,ORD,dep,1970-01-01T12:41:00Z,137,UA/ ORD,2010
UA,ORD,dep,1970-01-01T12:51:00Z,540,UA/ ORD,2010
UA,ORD,dep,1970-01-01T13:01:00Z,1979,UA/ ORD,2010
UA,ORD,dep,1970-01-01T13:11:00Z,1284,UA/ ORD,2010
UA,ORD,dep,1970-01-01T13:21:00Z,643,UA/ ORD,2010
UA,ORD,dep,1970-01-01T13:31:00Z,410,UA/ ORD,2010
UA,ORD,dep,1970-01-01T13:41:00Z,399,UA/ ORD,2010
UA,ORD,dep,1970-01-01T13:51:00Z,632,UA/ ORD,2010
UA,ORD,dep,1970-01-01T14:01:00Z,478,UA/ ORD,2010
UA,ORD,dep,1970-01-01T14:11:00Z,351,UA/ ORD,2010
UA,ORD,dep,1970-01-01T14:21:00Z,377,UA/ ORD,2010
UA,ORD,dep,1970-01-01T14:31:00Z,327,UA/ ORD,2010
UA,ORD,dep,1970-01-01T14:41:00Z,171,UA/ ORD,2010
UA,ORD,dep,1970-01-01T14:51:00Z,492,UA/ ORD,2010
UA,ORD,dep,1970-01-01T15:01:00Z,844,UA/ ORD,2010
UA,ORD,dep,1970-01-01T15:11:00Z,850,UA/ ORD,2010
UA,ORD,dep,1970-01-01T15:21:00Z,797,UA/ ORD,2010
UA,ORD,dep,1970-01-01T15:31:00Z,459,UA/ ORD,2010
UA,ORD,dep,1970-01-01T15:41:00Z,367,UA/ ORD,2010
UA,ORD,dep,1970-01-01T15:51:00Z,816,UA/ ORD,2010
UA,ORD,dep,1970-01-01T16:01:00Z,756,UA/ ORD,2010
UA,ORD,dep,1970-01-01T16:11:00Z,456,UA/ ORD,2010
UA,ORD,dep,1970-01-01T16:21:00Z,370,UA/ ORD,2010
UA,ORD,dep,1970-01-01T16:31:00Z,257,UA/ ORD,2010
UA,ORD,dep,1970-01-01T16:41:00Z,263,UA/ ORD,2010
UA,ORD,dep,1970-01-01T16:51:00Z,622,UA/ ORD,2010
UA,ORD,dep,1970-01-01T17:01:00Z,657,UA/ ORD,2010
UA,ORD,dep,1970-01-01T17:11:00Z,516,UA/ ORD,2010
UA,ORD,dep,1970-01-01T17:21:00Z,616,UA/ ORD,2010
UA,ORD,dep,1970-01-01T17:31:00Z,495,UA/ ORD,2010
UA,ORD,dep,1970-01-01T17:41:00Z,538,UA/ ORD,2010
UA,ORD,dep,1970-01-01T17:51:00Z,859,UA/ ORD,2010
UA,ORD,dep,1970-01-01T18:01:00Z,995,UA/ ORD,2010
UA,ORD,dep,1970-01-01T18:11:00Z,1020,UA/ ORD,2010
UA,ORD,dep,1970-01-01T18:21:00Z,803,UA/ ORD,2010
UA,ORD,dep,1970-01-01T18:31:00Z,820,UA/ ORD,2010
UA,ORD,dep,1970-01-01T18:41:00Z,802,UA/ ORD,2010
UA,ORD,dep,1970-01-01T18:51:00Z,974,UA/ ORD,2010
UA,ORD,dep,1970-01-01T19:01:00Z,695,UA/ ORD,2010
UA,ORD,dep,1970-01-01T19:11:00Z,722,UA/ ORD,2010
UA,ORD,dep,1970-01-01T19:21:00Z,635,UA/ ORD,2010
UA,ORD,dep,1970-01-01T19:31:00Z,565,UA/ ORD,2010
UA,ORD,dep,1970-01-01T19:41:00Z,592,UA/ ORD,2010
UA,ORD,dep,1970-01-01T19:51:00Z,547,UA/ ORD,2010
UA,ORD,dep,1970-01-01T20:01:00Z,957,UA/ ORD,2010
UA,ORD,dep,1970-01-01T20:11:00Z,891,UA/ ORD,2010
UA,ORD,dep,1970-01-01T20:21:00Z,888,UA/ ORD,2010
UA,ORD,dep,1970-01-01T20:31:00Z,991,UA/ ORD,2010
UA,ORD,dep,1970-01-01T20:41:00Z,1078,UA/ ORD,2010
UA,ORD,dep,1970-01-01T20:51:00Z,914,UA/ ORD,2010
UA,ORD,dep,1970-01-01T21:01:00Z,975,UA/ ORD,2010
UA,ORD,dep,1970-01-01T21:11:00Z,676,UA/ ORD,2010
UA,ORD,dep,1970-01-01T21:21:00Z,579,UA/ ORD,2010
UA,ORD,dep,1970-01-01T21:31:00Z,494,UA/ ORD,2010
UA,ORD,dep,1970-01-01T21:41:00Z,406,UA/ ORD,2010
UA,ORD,dep,1970-01-01T21:51:00Z,300,UA/ ORD,2010
UA,ORD,dep,1970-01-01T22:01:00Z,232,UA/ ORD,2010
UA,ORD,dep,1970-01-01T22:11:00Z,157,UA/ ORD,2010
UA,ORD,dep,1970-01-01T22:21:00Z,162,UA/ ORD,2010
UA,ORD,dep,1970-01-01T22:31:00Z,122,UA/ ORD,2010
UA,ORD,dep,1970-01-01T22:41:00Z,117,UA/ ORD,2010
UA,ORD,dep,1970-01-01T22:51:00Z,78,UA/ ORD,2010
UA,ORD,dep,1970-01-01T23:01:00Z,64,UA/ ORD,2010
UA,ORD,dep,1970-01-01T23:11:00Z,61,UA/ ORD,2010
UA,ORD,dep,1970-01-01T23:21:00Z,49,UA/ ORD,2010
UA,ORD,dep,1970-01-01T23:31:00Z,43,UA/ ORD,2010
UA,ORD,dep,1970-01-01T23:41:00Z,29,UA/ ORD,2010
UA,ORD,dep,1970-01-01T23:51:00Z,26,UA/ ORD,2010
AA,ORD,arr,1970-01-01T00:01:00Z,-97,AA/ ORD,2011
AA,ORD,arr,1970-01-01T00:11:00Z,-79,AA/ ORD,2011
AA,ORD,arr,1970-01-01T00:21:00Z,-56,AA/ ORD,2011
AA,ORD,arr,1970-01-01T00:31:00Z,-41,AA/ ORD,2011
AA,ORD,arr,1970-01-01T00:41:00Z,-33,AA/ ORD,2011
AA,ORD,arr,1970-01-01T00:51:00Z,-20,AA/ ORD,2011
AA,ORD,arr,1970-01-01T01:01:00Z,-19,AA/ ORD,2011
AA,ORD,arr,1970-01-01T01:11:00Z,-15,AA/ ORD,2011
AA,ORD,arr,1970-01-01T01:21:00Z,-18,AA/ ORD,2011
AA,ORD,arr,1970-01-01T01:31:00Z,-15,AA/ ORD,2011
AA,ORD,arr,1970-01-01T01:41:00Z,-13,AA/ ORD,2011
AA,ORD,arr,1970-01-01T01:51:00Z,-8,AA/ ORD,2011
AA,ORD,arr,1970-01-01T02:01:00Z,-7,AA/ ORD,2011
AA,ORD,arr,1970-01-01T02:11:00Z,-7,AA/ ORD,2011
AA,ORD,arr,1970-01-01T02:21:00Z,-1,AA/ ORD,2011
AA,ORD,arr,1970-01-01T02:31:00Z,-4,AA/ ORD,2011
AA,ORD,arr,1970-01-01T02:41:00Z,-6,AA/ ORD,2011
AA,ORD,arr,1970-01-01T02:51:00Z,-4,AA/ ORD,2011
AA,ORD,arr,1970-01-01T04:01:00Z,-1,AA/ ORD,2011
AA,ORD,arr,1970-01-01T04:11:00Z,-1,AA/ ORD,2011
AA,ORD,arr,1970-01-01T04:21:00Z,-6,AA/ ORD,2011
AA,ORD,arr,1970-01-01T04:31:00Z,-18,AA/ ORD,2011
AA,ORD,arr,1970-01-01T04:41:00Z,-68,AA/ ORD,2011
AA,ORD,arr,1970-01-01T04:51:00Z,-105,AA/ ORD,2011
AA,ORD,arr,1970-01-01T05:01:00Z,-113,AA/ ORD,2011
AA,ORD,arr,1970-01-01T05:11:00Z,-104,AA/ ORD,2011
AA,ORD,arr,1970-01-01T05:21:00Z,-132,AA/ ORD,2011
AA,ORD,arr,1970-01-01T05:31:00Z,-215,AA/ ORD,2011
AA,ORD,arr,1970-01-01T05:41:00Z,-231,AA/ ORD,2011
AA,ORD,arr,1970-01-01T05:51:00Z,-176,AA/ ORD,2011
AA,ORD,arr,1970-01-01T06:01:00Z,-130,AA/ ORD,2011
AA,ORD,arr,1970-01-01T06:11:00Z,-84,AA/ ORD,2011
AA,ORD,arr,1970-01-01T06:21:00Z,-45,AA/ ORD,2011
AA,ORD,arr,1970-01-01T06:31:00Z,-44,AA/ ORD,2011
AA,ORD,arr,1970-01-01T06:41:00Z,-73,AA/ ORD,2011
AA,ORD,arr,1970-01-01T06:51:00Z,-126,AA/ ORD,2011
AA,ORD,arr,1970-01-01T07:01:00Z,-208,AA/ ORD,2011
AA,ORD,arr,1970-01-01T07:11:00Z,-253,AA/ ORD,2011
AA,ORD,arr,1970-01-01T07:21:00Z,-309,AA/ ORD,2011
AA,ORD,arr,1970-01-01T07:31:00Z,-322,AA/ ORD,2011
AA,ORD,arr,1970-01-01T07:41:00Z,-341,AA/ ORD,2011
AA,ORD,arr,1970-01-01T07:51:00Z,-375,AA/ ORD,2011
AA,ORD,arr,1970-01-01T08:01:00Z,-336,AA/ ORD,2011
AA,ORD,arr,1970-01-01T08:11:00Z,-405,AA/ ORD,2011
AA,ORD,arr,1970-01-01T08:21:00Z,-418,AA/ ORD,2011
AA,ORD,arr,1970-01-01T08:31:00Z,-474,AA/ ORD,2011
AA,ORD,arr,1970-01-01T08:41:00Z,-598,AA/ ORD,2011
AA,ORD,arr,1970-01-01T08:51:00Z,-623,AA/ ORD,2011
AA,ORD,arr,1970-01-01T09:01:00Z,-581,AA/ ORD,2011
AA,ORD,arr,1970-01-01T09:11:00Z,-603,AA/ ORD,2011
AA,ORD,arr,1970-01-01T09:21:00Z,-685,AA/ ORD,2011
AA,ORD,arr,1970-01-01T09:31:00Z,-606,AA/ ORD,2011
AA,ORD,arr,1970-01-01T09:41:00Z,-499,AA/ ORD,2011
AA,ORD,arr,1970-01-01T09:51:00Z,-427,AA/ ORD,2011
AA,ORD,arr,1970-01-01T10:01:00Z,-521,AA/ ORD,2011
AA,ORD,arr,1970-01-01T10:11:00Z,-368,AA/ ORD,2011
AA,ORD,arr,1970-01-01T10:21:00Z,-364,AA/ ORD,2011
AA,ORD,arr,1970-01-01T10:31:00Z,-358,AA/ ORD,2011
AA,ORD,arr,1970-01-01T10:41:00Z,-496,AA/ ORD,2011
AA,ORD,arr,1970-01-01T10:51:00Z,-532,AA/ ORD,2011
AA,ORD,arr,1970-01-01T11:01:00Z,-511,AA/ ORD,2011
AA,ORD,arr,1970-01-01T11:11:00Z,-504,AA/ ORD,2011
AA,ORD,arr,1970-01-01T11:21:00Z,-520,AA/ ORD,2011
AA,ORD,arr,1970-01-01T11:31:00Z,-462,AA/ ORD,2011
AA,ORD,arr,1970-01-01T11:41:00Z,-514,AA/ ORD,2011
AA,ORD,arr,1970-01-01T11:51:00Z,-554,AA/ ORD,2011
AA,ORD,arr,1970-01-01T12:01:00Z,-562,AA/ ORD,2011
AA,ORD,arr,1970-01-01T12:11:00Z,-527,AA/ ORD,2011
AA,ORD,arr,1970-01-01T12:21:00Z,-544,AA/ ORD,2011
AA,ORD,arr,1970-01-01T12:31:00Z,-580,AA/ ORD,2011
AA,ORD,arr,1970-01-01T12:41:00Z,-531,AA/ ORD,2011
AA,ORD,arr,1970-01-01T12:51:00Z,-522,AA/ ORD,2011
AA,ORD,arr,1970-01-01T13:01:00Z,-627,AA/ ORD,2011
AA,ORD,arr,1970-01-01T13:11:00Z,-658,AA/ ORD,2011
AA,ORD,arr,1970-01-01T13:21:00Z,-616,AA/ ORD,2011
AA,ORD,arr,1970-01-01T13:31:00Z,-563,AA/ ORD,2011
AA,ORD,arr,1970-01-01T13:41:00Z,-538,AA/ ORD,2011
AA,ORD,arr,1970-01-01T13:51:00Z,-552,AA/ ORD,2011
AA,ORD,arr,1970-01-01T14:01:00Z,-499,AA/ ORD,2011
AA,ORD,arr,1970-01-01T14:11:00Z,-504,AA/ ORD,2011
AA,ORD,arr,1970-01-01T14:21:00Z,-484,AA/ ORD,2011
AA,ORD,arr,1970-01-01T14:31:00Z,-461,AA/ ORD,2011
AA,ORD,arr,1970-01-01T14:41:00Z,-469,AA/ ORD,2011
AA,ORD,arr,1970-01-01T14:51:00Z,-540,AA/ ORD,2011
AA,ORD,arr,1970-01-01T15:01:00Z,-553,AA/ ORD,2011
AA,ORD,arr,1970-01-01T15:11:00Z,-645,AA/ ORD,2011
AA,ORD,arr,1970-01-01T15:21:00Z,-579,AA/ ORD,2011
AA,ORD,arr,1970-01-01T15:31:00Z,-455,AA/ ORD,2011
AA,ORD,arr,1970-01-01T15:41:00Z,-325,AA/ ORD,2011
AA,ORD,arr,1970-01-01T15:51:00Z,-358,AA/ ORD,2011
AA,ORD,arr,1970-01-01T16:01:00Z,-403,AA/ ORD,2011
AA,ORD,arr,1970-01-01T16:11:00Z,-521,AA/ ORD,2011
AA,ORD,arr,1970-01-01T16:21:00Z,-544,AA/ ORD,2011
AA,ORD,arr,1970-01-01T16:31:00Z,-537,AA/ ORD,2011
AA,ORD,arr,1970-01-01T16:41:00Z,-534,AA/ ORD,2011
AA,ORD,arr,1970-01-01T16:51:00Z,-527,AA/ ORD,2011
AA,ORD,arr,1970-01-01T17:01:00Z,-500,AA/ ORD,2011
AA,ORD,arr,1970-01-01T17:11:00Z,-658,AA/ ORD,2011
AA,ORD,arr,1970-01-01T17:21:00Z,-703,AA/ ORD,2011
AA,ORD,arr,1970-01-01T17:31:00Z,-692,AA/ ORD,2011
AA,ORD,arr,1970-01-01T17:41:00Z,-643,AA/ ORD,2011
AA,ORD,arr,1970-01-01T17:51:00Z,-664,AA/ ORD,2011
AA,ORD,arr,1970-01-01T18:01:00Z,-612,AA/ ORD,2011
AA,ORD,arr,1970-01-01T18:11:00Z,-728,AA/ ORD,2011
AA,ORD,arr,1970-01-01T18:21:00Z,-647,AA/ ORD,2011
AA,ORD,arr,1970-01-01T18:31:00Z,-699,AA/ ORD,2011
AA,ORD,arr,1970-01-01T18:41:00Z,-637,AA/ ORD,2011
AA,ORD,arr,1970-01-01T18:51:00Z,-651,AA/ ORD,2011
AA,ORD,arr,1970-01-01T19:01:00Z,-603,AA/ ORD,2011
AA,ORD,arr,1970-01-01T19:11:00Z,-561,AA/ ORD,2011
AA,ORD,arr,1970-01-01T19:21:00Z,-668,AA/ ORD,2011
AA,ORD,arr,1970-01-01T19:31:00Z,-590,AA/ ORD,2011
AA,ORD,arr,1970-01-01T19:41:00Z,-591,AA/ ORD,2011
AA,ORD,arr,1970-01-01T19:51:00Z,-485,AA/ ORD,2011
AA,ORD,arr,1970-01-01T20:01:00Z,-497,AA/ ORD,2011
AA,ORD,arr,1970-01-01T20:11:00Z,-477,AA/ ORD,2011
AA,ORD,arr,1970-01-01T20:21:00Z,-565,AA/ ORD,2011
AA,ORD,arr,1970-01-01T20:31:00Z,-558,AA/ ORD,2011
AA,ORD,arr,1970-01-01T20:41:00Z,-487,AA/ ORD,2011
AA,ORD,arr,1970-01-01T20:51:00Z,-479,AA/ ORD,2011
AA,ORD,arr,1970-01-01T21:01:00Z,-547,AA/ ORD,2011
AA,ORD,arr,1970-01-01T21:11:00Z,-640,AA/ ORD,2011
AA,ORD,arr,1970-01-01T21:21:00Z,-645,AA/ ORD,2011
AA,ORD,arr,1970-01-01T21:31:00Z,-507,AA/ ORD,2011
AA,ORD,arr,1970-01-01T21:41:00Z,-363,AA/ ORD,2011
AA,ORD,arr,1970-01-01T21:51:00Z,-312,AA/ ORD,2011
AA,ORD,arr,1970-01-01T22:01:00Z,-299,AA/ ORD,2011
AA,ORD,arr,1970-01-01T22:11:00Z,-305,AA/ ORD,2011
AA,ORD,arr,1970-01-01T22:21:00Z,-295,AA/ ORD,2011
AA,ORD,arr,1970-01-01T22:31:00Z,-327,AA/ ORD,2011
AA,ORD,arr,1970-01-01T22:41:00Z,-355,AA/ ORD,2011
AA,ORD,arr,1970-01-01T22:51:00Z,-319,AA/ ORD,2011
AA,ORD,arr,1970-01-01T23:01:00Z,-298,AA/ ORD,2011
AA,ORD,arr,1970-01-01T23:11:00Z,-244,AA/ ORD,2011
AA,ORD,arr,1970-01-01T23:21:00Z,-226,AA/ ORD,2011
AA,ORD,arr,1970-01-01T23:31:00Z,-153,AA/ ORD,2011
AA,ORD,arr,1970-01-01T23:41:00Z,-139,AA/ ORD,2011
AA,ORD,arr,1970-01-01T23:51:00Z,-109,AA/ ORD,2011
AA,ORD,dep,1970-01-01T00:01:00Z,5,AA/ ORD,2011
AA,ORD,dep,1970-01-01T00:11:00Z,9,AA/ ORD,2011
AA,ORD,dep,1970-01-01T00:21:00Z,5,AA/ ORD,2011
AA,ORD,dep,1970-01-01T00:31:00Z,5,AA/ ORD,2011
AA,ORD,dep,1970-01-01T00:41:00Z,1,AA/ ORD,2011
AA,ORD,dep,1970-01-01T00:51:00Z,3,AA/ ORD,2011
AA,ORD,dep,1970-01-01T01:01:00Z,3,AA/ ORD,2011
AA,ORD,dep,1970-01-01T01:11:00Z,2,AA/ ORD,2011
AA,ORD,dep,1970-01-01T01:31:00Z,1,AA/ ORD,2011
AA,ORD,dep,1970-01-01T02:11:00Z,2,AA/ ORD,2011
AA,ORD,dep,1970-01-01T02:41:00Z,1,AA/ ORD,2011
AA,ORD,dep,1970-01-01T05:21:00Z,4,AA/ ORD,2011
AA,ORD,dep,1970-01-01T05:31:00Z,89,AA/ ORD,2011
AA,ORD,dep,1970-01-01T05:41:00Z,155,AA/ ORD,2011
AA,ORD,dep,1970-01-01T05:51:00Z,504,AA/ ORD,2011
AA,ORD,dep,1970-01-01T06:01:00Z,307,AA/ ORD,2011
AA,ORD,dep,1970-01-01T06:11:00Z,233,AA/ ORD,2011
AA,ORD,dep,1970-01-01T06:21:00Z,370,AA/ ORD,2011
AA,ORD,dep,1970-01-01T06:31:00Z,231,AA/ ORD,2011
AA,ORD,dep,1970-01-01T06:41:00Z,392,AA/ ORD,2011
AA,ORD,dep,1970-01-01T06:51:00Z,791,AA/ ORD,2011
AA,ORD,dep,1970-01-01T07:01:00Z,710,AA/ ORD,2011
AA,ORD,dep,1970-01-01T07:11:00Z,572,AA/ ORD,2011
AA,ORD,dep,1970-01-01T07:21:00Z,499,AA/ ORD,2011
AA,ORD,dep,1970-01-01T07:31:00Z,314,AA/ ORD,2011
AA,ORD,dep,1970-01-01T07:41:00Z,362,AA/ ORD,2011
AA,ORD,dep,1970-01-01T07:51:00Z,660,AA/ ORD,2011
AA,ORD,dep,1970-01-01T08:01:00Z,638,AA/ ORD,2011
AA,ORD,dep,1970-01-01T08:11:00Z,405,AA/ ORD,2011
AA,ORD,dep,1970-01-01T08:21:00Z,574,AA/ ORD,2011
AA,ORD,dep,1970-01-01T08:31:00Z,868,AA/ ORD,2011
AA,ORD,dep,1970-01-01T08:41:00Z,723,AA/ ORD,2011
AA,ORD,dep,1970-01-01T08:51:00Z,448,AA/ ORD,2011
AA,ORD,dep,1970-01-01T09:01:00Z,507,AA/ ORD,2011
AA,ORD,dep,1970-01-01T09:11:00Z,385,AA/ ORD,2011
AA,ORD,dep,1970-01-01T09:21:00Z,494,AA/ ORD,2011
AA,ORD,dep,1970-01-01T09:31:00Z,314,AA/ ORD,2011
AA,ORD,dep,1970-01-01T09:41:00Z,550,AA/ ORD,2011
AA,ORD,dep,1970-01-01T09:51:00Z,844,AA/ ORD,2011
AA,ORD,dep,1970-01-01T10:01:00Z,629,AA/ ORD,2011
AA,ORD,dep,1970-01-01T10:11:00Z,651,AA/ ORD,2011
AA,ORD,dep,1970-01-01T10:21:00Z,536,AA/ ORD,2011
AA,ORD,dep,1970-01-01T10:31:00Z,671,AA/ ORD,2011
AA,ORD,dep,1970-01-01T10:41:00Z,636,AA/ ORD,2011
AA,ORD,dep,1970-01-01T10:51:00Z,645,AA/ ORD,2011
AA,ORD,dep,1970-01-01T11:01:00Z,768,AA/ ORD,2011
AA,ORD,dep,1970-01-01T11:11:00Z,476,AA/ ORD,2011
AA,ORD,dep,1970-01-01T11:21:00Z,356,AA/ ORD,2011
AA,ORD,dep,1970-01-01T11:31:00Z,394,AA/ ORD,2011
AA,ORD,dep,1970-01-01T11:41:00Z,514,AA/ ORD,2011
AA,ORD,dep,1970-01-01T11:51:00Z,526,AA/ ORD,2011
AA,ORD,dep,1970-01-01T12:01:00Z,398,AA/ ORD,2011
AA,ORD,dep,1970-01-01T12:11:00Z,400,AA/ ORD,2011
AA,ORD,dep,1970-01-01T12:21:00Z,401,AA/ ORD,2011
AA,ORD,dep,1970-01-01T12:31:00Z,464,AA/ ORD,2011
AA,ORD,dep,1970-01-01T12:41:00Z,585,AA/ ORD,2011
AA,ORD,dep,1970-01-01T12:51:00Z,799,AA/ ORD,2011
AA,ORD,dep,1970-01-01T13:01:00Z,486,AA/ ORD,2011
AA,ORD,dep,1970-01-01T13:11:00Z,468,AA/ ORD,2011
AA,ORD,dep,1970-01-01T13:21:00Z,582,AA/ ORD,2011
AA,ORD,dep,1970-01-01T13:31:00Z,606,AA/ ORD,2011
AA,ORD,dep,1970-01-01T13:41:00Z,661,AA/ ORD,2011
AA,ORD,dep,1970-01-01T13:51:00Z,590,AA/ ORD,2011
AA,ORD,dep,1970-01-01T14:01:00Z,716,AA/ ORD,2011
AA,ORD,dep,1970-01-01T14:11:00Z,661,AA/ ORD,2011
AA,ORD,dep,1970-01-01T14:21:00Z,495,AA/ ORD,2011
AA,ORD,dep,1970-01-01T14:31:00Z,586,AA/ ORD,2011
AA,ORD,dep,1970-01-01T14:41:00Z,477,AA/ ORD,2011
AA,ORD,dep,1970-01-01T14:51:00Z,525,AA/ ORD,2011
AA,ORD,dep,1970-01-01T15:01:00Z,636,AA/ ORD,2011
AA,ORD,dep,1970-01-01T15:11:00Z,744,AA/ ORD,2011
AA,ORD,dep,1970-01-01T15:21:00Z,528,AA/ ORD,2011
AA,ORD,dep,1970-01-01T15:31:00Z,491,AA/ ORD,2011
AA,ORD,dep,1970-01-01T15:41:00Z,383,AA/ ORD,2011
AA,ORD,dep,1970-01-01T15:51:00Z,317,AA/ ORD,2011
AA,ORD,dep,1970-01-01T16:01:00Z,491,AA/ ORD,2011
AA,ORD,dep,1970-01-01T16:11:00Z,483,AA/ ORD,2011
AA,ORD,dep,1970-01-01T16:21:00Z,469,AA/ ORD,2011
AA,ORD,dep,1970-01-01T16:31:00Z,659,AA/ ORD,2011
AA,ORD,dep,1970-01-01T16:41:00Z,387,AA/ ORD,2011
AA,ORD,dep,1970-01-01T16:51:00Z,358,AA/ ORD,2011
AA,ORD,dep,1970-01-01T17:01:00Z,419,AA/ ORD,2011
AA,ORD,dep,1970-01-01T17:11:00Z,409,AA/ ORD,2011
AA,ORD,dep,1970-01-01T17:21:00Z,613,AA/ ORD,2011
AA,ORD,dep,1970-01-01T17:31:00Z,545,AA/ ORD,2011
AA,ORD,dep,1970-01-01T17:41:00Z,419,AA/ ORD,2011
AA,ORD,dep,1970-01-01T17:51:00Z,455,AA/ ORD,2011
AA,ORD,dep,1970-01-01T18:01:00Z,554,AA/ ORD,2011
AA,ORD,dep,1970-01-01T18:11:00Z,583,AA/ ORD,2011
AA,ORD,dep,1970-01-01T18:21:00Z,524,AA/ ORD,2011
AA,ORD,dep,1970-01-01T18:31:00Z,630,AA/ ORD,2011
AA,ORD,dep,1970-01-01T18:41:00Z,708,AA/ ORD,2011
AA,ORD,dep,1970-01-01T18:51:00Z,504,AA/ ORD,2011
AA,ORD,dep,1970-01-01T19:01:00Z,669,AA/ ORD,2011
AA,ORD,dep,1970-01-01T19:11:00Z,834,AA/ ORD,2011
AA,ORD,dep,1970-01-01T19:21:00Z,539,AA/ ORD,2011
AA,ORD,dep,1970-01-01T19:31:00Z,688,AA/ ORD,2011
AA,ORD,dep,1970-01-01T19:41:00Z,659,AA/ ORD,2011
AA,ORD,dep,1970-01-01T19:51:00Z,631,AA/ ORD,2011
AA,ORD,dep,1970-01-01T20:01:00Z,558,AA/ ORD,2011
AA,ORD,dep,1970-01-01T20:11:00Z,693,AA/ ORD,2011
AA,ORD,dep,1970-01-01T20:21:00Z,636,AA/ ORD,2011
AA,ORD,dep,1970-01-01T20:31:00Z,610,AA/ ORD,2011
AA,ORD,dep,1970-01-01T20:41:00Z,405,AA/ ORD,2011
AA,ORD,dep,1970-01-01T20:51:00Z,433,AA/ ORD,2011
AA,ORD,dep,1970-01-01T21:01:00Z,492,AA/ ORD,2011
AA,ORD,dep,1970-01-01T21:11:00Z,383,AA/ ORD,2011
AA,ORD,dep,1970-01-01T21:21:00Z,367,AA/ ORD,2011
AA,ORD,dep,1970-01-01T21:31:00Z,227,AA/ ORD,2011
AA,ORD,dep,1970-01-01T21:41:00Z,166,AA/ ORD,2011
AA,ORD,dep,1970-01-01T21:51:00Z,233,AA/ ORD,2011
AA,ORD,dep,1970-01-01T22:01:00Z,192,AA/ ORD,2011
AA,ORD,dep,1970-01-01T22:11:00Z,219,AA/ ORD,2011
AA,ORD,dep,1970-01-01T22:21:00Z,118,AA/ ORD,2011
AA,ORD,dep,1970-01-01T22:31:00Z,91,AA/ ORD,2011
AA,ORD,dep,1970-01-01T22:41:00Z,60,AA/ ORD,2011
AA,ORD,dep,1970-01-01T22:51:00Z,58,AA/ ORD,2011
AA,ORD,dep,1970-01-01T23:01:00Z,54,AA/ ORD,2011
AA,ORD,dep,1970-01-01T23:11:00Z,41,AA/ ORD,2011
AA,ORD,dep,1970-01-01T23:21:00Z,36,AA/ ORD,2011
AA,ORD,dep,1970-01-01T23:31:00Z,24,AA/ ORD,2011
AA,ORD,dep,1970-01-01T23:41:00Z,18,AA/ ORD,2011
AA,ORD,dep,1970-01-01T23:51:00Z,9,AA/ ORD,2011
UA,ORD,arr,1970-01-01T00:01:00Z,-117,UA/ ORD,2011
UA,ORD,arr,1970-01-01T00:11:00Z,-102,UA/ ORD,2011
UA,ORD,arr,1970-01-01T00:21:00Z,-106,UA/ ORD,2011
UA,ORD,arr,1970-01-01T00:31:00Z,-147,UA/ ORD,2011
UA,ORD,arr,1970-01-01T00:41:00Z,-125,UA/ ORD,2011
UA,ORD,arr,1970-01-01T00:51:00Z,-85,UA/ ORD,2011
UA,ORD,arr,1970-01-01T01:01:00Z,-52,UA/ ORD,2011
UA,ORD,arr,1970-01-01T01:11:00Z,-24,UA/ ORD,2011
UA,ORD,arr,1970-01-01T01:21:00Z,-33,UA/ ORD,2011
UA,ORD,arr,1970-01-01T01:31:00Z,-19,UA/ ORD,2011
UA,ORD,arr,1970-01-01T01:41:00Z,-22,UA/ ORD,2011
UA,ORD,arr,1970-01-01T01:51:00Z,-14,UA/ ORD,2011
UA,ORD,arr,1970-01-01T02:01:00Z,-6,UA/ ORD,2011
UA,ORD,arr,1970-01-01T02:11:00Z,-9,UA/ ORD,2011
UA,ORD,arr,1970-01-01T02:21:00Z,-8,UA/ ORD,2011
UA,ORD,arr,1970-01-01T02:31:00Z,-7,UA/ ORD,2011
UA,ORD,arr,1970-01-01T02:41:00Z,-3,UA/ ORD,2011
UA,ORD,arr,1970-01-01T02:51:00Z,-4,UA/ ORD,2011
UA,ORD,arr,1970-01-01T03:01:00Z,-6,UA/ ORD,2011
UA,ORD,arr,1970-01-01T03:11:00Z,-2,UA/ ORD,2011
UA,ORD,arr,1970-01-01T03:21:00Z,-7,UA/ ORD,2011
UA,ORD,arr,1970-01-01T03:31:00Z,-8,UA/ ORD,2011
UA,ORD,arr,1970-01-01T03:41:00Z,-16,UA/ ORD,2011
UA,ORD,arr,1970-01-01T03:51:00Z,-23,UA/ ORD,2011
UA,ORD,arr,1970-01-01T04:01:00Z,-24,UA/ ORD,2011
UA,ORD,arr,1970-01-01T04:11:00Z,-67,UA/ ORD,2011
UA,ORD,arr,1970-01-01T04:21:00Z,-141,UA/ ORD,2011
UA,ORD,arr,1970-01-01T04:31:00Z,-316,UA/ ORD,2011
UA,ORD,arr,1970-01-01T04:41:00Z,-470,UA/ ORD,2011
UA,ORD,arr,1970-01-01T04:51:00Z,-577,UA/ ORD,2011
UA,ORD,arr,1970-01-01T05:01:00Z,-449,UA/ ORD,2011
UA,ORD,arr,1970-01-01T05:11:00Z,-286,UA/ ORD,2011
UA,ORD,arr,1970-01-01T05:21:00Z,-182,UA/ ORD,2011
UA,ORD,arr,1970-01-01T05:31:00Z,-115,UA/ ORD,2011
UA,ORD,arr,1970-01-01T05:41:00Z,-94,UA/ ORD,2011
UA,ORD,arr,1970-01-01T05:51:00Z,-59,UA/ ORD,2011
UA,ORD,arr,1970-01-01T06:01:00Z,-46,UA/ ORD,2011
UA,ORD,arr,1970-01-01T06:11:00Z,-54,UA/ ORD,2011
UA,ORD,arr,1970-01-01T06:21:00Z,-61,UA/ ORD,2011
UA,ORD,arr,1970-01-01T06:31:00Z,-85,UA/ ORD,2011
UA,ORD,arr,1970-01-01T06:41:00Z,-185,UA/ ORD,2011
UA,ORD,arr,1970-01-01T06:51:00Z,-409,UA/ ORD,2011
UA,ORD,arr,1970-01-01T07:01:00Z,-586,UA/ ORD,2011
UA,ORD,arr,1970-01-01T07:11:00Z,-602,UA/ ORD,2011
UA,ORD,arr,1970-01-01T07:21:00Z,-495,UA/ ORD,2011
UA,ORD,arr,1970-01-01T07:31:00Z,-482,UA/ ORD,2011
UA,ORD,arr,1970-01-01T07:41:00Z,-588,UA/ ORD,2011
UA,ORD,arr,1970-01-01T07:51:00Z,-685,UA/ ORD,2011
UA,ORD,arr,1970-01-01T08:01:00Z,-711,UA/ ORD,2011
UA,ORD,arr,1970-01-01T08:11:00Z,-667,UA/ ORD,2011
UA,ORD,arr,1970-01-01T08:21:00Z,-764,UA/ ORD,2011
UA,ORD,arr,1970-01-01T08:31:00Z,-841,UA/ ORD,2011
UA,ORD,arr,1970-01-01T08:41:00Z,-791,UA/ ORD,2011
UA,ORD,arr,1970-01-01T08:51:00Z,-696,UA/ ORD,2011
UA,ORD,arr,1970-01-01T09:01:00Z,-782,UA/ ORD,2011
UA,ORD,arr,1970-01-01T09:11:00Z,-633,UA/ ORD,2011
UA,ORD,arr,1970-01-01T09:21:00Z,-480,UA/ ORD,2011
UA,ORD,arr,1970-01-01T09:31:00Z,-383,UA/ ORD,2011
UA,ORD,arr,1970-01-01T09:41:00Z,-390,UA/ ORD,2011
UA,ORD,arr,1970-01-01T09:51:00Z,-437,UA/ ORD,2011
UA,ORD,arr,1970-01-01T10:01:00Z,-338,UA/ ORD,2011
UA,ORD,arr,1970-01-01T10:11:00Z,-374,UA/ ORD,2011
UA,ORD,arr,1970-01-01T10:21:00Z,-483,UA/ ORD,2011
UA,ORD,arr,1970-01-01T10:31:00Z,-505,UA/ ORD,2011
UA,ORD,arr,1970-01-01T10:41:00Z,-535,UA/ ORD,2011
UA,ORD,arr,1970-01-01T10:51:00Z,-465,UA/ ORD,2011
UA,ORD,arr,1970-01-01T11:01:00Z,-549,UA/ ORD,2011
UA,ORD,arr,1970-01-01T11:11:00Z,-548,UA/ ORD,2011
UA,ORD,arr,1970-01-01T11:21:00Z,-521,UA/ ORD,2011
UA,ORD,arr,1970-01-01T11:31:00Z,-599,UA/ ORD,2011
UA,ORD,arr,1970-01-01T11:41:00Z,-770,UA/ ORD,2011
UA,ORD,arr,1970-01-01T11:51:00Z,-701,UA/ ORD,2011
UA,ORD,arr,1970-01-01T12:01:00Z,-850,UA/ ORD,2011
UA,ORD,arr,1970-01-01T12:11:00Z,-742,UA/ ORD,2011
UA,ORD,arr,1970-01-01T12:21:00Z,-503,UA/ ORD,2011
UA,ORD,arr,1970-01-01T12:31:00Z,-418,UA/ ORD,2011
UA,ORD,arr,1970-01-01T12:41:00Z,-310,UA/ ORD,2011
UA,ORD,arr,1970-01-01T12:51:00Z,-334,UA/ ORD,2011
UA,ORD,arr,1970-01-01T13:01:00Z,-416,UA/ ORD,2011
UA,ORD,arr,1970-01-01T13:11:00Z,-440,UA/ ORD,2011
UA,ORD,arr,1970-01-01T13:21:00Z,-423,UA/ ORD,2011
UA,ORD,arr,1970-01-01T13:31:00Z,-453,UA/ ORD,2011
UA,ORD,arr,1970-01-01T13:41:00Z,-538,UA/ ORD,2011
UA,ORD,arr,1970-01-01T13:51:00Z,-597,UA/ ORD,2011
UA,ORD,arr,1970-01-01T14:01:00Z,-624,UA/ ORD,2011
UA,ORD,arr,1970-01-01T14:11:00Z,-552,UA/ ORD,2011
UA,ORD,arr,1970-01-01T14:21:00Z,-433,UA/ ORD,2011
UA,ORD,arr,1970-01-01T14:31:00Z,-343,UA/ ORD,2011
UA,ORD,arr,1970-01-01T14:41:00Z,-419,UA/ ORD,2011
UA,ORD,arr,1970-01-01T14:51:00Z,-473,UA/ ORD,2011
UA,ORD,arr,1970-01-01T15:01:00Z,-505,UA/ ORD,2011
UA,ORD,arr,1970-01-01T15:11:00Z,-438,UA/ ORD,2011
UA,ORD,arr,1970-01-01T15:21:00Z,-397,UA/ ORD,2011
UA,ORD,arr,1970-01-01T15:31:00Z,-440,UA/ ORD,2011
UA,ORD,arr,1970-01-01T15:41:00Z,-439,UA/ ORD,2011
UA,ORD,arr,1970-01-01T15:51:00Z,-587,UA/ ORD,2011
UA,ORD,arr,1970-01-01T16:01:00Z,-691,UA/ ORD,2011
UA,ORD,arr,1970-01-01T16:11:00Z,-673,UA/ ORD,2011
UA,ORD,arr,1970-01-01T16:21:00Z,-717,UA/ ORD,2011
UA,ORD,arr,1970-01-01T16:31:00Z,-686,UA/ ORD,2011
UA,ORD,arr,1970-01-01T16:41:00Z,-823,UA/ ORD,2011
UA,ORD,arr,1970-01-01T16:51:00Z,-847,UA/ ORD,2011
UA,ORD,arr,1970-01-01T17:01:00Z,-892,UA/ ORD,2011
UA,ORD,arr,1970-01-01T17:11:00Z,-833,UA/ ORD,2011
UA,ORD,arr,1970-01-01T17:21:00Z,-646,UA/ ORD,2011
UA,ORD,arr,1970-01-01T17:31:00Z,-615,UA/ ORD,2011
UA,ORD,arr,1970-01-01T17:41:00Z,-542,UA/ ORD,2011
UA,ORD,arr,1970-01-01T17:51:00Z,-522,UA/ ORD,2011
UA,ORD,arr,1970-01-01T18:01:00Z,-570,UA/ ORD,2011
UA,ORD,arr,1970-01-01T18:11:00Z,-669,UA/ ORD,2011
UA,ORD,arr,1970-01-01T18:21:00Z,-697,UA/ ORD,2011
UA,ORD,arr,1970-01-01T18:31:00Z,-696,UA/ ORD,2011
UA,ORD,arr,1970-01-01T18:41:00Z,-642,UA/ ORD,2011
UA,ORD,arr,1970-01-01T18:51:00Z,-668,UA/ ORD,2011
UA,ORD,arr,1970-01-01T19:01:00Z,-630,UA/ ORD,2011
UA,ORD,arr,1970-01-01T19:11:00Z,-649,UA/ ORD,2011
UA,ORD,arr,1970-01-01T19:21:00Z,-666,UA/ ORD,2011
UA,ORD,arr,1970-01-01T19:31:00Z,-678,UA/ ORD,2011
UA,ORD,arr,1970-01-01T19:41:00Z,-710,UA/ ORD,2011
UA,ORD,arr,1970-01-01T19:51:00Z,-688,UA/ ORD,2011
UA,ORD,arr,1970-01-01T20:01:00Z,-581,UA/ ORD,2011
UA,ORD,arr,1970-01-01T20:11:00Z,-539,UA/ ORD,2011
UA,ORD,arr,1970-01-01T20:21:00Z,-538,UA/ ORD,2011
UA,ORD,arr,1970-01-01T20:31:00Z,-475,UA/ ORD,2011
UA,ORD,arr,1970-01-01T20:41:00Z,-397,UA/ ORD,2011
UA,ORD,arr,1970-01-01T20:51:00Z,-280,UA/ ORD,2011
UA,ORD,arr,1970-01-01T21:01:00Z,-235,UA/ ORD,2011
UA,ORD,arr,1970-01-01T21:11:00Z,-174,UA/ ORD,2011
UA,ORD,arr,1970-01-01T21:21:00Z,-168,UA/ ORD,2011
UA,ORD,arr,1970-01-01T21:31:00Z,-161,UA/ ORD,2011
UA,ORD,arr,1970-01-01T21:41:00Z,-170,UA/ ORD,2011
UA,ORD,arr,1970-01-01T21:51:00Z,-163,UA/ ORD,2011
UA,ORD,arr,1970-01-01T22:01:00Z,-157,UA/ ORD,2011
UA,ORD,arr,1970-01-01T22:11:00Z,-120,UA/ ORD,2011
UA,ORD,arr,1970-01-01T22:21:00Z,-138,UA/ ORD,2011
UA,ORD,arr,1970-01-01T22:31:00Z,-144,UA/ ORD,2011
UA,ORD,arr,1970-01-01T22:41:00Z,-186,UA/ ORD,2011
UA,ORD,arr,1970-01-01T22:51:00Z,-216,UA/ ORD,2011
UA,ORD,arr,1970-01-01T23:01:00Z,-200,UA/ ORD,2011
UA,ORD,arr,1970-01-01T23:11:00Z,-127,UA/ ORD,2011
UA,ORD,arr,1970-01-01T23:21:00Z,-111,UA/ ORD,2011
UA,ORD,arr,1970-01-01T23:31:00Z,-163,UA/ ORD,2011
UA,ORD,arr,1970-01-01T23:41:00Z,-166,UA/ ORD,2011
UA,ORD,arr,1970-01-01T23:51:00Z,-141,UA/ ORD,2011
UA,ORD,dep,1970-01-01T00:01:00Z,17,UA/ ORD,2011
UA,ORD,dep,1970-01-01T00:11:00Z,18,UA/ ORD,2011
UA,ORD,dep,1970-01-01T00:21:00Z,17,UA/ ORD,2011
UA,ORD,dep,1970-01-01T00:31:00Z,13,UA/ ORD,2011
UA,ORD,dep,1970-01-01T00:41:00Z,14,UA/ ORD,2011
UA,ORD,dep,1970-01-01T00:51:00Z,17,UA/ ORD,2011
UA,ORD,dep,1970-01-01T01:01:00Z,4,UA/ ORD,2011
UA,ORD,dep,1970-01-01T01:11:00Z,1,UA/ ORD,2011
UA,ORD,dep,1970-01-01T01:21:00Z,3,UA/ ORD,2011
UA,ORD,dep,1970-01-01T01:31:00Z,4,UA/ ORD,2011
UA,ORD,dep,1970-01-01T01:41:00Z,1,UA/ ORD,2011
UA,ORD,dep,1970-01-01T01:51:00Z,6,UA/ ORD,2011
UA,ORD,dep,1970-01-01T02:01:00Z,1,UA/ ORD,2011
UA,ORD,dep,1970-01-01T02:51:00Z,1,UA/ ORD,2011
UA,ORD,dep,1970-01-01T05:21:00Z,5,UA/ ORD,2011
UA,ORD,dep,1970-01-01T05:31:00Z,2,UA/ ORD,2011
UA,ORD,dep,1970-01-01T05:41:00Z,17,UA/ ORD,2011
UA,ORD,dep,1970-01-01T05:51:00Z,1648,UA/ ORD,2011
UA,ORD,dep,1970-01-01T06:01:00Z,594,UA/ ORD,2011
UA,ORD,dep,1970-01-01T06:11:00Z,229,UA/ ORD,2011
UA,ORD,dep,1970-01-01T06:21:00Z,241,UA/ ORD,2011
UA,ORD,dep,1970-01-01T06:31:00Z,186,UA/ ORD,2011
UA,ORD,dep,1970-01-01T06:41:00Z,198,UA/ ORD,2011
UA,ORD,dep,1970-01-01T06:51:00Z,676,UA/ ORD,2011
UA,ORD,dep,1970-01-01T07:01:00Z,394,UA/ ORD,2011
UA,ORD,dep,1970-01-01T07:11:00Z,87,UA/ ORD,2011
UA,ORD,dep,1970-01-01T07:21:00Z,118,UA/ ORD,2011
UA,ORD,dep,1970-01-01T07:31:00Z,80,UA/ ORD,2011
UA,ORD,dep,1970-01-01T07:41:00Z,223,UA/ ORD,2011
UA,ORD,dep,1970-01-01T07:51:00Z,850,UA/ ORD,2011
UA,ORD,dep,1970-01-01T08:01:00Z,795,UA/ ORD,2011
UA,ORD,dep,1970-01-01T08:11:00Z,584,UA/ ORD,2011
UA,ORD,dep,1970-01-01T08:21:00Z,473,UA/ ORD,2011
UA,ORD,dep,1970-01-01T08:31:00Z,332,UA/ ORD,2011
UA,ORD,dep,1970-01-01T08:41:00Z,640,UA/ ORD,2011
UA,ORD,dep,1970-01-01T08:51:00Z,1023,UA/ ORD,2011
UA,ORD,dep,1970-01-01T09:01:00Z,582,UA/ ORD,2011
UA,ORD,dep,1970-01-01T09:11:00Z,377,UA/ ORD,2011
UA,ORD,dep,1970-01-01T09:21:00Z,452,UA/ ORD,2011
UA,ORD,dep,1970-01-01T09:31:00Z,617,UA/ ORD,2011
UA,ORD,dep,1970-01-01T09:41:00Z,1054,UA/ ORD,2011
UA,ORD,dep,1970-01-01T09:51:00Z,1283,UA/ ORD,2011
UA,ORD,dep,1970-01-01T10:01:00Z,834,UA/ ORD,2011
UA,ORD,dep,1970-01-01T10:11:00Z,540,UA/ ORD,2011
UA,ORD,dep,1970-01-01T10:21:00Z,344,UA/ ORD,2011
UA,ORD,dep,1970-01-01T10:31:00Z,228,UA/ ORD,2011
UA,ORD,dep,1970-01-01T10:41:00Z,373,UA/ ORD,2011
UA,ORD,dep,1970-01-01T10:51:00Z,884,UA/ ORD,2011
UA,ORD,dep,1970-01-01T11:01:00Z,350,UA/ ORD,2011
UA,ORD,dep,1970-01-01T11:11:00Z,268,UA/ ORD,2011
UA,ORD,dep,1970-01-01T11:21:00Z,171,UA/ ORD,2011
UA,ORD,dep,1970-01-01T11:31:00Z,110,UA/ ORD,2011
UA,ORD,dep,1970-01-01T11:41:00Z,199,UA/ ORD,2011
UA,ORD,dep,1970-01-01T11:51:00Z,1315,UA/ ORD,2011
UA,ORD,dep,1970-01-01T12:01:00Z,829,UA/ ORD,2011
UA,ORD,dep,1970-01-01T12:11:00Z,477,UA/ ORD,2011
UA,ORD,dep,1970-01-01T12:21:00Z,266,UA/ ORD,2011
UA,ORD,dep,1970-01-01T12:31:00Z,184,UA/ ORD,2011
UA,ORD,dep,1970-01-01T12:41:00Z,163,UA/ ORD,2011
UA,ORD,dep,1970-01-01T12:51:00Z,982,UA/ ORD,2011
UA,ORD,dep,1970-01-01T13:01:00Z,1525,UA/ ORD,2011
UA,ORD,dep,1970-01-01T13:11:00Z,1126,UA/ ORD,2011
UA,ORD,dep,1970-01-01T13:21:00Z,556,UA/ ORD,2011
UA,ORD,dep,1970-01-01T13:31:00Z,521,UA/ ORD,2011
UA,ORD,dep,1970-01-01T13:41:00Z,389,UA/ ORD,2011
UA,ORD,dep,1970-01-01T13:51:00Z,563,UA/ ORD,2011
UA,ORD,dep,1970-01-01T14:01:00Z,504,UA/ ORD,2011
UA,ORD,dep,1970-01-01T14:11:00Z,356,UA/ ORD,2011
UA,ORD,dep,1970-01-01T14:21:00Z,322,UA/ ORD,2011
UA,ORD,dep,1970-01-01T14:31:00Z,203,UA/ ORD,2011
UA,ORD,dep,1970-01-01T14:41:00Z,212,UA/ ORD,2011
UA,ORD,dep,1970-01-01T14:51:00Z,626,UA/ ORD,2011
UA,ORD,dep,1970-01-01T15:01:00Z,575,UA/ ORD,2011
UA,ORD,dep,1970-01-01T15:11:00Z,834,UA/ ORD,2011
UA,ORD,dep,1970-01-01T15:21:00Z,696,UA/ ORD,2011
UA,ORD,dep,1970-01-01T15:31:00Z,304,UA/ ORD,2011
UA,ORD,dep,1970-01-01T15:41:00Z,200,UA/ ORD,2011
UA,ORD,dep,1970-01-01T15:51:00Z,777,UA/ ORD,2011
UA,ORD,dep,1970-01-01T16:01:00Z,561,UA/ ORD,2011
UA,ORD,dep,1970-01-01T16:11:00Z,527,UA/ ORD,2011
UA,ORD,dep,1970-01-01T16:21:00Z,436,UA/ ORD,2011
UA,ORD,dep,1970-01-01T16:31:00Z,316,UA/ ORD,2011
UA,ORD,dep,1970-01-01T16:41:00Z,249,UA/ ORD,2011
UA,ORD,dep,1970-01-01T16:51:00Z,598,UA/ ORD,2011
UA,ORD,dep,1970-01-01T17:01:00Z,645,UA/ ORD,2011
UA,ORD,dep,1970-01-01T17:11:00Z,607,UA/ ORD,2011
UA,ORD,dep,1970-01-01T17:21:00Z,633,UA/ ORD,2011
UA,ORD,dep,1970-01-01T17:31:00Z,388,UA/ ORD,2011
UA,ORD,dep,1970-01-01T17:41:00Z,368,UA/ ORD,2011
UA,ORD,dep,1970-01-01T17:51:00Z,905,UA/ ORD,2011
UA,ORD,dep,1970-01-01T18:01:00Z,1253,UA/ ORD,2011
UA,ORD,dep,1970-01-01T18:11:00Z,883,UA/ ORD,2011
UA,ORD,dep,1970-01-01T18:21:00Z,694,UA/ ORD,2011
UA,ORD,dep,1970-01-01T18:31:00Z,731,UA/ ORD,2011
UA,ORD,dep,1970-01-01T18:41:00Z,862,UA/ ORD,2011
UA,ORD,dep,1970-01-01T18:51:00Z,823,UA/ ORD,2011
UA,ORD,dep,1970-01-01T19:01:00Z,619,UA/ ORD,2011
UA,ORD,dep,1970-01-01T19:11:00Z,683,UA/ ORD,2011
UA,ORD,dep,1970-01-01T19:21:00Z,604,UA/ ORD,2011
UA,ORD,dep,1970-01-01T19:31:00Z,479,UA/ ORD,2011
UA,ORD,dep,1970-01-01T19:41:00Z,550,UA/ ORD,2011
UA,ORD,dep,1970-01-01T19:51:00Z,527,UA/ ORD,2011
UA,ORD,dep,1970-01-01T20:01:00Z,684,UA/ ORD,2011
UA,ORD,dep,1970-01-01T20:11:00Z,671,UA/ ORD,2011
UA,ORD,dep,1970-01-01T20:21:00Z,587,UA/ ORD,2011
UA,ORD,dep,1970-01-01T20:31:00Z,732,UA/ ORD,2011
UA,ORD,dep,1970-01-01T20:41:00Z,616,UA/ ORD,2011
UA,ORD,dep,1970-01-01T20:51:00Z,948,UA/ ORD,2011
UA,ORD,dep,1970-01-01T21:01:00Z,839,UA/ ORD,2011
UA,ORD,dep,1970-01-01T21:11:00Z,658,UA/ ORD,2011
UA,ORD,dep,1970-01-01T21:21:00Z,583,UA/ ORD,2011
UA,ORD,dep,1970-01-01T21:31:00Z,492,UA/ ORD,2011
UA,ORD,dep,1970-01-01T21:41:00Z,350,UA/ ORD,2011
UA,ORD,dep,1970-01-01T21:51:00Z,240,UA/ ORD,2011
UA,ORD,dep,1970-01-01T22:01:00Z,167,UA/ ORD,2011
UA,ORD,dep,1970-01-01T22:11:00Z,134,UA/ ORD,2011
UA,ORD,dep,1970-01-01T22:21:00Z,136,UA/ ORD,2011
UA,ORD,dep,1970-01-01T22:31:00Z,93,UA/ ORD,2011
UA,ORD,dep,1970-01-01T22:41:00Z,92,UA/ ORD,2011
UA,ORD,dep,1970-01-01T22:51:00Z,70,UA/ ORD,2011
UA,ORD,dep,1970-01-01T23:01:00Z,51,UA/ ORD,2011
UA,ORD,dep,1970-01-01T23:11:00Z,49,UA/ ORD,2011
UA,ORD,dep,1970-01-01T23:21:00Z,47,UA/ ORD,2011
UA,ORD,dep,1970-01-01T23:31:00Z,38,UA/ ORD,2011
UA,ORD,dep,1970-01-01T23:41:00Z,40,UA/ ORD,2011
UA,ORD,dep,1970-01-01T23:51:00Z,34,UA/ ORD,2011
AA,ORD,arr,1970-01-01T00:01:00Z,-141,AA/ ORD,2012
AA,ORD,arr,1970-01-01T00:11:00Z,-111,AA/ ORD,2012
AA,ORD,arr,1970-01-01T00:21:00Z,-60,AA/ ORD,2012
AA,ORD,arr,1970-01-01T00:31:00Z,-38,AA/ ORD,2012
AA,ORD,arr,1970-01-01T00:41:00Z,-37,AA/ ORD,2012
AA,ORD,arr,1970-01-01T00:51:00Z,-31,AA/ ORD,2012
AA,ORD,arr,1970-01-01T01:01:00Z,-27,AA/ ORD,2012
AA,ORD,arr,1970-01-01T01:11:00Z,-26,AA/ ORD,2012
AA,ORD,arr,1970-01-01T01:21:00Z,-12,AA/ ORD,2012
AA,ORD,arr,1970-01-01T01:31:00Z,-20,AA/ ORD,2012
AA,ORD,arr,1970-01-01T01:41:00Z,-13,AA/ ORD,2012
AA,ORD,arr,1970-01-01T01:51:00Z,-17,AA/ ORD,2012
AA,ORD,arr,1970-01-01T02:01:00Z,-6,AA/ ORD,2012
AA,ORD,arr,1970-01-01T02:11:00Z,-3,AA/ ORD,2012
AA,ORD,arr,1970-01-01T02:21:00Z,-9,AA/ ORD,2012
AA,ORD,arr,1970-01-01T02:31:00Z,-4,AA/ ORD,2012
AA,ORD,arr,1970-01-01T02:41:00Z,-7,AA/ ORD,2012
AA,ORD,arr,1970-01-01T02:51:00Z,-3,AA/ ORD,2012
AA,ORD,arr,1970-01-01T03:01:00Z,-2,AA/ ORD,2012
AA,ORD,arr,1970-01-01T03:11:00Z,-2,AA/ ORD,2012
AA,ORD,arr,1970-01-01T03:21:00Z,-1,AA/ ORD,2012
AA,ORD,arr,1970-01-01T03:41:00Z,-1,AA/ ORD,2012
AA,ORD,arr,1970-01-01T04:01:00Z,-2,AA/ ORD,2012
AA,ORD,arr,1970-01-01T04:11:00Z,-1,AA/ ORD,2012
AA,ORD,arr,1970-01-01T04:31:00Z,-2,AA/ ORD,2012
AA,ORD,arr,1970-01-01T04:41:00Z,-15,AA/ ORD,2012
AA,ORD,arr,1970-01-01T04:51:00Z,-35,AA/ ORD,2012
AA,ORD,arr,1970-01-01T05:01:00Z,-81,AA/ ORD,2012
AA,ORD,arr,1970-01-01T05:11:00Z,-78,AA/ ORD,2012
AA,ORD,arr,1970-01-01T05:21:00Z,-107,AA/ ORD,2012
AA,ORD,arr,1970-01-01T05:31:00Z,-173,AA/ ORD,2012
AA,ORD,arr,1970-01-01T05:41:00Z,-174,AA/ ORD,2012
AA,ORD,arr,1970-01-01T05:51:00Z,-182,AA/ ORD,2012
AA,ORD,arr,1970-01-01T06:01:00Z,-176,AA/ ORD,2012
AA,ORD,arr,1970-01-01T06:11:00Z,-84,AA/ ORD,2012
AA,ORD,arr,1970-01-01T06:21:00Z,-52,AA/ ORD,2012
AA,ORD,arr,1970-01-01T06:31:00Z,-35,AA/ ORD,2012
AA,ORD,arr,1970-01-01T06:41:00Z,-51,AA/ ORD,2012
AA,ORD,arr,1970-01-01T06:51:00Z,-215,AA/ ORD,2012
AA,ORD,arr,1970-01-01T07:01:00Z,-299,AA/ ORD,2012
AA,ORD,arr,1970-01-01T07:11:00Z,-196,AA/ ORD,2012
AA,ORD,arr,1970-01-01T07:21:00Z,-210,AA/ ORD,2012
AA,ORD,arr,1970-01-01T07:31:00Z,-277,AA/ ORD,2012
AA,ORD,arr,1970-01-01T07:41:00Z,-391,AA/ ORD,2012
AA,ORD,arr,1970-01-01T07:51:00Z,-373,AA/ ORD,2012
AA,ORD,arr,1970-01-01T08:01:00Z,-371,AA/ ORD,2012
AA,ORD,arr,1970-01-01T08:11:00Z,-409,AA/ ORD,2012
AA,ORD,arr,1970-01-01T08:21:00Z,-347,AA/ ORD,2012
AA,ORD,arr,1970-01-01T08:31:00Z,-438,AA/ ORD,2012
AA,ORD,arr,1970-01-01T08:41:00Z,-560,AA/ ORD,2012
AA,ORD,arr,1970-01-01T08:51:00Z,-616,AA/ ORD,2012
AA,ORD,arr,1970-01-01T09:01:00Z,-581,AA/ ORD,2012
AA,ORD,arr,1970-01-01T09:11:00Z,-835,AA/ ORD,2012
AA,ORD,arr,1970-01-01T09:21:00Z,-651,AA/ ORD,2012
AA,ORD,arr,1970-01-01T09:31:00Z,-523,AA/ ORD,2012
AA,ORD,arr,1970-01-01T09:41:00Z,-453,AA/ ORD,2012
AA,ORD,arr,1970-01-01T09:51:00Z,-374,AA/ ORD,2012
AA,ORD,arr,1970-01-01T10:01:00Z,-296,AA/ ORD,2012
AA,ORD,arr,1970-01-01T10:11:00Z,-290,AA/ ORD,2012
AA,ORD,arr,1970-01-01T10:21:00Z,-330,AA/ ORD,2012
AA,ORD,arr,1970-01-01T10:31:00Z,-370,AA/ ORD,2012
AA,ORD,arr,1970-01-01T10:41:00Z,-376,AA/ ORD,2012
AA,ORD,arr,1970-01-01T10:51:00Z,-408,AA/ ORD,2012
AA,ORD,arr,1970-01-01T11:01:00Z,-462,AA/ ORD,2012
AA,ORD,arr,1970-01-01T11:11:00Z,-511,AA/ ORD,2012
AA,ORD,arr,1970-01-01T11:21:00Z,-474,AA/ ORD,2012
AA,ORD,arr,1970-01-01T11:31:00Z,-505,AA/ ORD,2012
AA,ORD,arr,1970-01-01T11:41:00Z,-621,AA/ ORD,2012
AA,ORD,arr,1970-01-01T11:51:00Z,-647,AA/ ORD,2012
AA,ORD,arr,1970-01-01T12:01:00Z,-560,AA/ ORD,2012
AA,ORD,arr,1970-01-01T12:11:00Z,-460,AA/ ORD,2012
AA,ORD,arr,1970-01-01T12:21:00Z,-510,AA/ ORD,2012
AA,ORD,arr,1970-01-01T12:31:00Z,-491,AA/ ORD,2012
AA,ORD,arr,1970-01-01T12:41:00Z,-456,AA/ ORD,2012
AA,ORD,arr,1970-01-01T12:51:00Z,-404,AA/ ORD,2012
AA,ORD,arr,1970-01-01T13:01:00Z,-428,AA/ ORD,2012
AA,ORD,arr,1970-01-01T13:11:00Z,-375,AA/ ORD,2012
AA,ORD,arr,1970-01-01T13:21:00Z,-417,AA/ ORD,2012
AA,ORD,arr,1970-01-01T13:31:00Z,-484,AA/ ORD,2012
AA,ORD,arr,1970-01-01T13:41:00Z,-497,AA/ ORD,2012
AA,ORD,arr,1970-01-01T13:51:00Z,-549,AA/ ORD,2012
AA,ORD,arr,1970-01-01T14:01:00Z,-579,AA/ ORD,2012
AA,ORD,arr,1970-01-01T14:11:00Z,-582,AA/ ORD,2012
AA,ORD,arr,1970-01-01T14:21:00Z,-504,AA/ ORD,2012
AA,ORD,arr,1970-01-01T14:31:00Z,-557,AA/ ORD,2012
AA,ORD,arr,1970-01-01T14:41:00Z,-574,AA/ ORD,2012
AA,ORD,arr,1970-01-01T14:51:00Z,-563,AA/ ORD,2012
AA,ORD,arr,1970-01-01T15:01:00Z,-534,AA/ ORD,2012
AA,ORD,arr,1970-01-01T15:11:00Z,-612,AA/ ORD,2012
AA,ORD,arr,1970-01-01T15:21:00Z,-579,AA/ ORD,2012
AA,ORD,arr,1970-01-01T15:31:00Z,-434,AA/ ORD,2012
AA,ORD,arr,1970-01-01T15:41:00Z,-330,AA/ ORD,2012
AA,ORD,arr,1970-01-01T15:51:00Z,-262,AA/ ORD,2012
AA,ORD,arr,1970-01-01T16:01:00Z,-356,AA/ ORD,2012
AA,ORD,arr,1970-01-01T16:11:00Z,-446,AA/ ORD,2012
AA,ORD,arr,1970-01-01T16:21:00Z,-410,AA/ ORD,2012
AA,ORD,arr,1970-01-01T16:31:00Z,-501,AA/ ORD,2012
AA,ORD,arr,1970-01-01T16:41:00Z,-500,AA/ ORD,2012
AA,ORD,arr,1970-01-01T16:51:00Z,-588,AA/ ORD,2012
AA,ORD,arr,1970-01-01T17:01:00Z,-578,AA/ ORD,2012
AA,ORD,arr,1970-01-01T17:11:00Z,-628,AA/ ORD,2012
AA,ORD,arr,1970-01-01T17:21:00Z,-628,AA/ ORD,2012
AA,ORD,arr,1970-01-01T17:31:00Z,-622,AA/ ORD,2012
AA,ORD,arr,1970-01-01T17:41:00Z,-683,AA/ ORD,2012
AA,ORD,arr,1970-01-01T17:51:00Z,-624,AA/ ORD,2012
AA,ORD,arr,1970-01-01T18:01:00Z,-550,AA/ ORD,2012
AA,ORD,arr,1970-01-01T18:11:00Z,-592,AA/ ORD,2012
AA,ORD,arr,1970-01-01T18:21:00Z,-604,AA/ ORD,2012
AA,ORD,arr,1970-01-01T18:31:00Z,-615,AA/ ORD,2012
AA,ORD,arr,1970-01-01T18:41:00Z,-709,AA/ ORD,2012
AA,ORD,arr,1970-01-01T18:51:00Z,-687,AA/ ORD,2012
AA,ORD,arr,1970-01-01T19:01:00Z,-651,AA/ ORD,2012
AA,ORD,arr,1970-01-01T19:11:00Z,-598,AA/ ORD,2012
AA,ORD,arr,1970-01-01T19:21:00Z,-608,AA/ ORD,2012
AA,ORD,arr,1970-01-01T19:31:00Z,-618,AA/ ORD,2012
AA,ORD,arr,1970-01-01T19:41:00Z,-545,AA/ ORD,2012
AA,ORD,arr,1970-01-01T19:51:00Z,-453,AA/ ORD,2012
AA,ORD,arr,1970-01-01T20:01:00Z,-498,AA/ ORD,2012
AA,ORD,arr,1970-01-01T20:11:00Z,-523,AA/ ORD,2012
AA,ORD,arr,1970-01-01T20:21:00Z,-565,AA/ ORD,2012
AA,ORD,arr,1970-01-01T20:31:00Z,-510,AA/ ORD,2012
AA,ORD,arr,1970-01-01T20:41:00Z,-422,AA/ ORD,2012
AA,ORD,arr,1970-01-01T20:51:00Z,-422,AA/ ORD,2012
AA,ORD,arr,1970-01-01T21:01:00Z,-426,AA/ ORD,2012
AA,ORD,arr,1970-01-01T21:11:00Z,-477,AA/ ORD,2012
AA,ORD,arr,1970-01-01T21:21:00Z,-467,AA/ ORD,2012
AA,ORD,arr,1970-01-01T21:31:00Z,-484,AA/ ORD,2012
AA,ORD,arr,1970-01-01T21:41:00Z,-461,AA/ ORD,2012
AA,ORD,arr,1970-01-01T21:51:00Z,-400,AA/ ORD,2012
AA,ORD,arr,1970-01-01T22:01:00Z,-384,AA/ ORD,2012
AA,ORD,arr,1970-01-01T22:11:00Z,-344,AA/ ORD,2012
AA,ORD,arr,1970-01-01T22:21:00Z,-275,AA/ ORD,2012
AA,ORD,arr,1970-01-01T22:31:00Z,-278,AA/ ORD,2012
AA,ORD,arr,1970-01-01T22:41:00Z,-219,AA/ ORD,2012
AA,ORD,arr,1970-01-01T22:51:00Z,-225,AA/ ORD,2012
AA,ORD,arr,1970-01-01T23:01:00Z,-240,AA/ ORD,2012
AA,ORD,arr,1970-01-01T23:11:00Z,-231,AA/ ORD,2012
AA,ORD,arr,1970-01-01T23:21:00Z,-248,AA/ ORD,2012
AA,ORD,arr,1970-01-01T23:31:00Z,-234,AA/ ORD,2012
AA,ORD,arr,1970-01-01T23:41:00Z,-208,AA/ ORD,2012
AA,ORD,arr,1970-01-01T23:51:00Z,-171,AA/ ORD,2012
AA,ORD,dep,1970-01-01T00:01:00Z,14,AA/ ORD,2012
AA,ORD,dep,1970-01-01T00:11:00Z,9,AA/ ORD,2012
AA,ORD,dep,1970-01-01T00:21:00Z,6,AA/ ORD,2012
AA,ORD,dep,1970-01-01T00:31:00Z,3,AA/ ORD,2012
AA,ORD,dep,1970-01-01T00:41:00Z,3,AA/ ORD,2012
AA,ORD,dep,1970-01-01T00:51:00Z,3,AA/ ORD,2012
AA,ORD,dep,1970-01-01T01:01:00Z,3,AA/ ORD,2012
AA,ORD,dep,1970-01-01T01:11:00Z,1,AA/ ORD,2012
AA,ORD,dep,1970-01-01T01:31:00Z,2,AA/ ORD,2012
AA,ORD,dep,1970-01-01T01:51:00Z,1,AA/ ORD,2012
AA,ORD,dep,1970-01-01T02:11:00Z,1,AA/ ORD,2012
AA,ORD,dep,1970-01-01T05:21:00Z,222,AA/ ORD,2012
AA,ORD,dep,1970-01-01T05:31:00Z,76,AA/ ORD,2012
AA,ORD,dep,1970-01-01T05:41:00Z,24,AA/ ORD,2012
AA,ORD,dep,1970-01-01T05:51:00Z,504,AA/ ORD,2012
AA,ORD,dep,1970-01-01T06:01:00Z,127,AA/ ORD,2012
AA,ORD,dep,1970-01-01T06:11:00Z,238,AA/ ORD,2012
AA,ORD,dep,1970-01-01T06:21:00Z,255,AA/ ORD,2012
AA,ORD,dep,1970-01-01T06:31:00Z,483,AA/ ORD,2012
AA,ORD,dep,1970-01-01T06:41:00Z,396,AA/ ORD,2012
AA,ORD,dep,1970-01-01T06:51:00Z,580,AA/ ORD,2012
AA,ORD,dep,1970-01-01T07:01:00Z,687,AA/ ORD,2012
AA,ORD,dep,1970-01-01T07:11:00Z,506,AA/ ORD,2012
AA,ORD,dep,1970-01-01T07:21:00Z,525,AA/ ORD,2012
AA,ORD,dep,1970-01-01T07:31:00Z,356,AA/ ORD,2012
AA,ORD,dep,1970-01-01T07:41:00Z,354,AA/ ORD,2012
AA,ORD,dep,1970-01-01T07:51:00Z,360,AA/ ORD,2012
AA,ORD,dep,1970-01-01T08:01:00Z,340,AA/ ORD,2012
AA,ORD,dep,1970-01-01T08:11:00Z,401,AA/ ORD,2012
AA,ORD,dep,1970-01-01T08:21:00Z,873,AA/ ORD,2012
AA,ORD,dep,1970-01-01T08:31:00Z,622,AA/ ORD,2012
AA,ORD,dep,1970-01-01T08:41:00Z,571,AA/ ORD,2012
AA,ORD,dep,1970-01-01T08:51:00Z,668,AA/ ORD,2012
AA,ORD,dep,1970-01-01T09:01:00Z,725,AA/ ORD,2012
AA,ORD,dep,1970-01-01T09:11:00Z,448,AA/ ORD,2012
AA,ORD,dep,1970-01-01T09:21:00Z,571,AA/ ORD,2012
AA,ORD,dep,1970-01-01T09:31:00Z,334,AA/ ORD,2012
AA,ORD,dep,1970-01-01T09:41:00Z,493,AA/ ORD,2012
AA,ORD,dep,1970-01-01T09:51:00Z,625,AA/ ORD,2012
AA,ORD,dep,1970-01-01T10:01:00Z,659,AA/ ORD,2012
AA,ORD,dep,1970-01-01T10:11:00Z,631,AA/ ORD,2012
AA,ORD,dep,1970-01-01T10:21:00Z,915,AA/ ORD,2012
AA,ORD,dep,1970-01-01T10:31:00Z,628,AA/ ORD,2012
AA,ORD,dep,1970-01-01T10:41:00Z,508,AA/ ORD,2012
AA,ORD,dep,1970-01-01T10:51:00Z,616,AA/ ORD,2012
AA,ORD,dep,1970-01-01T11:01:00Z,531,AA/ ORD,2012
AA,ORD,dep,1970-01-01T11:11:00Z,299,AA/ ORD,2012
AA,ORD,dep,1970-01-01T11:21:00Z,393,AA/ ORD,2012
AA,ORD,dep,1970-01-01T11:31:00Z,290,AA/ ORD,2012
AA,ORD,dep,1970-01-01T11:41:00Z,495,AA/ ORD,2012
AA,ORD,dep,1970-01-01T11:51:00Z,400,AA/ ORD,2012
AA,ORD,dep,1970-01-01T12:01:00Z,331,AA/ ORD,2012
AA,ORD,dep,1970-01-01T12:11:00Z,415,AA/ ORD,2012
AA,ORD,dep,1970-01-01T12:21:00Z,510,AA/ ORD,2012
AA,ORD,dep,1970-01-01T12:31:00Z,363,AA/ ORD,2012
AA,ORD,dep,1970-01-01T12:41:00Z,491,AA/ ORD,2012
AA,ORD,dep,1970-01-01T12:51:00Z,657,AA/ ORD,2012
AA,ORD,dep,1970-01-01T13:01:00Z,697,AA/ ORD,2012
AA,ORD,dep,1970-01-01T13:11:00Z,593,AA/ ORD,2012
AA,ORD,dep,1970-01-01T13:21:00Z,393,AA/ ORD,2012
AA,ORD,dep,1970-01-01T13:31:00Z,417,AA/ ORD,2012
AA,ORD,dep,1970-01-01T13:41:00Z,480,AA/ ORD,2012
AA,ORD,dep,1970-01-01T13:51:00Z,635,AA/ ORD,2012
AA,ORD,dep,1970-01-01T14:01:00Z,509,AA/ ORD,2012
AA,ORD,dep,1970-01-01T14:11:00Z,370,AA/ ORD,2012
AA,ORD,dep,1970-01-01T14:21:00Z,496,AA/ ORD,2012
AA,ORD,dep,1970-01-01T14:31:00Z,436,AA/ ORD,2012
AA,ORD,dep,1970-01-01T14:41:00Z,396,AA/ ORD,2012
AA,ORD,dep,1970-01-01T14:51:00Z,485,AA/ ORD,2012
AA,ORD,dep,1970-01-01T15:01:00Z,727,AA/ ORD,2012
AA,ORD,dep,1970-01-01T15:11:00Z,605,AA/ ORD,2012
AA,ORD,dep,1970-01-01T15:21:00Z,408,AA/ ORD,2012
AA,ORD,dep,1970-01-01T15:31:00Z,583,AA/ ORD,2012
AA,ORD,dep,1970-01-01T15:41:00Z,598,AA/ ORD,2012
AA,ORD,dep,1970-01-01T15:51:00Z,524,AA/ ORD,2012
AA,ORD,dep,1970-01-01T16:01:00Z,402,AA/ ORD,2012
AA,ORD,dep,1970-01-01T16:11:00Z,449,AA/ ORD,2012
AA,ORD,dep,1970-01-01T16:21:00Z,669,AA/ ORD,2012
AA,ORD,dep,1970-01-01T16:31:00Z,478,AA/ ORD,2012
AA,ORD,dep,1970-01-01T16:41:00Z,292,AA/ ORD,2012
AA,ORD,dep,1970-01-01T16:51:00Z,277,AA/ ORD,2012
AA,ORD,dep,1970-01-01T17:01:00Z,360,AA/ ORD,2012
AA,ORD,dep,1970-01-01T17:11:00Z,357,AA/ ORD,2012
AA,ORD,dep,1970-01-01T17:21:00Z,507,AA/ ORD,2012
AA,ORD,dep,1970-01-01T17:31:00Z,505,AA/ ORD,2012
AA,ORD,dep,1970-01-01T17:41:00Z,490,AA/ ORD,2012
AA,ORD,dep,1970-01-01T17:51:00Z,430,AA/ ORD,2012
AA,ORD,dep,1970-01-01T18:01:00Z,478,AA/ ORD,2012
AA,ORD,dep,1970-01-01T18:11:00Z,724,AA/ ORD,2012
AA,ORD,dep,1970-01-01T18:21:00Z,569,AA/ ORD,2012
AA,ORD,dep,1970-01-01T18:31:00Z,625,AA/ ORD,2012
AA,ORD,dep,1970-01-01T18:41:00Z,615,AA/ ORD,2012
AA,ORD,dep,1970-01-01T18:51:00Z,607,AA/ ORD,2012
AA,ORD,dep,1970-01-01T19:01:00Z,552,AA/ ORD,2012
AA,ORD,dep,1970-01-01T19:11:00Z,816,AA/ ORD,2012
AA,ORD,dep,1970-01-01T19:21:00Z,498,AA/ ORD,2012
AA,ORD,dep,1970-01-01T19:31:00Z,510,AA/ ORD,2012
AA,ORD,dep,1970-01-01T19:41:00Z,685,AA/ ORD,2012
AA,ORD,dep,1970-01-01T19:51:00Z,729,AA/ ORD,2012
AA,ORD,dep,1970-01-01T20:01:00Z,614,AA/ ORD,2012
AA,ORD,dep,1970-01-01T20:11:00Z,685,AA/ ORD,2012
AA,ORD,dep,1970-01-01T20:21:00Z,499,AA/ ORD,2012
AA,ORD,dep,1970-01-01T20:31:00Z,514,AA/ ORD,2012
AA,ORD,dep,1970-01-01T20:41:00Z,396,AA/ ORD,2012
AA,ORD,dep,1970-01-01T20:51:00Z,427,AA/ ORD,2012
AA,ORD,dep,1970-01-01T21:01:00Z,333,AA/ ORD,2012
AA,ORD,dep,1970-01-01T21:11:00Z,277,AA/ ORD,2012
AA,ORD,dep,1970-01-01T21:21:00Z,325,AA/ ORD,2012
AA,ORD,dep,1970-01-01T21:31:00Z,181,AA/ ORD,2012
AA,ORD,dep,1970-01-01T21:41:00Z,225,AA/ ORD,2012
AA,ORD,dep,1970-01-01T21:51:00Z,271,AA/ ORD,2012
AA,ORD,dep,1970-01-01T22:01:00Z,279,AA/ ORD,2012
AA,ORD,dep,1970-01-01T22:11:00Z,267,AA/ ORD,2012
AA,ORD,dep,1970-01-01T22:21:00Z,271,AA/ ORD,2012
AA,ORD,dep,1970-01-01T22:31:00Z,128,AA/ ORD,2012
AA,ORD,dep,1970-01-01T22:41:00Z,68,AA/ ORD,2012
AA,ORD,dep,1970-01-01T22:51:00Z,50,AA/ ORD,2012
AA,ORD,dep,1970-01-01T23:01:00Z,44,AA/ ORD,2012
AA,ORD,dep,1970-01-01T23:11:00Z,34,AA/ ORD,2012
AA,ORD,dep,1970-01-01T23:21:00Z,25,AA/ ORD,2012
AA,ORD,dep,1970-01-01T23:31:00Z,24,AA/ ORD,2012
AA,ORD,dep,1970-01-01T23:41:00Z,24,AA/ ORD,2012
AA,ORD,dep,1970-01-01T23:51:00Z,12,AA/ ORD,2012
UA,ORD,arr,1970-01-01T00:01:00Z,-138,UA/ ORD,2012
UA,ORD,arr,1970-01-01T00:11:00Z,-85,UA/ ORD,2012
UA,ORD,arr,1970-01-01T00:21:00Z,-102,UA/ ORD,2012
UA,ORD,arr,1970-01-01T00:31:00Z,-114,UA/ ORD,2012
UA,ORD,arr,1970-01-01T00:41:00Z,-128,UA/ ORD,2012
UA,ORD,arr,1970-01-01T00:51:00Z,-109,UA/ ORD,2012
UA,ORD,arr,1970-01-01T01:01:00Z,-90,UA/ ORD,2012
UA,ORD,arr,1970-01-01T01:11:00Z,-85,UA/ ORD,2012
UA,ORD,arr,1970-01-01T01:21:00Z,-50,UA/ ORD,2012
UA,ORD,arr,1970-01-01T01:31:00Z,-43,UA/ ORD,2012
UA,ORD,arr,1970-01-01T01:41:00Z,-34,UA/ ORD,2012
UA,ORD,arr,1970-01-01T01:51:00Z,-23,UA/ ORD,2012
UA,ORD,arr,1970-01-01T02:01:00Z,-23,UA/ ORD,2012
UA,ORD,arr,1970-01-01T02:11:00Z,-21,UA/ ORD,2012
UA,ORD,arr,1970-01-01T02:21:00Z,-17,UA/ ORD,2012
UA,ORD,arr,1970-01-01T02:31:00Z,-12,UA/ ORD,2012
UA,ORD,arr,1970-01-01T02:41:00Z,-6,UA/ ORD,2012
UA,ORD,arr,1970-01-01T02:51:00Z,-10,UA/ ORD,2012
UA,ORD,arr,1970-01-01T03:01:00Z,-7,UA/ ORD,2012
UA,ORD,arr,1970-01-01T03:11:00Z,-6,UA/ ORD,2012
UA,ORD,arr,1970-01-01T03:21:00Z,-6,UA/ ORD,2012
UA,ORD,arr,1970-01-01T03:31:00Z,-6,UA/ ORD,2012
UA,ORD,arr,1970-01-01T03:41:00Z,-6,UA/ ORD,2012
UA,ORD,arr,1970-01-01T03:51:00Z,-3,UA/ ORD,2012
UA,ORD,arr,1970-01-01T04:01:00Z,-8,UA/ ORD,2012
UA,ORD,arr,1970-01-01T04:11:00Z,-34,UA/ ORD,2012
UA,ORD,arr,1970-01-01T04:21:00Z,-108,UA/ ORD,2012
UA,ORD,arr,1970-01-01T04:31:00Z,-211,UA/ ORD,2012
UA,ORD,arr,1970-01-01T04:41:00Z,-349,UA/ ORD,2012
UA,ORD,arr,1970-01-01T04:51:00Z,-445,UA/ ORD,2012
UA,ORD,arr,1970-01-01T05:01:00Z,-427,UA/ ORD,2012
UA,ORD,arr,1970-01-01T05:11:00Z,-316,UA/ ORD,2012
UA,ORD,arr,1970-01-01T05:21:00Z,-202,UA/ ORD,2012
UA,ORD,arr,1970-01-01T05:31:00Z,-143,UA/ ORD,2012
UA,ORD,arr,1970-01-01T05:41:00Z,-131,UA/ ORD,2012
UA,ORD,arr,1970-01-01T05:51:00Z,-101,UA/ ORD,2012
UA,ORD,arr,1970-01-01T06:01:00Z,-67,UA/ ORD,2012
UA,ORD,arr,1970-01-01T06:11:00Z,-72,UA/ ORD,2012
UA,ORD,arr,1970-01-01T06:21:00Z,-70,UA/ ORD,2012
UA,ORD,arr,1970-01-01T06:31:00Z,-162,UA/ ORD,2012
UA,ORD,arr,1970-01-01T06:41:00Z,-337,UA/ ORD,2012
UA,ORD,arr,1970-01-01T06:51:00Z,-510,UA/ ORD,2012
UA,ORD,arr,1970-01-01T07:01:00Z,-523,UA/ ORD,2012
UA,ORD,arr,1970-01-01T07:11:00Z,-506,UA/ ORD,2012
UA,ORD,arr,1970-01-01T07:21:00Z,-549,UA/ ORD,2012
UA,ORD,arr,1970-01-01T07:31:00Z,-658,UA/ ORD,2012
UA,ORD,arr,1970-01-01T07:41:00Z,-724,UA/ ORD,2012
UA,ORD,arr,1970-01-01T07:51:00Z,-745,UA/ ORD,2012
UA,ORD,arr,1970-01-01T08:01:00Z,-656,UA/ ORD,2012
UA,ORD,arr,1970-01-01T08:11:00Z,-688,UA/ ORD,2012
UA,ORD,arr,1970-01-01T08:21:00Z,-789,UA/ ORD,2012
UA,ORD,arr,1970-01-01T08:31:00Z,-1053,UA/ ORD,2012
UA,ORD,arr,1970-01-01T08:41:00Z,-920,UA/ ORD,2012
UA,ORD,arr,1970-01-01T08:51:00Z,-662,UA/ ORD,2012
UA,ORD,arr,1970-01-01T09:01:00Z,-600,UA/ ORD,2012
UA,ORD,arr,1970-01-01T09:11:00Z,-573,UA/ ORD,2012
UA,ORD,arr,1970-01-01T09:21:00Z,-452,UA/ ORD,2012
UA,ORD,arr,1970-01-01T09:31:00Z,-403,UA/ ORD,2012
UA,ORD,arr,1970-01-01T09:41:00Z,-354,UA/ ORD,2012
UA,ORD,arr,1970-01-01T09:51:00Z,-389,UA/ ORD,2012
UA,ORD,arr,1970-01-01T10:01:00Z,-371,UA/ ORD,2012
UA,ORD,arr,1970-01-01T10:11:00Z,-488,UA/ ORD,2012
UA,ORD,arr,1970-01-01T10:21:00Z,-557,UA/ ORD,2012
UA,ORD,arr,1970-01-01T10:31:00Z,-572,UA/ ORD,2012
UA,ORD,arr,1970-01-01T10:41:00Z,-617,UA/ ORD,2012
UA,ORD,arr,1970-01-01T10:51:00Z,-518,UA/ ORD,2012
UA,ORD,arr,1970-01-01T11:01:00Z,-563,UA/ ORD,2012
UA,ORD,arr,1970-01-01T11:11:00Z,-462,UA/ ORD,2012
UA,ORD,arr,1970-01-01T11:21:00Z,-534,UA/ ORD,2012
UA,ORD,arr,1970-01-01T11:31:00Z,-555,UA/ ORD,2012
UA,ORD,arr,1970-01-01T11:41:00Z,-673,UA/ ORD,2012
UA,ORD,arr,1970-01-01T11:51:00Z,-681,UA/ ORD,2012
UA,ORD,arr,1970-01-01T12:01:00Z,-782,UA/ ORD,2012
UA,ORD,arr,1970-01-01T12:11:00Z,-795,UA/ ORD,2012
UA,ORD,arr,1970-01-01T12:21:00Z,-700,UA/ ORD,2012
UA,ORD,arr,1970-01-01T12:31:00Z,-580,UA/ ORD,2012
UA,ORD,arr,1970-01-01T12:41:00Z,-569,UA/ ORD,2012
UA,ORD,arr,1970-01-01T12:51:00Z,-504,UA/ ORD,2012
UA,ORD,arr,1970-01-01T13:01:00Z,-522,UA/ ORD,2012
UA,ORD,arr,1970-01-01T13:11:00Z,-483,UA/ ORD,2012
UA,ORD,arr,1970-01-01T13:21:00Z,-563,UA/ ORD,2012
UA,ORD,arr,1970-01-01T13:31:00Z,-480,UA/ ORD,2012
UA,ORD,arr,1970-01-01T13:41:00Z,-548,UA/ ORD,2012
UA,ORD,arr,1970-01-01T13:51:00Z,-580,UA/ ORD,2012
UA,ORD,arr,1970-01-01T14:01:00Z,-565,UA/ ORD,2012
UA,ORD,arr,1970-01-01T14:11:00Z,-584,UA/ ORD,2012
UA,ORD,arr,1970-01-01T14:21:00Z,-531,UA/ ORD,2012
UA,ORD,arr,1970-01-01T14:31:00Z,-500,UA/ ORD,2012
UA,ORD,arr,1970-01-01T14:41:00Z,-507,UA/ ORD,2012
UA,ORD,arr,1970-01-01T14:51:00Z,-482,UA/ ORD,2012
UA,ORD,arr,1970-01-01T15:01:00Z,-465,UA/ ORD,2012
UA,ORD,arr,1970-01-01T15:11:00Z,-417,UA/ ORD,2012
UA,ORD,arr,1970-01-01T15:21:00Z,-401,UA/ ORD,2012
UA,ORD,arr,1970-01-01T15:31:00Z,-423,UA/ ORD,2012
UA,ORD,arr,1970-01-01T15:41:00Z,-544,UA/ ORD,2012
UA,ORD,arr,1970-01-01T15:51:00Z,-574,UA/ ORD,2012
UA,ORD,arr,1970-01-01T16:01:00Z,-632,UA/ ORD,2012
UA,ORD,arr,1970-01-01T16:11:00Z,-671,UA/ ORD,2012
UA,ORD,arr,1970-01-01T16:21:00Z,-708,UA/ ORD,2012
UA,ORD,arr,1970-01-01T16:31:00Z,-645,UA/ ORD,2012
UA,ORD,arr,1970-01-01T16:41:00Z,-801,UA/ ORD,2012
UA,ORD,arr,1970-01-01T16:51:00Z,-811,UA/ ORD,2012
UA,ORD,arr,1970-01-01T17:01:00Z,-807,UA/ ORD,2012
UA,ORD,arr,1970-01-01T17:11:00Z,-853,UA/ ORD,2012
UA,ORD,arr,1970-01-01T17:21:00Z,-696,UA/ ORD,2012
UA,ORD,arr,1970-01-01T17:31:00Z,-638,UA/ ORD,2012
UA,ORD,arr,1970-01-01T17:41:00Z,-587,UA/ ORD,2012
UA,ORD,arr,1970-01-01T17:51:00Z,-608,UA/ ORD,2012
UA,ORD,arr,1970-01-01T18:01:00Z,-640,UA/ ORD,2012
UA,ORD,arr,1970-01-01T18:11:00Z,-812,UA/ ORD,2012
UA,ORD,arr,1970-01-01T18:21:00Z,-819,UA/ ORD,2012
UA,ORD,arr,1970-01-01T18:31:00Z,-852,UA/ ORD,2012
UA,ORD,arr,1970-01-01T18:41:00Z,-772,UA/ ORD,2012
UA,ORD,arr,1970-01-01T18:51:00Z,-827,UA/ ORD,2012
UA,ORD,arr,1970-01-01T19:01:00Z,-757,UA/ ORD,2012
UA,ORD,arr,1970-01-01T19:11:00Z,-819,UA/ ORD,2012
UA,ORD,arr,1970-01-01T19:21:00Z,-865,UA/ ORD,2012
UA,ORD,arr,1970-01-01T19:31:00Z,-809,UA/ ORD,2012
UA,ORD,arr,1970-01-01T19:41:00Z,-679,UA/ ORD,2012
UA,ORD,arr,1970-01-01T19:51:00Z,-602,UA/ ORD,2012
UA,ORD,arr,1970-01-01T20:01:00Z,-592,UA/ ORD,2012
UA,ORD,arr,1970-01-01T20:11:00Z,-590,UA/ ORD,2012
UA,ORD,arr,1970-01-01T20:21:00Z,-535,UA/ ORD,2012
UA,ORD,arr,1970-01-01T20:31:00Z,-469,UA/ ORD,2012
UA,ORD,arr,1970-01-01T20:41:00Z,-388,UA/ ORD,2012
UA,ORD,arr,1970-01-01T20:51:00Z,-332,UA/ ORD,2012
UA,ORD,arr,1970-01-01T21:01:00Z,-307,UA/ ORD,2012
UA,ORD,arr,1970-01-01T21:11:00Z,-312,UA/ ORD,2012
UA,ORD,arr,1970-01-01T21:21:00Z,-316,UA/ ORD,2012
UA,ORD,arr,1970-01-01T21:31:00Z,-299,UA/ ORD,2012
UA,ORD,arr,1970-01-01T21:41:00Z,-343,UA/ ORD,2012
UA,ORD,arr,1970-01-01T21:51:00Z,-276,UA/ ORD,2012
UA,ORD,arr,1970-01-01T22:01:00Z,-236,UA/ ORD,2012
UA,ORD,arr,1970-01-01T22:11:00Z,-193,UA/ ORD,2012
UA,ORD,arr,1970-01-01T22:21:00Z,-206,UA/ ORD,2012
UA,ORD,arr,1970-01-01T22:31:00Z,-205,UA/ ORD,2012
UA,ORD,arr,1970-01-01T22:41:00Z,-247,UA/ ORD,2012
UA,ORD,arr,1970-01-01T22:51:00Z,-209,UA/ ORD,2012
UA,ORD,arr,1970-01-01T23:01:00Z,-179,UA/ ORD,2012
UA,ORD,arr,1970-01-01T23:11:00Z,-195,UA/ ORD,2012
UA,ORD,arr,1970-01-01T23:21:00Z,-173,UA/ ORD,2012
UA,ORD,arr,1970-01-01T23:31:00Z,-172,UA/ ORD,2012
UA,ORD,arr,1970-01-01T23:41:00Z,-194,UA/ ORD,2012
UA,ORD,arr,1970-01-01T23:51:00Z,-174,UA/ ORD,2012
UA,ORD,dep,1970-01-01T00:01:00Z,23,UA/ ORD,2012
UA,ORD,dep,1970-01-01T00:11:00Z,21,UA/ ORD,2012
UA,ORD,dep,1970-01-01T00:21:00Z,17,UA/ ORD,2012
UA,ORD,dep,1970-01-01T00:31:00Z,14,UA/ ORD,2012
UA,ORD,dep,1970-01-01T00:41:00Z,11,UA/ ORD,2012
UA,ORD,dep,1970-01-01T00:51:00Z,5,UA/ ORD,2012
UA,ORD,dep,1970-01-01T01:01:00Z,12,UA/ ORD,2012
UA,ORD,dep,1970-01-01T01:11:00Z,4,UA/ ORD,2012
UA,ORD,dep,1970-01-01T01:21:00Z,3,UA/ ORD,2012
UA,ORD,dep,1970-01-01T01:31:00Z,7,UA/ ORD,2012
UA,ORD,dep,1970-01-01T01:41:00Z,3,UA/ ORD,2012
UA,ORD,dep,1970-01-01T01:51:00Z,6,UA/ ORD,2012
UA,ORD,dep,1970-01-01T02:01:00Z,1,UA/ ORD,2012
UA,ORD,dep,1970-01-01T02:11:00Z,2,UA/ ORD,2012
UA,ORD,dep,1970-01-01T02:31:00Z,1,UA/ ORD,2012
UA,ORD,dep,1970-01-01T02:41:00Z,1,UA/ ORD,2012
UA,ORD,dep,1970-01-01T02:51:00Z,2,UA/ ORD,2012
UA,ORD,dep,1970-01-01T03:21:00Z,1,UA/ ORD,2012
UA,ORD,dep,1970-01-01T05:01:00Z,31,UA/ ORD,2012
UA,ORD,dep,1970-01-01T05:11:00Z,46,UA/ ORD,2012
UA,ORD,dep,1970-01-01T05:21:00Z,103,UA/ ORD,2012
UA,ORD,dep,1970-01-01T05:31:00Z,94,UA/ ORD,2012
UA,ORD,dep,1970-01-01T05:41:00Z,137,UA/ ORD,2012
UA,ORD,dep,1970-01-01T05:51:00Z,1271,UA/ ORD,2012
UA,ORD,dep,1970-01-01T06:01:00Z,904,UA/ ORD,2012
UA,ORD,dep,1970-01-01T06:11:00Z,367,UA/ ORD,2012
UA,ORD,dep,1970-01-01T06:21:00Z,295,UA/ ORD,2012
UA,ORD,dep,1970-01-01T06:31:00Z,218,UA/ ORD,2012
UA,ORD,dep,1970-01-01T06:41:00Z,340,UA/ ORD,2012
UA,ORD,dep,1970-01-01T06:51:00Z,804,UA/ ORD,2012
UA,ORD,dep,1970-01-01T07:01:00Z,492,UA/ ORD,2012
UA,ORD,dep,1970-01-01T07:11:00Z,237,UA/ ORD,2012
UA,ORD,dep,1970-01-01T07:21:00Z,110,UA/ ORD,2012
UA,ORD,dep,1970-01-01T07:31:00Z,83,UA/ ORD,2012
UA,ORD,dep,1970-01-01T07:41:00Z,150,UA/ ORD,2012
UA,ORD,dep,1970-01-01T07:51:00Z,701,UA/ ORD,2012
UA,ORD,dep,1970-01-01T08:01:00Z,988,UA/ ORD,2012
UA,ORD,dep,1970-01-01T08:11:00Z,770,UA/ ORD,2012
UA,ORD,dep,1970-01-01T08:21:00Z,474,UA/ ORD,2012
UA,ORD,dep,1970-01-01T08:31:00Z,362,UA/ ORD,2012
UA,ORD,dep,1970-01-01T08:41:00Z,479,UA/ ORD,2012
UA,ORD,dep,1970-01-01T08:51:00Z,1124,UA/ ORD,2012
UA,ORD,dep,1970-01-01T09:01:00Z,775,UA/ ORD,2012
UA,ORD,dep,1970-01-01T09:11:00Z,496,UA/ ORD,2012
UA,ORD,dep,1970-01-01T09:21:00Z,578,UA/ ORD,2012
UA,ORD,dep,1970-01-01T09:31:00Z,630,UA/ ORD,2012
UA,ORD,dep,1970-01-01T09:41:00Z,1051,UA/ ORD,2012
UA,ORD,dep,1970-01-01T09:51:00Z,1140,UA/ ORD,2012
UA,ORD,dep,1970-01-01T10:01:00Z,777,UA/ ORD,2012
UA,ORD,dep,1970-01-01T10:11:00Z,547,UA/ ORD,2012
UA,ORD,dep,1970-01-01T10:21:00Z,485,UA/ ORD,2012
UA,ORD,dep,1970-01-01T10:31:00Z,416,UA/ ORD,2012
UA,ORD,dep,1970-01-01T10:41:00Z,300,UA/ ORD,2012
UA,ORD,dep,1970-01-01T10:51:00Z,653,UA/ ORD,2012
UA,ORD,dep,1970-01-01T11:01:00Z,390,UA/ ORD,2012
UA,ORD,dep,1970-01-01T11:11:00Z,285,UA/ ORD,2012
UA,ORD,dep,1970-01-01T11:21:00Z,268,UA/ ORD,2012
UA,ORD,dep,1970-01-01T11:31:00Z,172,UA/ ORD,2012
UA,ORD,dep,1970-01-01T11:41:00Z,250,UA/ ORD,2012
UA,ORD,dep,1970-01-01T11:51:00Z,1305,UA/ ORD,2012
UA,ORD,dep,1970-01-01T12:01:00Z,960,UA/ ORD,2012
UA,ORD,dep,1970-01-01T12:11:00Z,611,UA/ ORD,2012
UA,ORD,dep,1970-01-01T12:21:00Z,430,UA/ ORD,2012
UA,ORD,dep,1970-01-01T12:31:00Z,315,UA/ ORD,2012
UA,ORD,dep,1970-01-01T12:41:00Z,186,UA/ ORD,2012
UA,ORD,dep,1970-01-01T12:51:00Z,507,UA/ ORD,2012
UA,ORD,dep,1970-01-01T13:01:00Z,1198,UA/ ORD,2012
UA,ORD,dep,1970-01-01T13:11:00Z,1458,UA/ ORD,2012
UA,ORD,dep,1970-01-01T13:21:00Z,1054,UA/ ORD,2012
UA,ORD,dep,1970-01-01T13:31:00Z,794,UA/ ORD,2012
UA,ORD,dep,1970-01-01T13:41:00Z,509,UA/ ORD,2012
UA,ORD,dep,1970-01-01T13:51:00Z,589,UA/ ORD,2012
UA,ORD,dep,1970-01-01T14:01:00Z,614,UA/ ORD,2012
UA,ORD,dep,1970-01-01T14:11:00Z,540,UA/ ORD,2012
UA,ORD,dep,1970-01-01T14:21:00Z,458,UA/ ORD,2012
UA,ORD,dep,1970-01-01T14:31:00Z,368,UA/ ORD,2012
UA,ORD,dep,1970-01-01T14:41:00Z,299,UA/ ORD,2012
UA,ORD,dep,1970-01-01T14:51:00Z,514,UA/ ORD,2012
UA,ORD,dep,1970-01-01T15:01:00Z,669,UA/ ORD,2012
UA,ORD,dep,1970-01-01T15:11:00Z,671,UA/ ORD,2012
UA,ORD,dep,1970-01-01T15:21:00Z,693,UA/ ORD,2012
UA,ORD,dep,1970-01-01T15:31:00Z,499,UA/ ORD,2012
UA,ORD,dep,1970-01-01T15:41:00Z,405,UA/ ORD,2012
UA,ORD,dep,1970-01-01T15:51:00Z,636,UA/ ORD,2012
UA,ORD,dep,1970-01-01T16:01:00Z,799,UA/ ORD,2012
UA,ORD,dep,1970-01-01T16:11:00Z,475,UA/ ORD,2012
UA,ORD,dep,1970-01-01T16:21:00Z,276,UA/ ORD,2012
UA,ORD,dep,1970-01-01T16:31:00Z,308,UA/ ORD,2012
UA,ORD,dep,1970-01-01T16:41:00Z,279,UA/ ORD,2012
UA,ORD,dep,1970-01-01T16:51:00Z,409,UA/ ORD,2012
UA,ORD,dep,1970-01-01T17:01:00Z,718,UA/ ORD,2012
UA,ORD,dep,1970-01-01T17:11:00Z,582,UA/ ORD,2012
UA,ORD,dep,1970-01-01T17:21:00Z,511,UA/ ORD,2012
UA,ORD,dep,1970-01-01T17:31:00Z,404,UA/ ORD,2012
UA,ORD,dep,1970-01-01T17:41:00Z,464,UA/ ORD,2012
UA,ORD,dep,1970-01-01T17:51:00Z,813,UA/ ORD,2012
UA,ORD,dep,1970-01-01T18:01:00Z,1095,UA/ ORD,2012
UA,ORD,dep,1970-01-01T18:11:00Z,986,UA/ ORD,2012
UA,ORD,dep,1970-01-01T18:21:00Z,839,UA/ ORD,2012
UA,ORD,dep,1970-01-01T18:31:00Z,775,UA/ ORD,2012
UA,ORD,dep,1970-01-01T18:41:00Z,705,UA/ ORD,2012
UA,ORD,dep,1970-01-01T18:51:00Z,830,UA/ ORD,2012
UA,ORD,dep,1970-01-01T19:01:00Z,686,UA/ ORD,2012
UA,ORD,dep,1970-01-01T19:11:00Z,743,UA/ ORD,2012
UA,ORD,dep,1970-01-01T19:21:00Z,791,UA/ ORD,2012
UA,ORD,dep,1970-01-01T19:31:00Z,768,UA/ ORD,2012
UA,ORD,dep,1970-01-01T19:41:00Z,883,UA/ ORD,2012
UA,ORD,dep,1970-01-01T19:51:00Z,721,UA/ ORD,2012
UA,ORD,dep,1970-01-01T20:01:00Z,745,UA/ ORD,2012
UA,ORD,dep,1970-01-01T20:11:00Z,753,UA/ ORD,2012
UA,ORD,dep,1970-01-01T20:21:00Z,701,UA/ ORD,2012
UA,ORD,dep,1970-01-01T20:31:00Z,595,UA/ ORD,2012
UA,ORD,dep,1970-01-01T20:41:00Z,671,UA/ ORD,2012
UA,ORD,dep,1970-01-01T20:51:00Z,742,UA/ ORD,2012
UA,ORD,dep,1970-01-01T21:01:00Z,779,UA/ ORD,2012
UA,ORD,dep,1970-01-01T21:11:00Z,666,UA/ ORD,2012
UA,ORD,dep,1970-01-01T21:21:00Z,610,UA/ ORD,2012
UA,ORD,dep,1970-01-01T21:31:00Z,499,UA/ ORD,2012
UA,ORD,dep,1970-01-01T21:41:00Z,382,UA/ ORD,2012
UA,ORD,dep,1970-01-01T21:51:00Z,280,UA/ ORD,2012
UA,ORD,dep,1970-01-01T22:01:00Z,227,UA/ ORD,2012
UA,ORD,dep,1970-01-01T22:11:00Z,187,UA/ ORD,2012
UA,ORD,dep,1970-01-01T22:21:00Z,145,UA/ ORD,2012
UA,ORD,dep,1970-01-01T22:31:00Z,156,UA/ ORD,2012
UA,ORD,dep,1970-01-01T22:41:00Z,127,UA/ ORD,2012
UA,ORD,dep,1970-01-01T22:51:00Z,108,UA/ ORD,2012
UA,ORD,dep,1970-01-01T23:01:00Z,67,UA/ ORD,2012
UA,ORD,dep,1970-01-01T23:11:00Z,65,UA/ ORD,2012
UA,ORD,dep,1970-01-01T23:21:00Z,54,UA/ ORD,2012
UA,ORD,dep,1970-01-01T23:31:00Z,38,UA/ ORD,2012
UA,ORD,dep,1970-01-01T23:41:00Z,41,UA/ ORD,2012
UA,ORD,dep,1970-01-01T23:51:00Z,22,UA/ ORD,2012
AA,ORD,arr,1970-01-01T00:01:00Z,-151,AA/ ORD,2013
AA,ORD,arr,1970-01-01T00:11:00Z,-117,AA/ ORD,2013
AA,ORD,arr,1970-01-01T00:21:00Z,-78,AA/ ORD,2013
AA,ORD,arr,1970-01-01T00:31:00Z,-52,AA/ ORD,2013
AA,ORD,arr,1970-01-01T00:41:00Z,-48,AA/ ORD,2013
AA,ORD,arr,1970-01-01T00:51:00Z,-31,AA/ ORD,2013
AA,ORD,arr,1970-01-01T01:01:00Z,-32,AA/ ORD,2013
AA,ORD,arr,1970-01-01T01:11:00Z,-35,AA/ ORD,2013
AA,ORD,arr,1970-01-01T01:21:00Z,-19,AA/ ORD,2013
AA,ORD,arr,1970-01-01T01:31:00Z,-18,AA/ ORD,2013
AA,ORD,arr,1970-01-01T01:41:00Z,-15,AA/ ORD,2013
AA,ORD,arr,1970-01-01T01:51:00Z,-10,AA/ ORD,2013
AA,ORD,arr,1970-01-01T02:01:00Z,-11,AA/ ORD,2013
AA,ORD,arr,1970-01-01T02:11:00Z,-5,AA/ ORD,2013
AA,ORD,arr,1970-01-01T02:21:00Z,-7,AA/ ORD,2013
AA,ORD,arr,1970-01-01T02:31:00Z,-4,AA/ ORD,2013
AA,ORD,arr,1970-01-01T02:41:00Z,-4,AA/ ORD,2013
AA,ORD,arr,1970-01-01T02:51:00Z,-4,AA/ ORD,2013
AA,ORD,arr,1970-01-01T03:01:00Z,-1,AA/ ORD,2013
AA,ORD,arr,1970-01-01T03:11:00Z,-4,AA/ ORD,2013
AA,ORD,arr,1970-01-01T03:21:00Z,-1,AA/ ORD,2013
AA,ORD,arr,1970-01-01T03:31:00Z,-2,AA/ ORD,2013
AA,ORD,arr,1970-01-01T03:51:00Z,-1,AA/ ORD,2013
AA,ORD,arr,1970-01-01T04:01:00Z,-1,AA/ ORD,2013
AA,ORD,arr,1970-01-01T04:21:00Z,-3,AA/ ORD,2013
AA,ORD,arr,1970-01-01T04:31:00Z,-11,AA/ ORD,2013
AA,ORD,arr,1970-01-01T04:41:00Z,-14,AA/ ORD,2013
AA,ORD,arr,1970-01-01T04:51:00Z,-36,AA/ ORD,2013
AA,ORD,arr,1970-01-01T05:01:00Z,-35,AA/ ORD,2013
AA,ORD,arr,1970-01-01T05:11:00Z,-56,AA/ ORD,2013
AA,ORD,arr,1970-01-01T05:21:00Z,-141,AA/ ORD,2013
AA,ORD,arr,1970-01-01T05:31:00Z,-214,AA/ ORD,2013
AA,ORD,arr,1970-01-01T05:41:00Z,-217,AA/ ORD,2013
AA,ORD,arr,1970-01-01T05:51:00Z,-163,AA/ ORD,2013
AA,ORD,arr,1970-01-01T06:01:00Z,-91,AA/ ORD,2013
AA,ORD,arr,1970-01-01T06:11:00Z,-52,AA/ ORD,2013
AA,ORD,arr,1970-01-01T06:21:00Z,-42,AA/ ORD,2013
AA,ORD,arr,1970-01-01T06:31:00Z,-30,AA/ ORD,2013
AA,ORD,arr,1970-01-01T06:41:00Z,-49,AA/ ORD,2013
AA,ORD,arr,1970-01-01T06:51:00Z,-169,AA/ ORD,2013
AA,ORD,arr,1970-01-01T07:01:00Z,-238,AA/ ORD,2013
AA,ORD,arr,1970-01-01T07:11:00Z,-288,AA/ ORD,2013
AA,ORD,arr,1970-01-01T07:21:00Z,-241,AA/ ORD,2013
AA,ORD,arr,1970-01-01T07:31:00Z,-251,AA/ ORD,2013
AA,ORD,arr,1970-01-01T07:41:00Z,-289,AA/ ORD,2013
AA,ORD,arr,1970-01-01T07:51:00Z,-314,AA/ ORD,2013
AA,ORD,arr,1970-01-01T08:01:00Z,-384,AA/ ORD,2013
AA,ORD,arr,1970-01-01T08:11:00Z,-319,AA/ ORD,2013
AA,ORD,arr,1970-01-01T08:21:00Z,-380,AA/ ORD,2013
AA,ORD,arr,1970-01-01T08:31:00Z,-476,AA/ ORD,2013
AA,ORD,arr,1970-01-01T08:41:00Z,-605,AA/ ORD,2013
AA,ORD,arr,1970-01-01T08:51:00Z,-564,AA/ ORD,2013
AA,ORD,arr,1970-01-01T09:01:00Z,-688,AA/ ORD,2013
AA,ORD,arr,1970-01-01T09:11:00Z,-623,AA/ ORD,2013
AA,ORD,arr,1970-01-01T09:21:00Z,-528,AA/ ORD,2013
AA,ORD,arr,1970-01-01T09:31:00Z,-488,AA/ ORD,2013
AA,ORD,arr,1970-01-01T09:41:00Z,-448,AA/ ORD,2013
AA,ORD,arr,1970-01-01T09:51:00Z,-420,AA/ ORD,2013
AA,ORD,arr,1970-01-01T10:01:00Z,-364,AA/ ORD,2013
AA,ORD,arr,1970-01-01T10:11:00Z,-269,AA/ ORD,2013
AA,ORD,arr,1970-01-01T10:21:00Z,-304,AA/ ORD,2013
AA,ORD,arr,1970-01-01T10:31:00Z,-333,AA/ ORD,2013
AA,ORD,arr,1970-01-01T10:41:00Z,-361,AA/ ORD,2013
AA,ORD,arr,1970-01-01T10:51:00Z,-380,AA/ ORD,2013
AA,ORD,arr,1970-01-01T11:01:00Z,-499,AA/ ORD,2013
AA,ORD,arr,1970-01-01T11:11:00Z,-579,AA/ ORD,2013
AA,ORD,arr,1970-01-01T11:21:00Z,-501,AA/ ORD,2013
AA,ORD,arr,1970-01-01T11:31:00Z,-531,AA/ ORD,2013
AA,ORD,arr,1970-01-01T11:41:00Z,-506,AA/ ORD,2013
AA,ORD,arr,1970-01-01T11:51:00Z,-487,AA/ ORD,2013
AA,ORD,arr,1970-01-01T12:01:00Z,-468,AA/ ORD,2013
AA,ORD,arr,1970-01-01T12:11:00Z,-545,AA/ ORD,2013
AA,ORD,arr,1970-01-01T12:21:00Z,-600,AA/ ORD,2013
AA,ORD,arr,1970-01-01T12:31:00Z,-540,AA/ ORD,2013
AA,ORD,arr,1970-01-01T12:41:00Z,-504,AA/ ORD,2013
AA,ORD,arr,1970-01-01T12:51:00Z,-439,AA/ ORD,2013
AA,ORD,arr,1970-01-01T13:01:00Z,-479,AA/ ORD,2013
AA,ORD,arr,1970-01-01T13:11:00Z,-515,AA/ ORD,2013
AA,ORD,arr,1970-01-01T13:21:00Z,-510,AA/ ORD,2013
AA,ORD,arr,1970-01-01T13:31:00Z,-571,AA/ ORD,2013
AA,ORD,arr,1970-01-01T13:41:00Z,-563,AA/ ORD,2013
AA,ORD,arr,1970-01-01T13:51:00Z,-640,AA/ ORD,2013
AA,ORD,arr,1970-01-01T14:01:00Z,-597,AA/ ORD,2013
AA,ORD,arr,1970-01-01T14:11:00Z,-587,AA/ ORD,2013
AA,ORD,arr,1970-01-01T14:21:00Z,-521,AA/ ORD,2013
AA,ORD,arr,1970-01-01T14:31:00Z,-594,AA/ ORD,2013
AA,ORD,arr,1970-01-01T14:41:00Z,-709,AA/ ORD,2013
AA,ORD,arr,1970-01-01T14:51:00Z,-696,AA/ ORD,2013
AA,ORD,arr,1970-01-01T15:01:00Z,-582,AA/ ORD,2013
AA,ORD,arr,1970-01-01T15:11:00Z,-504,AA/ ORD,2013
AA,ORD,arr,1970-01-01T15:21:00Z,-502,AA/ ORD,2013
AA,ORD,arr,1970-01-01T15:31:00Z,-497,AA/ ORD,2013
AA,ORD,arr,1970-01-01T15:41:00Z,-408,AA/ ORD,2013
AA,ORD,arr,1970-01-01T15:51:00Z,-372,AA/ ORD,2013
AA,ORD,arr,1970-01-01T16:01:00Z,-377,AA/ ORD,2013
AA,ORD,arr,1970-01-01T16:11:00Z,-473,AA/ ORD,2013
AA,ORD,arr,1970-01-01T16:21:00Z,-610,AA/ ORD,2013
AA,ORD,arr,1970-01-01T16:31:00Z,-627,AA/ ORD,2013
AA,ORD,arr,1970-01-01T16:41:00Z,-583,AA/ ORD,2013
AA,ORD,arr,1970-01-01T16:51:00Z,-527,AA/ ORD,2013
AA,ORD,arr,1970-01-01T17:01:00Z,-497,AA/ ORD,2013
AA,ORD,arr,1970-01-01T17:11:00Z,-544,AA/ ORD,2013
AA,ORD,arr,1970-01-01T17:21:00Z,-611,AA/ ORD,2013
AA,ORD,arr,1970-01-01T17:31:00Z,-581,AA/ ORD,2013
AA,ORD,arr,1970-01-01T17:41:00Z,-560,AA/ ORD,2013
AA,ORD,arr,1970-01-01T17:51:00Z,-572,AA/ ORD,2013
AA,ORD,arr,1970-01-01T18:01:00Z,-491,AA/ ORD,2013
AA,ORD,arr,1970-01-01T18:11:00Z,-627,AA/ ORD,2013
AA,ORD,arr,1970-01-01T18:21:00Z,-658,AA/ ORD,2013
AA,ORD,arr,1970-01-01T18:31:00Z,-626,AA/ ORD,2013
AA,ORD,arr,1970-01-01T18:41:00Z,-615,AA/ ORD,2013
AA,ORD,arr,1970-01-01T18:51:00Z,-565,AA/ ORD,2013
AA,ORD,arr,1970-01-01T19:01:00Z,-586,AA/ ORD,2013
AA,ORD,arr,1970-01-01T19:11:00Z,-585,AA/ ORD,2013
AA,ORD,arr,1970-01-01T19:21:00Z,-604,AA/ ORD,2013
AA,ORD,arr,1970-01-01T19:31:00Z,-587,AA/ ORD,2013
AA,ORD,arr,1970-01-01T19:41:00Z,-580,AA/ ORD,2013
AA,ORD,arr,1970-01-01T19:51:00Z,-606,AA/ ORD,2013
AA,ORD,arr,1970-01-01T20:01:00Z,-572,AA/ ORD,2013
AA,ORD,arr,1970-01-01T20:11:00Z,-565,AA/ ORD,2013
AA,ORD,arr,1970-01-01T20:21:00Z,-538,AA/ ORD,2013
AA,ORD,arr,1970-01-01T20:31:00Z,-490,AA/ ORD,2013
AA,ORD,arr,1970-01-01T20:41:00Z,-406,AA/ ORD,2013
AA,ORD,arr,1970-01-01T20:51:00Z,-506,AA/ ORD,2013
AA,ORD,arr,1970-01-01T21:01:00Z,-513,AA/ ORD,2013
AA,ORD,arr,1970-01-01T21:11:00Z,-485,AA/ ORD,2013
AA,ORD,arr,1970-01-01T21:21:00Z,-454,AA/ ORD,2013
AA,ORD,arr,1970-01-01T21:31:00Z,-452,AA/ ORD,2013
AA,ORD,arr,1970-01-01T21:41:00Z,-461,AA/ ORD,2013
AA,ORD,arr,1970-01-01T21:51:00Z,-435,AA/ ORD,2013
AA,ORD,arr,1970-01-01T22:01:00Z,-503,AA/ ORD,2013
AA,ORD,arr,1970-01-01T22:11:00Z,-378,AA/ ORD,2013
AA,ORD,arr,1970-01-01T22:21:00Z,-372,AA/ ORD,2013
AA,ORD,arr,1970-01-01T22:31:00Z,-332,AA/ ORD,2013
AA,ORD,arr,1970-01-01T22:41:00Z,-296,AA/ ORD,2013
AA,ORD,arr,1970-01-01T22:51:00Z,-287,AA/ ORD,2013
AA,ORD,arr,1970-01-01T23:01:00Z,-288,AA/ ORD,2013
AA,ORD,arr,1970-01-01T23:11:00Z,-257,AA/ ORD,2013
AA,ORD,arr,1970-01-01T23:21:00Z,-275,AA/ ORD,2013
AA,ORD,arr,1970-01-01T23:31:00Z,-212,AA/ ORD,2013
AA,ORD,arr,1970-01-01T23:41:00Z,-178,AA/ ORD,2013
AA,ORD,arr,1970-01-01T23:51:00Z,-141,AA/ ORD,2013
AA,ORD,dep,1970-01-01T00:01:00Z,15,AA/ ORD,2013
AA,ORD,dep,1970-01-01T00:11:00Z,8,AA/ ORD,2013
AA,ORD,dep,1970-01-01T00:21:00Z,8,AA/ ORD,2013
AA,ORD,dep,1970-01-01T00:31:00Z,4,AA/ ORD,2013
AA,ORD,dep,1970-01-01T00:41:00Z,5,AA/ ORD,2013
AA,ORD,dep,1970-01-01T00:51:00Z,9,AA/ ORD,2013
AA,ORD,dep,1970-01-01T01:01:00Z,5,AA/ ORD,2013
AA,ORD,dep,1970-01-01T01:11:00Z,2,AA/ ORD,2013
AA,ORD,dep,1970-01-01T01:21:00Z,1,AA/ ORD,2013
AA,ORD,dep,1970-01-01T01:31:00Z,1,AA/ ORD,2013
AA,ORD,dep,1970-01-01T01:51:00Z,1,AA/ ORD,2013
AA,ORD,dep,1970-01-01T05:11:00Z,3,AA/ ORD,2013
AA,ORD,dep,1970-01-01T05:21:00Z,242,AA/ ORD,2013
AA,ORD,dep,1970-01-01T05:31:00Z,78,AA/ ORD,2013
AA,ORD,dep,1970-01-01T05:41:00Z,114,AA/ ORD,2013
AA,ORD,dep,1970-01-01T05:51:00Z,393,AA/ ORD,2013
AA,ORD,dep,1970-01-01T06:01:00Z,243,AA/ ORD,2013
AA,ORD,dep,1970-01-01T06:11:00Z,222,AA/ ORD,2013
AA,ORD,dep,1970-01-01T06:21:00Z,214,AA/ ORD,2013
AA,ORD,dep,1970-01-01T06:31:00Z,370,AA/ ORD,2013
AA,ORD,dep,1970-01-01T06:41:00Z,305,AA/ ORD,2013
AA,ORD,dep,1970-01-01T06:51:00Z,533,AA/ ORD,2013
AA,ORD,dep,1970-01-01T07:01:00Z,590,AA/ ORD,2013
AA,ORD,dep,1970-01-01T07:11:00Z,502,AA/ ORD,2013
AA,ORD,dep,1970-01-01T07:21:00Z,667,AA/ ORD,2013
AA,ORD,dep,1970-01-01T07:31:00Z,455,AA/ ORD,2013
AA,ORD,dep,1970-01-01T07:41:00Z,498,AA/ ORD,2013
AA,ORD,dep,1970-01-01T07:51:00Z,540,AA/ ORD,2013
AA,ORD,dep,1970-01-01T08:01:00Z,364,AA/ ORD,2013
AA,ORD,dep,1970-01-01T08:11:00Z,631,AA/ ORD,2013
AA,ORD,dep,1970-01-01T08:21:00Z,688,AA/ ORD,2013
AA,ORD,dep,1970-01-01T08:31:00Z,660,AA/ ORD,2013
AA,ORD,dep,1970-01-01T08:41:00Z,690,AA/ ORD,2013
AA,ORD,dep,1970-01-01T08:51:00Z,535,AA/ ORD,2013
AA,ORD,dep,1970-01-01T09:01:00Z,438,AA/ ORD,2013
AA,ORD,dep,1970-01-01T09:11:00Z,481,AA/ ORD,2013
AA,ORD,dep,1970-01-01T09:21:00Z,607,AA/ ORD,2013
AA,ORD,dep,1970-01-01T09:31:00Z,500,AA/ ORD,2013
AA,ORD,dep,1970-01-01T09:41:00Z,555,AA/ ORD,2013
AA,ORD,dep,1970-01-01T09:51:00Z,583,AA/ ORD,2013
AA,ORD,dep,1970-01-01T10:01:00Z,743,AA/ ORD,2013
AA,ORD,dep,1970-01-01T10:11:00Z,650,AA/ ORD,2013
AA,ORD,dep,1970-01-01T10:21:00Z,850,AA/ ORD,2013
AA,ORD,dep,1970-01-01T10:31:00Z,552,AA/ ORD,2013
AA,ORD,dep,1970-01-01T10:41:00Z,486,AA/ ORD,2013
AA,ORD,dep,1970-01-01T10:51:00Z,561,AA/ ORD,2013
AA,ORD,dep,1970-01-01T11:01:00Z,427,AA/ ORD,2013
AA,ORD,dep,1970-01-01T11:11:00Z,369,AA/ ORD,2013
AA,ORD,dep,1970-01-01T11:21:00Z,313,AA/ ORD,2013
AA,ORD,dep,1970-01-01T11:31:00Z,326,AA/ ORD,2013
AA,ORD,dep,1970-01-01T11:41:00Z,369,AA/ ORD,2013
AA,ORD,dep,1970-01-01T11:51:00Z,434,AA/ ORD,2013
AA,ORD,dep,1970-01-01T12:01:00Z,486,AA/ ORD,2013
AA,ORD,dep,1970-01-01T12:11:00Z,614,AA/ ORD,2013
AA,ORD,dep,1970-01-01T12:21:00Z,515,AA/ ORD,2013
AA,ORD,dep,1970-01-01T12:31:00Z,327,AA/ ORD,2013
AA,ORD,dep,1970-01-01T12:41:00Z,398,AA/ ORD,2013
AA,ORD,dep,1970-01-01T12:51:00Z,629,AA/ ORD,2013
AA,ORD,dep,1970-01-01T13:01:00Z,605,AA/ ORD,2013
AA,ORD,dep,1970-01-01T13:11:00Z,678,AA/ ORD,2013
AA,ORD,dep,1970-01-01T13:21:00Z,480,AA/ ORD,2013
AA,ORD,dep,1970-01-01T13:31:00Z,451,AA/ ORD,2013
AA,ORD,dep,1970-01-01T13:41:00Z,447,AA/ ORD,2013
AA,ORD,dep,1970-01-01T13:51:00Z,619,AA/ ORD,2013
AA,ORD,dep,1970-01-01T14:01:00Z,527,AA/ ORD,2013
AA,ORD,dep,1970-01-01T14:11:00Z,418,AA/ ORD,2013
AA,ORD,dep,1970-01-01T14:21:00Z,573,AA/ ORD,2013
AA,ORD,dep,1970-01-01T14:31:00Z,579,AA/ ORD,2013
AA,ORD,dep,1970-01-01T14:41:00Z,568,AA/ ORD,2013
AA,ORD,dep,1970-01-01T14:51:00Z,710,AA/ ORD,2013
AA,ORD,dep,1970-01-01T15:01:00Z,584,AA/ ORD,2013
AA,ORD,dep,1970-01-01T15:11:00Z,487,AA/ ORD,2013
AA,ORD,dep,1970-01-01T15:21:00Z,510,AA/ ORD,2013
AA,ORD,dep,1970-01-01T15:31:00Z,563,AA/ ORD,2013
AA,ORD,dep,1970-01-01T15:41:00Z,680,AA/ ORD,2013
AA,ORD,dep,1970-01-01T15:51:00Z,737,AA/ ORD,2013
AA,ORD,dep,1970-01-01T16:01:00Z,540,AA/ ORD,2013
AA,ORD,dep,1970-01-01T16:11:00Z,432,AA/ ORD,2013
AA,ORD,dep,1970-01-01T16:21:00Z,466,AA/ ORD,2013
AA,ORD,dep,1970-01-01T16:31:00Z,430,AA/ ORD,2013
AA,ORD,dep,1970-01-01T16:41:00Z,456,AA/ ORD,2013
AA,ORD,dep,1970-01-01T16:51:00Z,388,AA/ ORD,2013
AA,ORD,dep,1970-01-01T17:01:00Z,375,AA/ ORD,2013
AA,ORD,dep,1970-01-01T17:11:00Z,394,AA/ ORD,2013
AA,ORD,dep,1970-01-01T17:21:00Z,647,AA/ ORD,2013
AA,ORD,dep,1970-01-01T17:31:00Z,461,AA/ ORD,2013
AA,ORD,dep,1970-01-01T17:41:00Z,597,AA/ ORD,2013
AA,ORD,dep,1970-01-01T17:51:00Z,525,AA/ ORD,2013
AA,ORD,dep,1970-01-01T18:01:00Z,499,AA/ ORD,2013
AA,ORD,dep,1970-01-01T18:11:00Z,630,AA/ ORD,2013
AA,ORD,dep,1970-01-01T18:21:00Z,516,AA/ ORD,2013
AA,ORD,dep,1970-01-01T18:31:00Z,506,AA/ ORD,2013
AA,ORD,dep,1970-01-01T18:41:00Z,538,AA/ ORD,2013
AA,ORD,dep,1970-01-01T18:51:00Z,626,AA/ ORD,2013
AA,ORD,dep,1970-01-01T19:01:00Z,595,AA/ ORD,2013
AA,ORD,dep,1970-01-01T19:11:00Z,617,AA/ ORD,2013
AA,ORD,dep,1970-01-01T19:21:00Z,640,AA/ ORD,2013
AA,ORD,dep,1970-01-01T19:31:00Z,748,AA/ ORD,2013
AA,ORD,dep,1970-01-01T19:41:00Z,750,AA/ ORD,2013
AA,ORD,dep,1970-01-01T19:51:00Z,694,AA/ ORD,2013
AA,ORD,dep,1970-01-01T20:01:00Z,662,AA/ ORD,2013
AA,ORD,dep,1970-01-01T20:11:00Z,549,AA/ ORD,2013
AA,ORD,dep,1970-01-01T20:21:00Z,524,AA/ ORD,2013
AA,ORD,dep,1970-01-01T20:31:00Z,514,AA/ ORD,2013
AA,ORD,dep,1970-01-01T20:41:00Z,474,AA/ ORD,2013
AA,ORD,dep,1970-01-01T20:51:00Z,355,AA/ ORD,2013
AA,ORD,dep,1970-01-01T21:01:00Z,324,AA/ ORD,2013
AA,ORD,dep,1970-01-01T21:11:00Z,248,AA/ ORD,2013
AA,ORD,dep,1970-01-01T21:21:00Z,263,AA/ ORD,2013
AA,ORD,dep,1970-01-01T21:31:00Z,221,AA/ ORD,2013
AA,ORD,dep,1970-01-01T21:41:00Z,146,AA/ ORD,2013
AA,ORD,dep,1970-01-01T21:51:00Z,207,AA/ ORD,2013
AA,ORD,dep,1970-01-01T22:01:00Z,329,AA/ ORD,2013
AA,ORD,dep,1970-01-01T22:11:00Z,204,AA/ ORD,2013
AA,ORD,dep,1970-01-01T22:21:00Z,168,AA/ ORD,2013
AA,ORD,dep,1970-01-01T22:31:00Z,114,AA/ ORD,2013
AA,ORD,dep,1970-01-01T22:41:00Z,62,AA/ ORD,2013
AA,ORD,dep,1970-01-01T22:51:00Z,61,AA/ ORD,2013
AA,ORD,dep,1970-01-01T23:01:00Z,33,AA/ ORD,2013
AA,ORD,dep,1970-01-01T23:11:00Z,33,AA/ ORD,2013
AA,ORD,dep,1970-01-01T23:21:00Z,31,AA/ ORD,2013
AA,ORD,dep,1970-01-01T23:31:00Z,24,AA/ ORD,2013
AA,ORD,dep,1970-01-01T23:41:00Z,20,AA/ ORD,2013
AA,ORD,dep,1970-01-01T23:51:00Z,16,AA/ ORD,2013
UA,ORD,arr,1970-01-01T00:01:00Z,-154,UA/ ORD,2013
UA,ORD,arr,1970-01-01T00:11:00Z,-113,UA/ ORD,2013
UA,ORD,arr,1970-01-01T00:21:00Z,-101,UA/ ORD,2013
UA,ORD,arr,1970-01-01T00:31:00Z,-61,UA/ ORD,2013
UA,ORD,arr,1970-01-01T00:41:00Z,-88,UA/ ORD,2013
UA,ORD,arr,1970-01-01T00:51:00Z,-82,UA/ ORD,2013
UA,ORD,arr,1970-01-01T01:01:00Z,-84,UA/ ORD,2013
UA,ORD,arr,1970-01-01T01:11:00Z,-82,UA/ ORD,2013
UA,ORD,arr,1970-01-01T01:21:00Z,-57,UA/ ORD,2013
UA,ORD,arr,1970-01-01T01:31:00Z,-40,UA/ ORD,2013
UA,ORD,arr,1970-01-01T01:41:00Z,-26,UA/ ORD,2013
UA,ORD,arr,1970-01-01T01:51:00Z,-21,UA/ ORD,2013
UA,ORD,arr,1970-01-01T02:01:00Z,-18,UA/ ORD,2013
UA,ORD,arr,1970-01-01T02:11:00Z,-18,UA/ ORD,2013
UA,ORD,arr,1970-01-01T02:21:00Z,-7,UA/ ORD,2013
UA,ORD,arr,1970-01-01T02:31:00Z,-9,UA/ ORD,2013
UA,ORD,arr,1970-01-01T02:41:00Z,-5,UA/ ORD,2013
UA,ORD,arr,1970-01-01T02:51:00Z,-7,UA/ ORD,2013
UA,ORD,arr,1970-01-01T03:01:00Z,-4,UA/ ORD,2013
UA,ORD,arr,1970-01-01T03:11:00Z,-6,UA/ ORD,2013
UA,ORD,arr,1970-01-01T03:21:00Z,-5,UA/ ORD,2013
UA,ORD,arr,1970-01-01T03:31:00Z,-5,UA/ ORD,2013
UA,ORD,arr,1970-01-01T03:41:00Z,-13,UA/ ORD,2013
UA,ORD,arr,1970-01-01T03:51:00Z,-30,UA/ ORD,2013
UA,ORD,arr,1970-01-01T04:01:00Z,-61,UA/ ORD,2013
UA,ORD,arr,1970-01-01T04:11:00Z,-110,UA/ ORD,2013
UA,ORD,arr,1970-01-01T04:21:00Z,-186,UA/ ORD,2013
UA,ORD,arr,1970-01-01T04:31:00Z,-227,UA/ ORD,2013
UA,ORD,arr,1970-01-01T04:41:00Z,-374,UA/ ORD,2013
UA,ORD,arr,1970-01-01T04:51:00Z,-489,UA/ ORD,2013
UA,ORD,arr,1970-01-01T05:01:00Z,-453,UA/ ORD,2013
UA,ORD,arr,1970-01-01T05:11:00Z,-299,UA/ ORD,2013
UA,ORD,arr,1970-01-01T05:21:00Z,-203,UA/ ORD,2013
UA,ORD,arr,1970-01-01T05:31:00Z,-146,UA/ ORD,2013
UA,ORD,arr,1970-01-01T05:41:00Z,-147,UA/ ORD,2013
UA,ORD,arr,1970-01-01T05:51:00Z,-87,UA/ ORD,2013
UA,ORD,arr,1970-01-01T06:01:00Z,-60,UA/ ORD,2013
UA,ORD,arr,1970-01-01T06:11:00Z,-60,UA/ ORD,2013
UA,ORD,arr,1970-01-01T06:21:00Z,-64,UA/ ORD,2013
UA,ORD,arr,1970-01-01T06:31:00Z,-122,UA/ ORD,2013
UA,ORD,arr,1970-01-01T06:41:00Z,-275,UA/ ORD,2013
UA,ORD,arr,1970-01-01T06:51:00Z,-395,UA/ ORD,2013
UA,ORD,arr,1970-01-01T07:01:00Z,-430,UA/ ORD,2013
UA,ORD,arr,1970-01-01T07:11:00Z,-401,UA/ ORD,2013
UA,ORD,arr,1970-01-01T07:21:00Z,-443,UA/ ORD,2013
UA,ORD,arr,1970-01-01T07:31:00Z,-550,UA/ ORD,2013
UA,ORD,arr,1970-01-01T07:41:00Z,-592,UA/ ORD,2013
UA,ORD,arr,1970-01-01T07:51:00Z,-559,UA/ ORD,2013
UA,ORD,arr,1970-01-01T08:01:00Z,-623,UA/ ORD,2013
UA,ORD,arr,1970-01-01T08:11:00Z,-663,UA/ ORD,2013
UA,ORD,arr,1970-01-01T08:21:00Z,-918,UA/ ORD,2013
UA,ORD,arr,1970-01-01T08:31:00Z,-854,UA/ ORD,2013
UA,ORD,arr,1970-01-01T08:41:00Z,-778,UA/ ORD,2013
UA,ORD,arr,1970-01-01T08:51:00Z,-738,UA/ ORD,2013
UA,ORD,arr,1970-01-01T09:01:00Z,-621,UA/ ORD,2013
UA,ORD,arr,1970-01-01T09:11:00Z,-521,UA/ ORD,2013
UA,ORD,arr,1970-01-01T09:21:00Z,-446,UA/ ORD,2013
UA,ORD,arr,1970-01-01T09:31:00Z,-404,UA/ ORD,2013
UA,ORD,arr,1970-01-01T09:41:00Z,-413,UA/ ORD,2013
UA,ORD,arr,1970-01-01T09:51:00Z,-404,UA/ ORD,2013
UA,ORD,arr,1970-01-01T10:01:00Z,-360,UA/ ORD,2013
UA,ORD,arr,1970-01-01T10:11:00Z,-458,UA/ ORD,2013
UA,ORD,arr,1970-01-01T10:21:00Z,-541,UA/ ORD,2013
UA,ORD,arr,1970-01-01T10:31:00Z,-668,UA/ ORD,2013
UA,ORD,arr,1970-01-01T10:41:00Z,-574,UA/ ORD,2013
UA,ORD,arr,1970-01-01T10:51:00Z,-501,UA/ ORD,2013
UA,ORD,arr,1970-01-01T11:01:00Z,-399,UA/ ORD,2013
UA,ORD,arr,1970-01-01T11:11:00Z,-403,UA/ ORD,2013
UA,ORD,arr,1970-01-01T11:21:00Z,-498,UA/ ORD,2013
UA,ORD,arr,1970-01-01T11:31:00Z,-522,UA/ ORD,2013
UA,ORD,arr,1970-01-01T11:41:00Z,-709,UA/ ORD,2013
UA,ORD,arr,1970-01-01T11:51:00Z,-757,UA/ ORD,2013
UA,ORD,arr,1970-01-01T12:01:00Z,-753,UA/ ORD,2013
UA,ORD,arr,1970-01-01T12:11:00Z,-694,UA/ ORD,2013
UA,ORD,arr,1970-01-01T12:21:00Z,-530,UA/ ORD,2013
UA,ORD,arr,1970-01-01T12:31:00Z,-476,UA/ ORD,2013
UA,ORD,arr,1970-01-01T12:41:00Z,-470,UA/ ORD,2013
UA,ORD,arr,1970-01-01T12:51:00Z,-499,UA/ ORD,2013
UA,ORD,arr,1970-01-01T13:01:00Z,-417,UA/ ORD,2013
UA,ORD,arr,1970-01-01T13:11:00Z,-434,UA/ ORD,2013
UA,ORD,arr,1970-01-01T13:21:00Z,-516,UA/ ORD,2013
UA,ORD,arr,1970-01-01T13:31:00Z,-467,UA/ ORD,2013
UA,ORD,arr,1970-01-01T13:41:00Z,-498,UA/ ORD,2013
UA,ORD,arr,1970-01-01T13:51:00Z,-440,UA/ ORD,2013
UA,ORD,arr,1970-01-01T14:01:00Z,-568,UA/ ORD,2013
UA,ORD,arr,1970-01-01T14:11:00Z,-582,UA/ ORD,2013
UA,ORD,arr,1970-01-01T14:21:00Z,-603,UA/ ORD,2013
UA,ORD,arr,1970-01-01T14:31:00Z,-654,UA/ ORD,2013
UA,ORD,arr,1970-01-01T14:41:00Z,-644,UA/ ORD,2013
UA,ORD,arr,1970-01-01T14:51:00Z,-563,UA/ ORD,2013
UA,ORD,arr,1970-01-01T15:01:00Z,-546,UA/ ORD,2013
UA,ORD,arr,1970-01-01T15:11:00Z,-451,UA/ ORD,2013
UA,ORD,arr,1970-01-01T15:21:00Z,-479,UA/ ORD,2013
UA,ORD,arr,1970-01-01T15:31:00Z,-452,UA/ ORD,2013
UA,ORD,arr,1970-01-01T15:41:00Z,-440,UA/ ORD,2013
UA,ORD,arr,1970-01-01T15:51:00Z,-536,UA/ ORD,2013
UA,ORD,arr,1970-01-01T16:01:00Z,-601,UA/ ORD,2013
UA,ORD,arr,1970-01-01T16:11:00Z,-577,UA/ ORD,2013
UA,ORD,arr,1970-01-01T16:21:00Z,-550,UA/ ORD,2013
UA,ORD,arr,1970-01-01T16:31:00Z,-581,UA/ ORD,2013
UA,ORD,arr,1970-01-01T16:41:00Z,-675,UA/ ORD,2013
UA,ORD,arr,1970-01-01T16:51:00Z,-722,UA/ ORD,2013
UA,ORD,arr,1970-01-01T17:01:00Z,-811,UA/ ORD,2013
UA,ORD,arr,1970-01-01T17:11:00Z,-837,UA/ ORD,2013
UA,ORD,arr,1970-01-01T17:21:00Z,-673,UA/ ORD,2013
UA,ORD,arr,1970-01-01T17:31:00Z,-560,UA/ ORD,2013
UA,ORD,arr,1970-01-01T17:41:00Z,-531,UA/ ORD,2013
UA,ORD,arr,1970-01-01T17:51:00Z,-588,UA/ ORD,2013
UA,ORD,arr,1970-01-01T18:01:00Z,-617,UA/ ORD,2013
UA,ORD,arr,1970-01-01T18:11:00Z,-705,UA/ ORD,2013
UA,ORD,arr,1970-01-01T18:21:00Z,-766,UA/ ORD,2013
UA,ORD,arr,1970-01-01T18:31:00Z,-790,UA/ ORD,2013
UA,ORD,arr,1970-01-01T18:41:00Z,-832,UA/ ORD,2013
UA,ORD,arr,1970-01-01T18:51:00Z,-691,UA/ ORD,2013
UA,ORD,arr,1970-01-01T19:01:00Z,-667,UA/ ORD,2013
UA,ORD,arr,1970-01-01T19:11:00Z,-715,UA/ ORD,2013
UA,ORD,arr,1970-01-01T19:21:00Z,-657,UA/ ORD,2013
UA,ORD,arr,1970-01-01T19:31:00Z,-750,UA/ ORD,2013
UA,ORD,arr,1970-01-01T19:41:00Z,-735,UA/ ORD,2013
UA,ORD,arr,1970-01-01T19:51:00Z,-632,UA/ ORD,2013
UA,ORD,arr,1970-01-01T20:01:00Z,-618,UA/ ORD,2013
UA,ORD,arr,1970-01-01T20:11:00Z,-518,UA/ ORD,2013
UA,ORD,arr,1970-01-01T20:21:00Z,-517,UA/ ORD,2013
UA,ORD,arr,1970-01-01T20:31:00Z,-514,UA/ ORD,2013
UA,ORD,arr,1970-01-01T20:41:00Z,-390,UA/ ORD,2013
UA,ORD,arr,1970-01-01T20:51:00Z,-364,UA/ ORD,2013
UA,ORD,arr,1970-01-01T21:01:00Z,-301,UA/ ORD,2013
UA,ORD,arr,1970-01-01T21:11:00Z,-261,UA/ ORD,2013
UA,ORD,arr,1970-01-01T21:21:00Z,-254,UA/ ORD,2013
UA,ORD,arr,1970-01-01T21:31:00Z,-234,UA/ ORD,2013
UA,ORD,arr,1970-01-01T21:41:00Z,-250,UA/ ORD,2013
UA,ORD,arr,1970-01-01T21:51:00Z,-235,UA/ ORD,2013
UA,ORD,arr,1970-01-01T22:01:00Z,-243,UA/ ORD,2013
UA,ORD,arr,1970-01-01T22:11:00Z,-173,UA/ ORD,2013
UA,ORD,arr,1970-01-01T22:21:00Z,-159,UA/ ORD,2013
UA,ORD,arr,1970-01-01T22:31:00Z,-174,UA/ ORD,2013
UA,ORD,arr,1970-01-01T22:41:00Z,-208,UA/ ORD,2013
UA,ORD,arr,1970-01-01T22:51:00Z,-235,UA/ ORD,2013
UA,ORD,arr,1970-01-01T23:01:00Z,-205,UA/ ORD,2013
UA,ORD,arr,1970-01-01T23:11:00Z,-175,UA/ ORD,2013
UA,ORD,arr,1970-01-01T23:21:00Z,-177,UA/ ORD,2013
UA,ORD,arr,1970-01-01T23:31:00Z,-198,UA/ ORD,2013
UA,ORD,arr,1970-01-01T23:41:00Z,-220,UA/ ORD,2013
UA,ORD,arr,1970-01-01T23:51:00Z,-189,UA/ ORD,2013
UA,ORD,dep,1970-01-01T00:01:00Z,22,UA/ ORD,2013
UA,ORD,dep,1970-01-01T00:11:00Z,19,UA/ ORD,2013
UA,ORD,dep,1970-01-01T00:21:00Z,13,UA/ ORD,2013
UA,ORD,dep,1970-01-01T00:31:00Z,11,UA/ ORD,2013
UA,ORD,dep,1970-01-01T00:41:00Z,6,UA/ ORD,2013
UA,ORD,dep,1970-01-01T00:51:00Z,7,UA/ ORD,2013
UA,ORD,dep,1970-01-01T01:01:00Z,3,UA/ ORD,2013
UA,ORD,dep,1970-01-01T01:11:00Z,2,UA/ ORD,2013
UA,ORD,dep,1970-01-01T01:21:00Z,5,UA/ ORD,2013
UA,ORD,dep,1970-01-01T01:31:00Z,2,UA/ ORD,2013
UA,ORD,dep,1970-01-01T01:41:00Z,1,UA/ ORD,2013
UA,ORD,dep,1970-01-01T01:51:00Z,1,UA/ ORD,2013
UA,ORD,dep,1970-01-01T02:01:00Z,1,UA/ ORD,2013
UA,ORD,dep,1970-01-01T02:11:00Z,1,UA/ ORD,2013
UA,ORD,dep,1970-01-01T02:31:00Z,2,UA/ ORD,2013
UA,ORD,dep,1970-01-01T03:01:00Z,1,UA/ ORD,2013
UA,ORD,dep,1970-01-01T04:51:00Z,3,UA/ ORD,2013
UA,ORD,dep,1970-01-01T05:01:00Z,33,UA/ ORD,2013
UA,ORD,dep,1970-01-01T05:11:00Z,136,UA/ ORD,2013
UA,ORD,dep,1970-01-01T05:21:00Z,107,UA/ ORD,2013
UA,ORD,dep,1970-01-01T05:31:00Z,81,UA/ ORD,2013
UA,ORD,dep,1970-01-01T05:41:00Z,105,UA/ ORD,2013
UA,ORD,dep,1970-01-01T05:51:00Z,1314,UA/ ORD,2013
UA,ORD,dep,1970-01-01T06:01:00Z,987,UA/ ORD,2013
UA,ORD,dep,1970-01-01T06:11:00Z,580,UA/ ORD,2013
UA,ORD,dep,1970-01-01T06:21:00Z,353,UA/ ORD,2013
UA,ORD,dep,1970-01-01T06:31:00Z,261,UA/ ORD,2013
UA,ORD,dep,1970-01-01T06:41:00Z,287,UA/ ORD,2013
UA,ORD,dep,1970-01-01T06:51:00Z,546,UA/ ORD,2013
UA,ORD,dep,1970-01-01T07:01:00Z,355,UA/ ORD,2013
UA,ORD,dep,1970-01-01T07:11:00Z,184,UA/ ORD,2013
UA,ORD,dep,1970-01-01T07:21:00Z,119,UA/ ORD,2013
UA,ORD,dep,1970-01-01T07:31:00Z,90,UA/ ORD,2013
UA,ORD,dep,1970-01-01T07:41:00Z,173,UA/ ORD,2013
UA,ORD,dep,1970-01-01T07:51:00Z,724,UA/ ORD,2013
UA,ORD,dep,1970-01-01T08:01:00Z,829,UA/ ORD,2013
UA,ORD,dep,1970-01-01T08:11:00Z,674,UA/ ORD,2013
UA,ORD,dep,1970-01-01T08:21:00Z,548,UA/ ORD,2013
UA,ORD,dep,1970-01-01T08:31:00Z,475,UA/ ORD,2013
UA,ORD,dep,1970-01-01T08:41:00Z,738,UA/ ORD,2013
UA,ORD,dep,1970-01-01T08:51:00Z,745,UA/ ORD,2013
UA,ORD,dep,1970-01-01T09:01:00Z,619,UA/ ORD,2013
UA,ORD,dep,1970-01-01T09:11:00Z,473,UA/ ORD,2013
UA,ORD,dep,1970-01-01T09:21:00Z,501,UA/ ORD,2013
UA,ORD,dep,1970-01-01T09:31:00Z,593,UA/ ORD,2013
UA,ORD,dep,1970-01-01T09:41:00Z,798,UA/ ORD,2013
UA,ORD,dep,1970-01-01T09:51:00Z,976,UA/ ORD,2013
UA,ORD,dep,1970-01-01T10:01:00Z,916,UA/ ORD,2013
UA,ORD,dep,1970-01-01T10:11:00Z,565,UA/ ORD,2013
UA,ORD,dep,1970-01-01T10:21:00Z,510,UA/ ORD,2013
UA,ORD,dep,1970-01-01T10:31:00Z,456,UA/ ORD,2013
UA,ORD,dep,1970-01-01T10:41:00Z,498,UA/ ORD,2013
UA,ORD,dep,1970-01-01T10:51:00Z,582,UA/ ORD,2013
UA,ORD,dep,1970-01-01T11:01:00Z,410,UA/ ORD,2013
UA,ORD,dep,1970-01-01T11:11:00Z,427,UA/ ORD,2013
UA,ORD,dep,1970-01-01T11:21:00Z,313,UA/ ORD,2013
UA,ORD,dep,1970-01-01T11:31:00Z,266,UA/ ORD,2013
UA,ORD,dep,1970-01-01T11:41:00Z,319,UA/ ORD,2013
UA,ORD,dep,1970-01-01T11:51:00Z,954,UA/ ORD,2013
UA,ORD,dep,1970-01-01T12:01:00Z,829,UA/ ORD,2013
UA,ORD,dep,1970-01-01T12:11:00Z,440,UA/ ORD,2013
UA,ORD,dep,1970-01-01T12:21:00Z,377,UA/ ORD,2013
UA,ORD,dep,1970-01-01T12:31:00Z,297,UA/ ORD,2013
UA,ORD,dep,1970-01-01T12:41:00Z,219,UA/ ORD,2013
UA,ORD,dep,1970-01-01T12:51:00Z,606,UA/ ORD,2013
UA,ORD,dep,1970-01-01T13:01:00Z,1120,UA/ ORD,2013
UA,ORD,dep,1970-01-01T13:11:00Z,1267,UA/ ORD,2013
UA,ORD,dep,1970-01-01T13:21:00Z,839,UA/ ORD,2013
UA,ORD,dep,1970-01-01T13:31:00Z,602,UA/ ORD,2013
UA,ORD,dep,1970-01-01T13:41:00Z,389,UA/ ORD,2013
UA,ORD,dep,1970-01-01T13:51:00Z,735,UA/ ORD,2013
UA,ORD,dep,1970-01-01T14:01:00Z,532,UA/ ORD,2013
UA,ORD,dep,1970-01-01T14:11:00Z,508,UA/ ORD,2013
UA,ORD,dep,1970-01-01T14:21:00Z,422,UA/ ORD,2013
UA,ORD,dep,1970-01-01T14:31:00Z,334,UA/ ORD,2013
UA,ORD,dep,1970-01-01T14:41:00Z,250,UA/ ORD,2013
UA,ORD,dep,1970-01-01T14:51:00Z,458,UA/ ORD,2013
UA,ORD,dep,1970-01-01T15:01:00Z,523,UA/ ORD,2013
UA,ORD,dep,1970-01-01T15:11:00Z,514,UA/ ORD,2013
UA,ORD,dep,1970-01-01T15:21:00Z,593,UA/ ORD,2013
UA,ORD,dep,1970-01-01T15:31:00Z,531,UA/ ORD,2013
UA,ORD,dep,1970-01-01T15:41:00Z,612,UA/ ORD,2013
UA,ORD,dep,1970-01-01T15:51:00Z,742,UA/ ORD,2013
UA,ORD,dep,1970-01-01T16:01:00Z,728,UA/ ORD,2013
UA,ORD,dep,1970-01-01T16:11:00Z,593,UA/ ORD,2013
UA,ORD,dep,1970-01-01T16:21:00Z,490,UA/ ORD,2013
UA,ORD,dep,1970-01-01T16:31:00Z,386,UA/ ORD,2013
UA,ORD,dep,1970-01-01T16:41:00Z,328,UA/ ORD,2013
UA,ORD,dep,1970-01-01T16:51:00Z,397,UA/ ORD,2013
UA,ORD,dep,1970-01-01T17:01:00Z,612,UA/ ORD,2013
UA,ORD,dep,1970-01-01T17:11:00Z,606,UA/ ORD,2013
UA,ORD,dep,1970-01-01T17:21:00Z,440,UA/ ORD,2013
UA,ORD,dep,1970-01-01T17:31:00Z,360,UA/ ORD,2013
UA,ORD,dep,1970-01-01T17:41:00Z,475,UA/ ORD,2013
UA,ORD,dep,1970-01-01T17:51:00Z,532,UA/ ORD,2013
UA,ORD,dep,1970-01-01T18:01:00Z,800,UA/ ORD,2013
UA,ORD,dep,1970-01-01T18:11:00Z,1092,UA/ ORD,2013
UA,ORD,dep,1970-01-01T18:21:00Z,909,UA/ ORD,2013
UA,ORD,dep,1970-01-01T18:31:00Z,768,UA/ ORD,2013
UA,ORD,dep,1970-01-01T18:41:00Z,563,UA/ ORD,2013
UA,ORD,dep,1970-01-01T18:51:00Z,593,UA/ ORD,2013
UA,ORD,dep,1970-01-01T19:01:00Z,720,UA/ ORD,2013
UA,ORD,dep,1970-01-01T19:11:00Z,678,UA/ ORD,2013
UA,ORD,dep,1970-01-01T19:21:00Z,753,UA/ ORD,2013
UA,ORD,dep,1970-01-01T19:31:00Z,763,UA/ ORD,2013
UA,ORD,dep,1970-01-01T19:41:00Z,725,UA/ ORD,2013
UA,ORD,dep,1970-01-01T19:51:00Z,748,UA/ ORD,2013
UA,ORD,dep,1970-01-01T20:01:00Z,690,UA/ ORD,2013
UA,ORD,dep,1970-01-01T20:11:00Z,714,UA/ ORD,2013
UA,ORD,dep,1970-01-01T20:21:00Z,623,UA/ ORD,2013
UA,ORD,dep,1970-01-01T20:31:00Z,528,UA/ ORD,2013
UA,ORD,dep,1970-01-01T20:41:00Z,643,UA/ ORD,2013
UA,ORD,dep,1970-01-01T20:51:00Z,738,UA/ ORD,2013
UA,ORD,dep,1970-01-01T21:01:00Z,817,UA/ ORD,2013
UA,ORD,dep,1970-01-01T21:11:00Z,642,UA/ ORD,2013
UA,ORD,dep,1970-01-01T21:21:00Z,495,UA/ ORD,2013
UA,ORD,dep,1970-01-01T21:31:00Z,437,UA/ ORD,2013
UA,ORD,dep,1970-01-01T21:41:00Z,342,UA/ ORD,2013
UA,ORD,dep,1970-01-01T21:51:00Z,255,UA/ ORD,2013
UA,ORD,dep,1970-01-01T22:01:00Z,201,UA/ ORD,2013
UA,ORD,dep,1970-01-01T22:11:00Z,156,UA/ ORD,2013
UA,ORD,dep,1970-01-01T22:21:00Z,119,UA/ ORD,2013
UA,ORD,dep,1970-01-01T22:31:00Z,109,UA/ ORD,2013
UA,ORD,dep,1970-01-01T22:41:00Z,90,UA/ ORD,2013
UA,ORD,dep,1970-01-01T22:51:00Z,71,UA/ ORD,2013
UA,ORD,dep,1970-01-01T23:01:00Z,58,UA/ ORD,2013
UA,ORD,dep,1970-01-01T23:11:00Z,40,UA/ ORD,2013
UA,ORD,dep,1970-01-01T23:21:00Z,35,UA/ ORD,2013
UA,ORD,dep,1970-01-01T23:31:00Z,29,UA/ ORD,2013
UA,ORD,dep,1970-01-01T23:41:00Z,29,UA/ ORD,2013
UA,ORD,dep,1970-01-01T23:51:00Z,21,UA/ ORD,2013
AA,ORD,arr,1970-01-01T00:01:00Z,-153,AA/ ORD,2014
AA,ORD,arr,1970-01-01T00:11:00Z,-105,AA/ ORD,2014
AA,ORD,arr,1970-01-01T00:21:00Z,-66,AA/ ORD,2014
AA,ORD,arr,1970-01-01T00:31:00Z,-59,AA/ ORD,2014
AA,ORD,arr,1970-01-01T00:41:00Z,-37,AA/ ORD,2014
AA,ORD,arr,1970-01-01T00:51:00Z,-33,AA/ ORD,2014
AA,ORD,arr,1970-01-01T01:01:00Z,-18,AA/ ORD,2014
AA,ORD,arr,1970-01-01T01:11:00Z,-23,AA/ ORD,2014
AA,ORD,arr,1970-01-01T01:21:00Z,-18,AA/ ORD,2014
AA,ORD,arr,1970-01-01T01:31:00Z,-18,AA/ ORD,2014
AA,ORD,arr,1970-01-01T01:41:00Z,-12,AA/ ORD,2014
AA,ORD,arr,1970-01-01T01:51:00Z,-20,AA/ ORD,2014
AA,ORD,arr,1970-01-01T02:01:00Z,-10,AA/ ORD,2014
AA,ORD,arr,1970-01-01T02:11:00Z,-5,AA/ ORD,2014
AA,ORD,arr,1970-01-01T02:21:00Z,-7,AA/ ORD,2014
AA,ORD,arr,1970-01-01T02:31:00Z,-2,AA/ ORD,2014
AA,ORD,arr,1970-01-01T02:41:00Z,-6,AA/ ORD,2014
AA,ORD,arr,1970-01-01T02:51:00Z,-2,AA/ ORD,2014
AA,ORD,arr,1970-01-01T03:01:00Z,-1,AA/ ORD,2014
AA,ORD,arr,1970-01-01T03:11:00Z,-2,AA/ ORD,2014
AA,ORD,arr,1970-01-01T03:21:00Z,-2,AA/ ORD,2014
AA,ORD,arr,1970-01-01T03:31:00Z,-2,AA/ ORD,2014
AA,ORD,arr,1970-01-01T03:41:00Z,-1,AA/ ORD,2014
AA,ORD,arr,1970-01-01T04:01:00Z,-2,AA/ ORD,2014
AA,ORD,arr,1970-01-01T04:21:00Z,-3,AA/ ORD,2014
AA,ORD,arr,1970-01-01T04:31:00Z,-2,AA/ ORD,2014
AA,ORD,arr,1970-01-01T04:51:00Z,-2,AA/ ORD,2014
AA,ORD,arr,1970-01-01T05:01:00Z,-22,AA/ ORD,2014
AA,ORD,arr,1970-01-01T05:11:00Z,-82,AA/ ORD,2014
AA,ORD,arr,1970-01-01T05:21:00Z,-161,AA/ ORD,2014
AA,ORD,arr,1970-01-01T05:31:00Z,-179,AA/ ORD,2014
AA,ORD,arr,1970-01-01T05:41:00Z,-144,AA/ ORD,2014
AA,ORD,arr,1970-01-01T05:51:00Z,-101,AA/ ORD,2014
AA,ORD,arr,1970-01-01T06:01:00Z,-75,AA/ ORD,2014
AA,ORD,arr,1970-01-01T06:11:00Z,-47,AA/ ORD,2014
AA,ORD,arr,1970-01-01T06:21:00Z,-37,AA/ ORD,2014
AA,ORD,arr,1970-01-01T06:31:00Z,-30,AA/ ORD,2014
AA,ORD,arr,1970-01-01T06:41:00Z,-43,AA/ ORD,2014
AA,ORD,arr,1970-01-01T06:51:00Z,-137,AA/ ORD,2014
AA,ORD,arr,1970-01-01T07:01:00Z,-206,AA/ ORD,2014
AA,ORD,arr,1970-01-01T07:11:00Z,-219,AA/ ORD,2014
AA,ORD,arr,1970-01-01T07:21:00Z,-185,AA/ ORD,2014
AA,ORD,arr,1970-01-01T07:31:00Z,-234,AA/ ORD,2014
AA,ORD,arr,1970-01-01T07:41:00Z,-315,AA/ ORD,2014
AA,ORD,arr,1970-01-01T07:51:00Z,-376,AA/ ORD,2014
AA,ORD,arr,1970-01-01T08:01:00Z,-368,AA/ ORD,2014
AA,ORD,arr,1970-01-01T08:11:00Z,-392,AA/ ORD,2014
AA,ORD,arr,1970-01-01T08:21:00Z,-375,AA/ ORD,2014
AA,ORD,arr,1970-01-01T08:31:00Z,-426,AA/ ORD,2014
AA,ORD,arr,1970-01-01T08:41:00Z,-511,AA/ ORD,2014
AA,ORD,arr,1970-01-01T08:51:00Z,-470,AA/ ORD,2014
AA,ORD,arr,1970-01-01T09:01:00Z,-550,AA/ ORD,2014
AA,ORD,arr,1970-01-01T09:11:00Z,-539,AA/ ORD,2014
AA,ORD,arr,1970-01-01T09:21:00Z,-568,AA/ ORD,2014
AA,ORD,arr,1970-01-01T09:31:00Z,-519,AA/ ORD,2014
AA,ORD,arr,1970-01-01T09:41:00Z,-551,AA/ ORD,2014
AA,ORD,arr,1970-01-01T09:51:00Z,-447,AA/ ORD,2014
AA,ORD,arr,1970-01-01T10:01:00Z,-286,AA/ ORD,2014
AA,ORD,arr,1970-01-01T10:11:00Z,-247,AA/ ORD,2014
AA,ORD,arr,1970-01-01T10:21:00Z,-232,AA/ ORD,2014
AA,ORD,arr,1970-01-01T10:31:00Z,-234,AA/ ORD,2014
AA,ORD,arr,1970-01-01T10:41:00Z,-324,AA/ ORD,2014
AA,ORD,arr,1970-01-01T10:51:00Z,-363,AA/ ORD,2014
AA,ORD,arr,1970-01-01T11:01:00Z,-324,AA/ ORD,2014
AA,ORD,arr,1970-01-01T11:11:00Z,-464,AA/ ORD,2014
AA,ORD,arr,1970-01-01T11:21:00Z,-463,AA/ ORD,2014
AA,ORD,arr,1970-01-01T11:31:00Z,-456,AA/ ORD,2014
AA,ORD,arr,1970-01-01T11:41:00Z,-483,AA/ ORD,2014
AA,ORD,arr,1970-01-01T11:51:00Z,-476,AA/ ORD,2014
AA,ORD,arr,1970-01-01T12:01:00Z,-464,AA/ ORD,2014
AA,ORD,arr,1970-01-01T12:11:00Z,-504,AA/ ORD,2014
AA,ORD,arr,1970-01-01T12:21:00Z,-553,AA/ ORD,2014
AA,ORD,arr,1970-01-01T12:31:00Z,-537,AA/ ORD,2014
AA,ORD,arr,1970-01-01T12:41:00Z,-471,AA/ ORD,2014
AA,ORD,arr,1970-01-01T12:51:00Z,-512,AA/ ORD,2014
AA,ORD,arr,1970-01-01T13:01:00Z,-464,AA/ ORD,2014
AA,ORD,arr,1970-01-01T13:11:00Z,-511,AA/ ORD,2014
AA,ORD,arr,1970-01-01T13:21:00Z,-555,AA/ ORD,2014
AA,ORD,arr,1970-01-01T13:31:00Z,-623,AA/ ORD,2014
AA,ORD,arr,1970-01-01T13:41:00Z,-667,AA/ ORD,2014
AA,ORD,arr,1970-01-01T13:51:00Z,-729,AA/ ORD,2014
AA,ORD,arr,1970-01-01T14:01:00Z,-599,AA/ ORD,2014
AA,ORD,arr,1970-01-01T14:11:00Z,-470,AA/ ORD,2014
AA,ORD,arr,1970-01-01T14:21:00Z,-569,AA/ ORD,2014
AA,ORD,arr,1970-01-01T14:31:00Z,-548,AA/ ORD,2014
AA,ORD,arr,1970-01-01T14:41:00Z,-551,AA/ ORD,2014
AA,ORD,arr,1970-01-01T14:51:00Z,-443,AA/ ORD,2014
AA,ORD,arr,1970-01-01T15:01:00Z,-439,AA/ ORD,2014
AA,ORD,arr,1970-01-01T15:11:00Z,-532,AA/ ORD,2014
AA,ORD,arr,1970-01-01T15:21:00Z,-451,AA/ ORD,2014
AA,ORD,arr,1970-01-01T15:31:00Z,-363,AA/ ORD,2014
AA,ORD,arr,1970-01-01T15:41:00Z,-297,AA/ ORD,2014
AA,ORD,arr,1970-01-01T15:51:00Z,-359,AA/ ORD,2014
AA,ORD,arr,1970-01-01T16:01:00Z,-417,AA/ ORD,2014
AA,ORD,arr,1970-01-01T16:11:00Z,-444,AA/ ORD,2014
AA,ORD,arr,1970-01-01T16:21:00Z,-444,AA/ ORD,2014
AA,ORD,arr,1970-01-01T16:31:00Z,-491,AA/ ORD,2014
AA,ORD,arr,1970-01-01T16:41:00Z,-498,AA/ ORD,2014
AA,ORD,arr,1970-01-01T16:51:00Z,-491,AA/ ORD,2014
AA,ORD,arr,1970-01-01T17:01:00Z,-502,AA/ ORD,2014
AA,ORD,arr,1970-01-01T17:11:00Z,-512,AA/ ORD,2014
AA,ORD,arr,1970-01-01T17:21:00Z,-615,AA/ ORD,2014
AA,ORD,arr,1970-01-01T17:31:00Z,-626,AA/ ORD,2014
AA,ORD,arr,1970-01-01T17:41:00Z,-615,AA/ ORD,2014
AA,ORD,arr,1970-01-01T17:51:00Z,-633,AA/ ORD,2014
AA,ORD,arr,1970-01-01T18:01:00Z,-507,AA/ ORD,2014
AA,ORD,arr,1970-01-01T18:11:00Z,-446,AA/ ORD,2014
AA,ORD,arr,1970-01-01T18:21:00Z,-459,AA/ ORD,2014
AA,ORD,arr,1970-01-01T18:31:00Z,-551,AA/ ORD,2014
AA,ORD,arr,1970-01-01T18:41:00Z,-612,AA/ ORD,2014
AA,ORD,arr,1970-01-01T18:51:00Z,-680,AA/ ORD,2014
AA,ORD,arr,1970-01-01T19:01:00Z,-552,AA/ ORD,2014
AA,ORD,arr,1970-01-01T19:11:00Z,-508,AA/ ORD,2014
AA,ORD,arr,1970-01-01T19:21:00Z,-578,AA/ ORD,2014
AA,ORD,arr,1970-01-01T19:31:00Z,-542,AA/ ORD,2014
AA,ORD,arr,1970-01-01T19:41:00Z,-493,AA/ ORD,2014
AA,ORD,arr,1970-01-01T19:51:00Z,-542,AA/ ORD,2014
AA,ORD,arr,1970-01-01T20:01:00Z,-512,AA/ ORD,2014
AA,ORD,arr,1970-01-01T20:11:00Z,-572,AA/ ORD,2014
AA,ORD,arr,1970-01-01T20:21:00Z,-598,AA/ ORD,2014
AA,ORD,arr,1970-01-01T20:31:00Z,-483,AA/ ORD,2014
AA,ORD,arr,1970-01-01T20:41:00Z,-472,AA/ ORD,2014
AA,ORD,arr,1970-01-01T20:51:00Z,-496,AA/ ORD,2014
AA,ORD,arr,1970-01-01T21:01:00Z,-506,AA/ ORD,2014
AA,ORD,arr,1970-01-01T21:11:00Z,-487,AA/ ORD,2014
AA,ORD,arr,1970-01-01T21:21:00Z,-458,AA/ ORD,2014
AA,ORD,arr,1970-01-01T21:31:00Z,-559,AA/ ORD,2014
AA,ORD,arr,1970-01-01T21:41:00Z,-546,AA/ ORD,2014
AA,ORD,arr,1970-01-01T21:51:00Z,-478,AA/ ORD,2014
AA,ORD,arr,1970-01-01T22:01:00Z,-443,AA/ ORD,2014
AA,ORD,arr,1970-01-01T22:11:00Z,-390,AA/ ORD,2014
AA,ORD,arr,1970-01-01T22:21:00Z,-343,AA/ ORD,2014
AA,ORD,arr,1970-01-01T22:31:00Z,-340,AA/ ORD,2014
AA,ORD,arr,1970-01-01T22:41:00Z,-353,AA/ ORD,2014
AA,ORD,arr,1970-01-01T22:51:00Z,-271,AA/ ORD,2014
AA,ORD,arr,1970-01-01T23:01:00Z,-272,AA/ ORD,2014
AA,ORD,arr,1970-01-01T23:11:00Z,-260,AA/ ORD,2014
AA,ORD,arr,1970-01-01T23:21:00Z,-262,AA/ ORD,2014
AA,ORD,arr,1970-01-01T23:31:00Z,-251,AA/ ORD,2014
AA,ORD,arr,1970-01-01T23:41:00Z,-234,AA/ ORD,2014
AA,ORD,arr,1970-01-01T23:51:00Z,-203,AA/ ORD,2014
AA,ORD,dep,1970-01-01T00:01:00Z,14,AA/ ORD,2014
AA,ORD,dep,1970-01-01T00:11:00Z,5,AA/ ORD,2014
AA,ORD,dep,1970-01-01T00:21:00Z,9,AA/ ORD,2014
AA,ORD,dep,1970-01-01T00:31:00Z,3,AA/ ORD,2014
AA,ORD,dep,1970-01-01T00:41:00Z,8,AA/ ORD,2014
AA,ORD,dep,1970-01-01T00:51:00Z,4,AA/ ORD,2014
AA,ORD,dep,1970-01-01T01:01:00Z,1,AA/ ORD,2014
AA,ORD,dep,1970-01-01T01:11:00Z,2,AA/ ORD,2014
AA,ORD,dep,1970-01-01T01:21:00Z,1,AA/ ORD,2014
AA,ORD,dep,1970-01-01T01:31:00Z,1,AA/ ORD,2014
AA,ORD,dep,1970-01-01T01:41:00Z,2,AA/ ORD,2014
AA,ORD,dep,1970-01-01T02:01:00Z,1,AA/ ORD,2014
AA,ORD,dep,1970-01-01T02:21:00Z,1,AA/ ORD,2014
AA,ORD,dep,1970-01-01T04:41:00Z,4,AA/ ORD,2014
AA,ORD,dep,1970-01-01T04:51:00Z,111,AA/ ORD,2014
AA,ORD,dep,1970-01-01T05:01:00Z,14,AA/ ORD,2014
AA,ORD,dep,1970-01-01T05:11:00Z,1,AA/ ORD,2014
AA,ORD,dep,1970-01-01T05:21:00Z,114,AA/ ORD,2014
AA,ORD,dep,1970-01-01T05:31:00Z,100,AA/ ORD,2014
AA,ORD,dep,1970-01-01T05:41:00Z,103,AA/ ORD,2014
AA,ORD,dep,1970-01-01T05:51:00Z,482,AA/ ORD,2014
AA,ORD,dep,1970-01-01T06:01:00Z,207,AA/ ORD,2014
AA,ORD,dep,1970-01-01T06:11:00Z,215,AA/ ORD,2014
AA,ORD,dep,1970-01-01T06:21:00Z,301,AA/ ORD,2014
AA,ORD,dep,1970-01-01T06:31:00Z,435,AA/ ORD,2014
AA,ORD,dep,1970-01-01T06:41:00Z,408,AA/ ORD,2014
AA,ORD,dep,1970-01-01T06:51:00Z,636,AA/ ORD,2014
AA,ORD,dep,1970-01-01T07:01:00Z,352,AA/ ORD,2014
AA,ORD,dep,1970-01-01T07:11:00Z,355,AA/ ORD,2014
AA,ORD,dep,1970-01-01T07:21:00Z,818,AA/ ORD,2014
AA,ORD,dep,1970-01-01T07:31:00Z,321,AA/ ORD,2014
AA,ORD,dep,1970-01-01T07:41:00Z,432,AA/ ORD,2014
AA,ORD,dep,1970-01-01T07:51:00Z,473,AA/ ORD,2014
AA,ORD,dep,1970-01-01T08:01:00Z,528,AA/ ORD,2014
AA,ORD,dep,1970-01-01T08:11:00Z,464,AA/ ORD,2014
AA,ORD,dep,1970-01-01T08:21:00Z,894,AA/ ORD,2014
AA,ORD,dep,1970-01-01T08:31:00Z,561,AA/ ORD,2014
AA,ORD,dep,1970-01-01T08:41:00Z,481,AA/ ORD,2014
AA,ORD,dep,1970-01-01T08:51:00Z,450,AA/ ORD,2014
AA,ORD,dep,1970-01-01T09:01:00Z,439,AA/ ORD,2014
AA,ORD,dep,1970-01-01T09:11:00Z,398,AA/ ORD,2014
AA,ORD,dep,1970-01-01T09:21:00Z,539,AA/ ORD,2014
AA,ORD,dep,1970-01-01T09:31:00Z,516,AA/ ORD,2014
AA,ORD,dep,1970-01-01T09:41:00Z,449,AA/ ORD,2014
AA,ORD,dep,1970-01-01T09:51:00Z,655,AA/ ORD,2014
AA,ORD,dep,1970-01-01T10:01:00Z,680,AA/ ORD,2014
AA,ORD,dep,1970-01-01T10:11:00Z,441,AA/ ORD,2014
AA,ORD,dep,1970-01-01T10:21:00Z,522,AA/ ORD,2014
AA,ORD,dep,1970-01-01T10:31:00Z,670,AA/ ORD,2014
AA,ORD,dep,1970-01-01T10:41:00Z,818,AA/ ORD,2014
AA,ORD,dep,1970-01-01T10:51:00Z,458,AA/ ORD,2014
AA,ORD,dep,1970-01-01T11:01:00Z,501,AA/ ORD,2014
AA,ORD,dep,1970-01-01T11:11:00Z,258,AA/ ORD,2014
AA,ORD,dep,1970-01-01T11:21:00Z,205,AA/ ORD,2014
AA,ORD,dep,1970-01-01T11:31:00Z,272,AA/ ORD,2014
AA,ORD,dep,1970-01-01T11:41:00Z,422,AA/ ORD,2014
AA,ORD,dep,1970-01-01T11:51:00Z,321,AA/ ORD,2014
AA,ORD,dep,1970-01-01T12:01:00Z,315,AA/ ORD,2014
AA,ORD,dep,1970-01-01T12:11:00Z,575,AA/ ORD,2014
AA,ORD,dep,1970-01-01T12:21:00Z,421,AA/ ORD,2014
AA,ORD,dep,1970-01-01T12:31:00Z,324,AA/ ORD,2014
AA,ORD,dep,1970-01-01T12:41:00Z,390,AA/ ORD,2014
AA,ORD,dep,1970-01-01T12:51:00Z,734,AA/ ORD,2014
AA,ORD,dep,1970-01-01T13:01:00Z,527,AA/ ORD,2014
AA,ORD,dep,1970-01-01T13:11:00Z,452,AA/ ORD,2014
AA,ORD,dep,1970-01-01T13:21:00Z,495,AA/ ORD,2014
AA,ORD,dep,1970-01-01T13:31:00Z,394,AA/ ORD,2014
AA,ORD,dep,1970-01-01T13:41:00Z,476,AA/ ORD,2014
AA,ORD,dep,1970-01-01T13:51:00Z,608,AA/ ORD,2014
AA,ORD,dep,1970-01-01T14:01:00Z,474,AA/ ORD,2014
AA,ORD,dep,1970-01-01T14:11:00Z,481,AA/ ORD,2014
AA,ORD,dep,1970-01-01T14:21:00Z,578,AA/ ORD,2014
AA,ORD,dep,1970-01-01T14:31:00Z,448,AA/ ORD,2014
AA,ORD,dep,1970-01-01T14:41:00Z,597,AA/ ORD,2014
AA,ORD,dep,1970-01-01T14:51:00Z,861,AA/ ORD,2014
AA,ORD,dep,1970-01-01T15:01:00Z,476,AA/ ORD,2014
AA,ORD,dep,1970-01-01T15:11:00Z,466,AA/ ORD,2014
AA,ORD,dep,1970-01-01T15:21:00Z,467,AA/ ORD,2014
AA,ORD,dep,1970-01-01T15:31:00Z,626,AA/ ORD,2014
AA,ORD,dep,1970-01-01T15:41:00Z,627,AA/ ORD,2014
AA,ORD,dep,1970-01-01T15:51:00Z,467,AA/ ORD,2014
AA,ORD,dep,1970-01-01T16:01:00Z,466,AA/ ORD,2014
AA,ORD,dep,1970-01-01T16:11:00Z,508,AA/ ORD,2014
AA,ORD,dep,1970-01-01T16:21:00Z,444,AA/ ORD,2014
AA,ORD,dep,1970-01-01T16:31:00Z,398,AA/ ORD,2014
AA,ORD,dep,1970-01-01T16:41:00Z,330,AA/ ORD,2014
AA,ORD,dep,1970-01-01T16:51:00Z,369,AA/ ORD,2014
AA,ORD,dep,1970-01-01T17:01:00Z,397,AA/ ORD,2014
AA,ORD,dep,1970-01-01T17:11:00Z,474,AA/ ORD,2014
AA,ORD,dep,1970-01-01T17:21:00Z,434,AA/ ORD,2014
AA,ORD,dep,1970-01-01T17:31:00Z,512,AA/ ORD,2014
AA,ORD,dep,1970-01-01T17:41:00Z,447,AA/ ORD,2014
AA,ORD,dep,1970-01-01T17:51:00Z,533,AA/ ORD,2014
AA,ORD,dep,1970-01-01T18:01:00Z,469,AA/ ORD,2014
AA,ORD,dep,1970-01-01T18:11:00Z,504,AA/ ORD,2014
AA,ORD,dep,1970-01-01T18:21:00Z,499,AA/ ORD,2014
AA,ORD,dep,1970-01-01T18:31:00Z,441,AA/ ORD,2014
AA,ORD,dep,1970-01-01T18:41:00Z,480,AA/ ORD,2014
AA,ORD,dep,1970-01-01T18:51:00Z,584,AA/ ORD,2014
AA,ORD,dep,1970-01-01T19:01:00Z,566,AA/ ORD,2014
AA,ORD,dep,1970-01-01T19:11:00Z,424,AA/ ORD,2014
AA,ORD,dep,1970-01-01T19:21:00Z,567,AA/ ORD,2014
AA,ORD,dep,1970-01-01T19:31:00Z,682,AA/ ORD,2014
AA,ORD,dep,1970-01-01T19:41:00Z,670,AA/ ORD,2014
AA,ORD,dep,1970-01-01T19:51:00Z,631,AA/ ORD,2014
AA,ORD,dep,1970-01-01T20:01:00Z,612,AA/ ORD,2014
AA,ORD,dep,1970-01-01T20:11:00Z,572,AA/ ORD,2014
AA,ORD,dep,1970-01-01T20:21:00Z,489,AA/ ORD,2014
AA,ORD,dep,1970-01-01T20:31:00Z,546,AA/ ORD,2014
AA,ORD,dep,1970-01-01T20:41:00Z,489,AA/ ORD,2014
AA,ORD,dep,1970-01-01T20:51:00Z,467,AA/ ORD,2014
AA,ORD,dep,1970-01-01T21:01:00Z,383,AA/ ORD,2014
AA,ORD,dep,1970-01-01T21:11:00Z,349,AA/ ORD,2014
AA,ORD,dep,1970-01-01T21:21:00Z,332,AA/ ORD,2014
AA,ORD,dep,1970-01-01T21:31:00Z,235,AA/ ORD,2014
AA,ORD,dep,1970-01-01T21:41:00Z,213,AA/ ORD,2014
AA,ORD,dep,1970-01-01T21:51:00Z,217,AA/ ORD,2014
AA,ORD,dep,1970-01-01T22:01:00Z,204,AA/ ORD,2014
AA,ORD,dep,1970-01-01T22:11:00Z,222,AA/ ORD,2014
AA,ORD,dep,1970-01-01T22:21:00Z,194,AA/ ORD,2014
AA,ORD,dep,1970-01-01T22:31:00Z,128,AA/ ORD,2014
AA,ORD,dep,1970-01-01T22:41:00Z,110,AA/ ORD,2014
AA,ORD,dep,1970-01-01T22:51:00Z,78,AA/ ORD,2014
AA,ORD,dep,1970-01-01T23:01:00Z,50,AA/ ORD,2014
AA,ORD,dep,1970-01-01T23:11:00Z,29,AA/ ORD,2014
AA,ORD,dep,1970-01-01T23:21:00Z,33,AA/ ORD,2014
AA,ORD,dep,1970-01-01T23:31:00Z,12,AA/ ORD,2014
AA,ORD,dep,1970-01-01T23:41:00Z,20,AA/ ORD,2014
AA,ORD,dep,1970-01-01T23:51:00Z,8,AA/ ORD,2014
UA,ORD,arr,1970-01-01T00:01:00Z,-141,UA/ ORD,2014
UA,ORD,arr,1970-01-01T00:11:00Z,-124,UA/ ORD,2014
UA,ORD,arr,1970-01-01T00:21:00Z,-105,UA/ ORD,2014
UA,ORD,arr,1970-01-01T00:31:00Z,-101,UA/ ORD,2014
UA,ORD,arr,1970-01-01T00:41:00Z,-104,UA/ ORD,2014
UA,ORD,arr,1970-01-01T00:51:00Z,-92,UA/ ORD,2014
UA,ORD,arr,1970-01-01T01:01:00Z,-72,UA/ ORD,2014
UA,ORD,arr,1970-01-01T01:11:00Z,-69,UA/ ORD,2014
UA,ORD,arr,1970-01-01T01:21:00Z,-75,UA/ ORD,2014
UA,ORD,arr,1970-01-01T01:31:00Z,-37,UA/ ORD,2014
UA,ORD,arr,1970-01-01T01:41:00Z,-38,UA/ ORD,2014
UA,ORD,arr,1970-01-01T01:51:00Z,-34,UA/ ORD,2014
UA,ORD,arr,1970-01-01T02:01:00Z,-18,UA/ ORD,2014
UA,ORD,arr,1970-01-01T02:11:00Z,-10,UA/ ORD,2014
UA,ORD,arr,1970-01-01T02:21:00Z,-14,UA/ ORD,2014
UA,ORD,arr,1970-01-01T02:31:00Z,-10,UA/ ORD,2014
UA,ORD,arr,1970-01-01T02:41:00Z,-9,UA/ ORD,2014
UA,ORD,arr,1970-01-01T02:51:00Z,-7,UA/ ORD,2014
UA,ORD,arr,1970-01-01T03:01:00Z,-5,UA/ ORD,2014
UA,ORD,arr,1970-01-01T03:11:00Z,-8,UA/ ORD,2014
UA,ORD,arr,1970-01-01T03:21:00Z,-4,UA/ ORD,2014
UA,ORD,arr,1970-01-01T03:31:00Z,-8,UA/ ORD,2014
UA,ORD,arr,1970-01-01T03:41:00Z,-4,UA/ ORD,2014
UA,ORD,arr,1970-01-01T03:51:00Z,-13,UA/ ORD,2014
UA,ORD,arr,1970-01-01T04:01:00Z,-18,UA/ ORD,2014
UA,ORD,arr,1970-01-01T04:11:00Z,-71,UA/ ORD,2014
UA,ORD,arr,1970-01-01T04:21:00Z,-207,UA/ ORD,2014
UA,ORD,arr,1970-01-01T04:31:00Z,-235,UA/ ORD,2014
UA,ORD,arr,1970-01-01T04:41:00Z,-374,UA/ ORD,2014
UA,ORD,arr,1970-01-01T04:51:00Z,-463,UA/ ORD,2014
UA,ORD,arr,1970-01-01T05:01:00Z,-449,UA/ ORD,2014
UA,ORD,arr,1970-01-01T05:11:00Z,-340,UA/ ORD,2014
UA,ORD,arr,1970-01-01T05:21:00Z,-227,UA/ ORD,2014
UA,ORD,arr,1970-01-01T05:31:00Z,-164,UA/ ORD,2014
UA,ORD,arr,1970-01-01T05:41:00Z,-149,UA/ ORD,2014
UA,ORD,arr,1970-01-01T05:51:00Z,-111,UA/ ORD,2014
UA,ORD,arr,1970-01-01T06:01:00Z,-95,UA/ ORD,2014
UA,ORD,arr,1970-01-01T06:11:00Z,-69,UA/ ORD,2014
UA,ORD,arr,1970-01-01T06:21:00Z,-58,UA/ ORD,2014
UA,ORD,arr,1970-01-01T06:31:00Z,-39,UA/ ORD,2014
UA,ORD,arr,1970-01-01T06:41:00Z,-67,UA/ ORD,2014
UA,ORD,arr,1970-01-01T06:51:00Z,-216,UA/ ORD,2014
UA,ORD,arr,1970-01-01T07:01:00Z,-365,UA/ ORD,2014
UA,ORD,arr,1970-01-01T07:11:00Z,-491,UA/ ORD,2014
UA,ORD,arr,1970-01-01T07:21:00Z,-552,UA/ ORD,2014
UA,ORD,arr,1970-01-01T07:31:00Z,-677,UA/ ORD,2014
UA,ORD,arr,1970-01-01T07:41:00Z,-595,UA/ ORD,2014
UA,ORD,arr,1970-01-01T07:51:00Z,-540,UA/ ORD,2014
UA,ORD,arr,1970-01-01T08:01:00Z,-496,UA/ ORD,2014
UA,ORD,arr,1970-01-01T08:11:00Z,-577,UA/ ORD,2014
UA,ORD,arr,1970-01-01T08:21:00Z,-655,UA/ ORD,2014
UA,ORD,arr,1970-01-01T08:31:00Z,-734,UA/ ORD,2014
UA,ORD,arr,1970-01-01T08:41:00Z,-750,UA/ ORD,2014
UA,ORD,arr,1970-01-01T08:51:00Z,-703,UA/ ORD,2014
UA,ORD,arr,1970-01-01T09:01:00Z,-595,UA/ ORD,2014
UA,ORD,arr,1970-01-01T09:11:00Z,-504,UA/ ORD,2014
UA,ORD,arr,1970-01-01T09:21:00Z,-365,UA/ ORD,2014
UA,ORD,arr,1970-01-01T09:31:00Z,-413,UA/ ORD,2014
UA,ORD,arr,1970-01-01T09:41:00Z,-426,UA/ ORD,2014
UA,ORD,arr,1970-01-01T09:51:00Z,-336,UA/ ORD,2014
UA,ORD,arr,1970-01-01T10:01:00Z,-295,UA/ ORD,2014
UA,ORD,arr,1970-01-01T10:11:00Z,-254,UA/ ORD,2014
UA,ORD,arr,1970-01-01T10:21:00Z,-381,UA/ ORD,2014
UA,ORD,arr,1970-01-01T10:31:00Z,-660,UA/ ORD,2014
UA,ORD,arr,1970-01-01T10:41:00Z,-759,UA/ ORD,2014
UA,ORD,arr,1970-01-01T10:51:00Z,-669,UA/ ORD,2014
UA,ORD,arr,1970-01-01T11:01:00Z,-506,UA/ ORD,2014
UA,ORD,arr,1970-01-01T11:11:00Z,-456,UA/ ORD,2014
UA,ORD,arr,1970-01-01T11:21:00Z,-484,UA/ ORD,2014
UA,ORD,arr,1970-01-01T11:31:00Z,-599,UA/ ORD,2014
UA,ORD,arr,1970-01-01T11:41:00Z,-616,UA/ ORD,2014
UA,ORD,arr,1970-01-01T11:51:00Z,-715,UA/ ORD,2014
UA,ORD,arr,1970-01-01T12:01:00Z,-896,UA/ ORD,2014
UA,ORD,arr,1970-01-01T12:11:00Z,-790,UA/ ORD,2014
UA,ORD,arr,1970-01-01T12:21:00Z,-570,UA/ ORD,2014
UA,ORD,arr,1970-01-01T12:31:00Z,-430,UA/ ORD,2014
UA,ORD,arr,1970-01-01T12:41:00Z,-433,UA/ ORD,2014
UA,ORD,arr,1970-01-01T12:51:00Z,-424,UA/ ORD,2014
UA,ORD,arr,1970-01-01T13:01:00Z,-392,UA/ ORD,2014
UA,ORD,arr,1970-01-01T13:11:00Z,-363,UA/ ORD,2014
UA,ORD,arr,1970-01-01T13:21:00Z,-346,UA/ ORD,2014
UA,ORD,arr,1970-01-01T13:31:00Z,-377,UA/ ORD,2014
UA,ORD,arr,1970-01-01T13:41:00Z,-498,UA/ ORD,2014
UA,ORD,arr,1970-01-01T13:51:00Z,-523,UA/ ORD,2014
UA,ORD,arr,1970-01-01T14:01:00Z,-574,UA/ ORD,2014
UA,ORD,arr,1970-01-01T14:11:00Z,-611,UA/ ORD,2014
UA,ORD,arr,1970-01-01T14:21:00Z,-550,UA/ ORD,2014
UA,ORD,arr,1970-01-01T14:31:00Z,-506,UA/ ORD,2014
UA,ORD,arr,1970-01-01T14:41:00Z,-455,UA/ ORD,2014
UA,ORD,arr,1970-01-01T14:51:00Z,-451,UA/ ORD,2014
UA,ORD,arr,1970-01-01T15:01:00Z,-395,UA/ ORD,2014
UA,ORD,arr,1970-01-01T15:11:00Z,-415,UA/ ORD,2014
UA,ORD,arr,1970-01-01T15:21:00Z,-404,UA/ ORD,2014
UA,ORD,arr,1970-01-01T15:31:00Z,-360,UA/ ORD,2014
UA,ORD,arr,1970-01-01T15:41:00Z,-447,UA/ ORD,2014
UA,ORD,arr,1970-01-01T15:51:00Z,-534,UA/ ORD,2014
UA,ORD,arr,1970-01-01T16:01:00Z,-562,UA/ ORD,2014
UA,ORD,arr,1970-01-01T16:11:00Z,-544,UA/ ORD,2014
UA,ORD,arr,1970-01-01T16:21:00Z,-579,UA/ ORD,2014
UA,ORD,arr,1970-01-01T16:31:00Z,-642,UA/ ORD,2014
UA,ORD,arr,1970-01-01T16:41:00Z,-762,UA/ ORD,2014
UA,ORD,arr,1970-01-01T16:51:00Z,-824,UA/ ORD,2014
UA,ORD,arr,1970-01-01T17:01:00Z,-835,UA/ ORD,2014
UA,ORD,arr,1970-01-01T17:11:00Z,-819,UA/ ORD,2014
UA,ORD,arr,1970-01-01T17:21:00Z,-686,UA/ ORD,2014
UA,ORD,arr,1970-01-01T17:31:00Z,-639,UA/ ORD,2014
UA,ORD,arr,1970-01-01T17:41:00Z,-568,UA/ ORD,2014
UA,ORD,arr,1970-01-01T17:51:00Z,-587,UA/ ORD,2014
UA,ORD,arr,1970-01-01T18:01:00Z,-590,UA/ ORD,2014
UA,ORD,arr,1970-01-01T18:11:00Z,-668,UA/ ORD,2014
UA,ORD,arr,1970-01-01T18:21:00Z,-766,UA/ ORD,2014
UA,ORD,arr,1970-01-01T18:31:00Z,-819,UA/ ORD,2014
UA,ORD,arr,1970-01-01T18:41:00Z,-823,UA/ ORD,2014
UA,ORD,arr,1970-01-01T18:51:00Z,-792,UA/ ORD,2014
UA,ORD,arr,1970-01-01T19:01:00Z,-761,UA/ ORD,2014
UA,ORD,arr,1970-01-01T19:11:00Z,-797,UA/ ORD,2014
UA,ORD,arr,1970-01-01T19:21:00Z,-762,UA/ ORD,2014
UA,ORD,arr,1970-01-01T19:31:00Z,-754,UA/ ORD,2014
UA,ORD,arr,1970-01-01T19:41:00Z,-658,UA/ ORD,2014
UA,ORD,arr,1970-01-01T19:51:00Z,-684,UA/ ORD,2014
UA,ORD,arr,1970-01-01T20:01:00Z,-724,UA/ ORD,2014
UA,ORD,arr,1970-01-01T20:11:00Z,-651,UA/ ORD,2014
UA,ORD,arr,1970-01-01T20:21:00Z,-617,UA/ ORD,2014
UA,ORD,arr,1970-01-01T20:31:00Z,-531,UA/ ORD,2014
UA,ORD,arr,1970-01-01T20:41:00Z,-426,UA/ ORD,2014
UA,ORD,arr,1970-01-01T20:51:00Z,-378,UA/ ORD,2014
UA,ORD,arr,1970-01-01T21:01:00Z,-320,UA/ ORD,2014
UA,ORD,arr,1970-01-01T21:11:00Z,-282,UA/ ORD,2014
UA,ORD,arr,1970-01-01T21:21:00Z,-268,UA/ ORD,2014
UA,ORD,arr,1970-01-01T21:31:00Z,-256,UA/ ORD,2014
UA,ORD,arr,1970-01-01T21:41:00Z,-232,UA/ ORD,2014
UA,ORD,arr,1970-01-01T21:51:00Z,-231,UA/ ORD,2014
UA,ORD,arr,1970-01-01T22:01:00Z,-219,UA/ ORD,2014
UA,ORD,arr,1970-01-01T22:11:00Z,-221,UA/ ORD,2014
UA,ORD,arr,1970-01-01T22:21:00Z,-195,UA/ ORD,2014
UA,ORD,arr,1970-01-01T22:31:00Z,-194,UA/ ORD,2014
UA,ORD,arr,1970-01-01T22:41:00Z,-217,UA/ ORD,2014
UA,ORD,arr,1970-01-01T22:51:00Z,-246,UA/ ORD,2014
UA,ORD,arr,1970-01-01T23:01:00Z,-207,UA/ ORD,2014
UA,ORD,arr,1970-01-01T23:11:00Z,-165,UA/ ORD,2014
UA,ORD,arr,1970-01-01T23:21:00Z,-170,UA/ ORD,2014
UA,ORD,arr,1970-01-01T23:31:00Z,-164,UA/ ORD,2014
UA,ORD,arr,1970-01-01T23:41:00Z,-177,UA/ ORD,2014
UA,ORD,arr,1970-01-01T23:51:00Z,-158,UA/ ORD,2014
UA,ORD,dep,1970-01-01T00:01:00Z,27,UA/ ORD,2014
UA,ORD,dep,1970-01-01T00:11:00Z,25,UA/ ORD,2014
UA,ORD,dep,1970-01-01T00:21:00Z,14,UA/ ORD,2014
UA,ORD,dep,1970-01-01T00:31:00Z,19,UA/ ORD,2014
UA,ORD,dep,1970-01-01T00:41:00Z,12,UA/ ORD,2014
UA,ORD,dep,1970-01-01T00:51:00Z,12,UA/ ORD,2014
UA,ORD,dep,1970-01-01T01:01:00Z,8,UA/ ORD,2014
UA,ORD,dep,1970-01-01T01:11:00Z,6,UA/ ORD,2014
UA,ORD,dep,1970-01-01T01:21:00Z,6,UA/ ORD,2014
UA,ORD,dep,1970-01-01T01:31:00Z,1,UA/ ORD,2014
UA,ORD,dep,1970-01-01T01:41:00Z,4,UA/ ORD,2014
UA,ORD,dep,1970-01-01T01:51:00Z,3,UA/ ORD,2014
UA,ORD,dep,1970-01-01T02:01:00Z,2,UA/ ORD,2014
UA,ORD,dep,1970-01-01T02:11:00Z,1,UA/ ORD,2014
UA,ORD,dep,1970-01-01T02:31:00Z,1,UA/ ORD,2014
UA,ORD,dep,1970-01-01T02:41:00Z,1,UA/ ORD,2014
UA,ORD,dep,1970-01-01T04:51:00Z,2,UA/ ORD,2014
UA,ORD,dep,1970-01-01T05:01:00Z,30,UA/ ORD,2014
UA,ORD,dep,1970-01-01T05:11:00Z,119,UA/ ORD,2014
UA,ORD,dep,1970-01-01T05:21:00Z,141,UA/ ORD,2014
UA,ORD,dep,1970-01-01T05:31:00Z,46,UA/ ORD,2014
UA,ORD,dep,1970-01-01T05:41:00Z,44,UA/ ORD,2014
UA,ORD,dep,1970-01-01T05:51:00Z,975,UA/ ORD,2014
UA,ORD,dep,1970-01-01T06:01:00Z,844,UA/ ORD,2014
UA,ORD,dep,1970-01-01T06:11:00Z,371,UA/ ORD,2014
UA,ORD,dep,1970-01-01T06:21:00Z,350,UA/ ORD,2014
UA,ORD,dep,1970-01-01T06:31:00Z,238,UA/ ORD,2014
UA,ORD,dep,1970-01-01T06:41:00Z,224,UA/ ORD,2014
UA,ORD,dep,1970-01-01T06:51:00Z,659,UA/ ORD,2014
UA,ORD,dep,1970-01-01T07:01:00Z,362,UA/ ORD,2014
UA,ORD,dep,1970-01-01T07:11:00Z,165,UA/ ORD,2014
UA,ORD,dep,1970-01-01T07:21:00Z,150,UA/ ORD,2014
UA,ORD,dep,1970-01-01T07:31:00Z,150,UA/ ORD,2014
UA,ORD,dep,1970-01-01T07:41:00Z,162,UA/ ORD,2014
UA,ORD,dep,1970-01-01T07:51:00Z,661,UA/ ORD,2014
UA,ORD,dep,1970-01-01T08:01:00Z,951,UA/ ORD,2014
UA,ORD,dep,1970-01-01T08:11:00Z,862,UA/ ORD,2014
UA,ORD,dep,1970-01-01T08:21:00Z,668,UA/ ORD,2014
UA,ORD,dep,1970-01-01T08:31:00Z,525,UA/ ORD,2014
UA,ORD,dep,1970-01-01T08:41:00Z,821,UA/ ORD,2014
UA,ORD,dep,1970-01-01T08:51:00Z,674,UA/ ORD,2014
UA,ORD,dep,1970-01-01T09:01:00Z,535,UA/ ORD,2014
UA,ORD,dep,1970-01-01T09:11:00Z,521,UA/ ORD,2014
UA,ORD,dep,1970-01-01T09:21:00Z,494,UA/ ORD,2014
UA,ORD,dep,1970-01-01T09:31:00Z,402,UA/ ORD,2014
UA,ORD,dep,1970-01-01T09:41:00Z,807,UA/ ORD,2014
UA,ORD,dep,1970-01-01T09:51:00Z,853,UA/ ORD,2014
UA,ORD,dep,1970-01-01T10:01:00Z,598,UA/ ORD,2014
UA,ORD,dep,1970-01-01T10:11:00Z,650,UA/ ORD,2014
UA,ORD,dep,1970-01-01T10:21:00Z,522,UA/ ORD,2014
UA,ORD,dep,1970-01-01T10:31:00Z,402,UA/ ORD,2014
UA,ORD,dep,1970-01-01T10:41:00Z,501,UA/ ORD,2014
UA,ORD,dep,1970-01-01T10:51:00Z,590,UA/ ORD,2014
UA,ORD,dep,1970-01-01T11:01:00Z,410,UA/ ORD,2014
UA,ORD,dep,1970-01-01T11:11:00Z,234,UA/ ORD,2014
UA,ORD,dep,1970-01-01T11:21:00Z,209,UA/ ORD,2014
UA,ORD,dep,1970-01-01T11:31:00Z,204,UA/ ORD,2014
UA,ORD,dep,1970-01-01T11:41:00Z,319,UA/ ORD,2014
UA,ORD,dep,1970-01-01T11:51:00Z,1172,UA/ ORD,2014
UA,ORD,dep,1970-01-01T12:01:00Z,858,UA/ ORD,2014
UA,ORD,dep,1970-01-01T12:11:00Z,541,UA/ ORD,2014
UA,ORD,dep,1970-01-01T12:21:00Z,409,UA/ ORD,2014
UA,ORD,dep,1970-01-01T12:31:00Z,359,UA/ ORD,2014
UA,ORD,dep,1970-01-01T12:41:00Z,266,UA/ ORD,2014
UA,ORD,dep,1970-01-01T12:51:00Z,553,UA/ ORD,2014
UA,ORD,dep,1970-01-01T13:01:00Z,1189,UA/ ORD,2014
UA,ORD,dep,1970-01-01T13:11:00Z,1359,UA/ ORD,2014
UA,ORD,dep,1970-01-01T13:21:00Z,833,UA/ ORD,2014
UA,ORD,dep,1970-01-01T13:31:00Z,638,UA/ ORD,2014
UA,ORD,dep,1970-01-01T13:41:00Z,534,UA/ ORD,2014
UA,ORD,dep,1970-01-01T13:51:00Z,575,UA/ ORD,2014
UA,ORD,dep,1970-01-01T14:01:00Z,502,UA/ ORD,2014
UA,ORD,dep,1970-01-01T14:11:00Z,388,UA/ ORD,2014
UA,ORD,dep,1970-01-01T14:21:00Z,362,UA/ ORD,2014
UA,ORD,dep,1970-01-01T14:31:00Z,249,UA/ ORD,2014
UA,ORD,dep,1970-01-01T14:41:00Z,212,UA/ ORD,2014
UA,ORD,dep,1970-01-01T14:51:00Z,385,UA/ ORD,2014
UA,ORD,dep,1970-01-01T15:01:00Z,610,UA/ ORD,2014
UA,ORD,dep,1970-01-01T15:11:00Z,616,UA/ ORD,2014
UA,ORD,dep,1970-01-01T15:21:00Z,603,UA/ ORD,2014
UA,ORD,dep,1970-01-01T15:31:00Z,487,UA/ ORD,2014
UA,ORD,dep,1970-01-01T15:41:00Z,363,UA/ ORD,2014
UA,ORD,dep,1970-01-01T15:51:00Z,519,UA/ ORD,2014
UA,ORD,dep,1970-01-01T16:01:00Z,525,UA/ ORD,2014
UA,ORD,dep,1970-01-01T16:11:00Z,555,UA/ ORD,2014
UA,ORD,dep,1970-01-01T16:21:00Z,455,UA/ ORD,2014
UA,ORD,dep,1970-01-01T16:31:00Z,426,UA/ ORD,2014
UA,ORD,dep,1970-01-01T16:41:00Z,350,UA/ ORD,2014
UA,ORD,dep,1970-01-01T16:51:00Z,428,UA/ ORD,2014
UA,ORD,dep,1970-01-01T17:01:00Z,482,UA/ ORD,2014
UA,ORD,dep,1970-01-01T17:11:00Z,457,UA/ ORD,2014
UA,ORD,dep,1970-01-01T17:21:00Z,452,UA/ ORD,2014
UA,ORD,dep,1970-01-01T17:31:00Z,526,UA/ ORD,2014
UA,ORD,dep,1970-01-01T17:41:00Z,434,UA/ ORD,2014
UA,ORD,dep,1970-01-01T17:51:00Z,637,UA/ ORD,2014
UA,ORD,dep,1970-01-01T18:01:00Z,944,UA/ ORD,2014
UA,ORD,dep,1970-01-01T18:11:00Z,964,UA/ ORD,2014
UA,ORD,dep,1970-01-01T18:21:00Z,845,UA/ ORD,2014
UA,ORD,dep,1970-01-01T18:31:00Z,718,UA/ ORD,2014
UA,ORD,dep,1970-01-01T18:41:00Z,635,UA/ ORD,2014
UA,ORD,dep,1970-01-01T18:51:00Z,656,UA/ ORD,2014
UA,ORD,dep,1970-01-01T19:01:00Z,691,UA/ ORD,2014
UA,ORD,dep,1970-01-01T19:11:00Z,609,UA/ ORD,2014
UA,ORD,dep,1970-01-01T19:21:00Z,723,UA/ ORD,2014
UA,ORD,dep,1970-01-01T19:31:00Z,776,UA/ ORD,2014
UA,ORD,dep,1970-01-01T19:41:00Z,838,UA/ ORD,2014
UA,ORD,dep,1970-01-01T19:51:00Z,744,UA/ ORD,2014
UA,ORD,dep,1970-01-01T20:01:00Z,800,UA/ ORD,2014
UA,ORD,dep,1970-01-01T20:11:00Z,818,UA/ ORD,2014
UA,ORD,dep,1970-01-01T20:21:00Z,787,UA/ ORD,2014
UA,ORD,dep,1970-01-01T20:31:00Z,713,UA/ ORD,2014
UA,ORD,dep,1970-01-01T20:41:00Z,686,UA/ ORD,2014
UA,ORD,dep,1970-01-01T20:51:00Z,624,UA/ ORD,2014
UA,ORD,dep,1970-01-01T21:01:00Z,629,UA/ ORD,2014
UA,ORD,dep,1970-01-01T21:11:00Z,723,UA/ ORD,2014
UA,ORD,dep,1970-01-01T21:21:00Z,630,UA/ ORD,2014
UA,ORD,dep,1970-01-01T21:31:00Z,448,UA/ ORD,2014
UA,ORD,dep,1970-01-01T21:41:00Z,332,UA/ ORD,2014
UA,ORD,dep,1970-01-01T21:51:00Z,261,UA/ ORD,2014
UA,ORD,dep,1970-01-01T22:01:00Z,206,UA/ ORD,2014
UA,ORD,dep,1970-01-01T22:11:00Z,167,UA/ ORD,2014
UA,ORD,dep,1970-01-01T22:21:00Z,135,UA/ ORD,2014
UA,ORD,dep,1970-01-01T22:31:00Z,117,UA/ ORD,2014
UA,ORD,dep,1970-01-01T22:41:00Z,94,UA/ ORD,2014
UA,ORD,dep,1970-01-01T22:51:00Z,90,UA/ ORD,2014
UA,ORD,dep,1970-01-01T23:01:00Z,72,UA/ ORD,2014
UA,ORD,dep,1970-01-01T23:11:00Z,52,UA/ ORD,2014
UA,ORD,dep,1970-01-01T23:21:00Z,37,UA/ ORD,2014
UA,ORD,dep,1970-01-01T23:31:00Z,38,UA/ ORD,2014
UA,ORD,dep,1970-01-01T23:41:00Z,39,UA/ ORD,2014
UA,ORD,dep,1970-01-01T23:51:00Z,28,UA/ ORD,2014
AA,ORD,arr,1970-01-01T00:01:00Z,-210,AA/ ORD,2015
AA,ORD,arr,1970-01-01T00:11:00Z,-138,AA/ ORD,2015
AA,ORD,arr,1970-01-01T00:21:00Z,-90,AA/ ORD,2015
AA,ORD,arr,1970-01-01T00:31:00Z,-61,AA/ ORD,2015
AA,ORD,arr,1970-01-01T00:41:00Z,-41,AA/ ORD,2015
AA,ORD,arr,1970-01-01T00:51:00Z,-52,AA/ ORD,2015
AA,ORD,arr,1970-01-01T01:01:00Z,-28,AA/ ORD,2015
AA,ORD,arr,1970-01-01T01:11:00Z,-26,AA/ ORD,2015
AA,ORD,arr,1970-01-01T01:21:00Z,-16,AA/ ORD,2015
AA,ORD,arr,1970-01-01T01:31:00Z,-15,AA/ ORD,2015
AA,ORD,arr,1970-01-01T01:41:00Z,-18,AA/ ORD,2015
AA,ORD,arr,1970-01-01T01:51:00Z,-19,AA/ ORD,2015
AA,ORD,arr,1970-01-01T02:01:00Z,-4,AA/ ORD,2015
AA,ORD,arr,1970-01-01T02:11:00Z,-6,AA/ ORD,2015
AA,ORD,arr,1970-01-01T02:21:00Z,-5,AA/ ORD,2015
AA,ORD,arr,1970-01-01T02:31:00Z,-4,AA/ ORD,2015
AA,ORD,arr,1970-01-01T02:41:00Z,-7,AA/ ORD,2015
AA,ORD,arr,1970-01-01T02:51:00Z,-3,AA/ ORD,2015
AA,ORD,arr,1970-01-01T03:01:00Z,-6,AA/ ORD,2015
AA,ORD,arr,1970-01-01T03:11:00Z,-3,AA/ ORD,2015
AA,ORD,arr,1970-01-01T03:31:00Z,-1,AA/ ORD,2015
AA,ORD,arr,1970-01-01T03:41:00Z,-1,AA/ ORD,2015
AA,ORD,arr,1970-01-01T04:01:00Z,-2,AA/ ORD,2015
AA,ORD,arr,1970-01-01T04:11:00Z,-6,AA/ ORD,2015
AA,ORD,arr,1970-01-01T04:21:00Z,-30,AA/ ORD,2015
AA,ORD,arr,1970-01-01T04:31:00Z,-43,AA/ ORD,2015
AA,ORD,arr,1970-01-01T04:41:00Z,-24,AA/ ORD,2015
AA,ORD,arr,1970-01-01T04:51:00Z,-19,AA/ ORD,2015
AA,ORD,arr,1970-01-01T05:01:00Z,-46,AA/ ORD,2015
AA,ORD,arr,1970-01-01T05:11:00Z,-69,AA/ ORD,2015
AA,ORD,arr,1970-01-01T05:21:00Z,-92,AA/ ORD,2015
AA,ORD,arr,1970-01-01T05:31:00Z,-168,AA/ ORD,2015
AA,ORD,arr,1970-01-01T05:41:00Z,-352,AA/ ORD,2015
AA,ORD,arr,1970-01-01T05:51:00Z,-324,AA/ ORD,2015
AA,ORD,arr,1970-01-01T06:01:00Z,-436,AA/ ORD,2015
AA,ORD,arr,1970-01-01T06:11:00Z,-405,AA/ ORD,2015
AA,ORD,arr,1970-01-01T06:21:00Z,-283,AA/ ORD,2015
AA,ORD,arr,1970-01-01T06:31:00Z,-240,AA/ ORD,2015
AA,ORD,arr,1970-01-01T06:41:00Z,-180,AA/ ORD,2015
AA,ORD,arr,1970-01-01T06:51:00Z,-141,AA/ ORD,2015
AA,ORD,arr,1970-01-01T07:01:00Z,-178,AA/ ORD,2015
AA,ORD,arr,1970-01-01T07:11:00Z,-247,AA/ ORD,2015
AA,ORD,arr,1970-01-01T07:21:00Z,-444,AA/ ORD,2015
AA,ORD,arr,1970-01-01T07:31:00Z,-418,AA/ ORD,2015
AA,ORD,arr,1970-01-01T07:41:00Z,-359,AA/ ORD,2015
AA,ORD,arr,1970-01-01T07:51:00Z,-368,AA/ ORD,2015
AA,ORD,arr,1970-01-01T08:01:00Z,-228,AA/ ORD,2015
AA,ORD,arr,1970-01-01T08:11:00Z,-176,AA/ ORD,2015
AA,ORD,arr,1970-01-01T08:21:00Z,-246,AA/ ORD,2015
AA,ORD,arr,1970-01-01T08:31:00Z,-463,AA/ ORD,2015
AA,ORD,arr,1970-01-01T08:41:00Z,-640,AA/ ORD,2015
AA,ORD,arr,1970-01-01T08:51:00Z,-699,AA/ ORD,2015
AA,ORD,arr,1970-01-01T09:01:00Z,-834,AA/ ORD,2015
AA,ORD,arr,1970-01-01T09:11:00Z,-642,AA/ ORD,2015
AA,ORD,arr,1970-01-01T09:21:00Z,-480,AA/ ORD,2015
AA,ORD,arr,1970-01-01T09:31:00Z,-391,AA/ ORD,2015
AA,ORD,arr,1970-01-01T09:41:00Z,-287,AA/ ORD,2015
AA,ORD,arr,1970-01-01T09:51:00Z,-198,AA/ ORD,2015
AA,ORD,arr,1970-01-01T10:01:00Z,-246,AA/ ORD,2015
AA,ORD,arr,1970-01-01T10:11:00Z,-372,AA/ ORD,2015
AA,ORD,arr,1970-01-01T10:21:00Z,-526,AA/ ORD,2015
AA,ORD,arr,1970-01-01T10:31:00Z,-709,AA/ ORD,2015
AA,ORD,arr,1970-01-01T10:41:00Z,-859,AA/ ORD,2015
AA,ORD,arr,1970-01-01T10:51:00Z,-690,AA/ ORD,2015
AA,ORD,arr,1970-01-01T11:01:00Z,-620,AA/ ORD,2015
AA,ORD,arr,1970-01-01T11:11:00Z,-513,AA/ ORD,2015
AA,ORD,arr,1970-01-01T11:21:00Z,-367,AA/ ORD,2015
AA,ORD,arr,1970-01-01T11:31:00Z,-299,AA/ ORD,2015
AA,ORD,arr,1970-01-01T11:41:00Z,-277,AA/ ORD,2015
AA,ORD,arr,1970-01-01T11:51:00Z,-353,AA/ ORD,2015
AA,ORD,arr,1970-01-01T12:01:00Z,-350,AA/ ORD,2015
AA,ORD,arr,1970-01-01T12:11:00Z,-495,AA/ ORD,2015
AA,ORD,arr,1970-01-01T12:21:00Z,-653,AA/ ORD,2015
AA,ORD,arr,1970-01-01T12:31:00Z,-649,AA/ ORD,2015
AA,ORD,arr,1970-01-01T12:41:00Z,-651,AA/ ORD,2015
AA,ORD,arr,1970-01-01T12:51:00Z,-698,AA/ ORD,2015
AA,ORD,arr,1970-01-01T13:01:00Z,-601,AA/ ORD,2015
AA,ORD,arr,1970-01-01T13:11:00Z,-488,AA/ ORD,2015
AA,ORD,arr,1970-01-01T13:21:00Z,-503,AA/ ORD,2015
AA,ORD,arr,1970-01-01T13:31:00Z,-570,AA/ ORD,2015
AA,ORD,arr,1970-01-01T13:41:00Z,-681,AA/ ORD,2015
AA,ORD,arr,1970-01-01T13:51:00Z,-686,AA/ ORD,2015
AA,ORD,arr,1970-01-01T14:01:00Z,-655,AA/ ORD,2015
AA,ORD,arr,1970-01-01T14:11:00Z,-610,AA/ ORD,2015
AA,ORD,arr,1970-01-01T14:21:00Z,-530,AA/ ORD,2015
AA,ORD,arr,1970-01-01T14:31:00Z,-537,AA/ ORD,2015
AA,ORD,arr,1970-01-01T14:41:00Z,-460,AA/ ORD,2015
AA,ORD,arr,1970-01-01T14:51:00Z,-342,AA/ ORD,2015
AA,ORD,arr,1970-01-01T15:01:00Z,-329,AA/ ORD,2015
AA,ORD,arr,1970-01-01T15:11:00Z,-360,AA/ ORD,2015
AA,ORD,arr,1970-01-01T15:21:00Z,-515,AA/ ORD,2015
AA,ORD,arr,1970-01-01T15:31:00Z,-635,AA/ ORD,2015
AA,ORD,arr,1970-01-01T15:41:00Z,-775,AA/ ORD,2015
AA,ORD,arr,1970-01-01T15:51:00Z,-727,AA/ ORD,2015
AA,ORD,arr,1970-01-01T16:01:00Z,-712,AA/ ORD,2015
AA,ORD,arr,1970-01-01T16:11:00Z,-529,AA/ ORD,2015
AA,ORD,arr,1970-01-01T16:21:00Z,-389,AA/ ORD,2015
AA,ORD,arr,1970-01-01T16:31:00Z,-322,AA/ ORD,2015
AA,ORD,arr,1970-01-01T16:41:00Z,-344,AA/ ORD,2015
AA,ORD,arr,1970-01-01T16:51:00Z,-402,AA/ ORD,2015
AA,ORD,arr,1970-01-01T17:01:00Z,-567,AA/ ORD,2015
AA,ORD,arr,1970-01-01T17:11:00Z,-804,AA/ ORD,2015
AA,ORD,arr,1970-01-01T17:21:00Z,-985,AA/ ORD,2015
AA,ORD,arr,1970-01-01T17:31:00Z,-849,AA/ ORD,2015
AA,ORD,arr,1970-01-01T17:41:00Z,-642,AA/ ORD,2015
AA,ORD,arr,1970-01-01T17:51:00Z,-539,AA/ ORD,2015
AA,ORD,arr,1970-01-01T18:01:00Z,-436,AA/ ORD,2015
AA,ORD,arr,1970-01-01T18:11:00Z,-330,AA/ ORD,2015
AA,ORD,arr,1970-01-01T18:21:00Z,-258,AA/ ORD,2015
AA,ORD,arr,1970-01-01T18:31:00Z,-386,AA/ ORD,2015
AA,ORD,arr,1970-01-01T18:41:00Z,-576,AA/ ORD,2015
AA,ORD,arr,1970-01-01T18:51:00Z,-938,AA/ ORD,2015
AA,ORD,arr,1970-01-01T19:01:00Z,-1025,AA/ ORD,2015
AA,ORD,arr,1970-01-01T19:11:00Z,-952,AA/ ORD,2015
AA,ORD,arr,1970-01-01T19:21:00Z,-717,AA/ ORD,2015
AA,ORD,arr,1970-01-01T19:31:00Z,-524,AA/ ORD,2015
AA,ORD,arr,1970-01-01T19:41:00Z,-419,AA/ ORD,2015
AA,ORD,arr,1970-01-01T19:51:00Z,-393,AA/ ORD,2015
AA,ORD,arr,1970-01-01T20:01:00Z,-368,AA/ ORD,2015
AA,ORD,arr,1970-01-01T20:11:00Z,-406,AA/ ORD,2015
AA,ORD,arr,1970-01-01T20:21:00Z,-592,AA/ ORD,2015
AA,ORD,arr,1970-01-01T20:31:00Z,-751,AA/ ORD,2015
AA,ORD,arr,1970-01-01T20:41:00Z,-838,AA/ ORD,2015
AA,ORD,arr,1970-01-01T20:51:00Z,-860,AA/ ORD,2015
AA,ORD,arr,1970-01-01T21:01:00Z,-727,AA/ ORD,2015
AA,ORD,arr,1970-01-01T21:11:00Z,-624,AA/ ORD,2015
AA,ORD,arr,1970-01-01T21:21:00Z,-435,AA/ ORD,2015
AA,ORD,arr,1970-01-01T21:31:00Z,-370,AA/ ORD,2015
AA,ORD,arr,1970-01-01T21:41:00Z,-387,AA/ ORD,2015
AA,ORD,arr,1970-01-01T21:51:00Z,-363,AA/ ORD,2015
AA,ORD,arr,1970-01-01T22:01:00Z,-355,AA/ ORD,2015
AA,ORD,arr,1970-01-01T22:11:00Z,-385,AA/ ORD,2015
AA,ORD,arr,1970-01-01T22:21:00Z,-322,AA/ ORD,2015
AA,ORD,arr,1970-01-01T22:31:00Z,-313,AA/ ORD,2015
AA,ORD,arr,1970-01-01T22:41:00Z,-326,AA/ ORD,2015
AA,ORD,arr,1970-01-01T22:51:00Z,-226,AA/ ORD,2015
AA,ORD,arr,1970-01-01T23:01:00Z,-258,AA/ ORD,2015
AA,ORD,arr,1970-01-01T23:11:00Z,-364,AA/ ORD,2015
AA,ORD,arr,1970-01-01T23:21:00Z,-363,AA/ ORD,2015
AA,ORD,arr,1970-01-01T23:31:00Z,-327,AA/ ORD,2015
AA,ORD,arr,1970-01-01T23:41:00Z,-301,AA/ ORD,2015
AA,ORD,arr,1970-01-01T23:51:00Z,-253,AA/ ORD,2015
AA,ORD,dep,1970-01-01T00:01:00Z,11,AA/ ORD,2015
AA,ORD,dep,1970-01-01T00:11:00Z,13,AA/ ORD,2015
AA,ORD,dep,1970-01-01T00:21:00Z,11,AA/ ORD,2015
AA,ORD,dep,1970-01-01T00:31:00Z,13,AA/ ORD,2015
AA,ORD,dep,1970-01-01T00:41:00Z,4,AA/ ORD,2015
AA,ORD,dep,1970-01-01T00:51:00Z,5,AA/ ORD,2015
AA,ORD,dep,1970-01-01T01:01:00Z,7,AA/ ORD,2015
AA,ORD,dep,1970-01-01T01:11:00Z,4,AA/ ORD,2015
AA,ORD,dep,1970-01-01T01:21:00Z,1,AA/ ORD,2015
AA,ORD,dep,1970-01-01T01:31:00Z,1,AA/ ORD,2015
AA,ORD,dep,1970-01-01T01:41:00Z,1,AA/ ORD,2015
AA,ORD,dep,1970-01-01T01:51:00Z,3,AA/ ORD,2015
AA,ORD,dep,1970-01-01T02:51:00Z,1,AA/ ORD,2015
AA,ORD,dep,1970-01-01T03:31:00Z,1,AA/ ORD,2015
AA,ORD,dep,1970-01-01T04:41:00Z,3,AA/ ORD,2015
AA,ORD,dep,1970-01-01T04:51:00Z,509,AA/ ORD,2015
AA,ORD,dep,1970-01-01T05:01:00Z,184,AA/ ORD,2015
AA,ORD,dep,1970-01-01T05:11:00Z,39,AA/ ORD,2015
AA,ORD,dep,1970-01-01T05:21:00Z,51,AA/ ORD,2015
AA,ORD,dep,1970-01-01T05:31:00Z,169,AA/ ORD,2015
AA,ORD,dep,1970-01-01T05:41:00Z,92,AA/ ORD,2015
AA,ORD,dep,1970-01-01T05:51:00Z,741,AA/ ORD,2015
AA,ORD,dep,1970-01-01T06:01:00Z,197,AA/ ORD,2015
AA,ORD,dep,1970-01-01T06:11:00Z,107,AA/ ORD,2015
AA,ORD,dep,1970-01-01T06:21:00Z,297,AA/ ORD,2015
AA,ORD,dep,1970-01-01T06:31:00Z,199,AA/ ORD,2015
AA,ORD,dep,1970-01-01T06:41:00Z,228,AA/ ORD,2015
AA,ORD,dep,1970-01-01T06:51:00Z,624,AA/ ORD,2015
AA,ORD,dep,1970-01-01T07:01:00Z,1461,AA/ ORD,2015
AA,ORD,dep,1970-01-01T07:11:00Z,1310,AA/ ORD,2015
AA,ORD,dep,1970-01-01T07:21:00Z,898,AA/ ORD,2015
AA,ORD,dep,1970-01-01T07:31:00Z,388,AA/ ORD,2015
AA,ORD,dep,1970-01-01T07:41:00Z,205,AA/ ORD,2015
AA,ORD,dep,1970-01-01T07:51:00Z,247,AA/ ORD,2015
AA,ORD,dep,1970-01-01T08:01:00Z,287,AA/ ORD,2015
AA,ORD,dep,1970-01-01T08:11:00Z,390,AA/ ORD,2015
AA,ORD,dep,1970-01-01T08:21:00Z,836,AA/ ORD,2015
AA,ORD,dep,1970-01-01T08:31:00Z,781,AA/ ORD,2015
AA,ORD,dep,1970-01-01T08:41:00Z,935,AA/ ORD,2015
AA,ORD,dep,1970-01-01T08:51:00Z,901,AA/ ORD,2015
AA,ORD,dep,1970-01-01T09:01:00Z,556,AA/ ORD,2015
AA,ORD,dep,1970-01-01T09:11:00Z,439,AA/ ORD,2015
AA,ORD,dep,1970-01-01T09:21:00Z,293,AA/ ORD,2015
AA,ORD,dep,1970-01-01T09:31:00Z,228,AA/ ORD,2015
AA,ORD,dep,1970-01-01T09:41:00Z,544,AA/ ORD,2015
AA,ORD,dep,1970-01-01T09:51:00Z,972,AA/ ORD,2015
AA,ORD,dep,1970-01-01T10:01:00Z,798,AA/ ORD,2015
AA,ORD,dep,1970-01-01T10:11:00Z,703,AA/ ORD,2015
AA,ORD,dep,1970-01-01T10:21:00Z,597,AA/ ORD,2015
AA,ORD,dep,1970-01-01T10:31:00Z,550,AA/ ORD,2015
AA,ORD,dep,1970-01-01T10:41:00Z,400,AA/ ORD,2015
AA,ORD,dep,1970-01-01T10:51:00Z,270,AA/ ORD,2015
AA,ORD,dep,1970-01-01T11:01:00Z,267,AA/ ORD,2015
AA,ORD,dep,1970-01-01T11:11:00Z,181,AA/ ORD,2015
AA,ORD,dep,1970-01-01T11:21:00Z,271,AA/ ORD,2015
AA,ORD,dep,1970-01-01T11:31:00Z,391,AA/ ORD,2015
AA,ORD,dep,1970-01-01T11:41:00Z,845,AA/ ORD,2015
AA,ORD,dep,1970-01-01T11:51:00Z,995,AA/ ORD,2015
AA,ORD,dep,1970-01-01T12:01:00Z,864,AA/ ORD,2015
AA,ORD,dep,1970-01-01T12:11:00Z,622,AA/ ORD,2015
AA,ORD,dep,1970-01-01T12:21:00Z,448,AA/ ORD,2015
AA,ORD,dep,1970-01-01T12:31:00Z,336,AA/ ORD,2015
AA,ORD,dep,1970-01-01T12:41:00Z,290,AA/ ORD,2015
AA,ORD,dep,1970-01-01T12:51:00Z,293,AA/ ORD,2015
AA,ORD,dep,1970-01-01T13:01:00Z,291,AA/ ORD,2015
AA,ORD,dep,1970-01-01T13:11:00Z,441,AA/ ORD,2015
AA,ORD,dep,1970-01-01T13:21:00Z,636,AA/ ORD,2015
AA,ORD,dep,1970-01-01T13:31:00Z,632,AA/ ORD,2015
AA,ORD,dep,1970-01-01T13:41:00Z,758,AA/ ORD,2015
AA,ORD,dep,1970-01-01T13:51:00Z,986,AA/ ORD,2015
AA,ORD,dep,1970-01-01T14:01:00Z,573,AA/ ORD,2015
AA,ORD,dep,1970-01-01T14:11:00Z,428,AA/ ORD,2015
AA,ORD,dep,1970-01-01T14:21:00Z,588,AA/ ORD,2015
AA,ORD,dep,1970-01-01T14:31:00Z,335,AA/ ORD,2015
AA,ORD,dep,1970-01-01T14:41:00Z,414,AA/ ORD,2015
AA,ORD,dep,1970-01-01T14:51:00Z,893,AA/ ORD,2015
AA,ORD,dep,1970-01-01T15:01:00Z,747,AA/ ORD,2015
AA,ORD,dep,1970-01-01T15:11:00Z,619,AA/ ORD,2015
AA,ORD,dep,1970-01-01T15:21:00Z,534,AA/ ORD,2015
AA,ORD,dep,1970-01-01T15:31:00Z,405,AA/ ORD,2015
AA,ORD,dep,1970-01-01T15:41:00Z,509,AA/ ORD,2015
AA,ORD,dep,1970-01-01T15:51:00Z,525,AA/ ORD,2015
AA,ORD,dep,1970-01-01T16:01:00Z,295,AA/ ORD,2015
AA,ORD,dep,1970-01-01T16:11:00Z,220,AA/ ORD,2015
AA,ORD,dep,1970-01-01T16:21:00Z,377,AA/ ORD,2015
AA,ORD,dep,1970-01-01T16:31:00Z,458,AA/ ORD,2015
AA,ORD,dep,1970-01-01T16:41:00Z,454,AA/ ORD,2015
AA,ORD,dep,1970-01-01T16:51:00Z,687,AA/ ORD,2015
AA,ORD,dep,1970-01-01T17:01:00Z,1141,AA/ ORD,2015
AA,ORD,dep,1970-01-01T17:11:00Z,981,AA/ ORD,2015
AA,ORD,dep,1970-01-01T17:21:00Z,490,AA/ ORD,2015
AA,ORD,dep,1970-01-01T17:31:00Z,417,AA/ ORD,2015
AA,ORD,dep,1970-01-01T17:41:00Z,431,AA/ ORD,2015
AA,ORD,dep,1970-01-01T17:51:00Z,344,AA/ ORD,2015
AA,ORD,dep,1970-01-01T18:01:00Z,299,AA/ ORD,2015
AA,ORD,dep,1970-01-01T18:11:00Z,589,AA/ ORD,2015
AA,ORD,dep,1970-01-01T18:21:00Z,835,AA/ ORD,2015
AA,ORD,dep,1970-01-01T18:31:00Z,1018,AA/ ORD,2015
AA,ORD,dep,1970-01-01T18:41:00Z,1019,AA/ ORD,2015
AA,ORD,dep,1970-01-01T18:51:00Z,572,AA/ ORD,2015
AA,ORD,dep,1970-01-01T19:01:00Z,454,AA/ ORD,2015
AA,ORD,dep,1970-01-01T19:11:00Z,340,AA/ ORD,2015
AA,ORD,dep,1970-01-01T19:21:00Z,266,AA/ ORD,2015
AA,ORD,dep,1970-01-01T19:31:00Z,298,AA/ ORD,2015
AA,ORD,dep,1970-01-01T19:41:00Z,336,AA/ ORD,2015
AA,ORD,dep,1970-01-01T19:51:00Z,613,AA/ ORD,2015
AA,ORD,dep,1970-01-01T20:01:00Z,786,AA/ ORD,2015
AA,ORD,dep,1970-01-01T20:11:00Z,783,AA/ ORD,2015
AA,ORD,dep,1970-01-01T20:21:00Z,985,AA/ ORD,2015
AA,ORD,dep,1970-01-01T20:31:00Z,680,AA/ ORD,2015
AA,ORD,dep,1970-01-01T20:41:00Z,433,AA/ ORD,2015
AA,ORD,dep,1970-01-01T20:51:00Z,341,AA/ ORD,2015
AA,ORD,dep,1970-01-01T21:01:00Z,236,AA/ ORD,2015
AA,ORD,dep,1970-01-01T21:11:00Z,217,AA/ ORD,2015
AA,ORD,dep,1970-01-01T21:21:00Z,264,AA/ ORD,2015
AA,ORD,dep,1970-01-01T21:31:00Z,367,AA/ ORD,2015
AA,ORD,dep,1970-01-01T21:41:00Z,485,AA/ ORD,2015
AA,ORD,dep,1970-01-01T21:51:00Z,313,AA/ ORD,2015
AA,ORD,dep,1970-01-01T22:01:00Z,417,AA/ ORD,2015
AA,ORD,dep,1970-01-01T22:11:00Z,298,AA/ ORD,2015
AA,ORD,dep,1970-01-01T22:21:00Z,176,AA/ ORD,2015
AA,ORD,dep,1970-01-01T22:31:00Z,121,AA/ ORD,2015
AA,ORD,dep,1970-01-01T22:41:00Z,69,AA/ ORD,2015
AA,ORD,dep,1970-01-01T22:51:00Z,72,AA/ ORD,2015
AA,ORD,dep,1970-01-01T23:01:00Z,48,AA/ ORD,2015
AA,ORD,dep,1970-01-01T23:11:00Z,44,AA/ ORD,2015
AA,ORD,dep,1970-01-01T23:21:00Z,28,AA/ ORD,2015
AA,ORD,dep,1970-01-01T23:31:00Z,17,AA/ ORD,2015
AA,ORD,dep,1970-01-01T23:41:00Z,24,AA/ ORD,2015
AA,ORD,dep,1970-01-01T23:51:00Z,20,AA/ ORD,2015
UA,ORD,arr,1970-01-01T00:01:00Z,-185,UA/ ORD,2015
UA,ORD,arr,1970-01-01T00:11:00Z,-133,UA/ ORD,2015
UA,ORD,arr,1970-01-01T00:21:00Z,-115,UA/ ORD,2015
UA,ORD,arr,1970-01-01T00:31:00Z,-97,UA/ ORD,2015
UA,ORD,arr,1970-01-01T00:41:00Z,-98,UA/ ORD,2015
UA,ORD,arr,1970-01-01T00:51:00Z,-75,UA/ ORD,2015
UA,ORD,arr,1970-01-01T01:01:00Z,-85,UA/ ORD,2015
UA,ORD,arr,1970-01-01T01:11:00Z,-88,UA/ ORD,2015
UA,ORD,arr,1970-01-01T01:21:00Z,-78,UA/ ORD,2015
UA,ORD,arr,1970-01-01T01:31:00Z,-84,UA/ ORD,2015
UA,ORD,arr,1970-01-01T01:41:00Z,-52,UA/ ORD,2015
UA,ORD,arr,1970-01-01T01:51:00Z,-45,UA/ ORD,2015
UA,ORD,arr,1970-01-01T02:01:00Z,-20,UA/ ORD,2015
UA,ORD,arr,1970-01-01T02:11:00Z,-14,UA/ ORD,2015
UA,ORD,arr,1970-01-01T02:21:00Z,-14,UA/ ORD,2015
UA,ORD,arr,1970-01-01T02:31:00Z,-12,UA/ ORD,2015
UA,ORD,arr,1970-01-01T02:41:00Z,-9,UA/ ORD,2015
UA,ORD,arr,1970-01-01T02:51:00Z,-11,UA/ ORD,2015
UA,ORD,arr,1970-01-01T03:01:00Z,-12,UA/ ORD,2015
UA,ORD,arr,1970-01-01T03:11:00Z,-6,UA/ ORD,2015
UA,ORD,arr,1970-01-01T03:21:00Z,-9,UA/ ORD,2015
UA,ORD,arr,1970-01-01T03:31:00Z,-8,UA/ ORD,2015
UA,ORD,arr,1970-01-01T03:41:00Z,-13,UA/ ORD,2015
UA,ORD,arr,1970-01-01T03:51:00Z,-20,UA/ ORD,2015
UA,ORD,arr,1970-01-01T04:01:00Z,-31,UA/ ORD,2015
UA,ORD,arr,1970-01-01T04:11:00Z,-101,UA/ ORD,2015
UA,ORD,arr,1970-01-01T04:21:00Z,-195,UA/ ORD,2015
UA,ORD,arr,1970-01-01T04:31:00Z,-355,UA/ ORD,2015
UA,ORD,arr,1970-01-01T04:41:00Z,-493,UA/ ORD,2015
UA,ORD,arr,1970-01-01T04:51:00Z,-529,UA/ ORD,2015
UA,ORD,arr,1970-01-01T05:01:00Z,-514,UA/ ORD,2015
UA,ORD,arr,1970-01-01T05:11:00Z,-334,UA/ ORD,2015
UA,ORD,arr,1970-01-01T05:21:00Z,-219,UA/ ORD,2015
UA,ORD,arr,1970-01-01T05:31:00Z,-166,UA/ ORD,2015
UA,ORD,arr,1970-01-01T05:41:00Z,-140,UA/ ORD,2015
UA,ORD,arr,1970-01-01T05:51:00Z,-140,UA/ ORD,2015
UA,ORD,arr,1970-01-01T06:01:00Z,-176,UA/ ORD,2015
UA,ORD,arr,1970-01-01T06:11:00Z,-233,UA/ ORD,2015
UA,ORD,arr,1970-01-01T06:21:00Z,-288,UA/ ORD,2015
UA,ORD,arr,1970-01-01T06:31:00Z,-271,UA/ ORD,2015
UA,ORD,arr,1970-01-01T06:41:00Z,-211,UA/ ORD,2015
UA,ORD,arr,1970-01-01T06:51:00Z,-225,UA/ ORD,2015
UA,ORD,arr,1970-01-01T07:01:00Z,-259,UA/ ORD,2015
UA,ORD,arr,1970-01-01T07:11:00Z,-304,UA/ ORD,2015
UA,ORD,arr,1970-01-01T07:21:00Z,-421,UA/ ORD,2015
UA,ORD,arr,1970-01-01T07:31:00Z,-690,UA/ ORD,2015
UA,ORD,arr,1970-01-01T07:41:00Z,-1062,UA/ ORD,2015
UA,ORD,arr,1970-01-01T07:51:00Z,-1099,UA/ ORD,2015
UA,ORD,arr,1970-01-01T08:01:00Z,-916,UA/ ORD,2015
UA,ORD,arr,1970-01-01T08:11:00Z,-669,UA/ ORD,2015
UA,ORD,arr,1970-01-01T08:21:00Z,-554,UA/ ORD,2015
UA,ORD,arr,1970-01-01T08:31:00Z,-451,UA/ ORD,2015
UA,ORD,arr,1970-01-01T08:41:00Z,-364,UA/ ORD,2015
UA,ORD,arr,1970-01-01T08:51:00Z,-395,UA/ ORD,2015
UA,ORD,arr,1970-01-01T09:01:00Z,-424,UA/ ORD,2015
UA,ORD,arr,1970-01-01T09:11:00Z,-645,UA/ ORD,2015
UA,ORD,arr,1970-01-01T09:21:00Z,-761,UA/ ORD,2015
UA,ORD,arr,1970-01-01T09:31:00Z,-595,UA/ ORD,2015
UA,ORD,arr,1970-01-01T09:41:00Z,-579,UA/ ORD,2015
UA,ORD,arr,1970-01-01T09:51:00Z,-429,UA/ ORD,2015
UA,ORD,arr,1970-01-01T10:01:00Z,-260,UA/ ORD,2015
UA,ORD,arr,1970-01-01T10:11:00Z,-246,UA/ ORD,2015
UA,ORD,arr,1970-01-01T10:21:00Z,-338,UA/ ORD,2015
UA,ORD,arr,1970-01-01T10:31:00Z,-499,UA/ ORD,2015
UA,ORD,arr,1970-01-01T10:41:00Z,-723,UA/ ORD,2015
UA,ORD,arr,1970-01-01T10:51:00Z,-846,UA/ ORD,2015
UA,ORD,arr,1970-01-01T11:01:00Z,-940,UA/ ORD,2015
UA,ORD,arr,1970-01-01T11:11:00Z,-863,UA/ ORD,2015
UA,ORD,arr,1970-01-01T11:21:00Z,-632,UA/ ORD,2015
UA,ORD,arr,1970-01-01T11:31:00Z,-556,UA/ ORD,2015
UA,ORD,arr,1970-01-01T11:41:00Z,-588,UA/ ORD,2015
UA,ORD,arr,1970-01-01T11:51:00Z,-556,UA/ ORD,2015
UA,ORD,arr,1970-01-01T12:01:00Z,-582,UA/ ORD,2015
UA,ORD,arr,1970-01-01T12:11:00Z,-664,UA/ ORD,2015
UA,ORD,arr,1970-01-01T12:21:00Z,-761,UA/ ORD,2015
UA,ORD,arr,1970-01-01T12:31:00Z,-1004,UA/ ORD,2015
UA,ORD,arr,1970-01-01T12:41:00Z,-1021,UA/ ORD,2015
UA,ORD,arr,1970-01-01T12:51:00Z,-802,UA/ ORD,2015
UA,ORD,arr,1970-01-01T13:01:00Z,-640,UA/ ORD,2015
UA,ORD,arr,1970-01-01T13:11:00Z,-477,UA/ ORD,2015
UA,ORD,arr,1970-01-01T13:21:00Z,-378,UA/ ORD,2015
UA,ORD,arr,1970-01-01T13:31:00Z,-337,UA/ ORD,2015
UA,ORD,arr,1970-01-01T13:41:00Z,-373,UA/ ORD,2015
UA,ORD,arr,1970-01-01T13:51:00Z,-408,UA/ ORD,2015
UA,ORD,arr,1970-01-01T14:01:00Z,-441,UA/ ORD,2015
UA,ORD,arr,1970-01-01T14:11:00Z,-479,UA/ ORD,2015
UA,ORD,arr,1970-01-01T14:21:00Z,-740,UA/ ORD,2015
UA,ORD,arr,1970-01-01T14:31:00Z,-964,UA/ ORD,2015
UA,ORD,arr,1970-01-01T14:41:00Z,-919,UA/ ORD,2015
UA,ORD,arr,1970-01-01T14:51:00Z,-722,UA/ ORD,2015
UA,ORD,arr,1970-01-01T15:01:00Z,-510,UA/ ORD,2015
UA,ORD,arr,1970-01-01T15:11:00Z,-447,UA/ ORD,2015
UA,ORD,arr,1970-01-01T15:21:00Z,-405,UA/ ORD,2015
UA,ORD,arr,1970-01-01T15:31:00Z,-371,UA/ ORD,2015
UA,ORD,arr,1970-01-01T15:41:00Z,-440,UA/ ORD,2015
UA,ORD,arr,1970-01-01T15:51:00Z,-577,UA/ ORD,2015
UA,ORD,arr,1970-01-01T16:01:00Z,-792,UA/ ORD,2015
UA,ORD,arr,1970-01-01T16:11:00Z,-1167,UA/ ORD,2015
UA,ORD,arr,1970-01-01T16:21:00Z,-1261,UA/ ORD,2015
UA,ORD,arr,1970-01-01T16:31:00Z,-1056,UA/ ORD,2015
UA,ORD,arr,1970-01-01T16:41:00Z,-730,UA/ ORD,2015
UA,ORD,arr,1970-01-01T16:51:00Z,-600,UA/ ORD,2015
UA,ORD,arr,1970-01-01T17:01:00Z,-505,UA/ ORD,2015
UA,ORD,arr,1970-01-01T17:11:00Z,-506,UA/ ORD,2015
UA,ORD,arr,1970-01-01T17:21:00Z,-465,UA/ ORD,2015
UA,ORD,arr,1970-01-01T17:31:00Z,-541,UA/ ORD,2015
UA,ORD,arr,1970-01-01T17:41:00Z,-817,UA/ ORD,2015
UA,ORD,arr,1970-01-01T17:51:00Z,-1020,UA/ ORD,2015
UA,ORD,arr,1970-01-01T18:01:00Z,-1125,UA/ ORD,2015
UA,ORD,arr,1970-01-01T18:11:00Z,-1068,UA/ ORD,2015
UA,ORD,arr,1970-01-01T18:21:00Z,-893,UA/ ORD,2015
UA,ORD,arr,1970-01-01T18:31:00Z,-700,UA/ ORD,2015
UA,ORD,arr,1970-01-01T18:41:00Z,-535,UA/ ORD,2015
UA,ORD,arr,1970-01-01T18:51:00Z,-485,UA/ ORD,2015
UA,ORD,arr,1970-01-01T19:01:00Z,-481,UA/ ORD,2015
UA,ORD,arr,1970-01-01T19:11:00Z,-536,UA/ ORD,2015
UA,ORD,arr,1970-01-01T19:21:00Z,-753,UA/ ORD,2015
UA,ORD,arr,1970-01-01T19:31:00Z,-985,UA/ ORD,2015
UA,ORD,arr,1970-01-01T19:41:00Z,-1136,UA/ ORD,2015
UA,ORD,arr,1970-01-01T19:51:00Z,-925,UA/ ORD,2015
UA,ORD,arr,1970-01-01T20:01:00Z,-709,UA/ ORD,2015
UA,ORD,arr,1970-01-01T20:11:00Z,-542,UA/ ORD,2015
UA,ORD,arr,1970-01-01T20:21:00Z,-451,UA/ ORD,2015
UA,ORD,arr,1970-01-01T20:31:00Z,-367,UA/ ORD,2015
UA,ORD,arr,1970-01-01T20:41:00Z,-307,UA/ ORD,2015
UA,ORD,arr,1970-01-01T20:51:00Z,-387,UA/ ORD,2015
UA,ORD,arr,1970-01-01T21:01:00Z,-402,UA/ ORD,2015
UA,ORD,arr,1970-01-01T21:11:00Z,-451,UA/ ORD,2015
UA,ORD,arr,1970-01-01T21:21:00Z,-443,UA/ ORD,2015
UA,ORD,arr,1970-01-01T21:31:00Z,-356,UA/ ORD,2015
UA,ORD,arr,1970-01-01T21:41:00Z,-307,UA/ ORD,2015
UA,ORD,arr,1970-01-01T21:51:00Z,-272,UA/ ORD,2015
UA,ORD,arr,1970-01-01T22:01:00Z,-246,UA/ ORD,2015
UA,ORD,arr,1970-01-01T22:11:00Z,-221,UA/ ORD,2015
UA,ORD,arr,1970-01-01T22:21:00Z,-222,UA/ ORD,2015
UA,ORD,arr,1970-01-01T22:31:00Z,-170,UA/ ORD,2015
UA,ORD,arr,1970-01-01T22:41:00Z,-171,UA/ ORD,2015
UA,ORD,arr,1970-01-01T22:51:00Z,-190,UA/ ORD,2015
UA,ORD,arr,1970-01-01T23:01:00Z,-196,UA/ ORD,2015
UA,ORD,arr,1970-01-01T23:11:00Z,-206,UA/ ORD,2015
UA,ORD,arr,1970-01-01T23:21:00Z,-163,UA/ ORD,2015
UA,ORD,arr,1970-01-01T23:31:00Z,-170,UA/ ORD,2015
UA,ORD,arr,1970-01-01T23:41:00Z,-162,UA/ ORD,2015
UA,ORD,arr,1970-01-01T23:51:00Z,-164,UA/ ORD,2015
UA,ORD,dep,1970-01-01T00:01:00Z,61,UA/ ORD,2015
UA,ORD,dep,1970-01-01T00:11:00Z,40,UA/ ORD,2015
UA,ORD,dep,1970-01-01T00:21:00Z,37,UA/ ORD,2015
UA,ORD,dep,1970-01-01T00:31:00Z,15,UA/ ORD,2015
UA,ORD,dep,1970-01-01T00:41:00Z,19,UA/ ORD,2015
UA,ORD,dep,1970-01-01T00:51:00Z,24,UA/ ORD,2015
UA,ORD,dep,1970-01-01T01:01:00Z,13,UA/ ORD,2015
UA,ORD,dep,1970-01-01T01:11:00Z,16,UA/ ORD,2015
UA,ORD,dep,1970-01-01T01:21:00Z,7,UA/ ORD,2015
UA,ORD,dep,1970-01-01T01:31:00Z,11,UA/ ORD,2015
UA,ORD,dep,1970-01-01T01:41:00Z,1,UA/ ORD,2015
UA,ORD,dep,1970-01-01T01:51:00Z,4,UA/ ORD,2015
UA,ORD,dep,1970-01-01T02:01:00Z,3,UA/ ORD,2015
UA,ORD,dep,1970-01-01T02:11:00Z,4,UA/ ORD,2015
UA,ORD,dep,1970-01-01T02:31:00Z,3,UA/ ORD,2015
UA,ORD,dep,1970-01-01T02:41:00Z,3,UA/ ORD,2015
UA,ORD,dep,1970-01-01T02:51:00Z,1,UA/ ORD,2015
UA,ORD,dep,1970-01-01T04:41:00Z,1,UA/ ORD,2015
UA,ORD,dep,1970-01-01T04:51:00Z,30,UA/ ORD,2015
UA,ORD,dep,1970-01-01T05:01:00Z,120,UA/ ORD,2015
UA,ORD,dep,1970-01-01T05:11:00Z,175,UA/ ORD,2015
UA,ORD,dep,1970-01-01T05:21:00Z,167,UA/ ORD,2015
UA,ORD,dep,1970-01-01T05:31:00Z,83,UA/ ORD,2015
UA,ORD,dep,1970-01-01T05:41:00Z,51,UA/ ORD,2015
UA,ORD,dep,1970-01-01T05:51:00Z,1132,UA/ ORD,2015
UA,ORD,dep,1970-01-01T06:01:00Z,727,UA/ ORD,2015
UA,ORD,dep,1970-01-01T06:11:00Z,474,UA/ ORD,2015
UA,ORD,dep,1970-01-01T06:21:00Z,440,UA/ ORD,2015
UA,ORD,dep,1970-01-01T06:31:00Z,250,UA/ ORD,2015
UA,ORD,dep,1970-01-01T06:41:00Z,223,UA/ ORD,2015
UA,ORD,dep,1970-01-01T06:51:00Z,632,UA/ ORD,2015
UA,ORD,dep,1970-01-01T07:01:00Z,311,UA/ ORD,2015
UA,ORD,dep,1970-01-01T07:11:00Z,238,UA/ ORD,2015
UA,ORD,dep,1970-01-01T07:21:00Z,1074,UA/ ORD,2015
UA,ORD,dep,1970-01-01T07:31:00Z,742,UA/ ORD,2015
UA,ORD,dep,1970-01-01T07:41:00Z,473,UA/ ORD,2015
UA,ORD,dep,1970-01-01T07:51:00Z,644,UA/ ORD,2015
UA,ORD,dep,1970-01-01T08:01:00Z,498,UA/ ORD,2015
UA,ORD,dep,1970-01-01T08:11:00Z,336,UA/ ORD,2015
UA,ORD,dep,1970-01-01T08:21:00Z,276,UA/ ORD,2015
UA,ORD,dep,1970-01-01T08:31:00Z,301,UA/ ORD,2015
UA,ORD,dep,1970-01-01T08:41:00Z,472,UA/ ORD,2015
UA,ORD,dep,1970-01-01T08:51:00Z,863,UA/ ORD,2015
UA,ORD,dep,1970-01-01T09:01:00Z,1835,UA/ ORD,2015
UA,ORD,dep,1970-01-01T09:11:00Z,1259,UA/ ORD,2015
UA,ORD,dep,1970-01-01T09:21:00Z,1030,UA/ ORD,2015
UA,ORD,dep,1970-01-01T09:31:00Z,705,UA/ ORD,2015
UA,ORD,dep,1970-01-01T09:41:00Z,564,UA/ ORD,2015
UA,ORD,dep,1970-01-01T09:51:00Z,470,UA/ ORD,2015
UA,ORD,dep,1970-01-01T10:01:00Z,355,UA/ ORD,2015
UA,ORD,dep,1970-01-01T10:11:00Z,372,UA/ ORD,2015
UA,ORD,dep,1970-01-01T10:21:00Z,352,UA/ ORD,2015
UA,ORD,dep,1970-01-01T10:31:00Z,683,UA/ ORD,2015
UA,ORD,dep,1970-01-01T10:41:00Z,818,UA/ ORD,2015
UA,ORD,dep,1970-01-01T10:51:00Z,768,UA/ ORD,2015
UA,ORD,dep,1970-01-01T11:01:00Z,430,UA/ ORD,2015
UA,ORD,dep,1970-01-01T11:11:00Z,305,UA/ ORD,2015
UA,ORD,dep,1970-01-01T11:21:00Z,270,UA/ ORD,2015
UA,ORD,dep,1970-01-01T11:31:00Z,258,UA/ ORD,2015
UA,ORD,dep,1970-01-01T11:41:00Z,220,UA/ ORD,2015
UA,ORD,dep,1970-01-01T11:51:00Z,641,UA/ ORD,2015
UA,ORD,dep,1970-01-01T12:01:00Z,467,UA/ ORD,2015
UA,ORD,dep,1970-01-01T12:11:00Z,1086,UA/ ORD,2015
UA,ORD,dep,1970-01-01T12:21:00Z,1514,UA/ ORD,2015
UA,ORD,dep,1970-01-01T12:31:00Z,677,UA/ ORD,2015
UA,ORD,dep,1970-01-01T12:41:00Z,438,UA/ ORD,2015
UA,ORD,dep,1970-01-01T12:51:00Z,653,UA/ ORD,2015
UA,ORD,dep,1970-01-01T13:01:00Z,612,UA/ ORD,2015
UA,ORD,dep,1970-01-01T13:11:00Z,541,UA/ ORD,2015
UA,ORD,dep,1970-01-01T13:21:00Z,526,UA/ ORD,2015
UA,ORD,dep,1970-01-01T13:31:00Z,489,UA/ ORD,2015
UA,ORD,dep,1970-01-01T13:41:00Z,1305,UA/ ORD,2015
UA,ORD,dep,1970-01-01T13:51:00Z,1384,UA/ ORD,2015
UA,ORD,dep,1970-01-01T14:01:00Z,915,UA/ ORD,2015
UA,ORD,dep,1970-01-01T14:11:00Z,645,UA/ ORD,2015
UA,ORD,dep,1970-01-01T14:21:00Z,459,UA/ ORD,2015
UA,ORD,dep,1970-01-01T14:31:00Z,329,UA/ ORD,2015
UA,ORD,dep,1970-01-01T14:41:00Z,273,UA/ ORD,2015
UA,ORD,dep,1970-01-01T14:51:00Z,441,UA/ ORD,2015
UA,ORD,dep,1970-01-01T15:01:00Z,461,UA/ ORD,2015
UA,ORD,dep,1970-01-01T15:11:00Z,353,UA/ ORD,2015
UA,ORD,dep,1970-01-01T15:21:00Z,328,UA/ ORD,2015
UA,ORD,dep,1970-01-01T15:31:00Z,321,UA/ ORD,2015
UA,ORD,dep,1970-01-01T15:41:00Z,564,UA/ ORD,2015
UA,ORD,dep,1970-01-01T15:51:00Z,1139,UA/ ORD,2015
UA,ORD,dep,1970-01-01T16:01:00Z,1107,UA/ ORD,2015
UA,ORD,dep,1970-01-01T16:11:00Z,667,UA/ ORD,2015
UA,ORD,dep,1970-01-01T16:21:00Z,550,UA/ ORD,2015
UA,ORD,dep,1970-01-01T16:31:00Z,443,UA/ ORD,2015
UA,ORD,dep,1970-01-01T16:41:00Z,266,UA/ ORD,2015
UA,ORD,dep,1970-01-01T16:51:00Z,443,UA/ ORD,2015
UA,ORD,dep,1970-01-01T17:01:00Z,455,UA/ ORD,2015
UA,ORD,dep,1970-01-01T17:11:00Z,417,UA/ ORD,2015
UA,ORD,dep,1970-01-01T17:21:00Z,821,UA/ ORD,2015
UA,ORD,dep,1970-01-01T17:31:00Z,1360,UA/ ORD,2015
UA,ORD,dep,1970-01-01T17:41:00Z,1266,UA/ ORD,2015
UA,ORD,dep,1970-01-01T17:51:00Z,989,UA/ ORD,2015
UA,ORD,dep,1970-01-01T18:01:00Z,693,UA/ ORD,2015
UA,ORD,dep,1970-01-01T18:11:00Z,649,UA/ ORD,2015
UA,ORD,dep,1970-01-01T18:21:00Z,566,UA/ ORD,2015
UA,ORD,dep,1970-01-01T18:31:00Z,550,UA/ ORD,2015
UA,ORD,dep,1970-01-01T18:41:00Z,471,UA/ ORD,2015
UA,ORD,dep,1970-01-01T18:51:00Z,534,UA/ ORD,2015
UA,ORD,dep,1970-01-01T19:01:00Z,753,UA/ ORD,2015
UA,ORD,dep,1970-01-01T19:11:00Z,1316,UA/ ORD,2015
UA,ORD,dep,1970-01-01T19:21:00Z,1349,UA/ ORD,2015
UA,ORD,dep,1970-01-01T19:31:00Z,1113,UA/ ORD,2015
UA,ORD,dep,1970-01-01T19:41:00Z,791,UA/ ORD,2015
UA,ORD,dep,1970-01-01T19:51:00Z,580,UA/ ORD,2015
UA,ORD,dep,1970-01-01T20:01:00Z,491,UA/ ORD,2015
UA,ORD,dep,1970-01-01T20:11:00Z,489,UA/ ORD,2015
UA,ORD,dep,1970-01-01T20:21:00Z,401,UA/ ORD,2015
UA,ORD,dep,1970-01-01T20:31:00Z,388,UA/ ORD,2015
UA,ORD,dep,1970-01-01T20:41:00Z,743,UA/ ORD,2015
UA,ORD,dep,1970-01-01T20:51:00Z,1143,UA/ ORD,2015
UA,ORD,dep,1970-01-01T21:01:00Z,980,UA/ ORD,2015
UA,ORD,dep,1970-01-01T21:11:00Z,618,UA/ ORD,2015
UA,ORD,dep,1970-01-01T21:21:00Z,419,UA/ ORD,2015
UA,ORD,dep,1970-01-01T21:31:00Z,273,UA/ ORD,2015
UA,ORD,dep,1970-01-01T21:41:00Z,216,UA/ ORD,2015
UA,ORD,dep,1970-01-01T21:51:00Z,193,UA/ ORD,2015
UA,ORD,dep,1970-01-01T22:01:00Z,166,UA/ ORD,2015
UA,ORD,dep,1970-01-01T22:11:00Z,191,UA/ ORD,2015
UA,ORD,dep,1970-01-01T22:21:00Z,422,UA/ ORD,2015
UA,ORD,dep,1970-01-01T22:31:00Z,295,UA/ ORD,2015
UA,ORD,dep,1970-01-01T22:41:00Z,215,UA/ ORD,2015
UA,ORD,dep,1970-01-01T22:51:00Z,150,UA/ ORD,2015
UA,ORD,dep,1970-01-01T23:01:00Z,101,UA/ ORD,2015
UA,ORD,dep,1970-01-01T23:11:00Z,84,UA/ ORD,2015
UA,ORD,dep,1970-01-01T23:21:00Z,79,UA/ ORD,2015
UA,ORD,dep,1970-01-01T23:31:00Z,57,UA/ ORD,2015
UA,ORD,dep,1970-01-01T23:41:00Z,42,UA/ ORD,2015
UA,ORD,dep,1970-01-01T23:51:00Z,48,UA/ ORD,2015
AA,ORD,arr,1970-01-01T00:01:00Z,-205,AA/ ORD,2016
AA,ORD,arr,1970-01-01T00:11:00Z,-225,AA/ ORD,2016
AA,ORD,arr,1970-01-01T00:21:00Z,-153,AA/ ORD,2016
AA,ORD,arr,1970-01-01T00:31:00Z,-99,AA/ ORD,2016
AA,ORD,arr,1970-01-01T00:41:00Z,-66,AA/ ORD,2016
AA,ORD,arr,1970-01-01T00:51:00Z,-43,AA/ ORD,2016
AA,ORD,arr,1970-01-01T01:01:00Z,-28,AA/ ORD,2016
AA,ORD,arr,1970-01-01T01:11:00Z,-17,AA/ ORD,2016
AA,ORD,arr,1970-01-01T01:21:00Z,-17,AA/ ORD,2016
AA,ORD,arr,1970-01-01T01:31:00Z,-15,AA/ ORD,2016
AA,ORD,arr,1970-01-01T01:41:00Z,-19,AA/ ORD,2016
AA,ORD,arr,1970-01-01T01:51:00Z,-16,AA/ ORD,2016
AA,ORD,arr,1970-01-01T02:01:00Z,-8,AA/ ORD,2016
AA,ORD,arr,1970-01-01T02:11:00Z,-6,AA/ ORD,2016
AA,ORD,arr,1970-01-01T02:21:00Z,-4,AA/ ORD,2016
AA,ORD,arr,1970-01-01T02:31:00Z,-6,AA/ ORD,2016
AA,ORD,arr,1970-01-01T02:41:00Z,-8,AA/ ORD,2016
AA,ORD,arr,1970-01-01T02:51:00Z,-8,AA/ ORD,2016
AA,ORD,arr,1970-01-01T03:01:00Z,-4,AA/ ORD,2016
AA,ORD,arr,1970-01-01T03:11:00Z,-3,AA/ ORD,2016
AA,ORD,arr,1970-01-01T03:21:00Z,-5,AA/ ORD,2016
AA,ORD,arr,1970-01-01T03:31:00Z,-3,AA/ ORD,2016
AA,ORD,arr,1970-01-01T03:41:00Z,-1,AA/ ORD,2016
AA,ORD,arr,1970-01-01T03:51:00Z,-1,AA/ ORD,2016
AA,ORD,arr,1970-01-01T04:01:00Z,-4,AA/ ORD,2016
AA,ORD,arr,1970-01-01T04:11:00Z,-18,AA/ ORD,2016
AA,ORD,arr,1970-01-01T04:21:00Z,-40,AA/ ORD,2016
AA,ORD,arr,1970-01-01T04:31:00Z,-66,AA/ ORD,2016
AA,ORD,arr,1970-01-01T04:41:00Z,-66,AA/ ORD,2016
AA,ORD,arr,1970-01-01T04:51:00Z,-33,AA/ ORD,2016
AA,ORD,arr,1970-01-01T05:01:00Z,-15,AA/ ORD,2016
AA,ORD,arr,1970-01-01T05:11:00Z,-32,AA/ ORD,2016
AA,ORD,arr,1970-01-01T05:21:00Z,-65,AA/ ORD,2016
AA,ORD,arr,1970-01-01T05:31:00Z,-191,AA/ ORD,2016
AA,ORD,arr,1970-01-01T05:41:00Z,-386,AA/ ORD,2016
AA,ORD,arr,1970-01-01T05:51:00Z,-594,AA/ ORD,2016
AA,ORD,arr,1970-01-01T06:01:00Z,-661,AA/ ORD,2016
AA,ORD,arr,1970-01-01T06:11:00Z,-312,AA/ ORD,2016
AA,ORD,arr,1970-01-01T06:21:00Z,-219,AA/ ORD,2016
AA,ORD,arr,1970-01-01T06:31:00Z,-120,AA/ ORD,2016
AA,ORD,arr,1970-01-01T06:41:00Z,-118,AA/ ORD,2016
AA,ORD,arr,1970-01-01T06:51:00Z,-122,AA/ ORD,2016
AA,ORD,arr,1970-01-01T07:01:00Z,-258,AA/ ORD,2016
AA,ORD,arr,1970-01-01T07:11:00Z,-465,AA/ ORD,2016
AA,ORD,arr,1970-01-01T07:21:00Z,-646,AA/ ORD,2016
AA,ORD,arr,1970-01-01T07:31:00Z,-455,AA/ ORD,2016
AA,ORD,arr,1970-01-01T07:41:00Z,-241,AA/ ORD,2016
AA,ORD,arr,1970-01-01T07:51:00Z,-186,AA/ ORD,2016
AA,ORD,arr,1970-01-01T08:01:00Z,-187,AA/ ORD,2016
AA,ORD,arr,1970-01-01T08:11:00Z,-159,AA/ ORD,2016
AA,ORD,arr,1970-01-01T08:21:00Z,-265,AA/ ORD,2016
AA,ORD,arr,1970-01-01T08:31:00Z,-614,AA/ ORD,2016
AA,ORD,arr,1970-01-01T08:41:00Z,-900,AA/ ORD,2016
AA,ORD,arr,1970-01-01T08:51:00Z,-1170,AA/ ORD,2016
AA,ORD,arr,1970-01-01T09:01:00Z,-1260,AA/ ORD,2016
AA,ORD,arr,1970-01-01T09:11:00Z,-796,AA/ ORD,2016
AA,ORD,arr,1970-01-01T09:21:00Z,-425,AA/ ORD,2016
AA,ORD,arr,1970-01-01T09:31:00Z,-273,AA/ ORD,2016
AA,ORD,arr,1970-01-01T09:41:00Z,-238,AA/ ORD,2016
AA,ORD,arr,1970-01-01T09:51:00Z,-153,AA/ ORD,2016
AA,ORD,arr,1970-01-01T10:01:00Z,-138,AA/ ORD,2016
AA,ORD,arr,1970-01-01T10:11:00Z,-218,AA/ ORD,2016
AA,ORD,arr,1970-01-01T10:21:00Z,-522,AA/ ORD,2016
AA,ORD,arr,1970-01-01T10:31:00Z,-1009,AA/ ORD,2016
AA,ORD,arr,1970-01-01T10:41:00Z,-1225,AA/ ORD,2016
AA,ORD,arr,1970-01-01T10:51:00Z,-1136,AA/ ORD,2016
AA,ORD,arr,1970-01-01T11:01:00Z,-787,AA/ ORD,2016
AA,ORD,arr,1970-01-01T11:11:00Z,-569,AA/ ORD,2016
AA,ORD,arr,1970-01-01T11:21:00Z,-330,AA/ ORD,2016
AA,ORD,arr,1970-01-01T11:31:00Z,-335,AA/ ORD,2016
AA,ORD,arr,1970-01-01T11:41:00Z,-286,AA/ ORD,2016
AA,ORD,arr,1970-01-01T11:51:00Z,-366,AA/ ORD,2016
AA,ORD,arr,1970-01-01T12:01:00Z,-550,AA/ ORD,2016
AA,ORD,arr,1970-01-01T12:11:00Z,-738,AA/ ORD,2016
AA,ORD,arr,1970-01-01T12:21:00Z,-802,AA/ ORD,2016
AA,ORD,arr,1970-01-01T12:31:00Z,-707,AA/ ORD,2016
AA,ORD,arr,1970-01-01T12:41:00Z,-558,AA/ ORD,2016
AA,ORD,arr,1970-01-01T12:51:00Z,-519,AA/ ORD,2016
AA,ORD,arr,1970-01-01T13:01:00Z,-486,AA/ ORD,2016
AA,ORD,arr,1970-01-01T13:11:00Z,-400,AA/ ORD,2016
AA,ORD,arr,1970-01-01T13:21:00Z,-386,AA/ ORD,2016
AA,ORD,arr,1970-01-01T13:31:00Z,-507,AA/ ORD,2016
AA,ORD,arr,1970-01-01T13:41:00Z,-850,AA/ ORD,2016
AA,ORD,arr,1970-01-01T13:51:00Z,-1008,AA/ ORD,2016
AA,ORD,arr,1970-01-01T14:01:00Z,-788,AA/ ORD,2016
AA,ORD,arr,1970-01-01T14:11:00Z,-648,AA/ ORD,2016
AA,ORD,arr,1970-01-01T14:21:00Z,-523,AA/ ORD,2016
AA,ORD,arr,1970-01-01T14:31:00Z,-514,AA/ ORD,2016
AA,ORD,arr,1970-01-01T14:41:00Z,-419,AA/ ORD,2016
AA,ORD,arr,1970-01-01T14:51:00Z,-280,AA/ ORD,2016
AA,ORD,arr,1970-01-01T15:01:00Z,-273,AA/ ORD,2016
AA,ORD,arr,1970-01-01T15:11:00Z,-474,AA/ ORD,2016
AA,ORD,arr,1970-01-01T15:21:00Z,-579,AA/ ORD,2016
AA,ORD,arr,1970-01-01T15:31:00Z,-816,AA/ ORD,2016
AA,ORD,arr,1970-01-01T15:41:00Z,-1061,AA/ ORD,2016
AA,ORD,arr,1970-01-01T15:51:00Z,-1064,AA/ ORD,2016
AA,ORD,arr,1970-01-01T16:01:00Z,-804,AA/ ORD,2016
AA,ORD,arr,1970-01-01T16:11:00Z,-589,AA/ ORD,2016
AA,ORD,arr,1970-01-01T16:21:00Z,-456,AA/ ORD,2016
AA,ORD,arr,1970-01-01T16:31:00Z,-364,AA/ ORD,2016
AA,ORD,arr,1970-01-01T16:41:00Z,-319,AA/ ORD,2016
AA,ORD,arr,1970-01-01T16:51:00Z,-480,AA/ ORD,2016
AA,ORD,arr,1970-01-01T17:01:00Z,-575,AA/ ORD,2016
AA,ORD,arr,1970-01-01T17:11:00Z,-861,AA/ ORD,2016
AA,ORD,arr,1970-01-01T17:21:00Z,-1122,AA/ ORD,2016
AA,ORD,arr,1970-01-01T17:31:00Z,-1154,AA/ ORD,2016
AA,ORD,arr,1970-01-01T17:41:00Z,-783,AA/ ORD,2016
AA,ORD,arr,1970-01-01T17:51:00Z,-614,AA/ ORD,2016
AA,ORD,arr,1970-01-01T18:01:00Z,-456,AA/ ORD,2016
AA,ORD,arr,1970-01-01T18:11:00Z,-378,AA/ ORD,2016
AA,ORD,arr,1970-01-01T18:21:00Z,-306,AA/ ORD,2016
AA,ORD,arr,1970-01-01T18:31:00Z,-369,AA/ ORD,2016
AA,ORD,arr,1970-01-01T18:41:00Z,-533,AA/ ORD,2016
AA,ORD,arr,1970-01-01T18:51:00Z,-809,AA/ ORD,2016
AA,ORD,arr,1970-01-01T19:01:00Z,-1222,AA/ ORD,2016
AA,ORD,arr,1970-01-01T19:11:00Z,-1178,AA/ ORD,2016
AA,ORD,arr,1970-01-01T19:21:00Z,-865,AA/ ORD,2016
AA,ORD,arr,1970-01-01T19:31:00Z,-595,AA/ ORD,2016
AA,ORD,arr,1970-01-01T19:41:00Z,-468,AA/ ORD,2016
AA,ORD,arr,1970-01-01T19:51:00Z,-433,AA/ ORD,2016
AA,ORD,arr,1970-01-01T20:01:00Z,-443,AA/ ORD,2016
AA,ORD,arr,1970-01-01T20:11:00Z,-528,AA/ ORD,2016
AA,ORD,arr,1970-01-01T20:21:00Z,-699,AA/ ORD,2016
AA,ORD,arr,1970-01-01T20:31:00Z,-971,AA/ ORD,2016
AA,ORD,arr,1970-01-01T20:41:00Z,-1226,AA/ ORD,2016
AA,ORD,arr,1970-01-01T20:51:00Z,-1145,AA/ ORD,2016
AA,ORD,arr,1970-01-01T21:01:00Z,-858,AA/ ORD,2016
AA,ORD,arr,1970-01-01T21:11:00Z,-652,AA/ ORD,2016
AA,ORD,arr,1970-01-01T21:21:00Z,-443,AA/ ORD,2016
AA,ORD,arr,1970-01-01T21:31:00Z,-387,AA/ ORD,2016
AA,ORD,arr,1970-01-01T21:41:00Z,-314,AA/ ORD,2016
AA,ORD,arr,1970-01-01T21:51:00Z,-255,AA/ ORD,2016
AA,ORD,arr,1970-01-01T22:01:00Z,-252,AA/ ORD,2016
AA,ORD,arr,1970-01-01T22:11:00Z,-304,AA/ ORD,2016
AA,ORD,arr,1970-01-01T22:21:00Z,-338,AA/ ORD,2016
AA,ORD,arr,1970-01-01T22:31:00Z,-357,AA/ ORD,2016
AA,ORD,arr,1970-01-01T22:41:00Z,-327,AA/ ORD,2016
AA,ORD,arr,1970-01-01T22:51:00Z,-239,AA/ ORD,2016
AA,ORD,arr,1970-01-01T23:01:00Z,-194,AA/ ORD,2016
AA,ORD,arr,1970-01-01T23:11:00Z,-185,AA/ ORD,2016
AA,ORD,arr,1970-01-01T23:21:00Z,-230,AA/ ORD,2016
AA,ORD,arr,1970-01-01T23:31:00Z,-239,AA/ ORD,2016
AA,ORD,arr,1970-01-01T23:41:00Z,-166,AA/ ORD,2016
AA,ORD,arr,1970-01-01T23:51:00Z,-169,AA/ ORD,2016
AA,ORD,dep,1970-01-01T00:01:00Z,16,AA/ ORD,2016
AA,ORD,dep,1970-01-01T00:11:00Z,13,AA/ ORD,2016
AA,ORD,dep,1970-01-01T00:21:00Z,12,AA/ ORD,2016
AA,ORD,dep,1970-01-01T00:31:00Z,9,AA/ ORD,2016
AA,ORD,dep,1970-01-01T00:41:00Z,6,AA/ ORD,2016
AA,ORD,dep,1970-01-01T00:51:00Z,11,AA/ ORD,2016
AA,ORD,dep,1970-01-01T01:01:00Z,6,AA/ ORD,2016
AA,ORD,dep,1970-01-01T01:11:00Z,6,AA/ ORD,2016
AA,ORD,dep,1970-01-01T01:21:00Z,2,AA/ ORD,2016
AA,ORD,dep,1970-01-01T01:31:00Z,4,AA/ ORD,2016
AA,ORD,dep,1970-01-01T01:41:00Z,2,AA/ ORD,2016
AA,ORD,dep,1970-01-01T01:51:00Z,2,AA/ ORD,2016
AA,ORD,dep,1970-01-01T02:11:00Z,1,AA/ ORD,2016
AA,ORD,dep,1970-01-01T02:21:00Z,2,AA/ ORD,2016
AA,ORD,dep,1970-01-01T04:21:00Z,1,AA/ ORD,2016
AA,ORD,dep,1970-01-01T04:41:00Z,17,AA/ ORD,2016
AA,ORD,dep,1970-01-01T04:51:00Z,712,AA/ ORD,2016
AA,ORD,dep,1970-01-01T05:01:00Z,120,AA/ ORD,2016
AA,ORD,dep,1970-01-01T05:11:00Z,88,AA/ ORD,2016
AA,ORD,dep,1970-01-01T05:21:00Z,320,AA/ ORD,2016
AA,ORD,dep,1970-01-01T05:31:00Z,138,AA/ ORD,2016
AA,ORD,dep,1970-01-01T05:41:00Z,136,AA/ ORD,2016
AA,ORD,dep,1970-01-01T05:51:00Z,557,AA/ ORD,2016
AA,ORD,dep,1970-01-01T06:01:00Z,101,AA/ ORD,2016
AA,ORD,dep,1970-01-01T06:11:00Z,162,AA/ ORD,2016
AA,ORD,dep,1970-01-01T06:21:00Z,195,AA/ ORD,2016
AA,ORD,dep,1970-01-01T06:31:00Z,125,AA/ ORD,2016
AA,ORD,dep,1970-01-01T06:41:00Z,38,AA/ ORD,2016
AA,ORD,dep,1970-01-01T06:51:00Z,890,AA/ ORD,2016
AA,ORD,dep,1970-01-01T07:01:00Z,2118,AA/ ORD,2016
AA,ORD,dep,1970-01-01T07:11:00Z,1676,AA/ ORD,2016
AA,ORD,dep,1970-01-01T07:21:00Z,790,AA/ ORD,2016
AA,ORD,dep,1970-01-01T07:31:00Z,328,AA/ ORD,2016
AA,ORD,dep,1970-01-01T07:41:00Z,162,AA/ ORD,2016
AA,ORD,dep,1970-01-01T07:51:00Z,71,AA/ ORD,2016
AA,ORD,dep,1970-01-01T08:01:00Z,90,AA/ ORD,2016
AA,ORD,dep,1970-01-01T08:11:00Z,515,AA/ ORD,2016
AA,ORD,dep,1970-01-01T08:21:00Z,1209,AA/ ORD,2016
AA,ORD,dep,1970-01-01T08:31:00Z,1080,AA/ ORD,2016
AA,ORD,dep,1970-01-01T08:41:00Z,1169,AA/ ORD,2016
AA,ORD,dep,1970-01-01T08:51:00Z,812,AA/ ORD,2016
AA,ORD,dep,1970-01-01T09:01:00Z,365,AA/ ORD,2016
AA,ORD,dep,1970-01-01T09:11:00Z,343,AA/ ORD,2016
AA,ORD,dep,1970-01-01T09:21:00Z,303,AA/ ORD,2016
AA,ORD,dep,1970-01-01T09:31:00Z,364,AA/ ORD,2016
AA,ORD,dep,1970-01-01T09:41:00Z,497,AA/ ORD,2016
AA,ORD,dep,1970-01-01T09:51:00Z,1348,AA/ ORD,2016
AA,ORD,dep,1970-01-01T10:01:00Z,1255,AA/ ORD,2016
AA,ORD,dep,1970-01-01T10:11:00Z,1337,AA/ ORD,2016
AA,ORD,dep,1970-01-01T10:21:00Z,864,AA/ ORD,2016
AA,ORD,dep,1970-01-01T10:31:00Z,368,AA/ ORD,2016
AA,ORD,dep,1970-01-01T10:41:00Z,313,AA/ ORD,2016
AA,ORD,dep,1970-01-01T10:51:00Z,322,AA/ ORD,2016
AA,ORD,dep,1970-01-01T11:01:00Z,137,AA/ ORD,2016
AA,ORD,dep,1970-01-01T11:11:00Z,100,AA/ ORD,2016
AA,ORD,dep,1970-01-01T11:21:00Z,140,AA/ ORD,2016
AA,ORD,dep,1970-01-01T11:31:00Z,281,AA/ ORD,2016
AA,ORD,dep,1970-01-01T11:41:00Z,1026,AA/ ORD,2016
AA,ORD,dep,1970-01-01T11:51:00Z,1677,AA/ ORD,2016
AA,ORD,dep,1970-01-01T12:01:00Z,1296,AA/ ORD,2016
AA,ORD,dep,1970-01-01T12:11:00Z,870,AA/ ORD,2016
AA,ORD,dep,1970-01-01T12:21:00Z,600,AA/ ORD,2016
AA,ORD,dep,1970-01-01T12:31:00Z,429,AA/ ORD,2016
AA,ORD,dep,1970-01-01T12:41:00Z,355,AA/ ORD,2016
AA,ORD,dep,1970-01-01T12:51:00Z,223,AA/ ORD,2016
AA,ORD,dep,1970-01-01T13:01:00Z,188,AA/ ORD,2016
AA,ORD,dep,1970-01-01T13:11:00Z,692,AA/ ORD,2016
AA,ORD,dep,1970-01-01T13:21:00Z,914,AA/ ORD,2016
AA,ORD,dep,1970-01-01T13:31:00Z,1143,AA/ ORD,2016
AA,ORD,dep,1970-01-01T13:41:00Z,681,AA/ ORD,2016
AA,ORD,dep,1970-01-01T13:51:00Z,592,AA/ ORD,2016
AA,ORD,dep,1970-01-01T14:01:00Z,443,AA/ ORD,2016
AA,ORD,dep,1970-01-01T14:11:00Z,311,AA/ ORD,2016
AA,ORD,dep,1970-01-01T14:21:00Z,360,AA/ ORD,2016
AA,ORD,dep,1970-01-01T14:31:00Z,180,AA/ ORD,2016
AA,ORD,dep,1970-01-01T14:41:00Z,236,AA/ ORD,2016
AA,ORD,dep,1970-01-01T14:51:00Z,955,AA/ ORD,2016
AA,ORD,dep,1970-01-01T15:01:00Z,1218,AA/ ORD,2016
AA,ORD,dep,1970-01-01T15:11:00Z,755,AA/ ORD,2016
AA,ORD,dep,1970-01-01T15:21:00Z,602,AA/ ORD,2016
AA,ORD,dep,1970-01-01T15:31:00Z,496,AA/ ORD,2016
AA,ORD,dep,1970-01-01T15:41:00Z,575,AA/ ORD,2016
AA,ORD,dep,1970-01-01T15:51:00Z,304,AA/ ORD,2016
AA,ORD,dep,1970-01-01T16:01:00Z,183,AA/ ORD,2016
AA,ORD,dep,1970-01-01T16:11:00Z,117,AA/ ORD,2016
AA,ORD,dep,1970-01-01T16:21:00Z,169,AA/ ORD,2016
AA,ORD,dep,1970-01-01T16:31:00Z,492,AA/ ORD,2016
AA,ORD,dep,1970-01-01T16:41:00Z,757,AA/ ORD,2016
AA,ORD,dep,1970-01-01T16:51:00Z,929,AA/ ORD,2016
AA,ORD,dep,1970-01-01T17:01:00Z,1473,AA/ ORD,2016
AA,ORD,dep,1970-01-01T17:11:00Z,1100,AA/ ORD,2016
AA,ORD,dep,1970-01-01T17:21:00Z,616,AA/ ORD,2016
AA,ORD,dep,1970-01-01T17:31:00Z,479,AA/ ORD,2016
AA,ORD,dep,1970-01-01T17:41:00Z,399,AA/ ORD,2016
AA,ORD,dep,1970-01-01T17:51:00Z,259,AA/ ORD,2016
AA,ORD,dep,1970-01-01T18:01:00Z,273,AA/ ORD,2016
AA,ORD,dep,1970-01-01T18:11:00Z,549,AA/ ORD,2016
AA,ORD,dep,1970-01-01T18:21:00Z,1058,AA/ ORD,2016
AA,ORD,dep,1970-01-01T18:31:00Z,1139,AA/ ORD,2016
AA,ORD,dep,1970-01-01T18:41:00Z,1517,AA/ ORD,2016
AA,ORD,dep,1970-01-01T18:51:00Z,944,AA/ ORD,2016
AA,ORD,dep,1970-01-01T19:01:00Z,607,AA/ ORD,2016
AA,ORD,dep,1970-01-01T19:11:00Z,358,AA/ ORD,2016
AA,ORD,dep,1970-01-01T19:21:00Z,359,AA/ ORD,2016
AA,ORD,dep,1970-01-01T19:31:00Z,309,AA/ ORD,2016
AA,ORD,dep,1970-01-01T19:41:00Z,292,AA/ ORD,2016
AA,ORD,dep,1970-01-01T19:51:00Z,326,AA/ ORD,2016
AA,ORD,dep,1970-01-01T20:01:00Z,645,AA/ ORD,2016
AA,ORD,dep,1970-01-01T20:11:00Z,986,AA/ ORD,2016
AA,ORD,dep,1970-01-01T20:21:00Z,1044,AA/ ORD,2016
AA,ORD,dep,1970-01-01T20:31:00Z,755,AA/ ORD,2016
AA,ORD,dep,1970-01-01T20:41:00Z,524,AA/ ORD,2016
AA,ORD,dep,1970-01-01T20:51:00Z,325,AA/ ORD,2016
AA,ORD,dep,1970-01-01T21:01:00Z,250,AA/ ORD,2016
AA,ORD,dep,1970-01-01T21:11:00Z,194,AA/ ORD,2016
AA,ORD,dep,1970-01-01T21:21:00Z,177,AA/ ORD,2016
AA,ORD,dep,1970-01-01T21:31:00Z,236,AA/ ORD,2016
AA,ORD,dep,1970-01-01T21:41:00Z,428,AA/ ORD,2016
AA,ORD,dep,1970-01-01T21:51:00Z,467,AA/ ORD,2016
AA,ORD,dep,1970-01-01T22:01:00Z,454,AA/ ORD,2016
AA,ORD,dep,1970-01-01T22:11:00Z,213,AA/ ORD,2016
AA,ORD,dep,1970-01-01T22:21:00Z,180,AA/ ORD,2016
AA,ORD,dep,1970-01-01T22:31:00Z,109,AA/ ORD,2016
AA,ORD,dep,1970-01-01T22:41:00Z,85,AA/ ORD,2016
AA,ORD,dep,1970-01-01T22:51:00Z,65,AA/ ORD,2016
AA,ORD,dep,1970-01-01T23:01:00Z,57,AA/ ORD,2016
AA,ORD,dep,1970-01-01T23:11:00Z,46,AA/ ORD,2016
AA,ORD,dep,1970-01-01T23:21:00Z,35,AA/ ORD,2016
AA,ORD,dep,1970-01-01T23:31:00Z,26,AA/ ORD,2016
AA,ORD,dep,1970-01-01T23:41:00Z,24,AA/ ORD,2016
AA,ORD,dep,1970-01-01T23:51:00Z,21,AA/ ORD,2016
UA,ORD,arr,1970-01-01T00:01:00Z,-168,UA/ ORD,2016
UA,ORD,arr,1970-01-01T00:11:00Z,-123,UA/ ORD,2016
UA,ORD,arr,1970-01-01T00:21:00Z,-102,UA/ ORD,2016
UA,ORD,arr,1970-01-01T00:31:00Z,-80,UA/ ORD,2016
UA,ORD,arr,1970-01-01T00:41:00Z,-51,UA/ ORD,2016
UA,ORD,arr,1970-01-01T00:51:00Z,-69,UA/ ORD,2016
UA,ORD,arr,1970-01-01T01:01:00Z,-72,UA/ ORD,2016
UA,ORD,arr,1970-01-01T01:11:00Z,-60,UA/ ORD,2016
UA,ORD,arr,1970-01-01T01:21:00Z,-63,UA/ ORD,2016
UA,ORD,arr,1970-01-01T01:31:00Z,-60,UA/ ORD,2016
UA,ORD,arr,1970-01-01T01:41:00Z,-55,UA/ ORD,2016
UA,ORD,arr,1970-01-01T01:51:00Z,-51,UA/ ORD,2016
UA,ORD,arr,1970-01-01T02:01:00Z,-30,UA/ ORD,2016
UA,ORD,arr,1970-01-01T02:11:00Z,-16,UA/ ORD,2016
UA,ORD,arr,1970-01-01T02:21:00Z,-16,UA/ ORD,2016
UA,ORD,arr,1970-01-01T02:31:00Z,-15,UA/ ORD,2016
UA,ORD,arr,1970-01-01T02:41:00Z,-14,UA/ ORD,2016
UA,ORD,arr,1970-01-01T02:51:00Z,-7,UA/ ORD,2016
UA,ORD,arr,1970-01-01T03:01:00Z,-9,UA/ ORD,2016
UA,ORD,arr,1970-01-01T03:11:00Z,-10,UA/ ORD,2016
UA,ORD,arr,1970-01-01T03:21:00Z,-10,UA/ ORD,2016
UA,ORD,arr,1970-01-01T03:31:00Z,-16,UA/ ORD,2016
UA,ORD,arr,1970-01-01T03:41:00Z,-9,UA/ ORD,2016
UA,ORD,arr,1970-01-01T03:51:00Z,-35,UA/ ORD,2016
UA,ORD,arr,1970-01-01T04:01:00Z,-80,UA/ ORD,2016
UA,ORD,arr,1970-01-01T04:11:00Z,-144,UA/ ORD,2016
UA,ORD,arr,1970-01-01T04:21:00Z,-267,UA/ ORD,2016
UA,ORD,arr,1970-01-01T04:31:00Z,-386,UA/ ORD,2016
UA,ORD,arr,1970-01-01T04:41:00Z,-485,UA/ ORD,2016
UA,ORD,arr,1970-01-01T04:51:00Z,-489,UA/ ORD,2016
UA,ORD,arr,1970-01-01T05:01:00Z,-444,UA/ ORD,2016
UA,ORD,arr,1970-01-01T05:11:00Z,-309,UA/ ORD,2016
UA,ORD,arr,1970-01-01T05:21:00Z,-205,UA/ ORD,2016
UA,ORD,arr,1970-01-01T05:31:00Z,-192,UA/ ORD,2016
UA,ORD,arr,1970-01-01T05:41:00Z,-204,UA/ ORD,2016
UA,ORD,arr,1970-01-01T05:51:00Z,-210,UA/ ORD,2016
UA,ORD,arr,1970-01-01T06:01:00Z,-329,UA/ ORD,2016
UA,ORD,arr,1970-01-01T06:11:00Z,-429,UA/ ORD,2016
UA,ORD,arr,1970-01-01T06:21:00Z,-462,UA/ ORD,2016
UA,ORD,arr,1970-01-01T06:31:00Z,-359,UA/ ORD,2016
UA,ORD,arr,1970-01-01T06:41:00Z,-288,UA/ ORD,2016
UA,ORD,arr,1970-01-01T06:51:00Z,-274,UA/ ORD,2016
UA,ORD,arr,1970-01-01T07:01:00Z,-334,UA/ ORD,2016
UA,ORD,arr,1970-01-01T07:11:00Z,-448,UA/ ORD,2016
UA,ORD,arr,1970-01-01T07:21:00Z,-657,UA/ ORD,2016
UA,ORD,arr,1970-01-01T07:31:00Z,-1000,UA/ ORD,2016
UA,ORD,arr,1970-01-01T07:41:00Z,-1424,UA/ ORD,2016
UA,ORD,arr,1970-01-01T07:51:00Z,-1240,UA/ ORD,2016
UA,ORD,arr,1970-01-01T08:01:00Z,-896,UA/ ORD,2016
UA,ORD,arr,1970-01-01T08:11:00Z,-654,UA/ ORD,2016
UA,ORD,arr,1970-01-01T08:21:00Z,-558,UA/ ORD,2016
UA,ORD,arr,1970-01-01T08:31:00Z,-438,UA/ ORD,2016
UA,ORD,arr,1970-01-01T08:41:00Z,-326,UA/ ORD,2016
UA,ORD,arr,1970-01-01T08:51:00Z,-266,UA/ ORD,2016
UA,ORD,arr,1970-01-01T09:01:00Z,-414,UA/ ORD,2016
UA,ORD,arr,1970-01-01T09:11:00Z,-844,UA/ ORD,2016
UA,ORD,arr,1970-01-01T09:21:00Z,-988,UA/ ORD,2016
UA,ORD,arr,1970-01-01T09:31:00Z,-793,UA/ ORD,2016
UA,ORD,arr,1970-01-01T09:41:00Z,-504,UA/ ORD,2016
UA,ORD,arr,1970-01-01T09:51:00Z,-314,UA/ ORD,2016
UA,ORD,arr,1970-01-01T10:01:00Z,-195,UA/ ORD,2016
UA,ORD,arr,1970-01-01T10:11:00Z,-212,UA/ ORD,2016
UA,ORD,arr,1970-01-01T10:21:00Z,-312,UA/ ORD,2016
UA,ORD,arr,1970-01-01T10:31:00Z,-528,UA/ ORD,2016
UA,ORD,arr,1970-01-01T10:41:00Z,-727,UA/ ORD,2016
UA,ORD,arr,1970-01-01T10:51:00Z,-942,UA/ ORD,2016
UA,ORD,arr,1970-01-01T11:01:00Z,-1115,UA/ ORD,2016
UA,ORD,arr,1970-01-01T11:11:00Z,-1189,UA/ ORD,2016
UA,ORD,arr,1970-01-01T11:21:00Z,-894,UA/ ORD,2016
UA,ORD,arr,1970-01-01T11:31:00Z,-694,UA/ ORD,2016
UA,ORD,arr,1970-01-01T11:41:00Z,-531,UA/ ORD,2016
UA,ORD,arr,1970-01-01T11:51:00Z,-476,UA/ ORD,2016
UA,ORD,arr,1970-01-01T12:01:00Z,-536,UA/ ORD,2016
UA,ORD,arr,1970-01-01T12:11:00Z,-659,UA/ ORD,2016
UA,ORD,arr,1970-01-01T12:21:00Z,-919,UA/ ORD,2016
UA,ORD,arr,1970-01-01T12:31:00Z,-1206,UA/ ORD,2016
UA,ORD,arr,1970-01-01T12:41:00Z,-1267,UA/ ORD,2016
UA,ORD,arr,1970-01-01T12:51:00Z,-818,UA/ ORD,2016
UA,ORD,arr,1970-01-01T13:01:00Z,-542,UA/ ORD,2016
UA,ORD,arr,1970-01-01T13:11:00Z,-498,UA/ ORD,2016
UA,ORD,arr,1970-01-01T13:21:00Z,-460,UA/ ORD,2016
UA,ORD,arr,1970-01-01T13:31:00Z,-396,UA/ ORD,2016
UA,ORD,arr,1970-01-01T13:41:00Z,-319,UA/ ORD,2016
UA,ORD,arr,1970-01-01T13:51:00Z,-345,UA/ ORD,2016
UA,ORD,arr,1970-01-01T14:01:00Z,-365,UA/ ORD,2016
UA,ORD,arr,1970-01-01T14:11:00Z,-573,UA/ ORD,2016
UA,ORD,arr,1970-01-01T14:21:00Z,-841,UA/ ORD,2016
UA,ORD,arr,1970-01-01T14:31:00Z,-968,UA/ ORD,2016
UA,ORD,arr,1970-01-01T14:41:00Z,-962,UA/ ORD,2016
UA,ORD,arr,1970-01-01T14:51:00Z,-704,UA/ ORD,2016
UA,ORD,arr,1970-01-01T15:01:00Z,-464,UA/ ORD,2016
UA,ORD,arr,1970-01-01T15:11:00Z,-349,UA/ ORD,2016
UA,ORD,arr,1970-01-01T15:21:00Z,-355,UA/ ORD,2016
UA,ORD,arr,1970-01-01T15:31:00Z,-383,UA/ ORD,2016
UA,ORD,arr,1970-01-01T15:41:00Z,-485,UA/ ORD,2016
UA,ORD,arr,1970-01-01T15:51:00Z,-624,UA/ ORD,2016
UA,ORD,arr,1970-01-01T16:01:00Z,-904,UA/ ORD,2016
UA,ORD,arr,1970-01-01T16:11:00Z,-1311,UA/ ORD,2016
UA,ORD,arr,1970-01-01T16:21:00Z,-1323,UA/ ORD,2016
UA,ORD,arr,1970-01-01T16:31:00Z,-1072,UA/ ORD,2016
UA,ORD,arr,1970-01-01T16:41:00Z,-756,UA/ ORD,2016
UA,ORD,arr,1970-01-01T16:51:00Z,-530,UA/ ORD,2016
UA,ORD,arr,1970-01-01T17:01:00Z,-491,UA/ ORD,2016
UA,ORD,arr,1970-01-01T17:11:00Z,-401,UA/ ORD,2016
UA,ORD,arr,1970-01-01T17:21:00Z,-491,UA/ ORD,2016
UA,ORD,arr,1970-01-01T17:31:00Z,-593,UA/ ORD,2016
UA,ORD,arr,1970-01-01T17:41:00Z,-828,UA/ ORD,2016
UA,ORD,arr,1970-01-01T17:51:00Z,-1067,UA/ ORD,2016
UA,ORD,arr,1970-01-01T18:01:00Z,-1270,UA/ ORD,2016
UA,ORD,arr,1970-01-01T18:11:00Z,-1293,UA/ ORD,2016
UA,ORD,arr,1970-01-01T18:21:00Z,-1188,UA/ ORD,2016
UA,ORD,arr,1970-01-01T18:31:00Z,-949,UA/ ORD,2016
UA,ORD,arr,1970-01-01T18:41:00Z,-651,UA/ ORD,2016
UA,ORD,arr,1970-01-01T18:51:00Z,-550,UA/ ORD,2016
UA,ORD,arr,1970-01-01T19:01:00Z,-444,UA/ ORD,2016
UA,ORD,arr,1970-01-01T19:11:00Z,-505,UA/ ORD,2016
UA,ORD,arr,1970-01-01T19:21:00Z,-690,UA/ ORD,2016
UA,ORD,arr,1970-01-01T19:31:00Z,-840,UA/ ORD,2016
UA,ORD,arr,1970-01-01T19:41:00Z,-1069,UA/ ORD,2016
UA,ORD,arr,1970-01-01T19:51:00Z,-1180,UA/ ORD,2016
UA,ORD,arr,1970-01-01T20:01:00Z,-793,UA/ ORD,2016
UA,ORD,arr,1970-01-01T20:11:00Z,-514,UA/ ORD,2016
UA,ORD,arr,1970-01-01T20:21:00Z,-389,UA/ ORD,2016
UA,ORD,arr,1970-01-01T20:31:00Z,-361,UA/ ORD,2016
UA,ORD,arr,1970-01-01T20:41:00Z,-346,UA/ ORD,2016
UA,ORD,arr,1970-01-01T20:51:00Z,-399,UA/ ORD,2016
UA,ORD,arr,1970-01-01T21:01:00Z,-417,UA/ ORD,2016
UA,ORD,arr,1970-01-01T21:11:00Z,-478,UA/ ORD,2016
UA,ORD,arr,1970-01-01T21:21:00Z,-513,UA/ ORD,2016
UA,ORD,arr,1970-01-01T21:31:00Z,-446,UA/ ORD,2016
UA,ORD,arr,1970-01-01T21:41:00Z,-376,UA/ ORD,2016
UA,ORD,arr,1970-01-01T21:51:00Z,-265,UA/ ORD,2016
UA,ORD,arr,1970-01-01T22:01:00Z,-279,UA/ ORD,2016
UA,ORD,arr,1970-01-01T22:11:00Z,-286,UA/ ORD,2016
UA,ORD,arr,1970-01-01T22:21:00Z,-265,UA/ ORD,2016
UA,ORD,arr,1970-01-01T22:31:00Z,-193,UA/ ORD,2016
UA,ORD,arr,1970-01-01T22:41:00Z,-189,UA/ ORD,2016
UA,ORD,arr,1970-01-01T22:51:00Z,-199,UA/ ORD,2016
UA,ORD,arr,1970-01-01T23:01:00Z,-257,UA/ ORD,2016
UA,ORD,arr,1970-01-01T23:11:00Z,-269,UA/ ORD,2016
UA,ORD,arr,1970-01-01T23:21:00Z,-223,UA/ ORD,2016
UA,ORD,arr,1970-01-01T23:31:00Z,-160,UA/ ORD,2016
UA,ORD,arr,1970-01-01T23:41:00Z,-156,UA/ ORD,2016
UA,ORD,arr,1970-01-01T23:51:00Z,-155,UA/ ORD,2016
UA,ORD,dep,1970-01-01T00:01:00Z,61,UA/ ORD,2016
UA,ORD,dep,1970-01-01T00:11:00Z,65,UA/ ORD,2016
UA,ORD,dep,1970-01-01T00:21:00Z,29,UA/ ORD,2016
UA,ORD,dep,1970-01-01T00:31:00Z,33,UA/ ORD,2016
UA,ORD,dep,1970-01-01T00:41:00Z,28,UA/ ORD,2016
UA,ORD,dep,1970-01-01T00:51:00Z,19,UA/ ORD,2016
UA,ORD,dep,1970-01-01T01:01:00Z,13,UA/ ORD,2016
UA,ORD,dep,1970-01-01T01:11:00Z,6,UA/ ORD,2016
UA,ORD,dep,1970-01-01T01:21:00Z,9,UA/ ORD,2016
UA,ORD,dep,1970-01-01T01:31:00Z,4,UA/ ORD,2016
UA,ORD,dep,1970-01-01T01:41:00Z,2,UA/ ORD,2016
UA,ORD,dep,1970-01-01T01:51:00Z,2,UA/ ORD,2016
UA,ORD,dep,1970-01-01T02:01:00Z,5,UA/ ORD,2016
UA,ORD,dep,1970-01-01T02:11:00Z,8,UA/ ORD,2016
UA,ORD,dep,1970-01-01T02:21:00Z,1,UA/ ORD,2016
UA,ORD,dep,1970-01-01T02:31:00Z,1,UA/ ORD,2016
UA,ORD,dep,1970-01-01T02:51:00Z,3,UA/ ORD,2016
UA,ORD,dep,1970-01-01T03:01:00Z,1,UA/ ORD,2016
UA,ORD,dep,1970-01-01T03:21:00Z,2,UA/ ORD,2016
UA,ORD,dep,1970-01-01T03:41:00Z,1,UA/ ORD,2016
UA,ORD,dep,1970-01-01T04:21:00Z,1,UA/ ORD,2016
UA,ORD,dep,1970-01-01T04:41:00Z,4,UA/ ORD,2016
UA,ORD,dep,1970-01-01T04:51:00Z,177,UA/ ORD,2016
UA,ORD,dep,1970-01-01T05:01:00Z,129,UA/ ORD,2016
UA,ORD,dep,1970-01-01T05:11:00Z,78,UA/ ORD,2016
UA,ORD,dep,1970-01-01T05:21:00Z,102,UA/ ORD,2016
UA,ORD,dep,1970-01-01T05:31:00Z,66,UA/ ORD,2016
UA,ORD,dep,1970-01-01T05:41:00Z,88,UA/ ORD,2016
UA,ORD,dep,1970-01-01T05:51:00Z,1337,UA/ ORD,2016
UA,ORD,dep,1970-01-01T06:01:00Z,694,UA/ ORD,2016
UA,ORD,dep,1970-01-01T06:11:00Z,490,UA/ ORD,2016
UA,ORD,dep,1970-01-01T06:21:00Z,400,UA/ ORD,2016
UA,ORD,dep,1970-01-01T06:31:00Z,201,UA/ ORD,2016
UA,ORD,dep,1970-01-01T06:41:00Z,273,UA/ ORD,2016
UA,ORD,dep,1970-01-01T06:51:00Z,642,UA/ ORD,2016
UA,ORD,dep,1970-01-01T07:01:00Z,275,UA/ ORD,2016
UA,ORD,dep,1970-01-01T07:11:00Z,174,UA/ ORD,2016
UA,ORD,dep,1970-01-01T07:21:00Z,1349,UA/ ORD,2016
UA,ORD,dep,1970-01-01T07:31:00Z,1393,UA/ ORD,2016
UA,ORD,dep,1970-01-01T07:41:00Z,927,UA/ ORD,2016
UA,ORD,dep,1970-01-01T07:51:00Z,645,UA/ ORD,2016
UA,ORD,dep,1970-01-01T08:01:00Z,366,UA/ ORD,2016
UA,ORD,dep,1970-01-01T08:11:00Z,335,UA/ ORD,2016
UA,ORD,dep,1970-01-01T08:21:00Z,359,UA/ ORD,2016
UA,ORD,dep,1970-01-01T08:31:00Z,355,UA/ ORD,2016
UA,ORD,dep,1970-01-01T08:41:00Z,446,UA/ ORD,2016
UA,ORD,dep,1970-01-01T08:51:00Z,1530,UA/ ORD,2016
UA,ORD,dep,1970-01-01T09:01:00Z,1682,UA/ ORD,2016
UA,ORD,dep,1970-01-01T09:11:00Z,1449,UA/ ORD,2016
UA,ORD,dep,1970-01-01T09:21:00Z,1183,UA/ ORD,2016
UA,ORD,dep,1970-01-01T09:31:00Z,822,UA/ ORD,2016
UA,ORD,dep,1970-01-01T09:41:00Z,509,UA/ ORD,2016
UA,ORD,dep,1970-01-01T09:51:00Z,639,UA/ ORD,2016
UA,ORD,dep,1970-01-01T10:01:00Z,389,UA/ ORD,2016
UA,ORD,dep,1970-01-01T10:11:00Z,241,UA/ ORD,2016
UA,ORD,dep,1970-01-01T10:21:00Z,274,UA/ ORD,2016
UA,ORD,dep,1970-01-01T10:31:00Z,891,UA/ ORD,2016
UA,ORD,dep,1970-01-01T10:41:00Z,1074,UA/ ORD,2016
UA,ORD,dep,1970-01-01T10:51:00Z,910,UA/ ORD,2016
UA,ORD,dep,1970-01-01T11:01:00Z,521,UA/ ORD,2016
UA,ORD,dep,1970-01-01T11:11:00Z,285,UA/ ORD,2016
UA,ORD,dep,1970-01-01T11:21:00Z,219,UA/ ORD,2016
UA,ORD,dep,1970-01-01T11:31:00Z,258,UA/ ORD,2016
UA,ORD,dep,1970-01-01T11:41:00Z,255,UA/ ORD,2016
UA,ORD,dep,1970-01-01T11:51:00Z,279,UA/ ORD,2016
UA,ORD,dep,1970-01-01T12:01:00Z,342,UA/ ORD,2016
UA,ORD,dep,1970-01-01T12:11:00Z,1342,UA/ ORD,2016
UA,ORD,dep,1970-01-01T12:21:00Z,1507,UA/ ORD,2016
UA,ORD,dep,1970-01-01T12:31:00Z,1064,UA/ ORD,2016
UA,ORD,dep,1970-01-01T12:41:00Z,581,UA/ ORD,2016
UA,ORD,dep,1970-01-01T12:51:00Z,855,UA/ ORD,2016
UA,ORD,dep,1970-01-01T13:01:00Z,495,UA/ ORD,2016
UA,ORD,dep,1970-01-01T13:11:00Z,427,UA/ ORD,2016
UA,ORD,dep,1970-01-01T13:21:00Z,353,UA/ ORD,2016
UA,ORD,dep,1970-01-01T13:31:00Z,508,UA/ ORD,2016
UA,ORD,dep,1970-01-01T13:41:00Z,1719,UA/ ORD,2016
UA,ORD,dep,1970-01-01T13:51:00Z,1640,UA/ ORD,2016
UA,ORD,dep,1970-01-01T14:01:00Z,1097,UA/ ORD,2016
UA,ORD,dep,1970-01-01T14:11:00Z,602,UA/ ORD,2016
UA,ORD,dep,1970-01-01T14:21:00Z,413,UA/ ORD,2016
UA,ORD,dep,1970-01-01T14:31:00Z,500,UA/ ORD,2016
UA,ORD,dep,1970-01-01T14:41:00Z,482,UA/ ORD,2016
UA,ORD,dep,1970-01-01T14:51:00Z,397,UA/ ORD,2016
UA,ORD,dep,1970-01-01T15:01:00Z,306,UA/ ORD,2016
UA,ORD,dep,1970-01-01T15:11:00Z,248,UA/ ORD,2016
UA,ORD,dep,1970-01-01T15:21:00Z,251,UA/ ORD,2016
UA,ORD,dep,1970-01-01T15:31:00Z,292,UA/ ORD,2016
UA,ORD,dep,1970-01-01T15:41:00Z,632,UA/ ORD,2016
UA,ORD,dep,1970-01-01T15:51:00Z,1143,UA/ ORD,2016
UA,ORD,dep,1970-01-01T16:01:00Z,1096,UA/ ORD,2016
UA,ORD,dep,1970-01-01T16:11:00Z,673,UA/ ORD,2016
UA,ORD,dep,1970-01-01T16:21:00Z,561,UA/ ORD,2016
UA,ORD,dep,1970-01-01T16:31:00Z,443,UA/ ORD,2016
UA,ORD,dep,1970-01-01T16:41:00Z,417,UA/ ORD,2016
UA,ORD,dep,1970-01-01T16:51:00Z,435,UA/ ORD,2016
UA,ORD,dep,1970-01-01T17:01:00Z,344,UA/ ORD,2016
UA,ORD,dep,1970-01-01T17:11:00Z,332,UA/ ORD,2016
UA,ORD,dep,1970-01-01T17:21:00Z,838,UA/ ORD,2016
UA,ORD,dep,1970-01-01T17:31:00Z,1222,UA/ ORD,2016
UA,ORD,dep,1970-01-01T17:41:00Z,1368,UA/ ORD,2016
UA,ORD,dep,1970-01-01T17:51:00Z,1265,UA/ ORD,2016
UA,ORD,dep,1970-01-01T18:01:00Z,839,UA/ ORD,2016
UA,ORD,dep,1970-01-01T18:11:00Z,631,UA/ ORD,2016
UA,ORD,dep,1970-01-01T18:21:00Z,432,UA/ ORD,2016
UA,ORD,dep,1970-01-01T18:31:00Z,381,UA/ ORD,2016
UA,ORD,dep,1970-01-01T18:41:00Z,374,UA/ ORD,2016
UA,ORD,dep,1970-01-01T18:51:00Z,397,UA/ ORD,2016
UA,ORD,dep,1970-01-01T19:01:00Z,484,UA/ ORD,2016
UA,ORD,dep,1970-01-01T19:11:00Z,1034,UA/ ORD,2016
UA,ORD,dep,1970-01-01T19:21:00Z,1584,UA/ ORD,2016
UA,ORD,dep,1970-01-01T19:31:00Z,1806,UA/ ORD,2016
UA,ORD,dep,1970-01-01T19:41:00Z,1186,UA/ ORD,2016
UA,ORD,dep,1970-01-01T19:51:00Z,748,UA/ ORD,2016
UA,ORD,dep,1970-01-01T20:01:00Z,589,UA/ ORD,2016
UA,ORD,dep,1970-01-01T20:11:00Z,574,UA/ ORD,2016
UA,ORD,dep,1970-01-01T20:21:00Z,471,UA/ ORD,2016
UA,ORD,dep,1970-01-01T20:31:00Z,362,UA/ ORD,2016
UA,ORD,dep,1970-01-01T20:41:00Z,458,UA/ ORD,2016
UA,ORD,dep,1970-01-01T20:51:00Z,683,UA/ ORD,2016
UA,ORD,dep,1970-01-01T21:01:00Z,1029,UA/ ORD,2016
UA,ORD,dep,1970-01-01T21:11:00Z,1126,UA/ ORD,2016
UA,ORD,dep,1970-01-01T21:21:00Z,629,UA/ ORD,2016
UA,ORD,dep,1970-01-01T21:31:00Z,380,UA/ ORD,2016
UA,ORD,dep,1970-01-01T21:41:00Z,223,UA/ ORD,2016
UA,ORD,dep,1970-01-01T21:51:00Z,190,UA/ ORD,2016
UA,ORD,dep,1970-01-01T22:01:00Z,163,UA/ ORD,2016
UA,ORD,dep,1970-01-01T22:11:00Z,153,UA/ ORD,2016
UA,ORD,dep,1970-01-01T22:21:00Z,293,UA/ ORD,2016
UA,ORD,dep,1970-01-01T22:31:00Z,535,UA/ ORD,2016
UA,ORD,dep,1970-01-01T22:41:00Z,397,UA/ ORD,2016
UA,ORD,dep,1970-01-01T22:51:00Z,232,UA/ ORD,2016
UA,ORD,dep,1970-01-01T23:01:00Z,129,UA/ ORD,2016
UA,ORD,dep,1970-01-01T23:11:00Z,115,UA/ ORD,2016
UA,ORD,dep,1970-01-01T23:21:00Z,88,UA/ ORD,2016
UA,ORD,dep,1970-01-01T23:31:00Z,78,UA/ ORD,2016
UA,ORD,dep,1970-01-01T23:41:00Z,62,UA/ ORD,2016
UA,ORD,dep,1970-01-01T23:51:00Z,63,UA/ ORD,2016
AA,ORD,arr,1970-01-01T00:01:00Z,-241,AA/ ORD,2017
AA,ORD,arr,1970-01-01T00:11:00Z,-254,AA/ ORD,2017
AA,ORD,arr,1970-01-01T00:21:00Z,-144,AA/ ORD,2017
AA,ORD,arr,1970-01-01T00:31:00Z,-102,AA/ ORD,2017
AA,ORD,arr,1970-01-01T00:41:00Z,-56,AA/ ORD,2017
AA,ORD,arr,1970-01-01T00:51:00Z,-40,AA/ ORD,2017
AA,ORD,arr,1970-01-01T01:01:00Z,-51,AA/ ORD,2017
AA,ORD,arr,1970-01-01T01:11:00Z,-27,AA/ ORD,2017
AA,ORD,arr,1970-01-01T01:21:00Z,-23,AA/ ORD,2017
AA,ORD,arr,1970-01-01T01:31:00Z,-19,AA/ ORD,2017
AA,ORD,arr,1970-01-01T01:41:00Z,-20,AA/ ORD,2017
AA,ORD,arr,1970-01-01T01:51:00Z,-13,AA/ ORD,2017
AA,ORD,arr,1970-01-01T02:01:00Z,-14,AA/ ORD,2017
AA,ORD,arr,1970-01-01T02:11:00Z,-10,AA/ ORD,2017
AA,ORD,arr,1970-01-01T02:21:00Z,-5,AA/ ORD,2017
AA,ORD,arr,1970-01-01T02:31:00Z,-6,AA/ ORD,2017
AA,ORD,arr,1970-01-01T02:41:00Z,-5,AA/ ORD,2017
AA,ORD,arr,1970-01-01T02:51:00Z,-7,AA/ ORD,2017
AA,ORD,arr,1970-01-01T03:01:00Z,-5,AA/ ORD,2017
AA,ORD,arr,1970-01-01T03:11:00Z,-2,AA/ ORD,2017
AA,ORD,arr,1970-01-01T03:21:00Z,-4,AA/ ORD,2017
AA,ORD,arr,1970-01-01T03:31:00Z,-4,AA/ ORD,2017
AA,ORD,arr,1970-01-01T03:41:00Z,-1,AA/ ORD,2017
AA,ORD,arr,1970-01-01T03:51:00Z,-4,AA/ ORD,2017
AA,ORD,arr,1970-01-01T04:01:00Z,-8,AA/ ORD,2017
AA,ORD,arr,1970-01-01T04:11:00Z,-33,AA/ ORD,2017
AA,ORD,arr,1970-01-01T04:21:00Z,-91,AA/ ORD,2017
AA,ORD,arr,1970-01-01T04:31:00Z,-136,AA/ ORD,2017
AA,ORD,arr,1970-01-01T04:41:00Z,-92,AA/ ORD,2017
AA,ORD,arr,1970-01-01T04:51:00Z,-49,AA/ ORD,2017
AA,ORD,arr,1970-01-01T05:01:00Z,-40,AA/ ORD,2017
AA,ORD,arr,1970-01-01T05:11:00Z,-93,AA/ ORD,2017
AA,ORD,arr,1970-01-01T05:21:00Z,-239,AA/ ORD,2017
AA,ORD,arr,1970-01-01T05:31:00Z,-401,AA/ ORD,2017
AA,ORD,arr,1970-01-01T05:41:00Z,-459,AA/ ORD,2017
AA,ORD,arr,1970-01-01T05:51:00Z,-505,AA/ ORD,2017
AA,ORD,arr,1970-01-01T06:01:00Z,-480,AA/ ORD,2017
AA,ORD,arr,1970-01-01T06:11:00Z,-295,AA/ ORD,2017
AA,ORD,arr,1970-01-01T06:21:00Z,-200,AA/ ORD,2017
AA,ORD,arr,1970-01-01T06:31:00Z,-178,AA/ ORD,2017
AA,ORD,arr,1970-01-01T06:41:00Z,-126,AA/ ORD,2017
AA,ORD,arr,1970-01-01T06:51:00Z,-103,AA/ ORD,2017
AA,ORD,arr,1970-01-01T07:01:00Z,-230,AA/ ORD,2017
AA,ORD,arr,1970-01-01T07:11:00Z,-517,AA/ ORD,2017
AA,ORD,arr,1970-01-01T07:21:00Z,-816,AA/ ORD,2017
AA,ORD,arr,1970-01-01T07:31:00Z,-547,AA/ ORD,2017
AA,ORD,arr,1970-01-01T07:41:00Z,-270,AA/ ORD,2017
AA,ORD,arr,1970-01-01T07:51:00Z,-167,AA/ ORD,2017
AA,ORD,arr,1970-01-01T08:01:00Z,-182,AA/ ORD,2017
AA,ORD,arr,1970-01-01T08:11:00Z,-230,AA/ ORD,2017
AA,ORD,arr,1970-01-01T08:21:00Z,-339,AA/ ORD,2017
AA,ORD,arr,1970-01-01T08:31:00Z,-528,AA/ ORD,2017
AA,ORD,arr,1970-01-01T08:41:00Z,-897,AA/ ORD,2017
AA,ORD,arr,1970-01-01T08:51:00Z,-1221,AA/ ORD,2017
AA,ORD,arr,1970-01-01T09:01:00Z,-1077,AA/ ORD,2017
AA,ORD,arr,1970-01-01T09:11:00Z,-785,AA/ ORD,2017
AA,ORD,arr,1970-01-01T09:21:00Z,-348,AA/ ORD,2017
AA,ORD,arr,1970-01-01T09:31:00Z,-220,AA/ ORD,2017
AA,ORD,arr,1970-01-01T09:41:00Z,-181,AA/ ORD,2017
AA,ORD,arr,1970-01-01T09:51:00Z,-169,AA/ ORD,2017
AA,ORD,arr,1970-01-01T10:01:00Z,-202,AA/ ORD,2017
AA,ORD,arr,1970-01-01T10:11:00Z,-250,AA/ ORD,2017
AA,ORD,arr,1970-01-01T10:21:00Z,-612,AA/ ORD,2017
AA,ORD,arr,1970-01-01T10:31:00Z,-1338,AA/ ORD,2017
AA,ORD,arr,1970-01-01T10:41:00Z,-1424,AA/ ORD,2017
AA,ORD,arr,1970-01-01T10:51:00Z,-1056,AA/ ORD,2017
AA,ORD,arr,1970-01-01T11:01:00Z,-685,AA/ ORD,2017
AA,ORD,arr,1970-01-01T11:11:00Z,-477,AA/ ORD,2017
AA,ORD,arr,1970-01-01T11:21:00Z,-335,AA/ ORD,2017
AA,ORD,arr,1970-01-01T11:31:00Z,-278,AA/ ORD,2017
AA,ORD,arr,1970-01-01T11:41:00Z,-218,AA/ ORD,2017
AA,ORD,arr,1970-01-01T11:51:00Z,-375,AA/ ORD,2017
AA,ORD,arr,1970-01-01T12:01:00Z,-583,AA/ ORD,2017
AA,ORD,arr,1970-01-01T12:11:00Z,-785,AA/ ORD,2017
AA,ORD,arr,1970-01-01T12:21:00Z,-830,AA/ ORD,2017
AA,ORD,arr,1970-01-01T12:31:00Z,-750,AA/ ORD,2017
AA,ORD,arr,1970-01-01T12:41:00Z,-639,AA/ ORD,2017
AA,ORD,arr,1970-01-01T12:51:00Z,-565,AA/ ORD,2017
AA,ORD,arr,1970-01-01T13:01:00Z,-428,AA/ ORD,2017
AA,ORD,arr,1970-01-01T13:11:00Z,-359,AA/ ORD,2017
AA,ORD,arr,1970-01-01T13:21:00Z,-354,AA/ ORD,2017
AA,ORD,arr,1970-01-01T13:31:00Z,-464,AA/ ORD,2017
AA,ORD,arr,1970-01-01T13:41:00Z,-813,AA/ ORD,2017
AA,ORD,arr,1970-01-01T13:51:00Z,-1079,AA/ ORD,2017
AA,ORD,arr,1970-01-01T14:01:00Z,-991,AA/ ORD,2017
AA,ORD,arr,1970-01-01T14:11:00Z,-769,AA/ ORD,2017
AA,ORD,arr,1970-01-01T14:21:00Z,-513,AA/ ORD,2017
AA,ORD,arr,1970-01-01T14:31:00Z,-323,AA/ ORD,2017
AA,ORD,arr,1970-01-01T14:41:00Z,-315,AA/ ORD,2017
AA,ORD,arr,1970-01-01T14:51:00Z,-274,AA/ ORD,2017
AA,ORD,arr,1970-01-01T15:01:00Z,-285,AA/ ORD,2017
AA,ORD,arr,1970-01-01T15:11:00Z,-463,AA/ ORD,2017
AA,ORD,arr,1970-01-01T15:21:00Z,-544,AA/ ORD,2017
AA,ORD,arr,1970-01-01T15:31:00Z,-807,AA/ ORD,2017
AA,ORD,arr,1970-01-01T15:41:00Z,-1076,AA/ ORD,2017
AA,ORD,arr,1970-01-01T15:51:00Z,-1028,AA/ ORD,2017
AA,ORD,arr,1970-01-01T16:01:00Z,-813,AA/ ORD,2017
AA,ORD,arr,1970-01-01T16:11:00Z,-544,AA/ ORD,2017
AA,ORD,arr,1970-01-01T16:21:00Z,-365,AA/ ORD,2017
AA,ORD,arr,1970-01-01T16:31:00Z,-336,AA/ ORD,2017
AA,ORD,arr,1970-01-01T16:41:00Z,-381,AA/ ORD,2017
AA,ORD,arr,1970-01-01T16:51:00Z,-462,AA/ ORD,2017
AA,ORD,arr,1970-01-01T17:01:00Z,-699,AA/ ORD,2017
AA,ORD,arr,1970-01-01T17:11:00Z,-921,AA/ ORD,2017
AA,ORD,arr,1970-01-01T17:21:00Z,-1215,AA/ ORD,2017
AA,ORD,arr,1970-01-01T17:31:00Z,-1203,AA/ ORD,2017
AA,ORD,arr,1970-01-01T17:41:00Z,-856,AA/ ORD,2017
AA,ORD,arr,1970-01-01T17:51:00Z,-605,AA/ ORD,2017
AA,ORD,arr,1970-01-01T18:01:00Z,-470,AA/ ORD,2017
AA,ORD,arr,1970-01-01T18:11:00Z,-354,AA/ ORD,2017
AA,ORD,arr,1970-01-01T18:21:00Z,-310,AA/ ORD,2017
AA,ORD,arr,1970-01-01T18:31:00Z,-518,AA/ ORD,2017
AA,ORD,arr,1970-01-01T18:41:00Z,-740,AA/ ORD,2017
AA,ORD,arr,1970-01-01T18:51:00Z,-1023,AA/ ORD,2017
AA,ORD,arr,1970-01-01T19:01:00Z,-1227,AA/ ORD,2017
AA,ORD,arr,1970-01-01T19:11:00Z,-1321,AA/ ORD,2017
AA,ORD,arr,1970-01-01T19:21:00Z,-827,AA/ ORD,2017
AA,ORD,arr,1970-01-01T19:31:00Z,-641,AA/ ORD,2017
AA,ORD,arr,1970-01-01T19:41:00Z,-509,AA/ ORD,2017
AA,ORD,arr,1970-01-01T19:51:00Z,-389,AA/ ORD,2017
AA,ORD,arr,1970-01-01T20:01:00Z,-410,AA/ ORD,2017
AA,ORD,arr,1970-01-01T20:11:00Z,-598,AA/ ORD,2017
AA,ORD,arr,1970-01-01T20:21:00Z,-739,AA/ ORD,2017
AA,ORD,arr,1970-01-01T20:31:00Z,-858,AA/ ORD,2017
AA,ORD,arr,1970-01-01T20:41:00Z,-1190,AA/ ORD,2017
AA,ORD,arr,1970-01-01T20:51:00Z,-1146,AA/ ORD,2017
AA,ORD,arr,1970-01-01T21:01:00Z,-757,AA/ ORD,2017
AA,ORD,arr,1970-01-01T21:11:00Z,-481,AA/ ORD,2017
AA,ORD,arr,1970-01-01T21:21:00Z,-407,AA/ ORD,2017
AA,ORD,arr,1970-01-01T21:31:00Z,-353,AA/ ORD,2017
AA,ORD,arr,1970-01-01T21:41:00Z,-354,AA/ ORD,2017
AA,ORD,arr,1970-01-01T21:51:00Z,-300,AA/ ORD,2017
AA,ORD,arr,1970-01-01T22:01:00Z,-272,AA/ ORD,2017
AA,ORD,arr,1970-01-01T22:11:00Z,-222,AA/ ORD,2017
AA,ORD,arr,1970-01-01T22:21:00Z,-287,AA/ ORD,2017
AA,ORD,arr,1970-01-01T22:31:00Z,-357,AA/ ORD,2017
AA,ORD,arr,1970-01-01T22:41:00Z,-318,AA/ ORD,2017
AA,ORD,arr,1970-01-01T22:51:00Z,-308,AA/ ORD,2017
AA,ORD,arr,1970-01-01T23:01:00Z,-239,AA/ ORD,2017
AA,ORD,arr,1970-01-01T23:11:00Z,-197,AA/ ORD,2017
AA,ORD,arr,1970-01-01T23:21:00Z,-173,AA/ ORD,2017
AA,ORD,arr,1970-01-01T23:31:00Z,-238,AA/ ORD,2017
AA,ORD,arr,1970-01-01T23:41:00Z,-221,AA/ ORD,2017
AA,ORD,arr,1970-01-01T23:51:00Z,-223,AA/ ORD,2017
AA,ORD,dep,1970-01-01T00:01:00Z,11,AA/ ORD,2017
AA,ORD,dep,1970-01-01T00:11:00Z,6,AA/ ORD,2017
AA,ORD,dep,1970-01-01T00:21:00Z,6,AA/ ORD,2017
AA,ORD,dep,1970-01-01T00:31:00Z,4,AA/ ORD,2017
AA,ORD,dep,1970-01-01T00:41:00Z,6,AA/ ORD,2017
AA,ORD,dep,1970-01-01T00:51:00Z,1,AA/ ORD,2017
AA,ORD,dep,1970-01-01T01:01:00Z,2,AA/ ORD,2017
AA,ORD,dep,1970-01-01T01:11:00Z,1,AA/ ORD,2017
AA,ORD,dep,1970-01-01T01:21:00Z,2,AA/ ORD,2017
AA,ORD,dep,1970-01-01T01:51:00Z,2,AA/ ORD,2017
AA,ORD,dep,1970-01-01T02:01:00Z,1,AA/ ORD,2017
AA,ORD,dep,1970-01-01T02:11:00Z,1,AA/ ORD,2017
AA,ORD,dep,1970-01-01T02:21:00Z,1,AA/ ORD,2017
AA,ORD,dep,1970-01-01T02:51:00Z,1,AA/ ORD,2017
AA,ORD,dep,1970-01-01T04:41:00Z,42,AA/ ORD,2017
AA,ORD,dep,1970-01-01T04:51:00Z,600,AA/ ORD,2017
AA,ORD,dep,1970-01-01T05:01:00Z,149,AA/ ORD,2017
AA,ORD,dep,1970-01-01T05:11:00Z,237,AA/ ORD,2017
AA,ORD,dep,1970-01-01T05:21:00Z,498,AA/ ORD,2017
AA,ORD,dep,1970-01-01T05:31:00Z,56,AA/ ORD,2017
AA,ORD,dep,1970-01-01T05:41:00Z,43,AA/ ORD,2017
AA,ORD,dep,1970-01-01T05:51:00Z,542,AA/ ORD,2017
AA,ORD,dep,1970-01-01T06:01:00Z,46,AA/ ORD,2017
AA,ORD,dep,1970-01-01T06:11:00Z,21,AA/ ORD,2017
AA,ORD,dep,1970-01-01T06:21:00Z,186,AA/ ORD,2017
AA,ORD,dep,1970-01-01T06:31:00Z,23,AA/ ORD,2017
AA,ORD,dep,1970-01-01T06:41:00Z,145,AA/ ORD,2017
AA,ORD,dep,1970-01-01T06:51:00Z,958,AA/ ORD,2017
AA,ORD,dep,1970-01-01T07:01:00Z,1809,AA/ ORD,2017
AA,ORD,dep,1970-01-01T07:11:00Z,1482,AA/ ORD,2017
AA,ORD,dep,1970-01-01T07:21:00Z,816,AA/ ORD,2017
AA,ORD,dep,1970-01-01T07:31:00Z,201,AA/ ORD,2017
AA,ORD,dep,1970-01-01T07:41:00Z,134,AA/ ORD,2017
AA,ORD,dep,1970-01-01T07:51:00Z,72,AA/ ORD,2017
AA,ORD,dep,1970-01-01T08:01:00Z,55,AA/ ORD,2017
AA,ORD,dep,1970-01-01T08:11:00Z,354,AA/ ORD,2017
AA,ORD,dep,1970-01-01T08:21:00Z,960,AA/ ORD,2017
AA,ORD,dep,1970-01-01T08:31:00Z,1393,AA/ ORD,2017
AA,ORD,dep,1970-01-01T08:41:00Z,1345,AA/ ORD,2017
AA,ORD,dep,1970-01-01T08:51:00Z,896,AA/ ORD,2017
AA,ORD,dep,1970-01-01T09:01:00Z,469,AA/ ORD,2017
AA,ORD,dep,1970-01-01T09:11:00Z,257,AA/ ORD,2017
AA,ORD,dep,1970-01-01T09:21:00Z,427,AA/ ORD,2017
AA,ORD,dep,1970-01-01T09:31:00Z,303,AA/ ORD,2017
AA,ORD,dep,1970-01-01T09:41:00Z,639,AA/ ORD,2017
AA,ORD,dep,1970-01-01T09:51:00Z,1247,AA/ ORD,2017
AA,ORD,dep,1970-01-01T10:01:00Z,1039,AA/ ORD,2017
AA,ORD,dep,1970-01-01T10:11:00Z,1283,AA/ ORD,2017
AA,ORD,dep,1970-01-01T10:21:00Z,1444,AA/ ORD,2017
AA,ORD,dep,1970-01-01T10:31:00Z,443,AA/ ORD,2017
AA,ORD,dep,1970-01-01T10:41:00Z,544,AA/ ORD,2017
AA,ORD,dep,1970-01-01T10:51:00Z,308,AA/ ORD,2017
AA,ORD,dep,1970-01-01T11:01:00Z,129,AA/ ORD,2017
AA,ORD,dep,1970-01-01T11:11:00Z,100,AA/ ORD,2017
AA,ORD,dep,1970-01-01T11:21:00Z,188,AA/ ORD,2017
AA,ORD,dep,1970-01-01T11:31:00Z,214,AA/ ORD,2017
AA,ORD,dep,1970-01-01T11:41:00Z,1007,AA/ ORD,2017
AA,ORD,dep,1970-01-01T11:51:00Z,1865,AA/ ORD,2017
AA,ORD,dep,1970-01-01T12:01:00Z,1307,AA/ ORD,2017
AA,ORD,dep,1970-01-01T12:11:00Z,1364,AA/ ORD,2017
AA,ORD,dep,1970-01-01T12:21:00Z,726,AA/ ORD,2017
AA,ORD,dep,1970-01-01T12:31:00Z,286,AA/ ORD,2017
AA,ORD,dep,1970-01-01T12:41:00Z,179,AA/ ORD,2017
AA,ORD,dep,1970-01-01T12:51:00Z,185,AA/ ORD,2017
AA,ORD,dep,1970-01-01T13:01:00Z,176,AA/ ORD,2017
AA,ORD,dep,1970-01-01T13:11:00Z,616,AA/ ORD,2017
AA,ORD,dep,1970-01-01T13:21:00Z,986,AA/ ORD,2017
AA,ORD,dep,1970-01-01T13:31:00Z,1307,AA/ ORD,2017
AA,ORD,dep,1970-01-01T13:41:00Z,952,AA/ ORD,2017
AA,ORD,dep,1970-01-01T13:51:00Z,616,AA/ ORD,2017
AA,ORD,dep,1970-01-01T14:01:00Z,420,AA/ ORD,2017
AA,ORD,dep,1970-01-01T14:11:00Z,257,AA/ ORD,2017
AA,ORD,dep,1970-01-01T14:21:00Z,398,AA/ ORD,2017
AA,ORD,dep,1970-01-01T14:31:00Z,183,AA/ ORD,2017
AA,ORD,dep,1970-01-01T14:41:00Z,207,AA/ ORD,2017
AA,ORD,dep,1970-01-01T14:51:00Z,1132,AA/ ORD,2017
AA,ORD,dep,1970-01-01T15:01:00Z,1210,AA/ ORD,2017
AA,ORD,dep,1970-01-01T15:11:00Z,756,AA/ ORD,2017
AA,ORD,dep,1970-01-01T15:21:00Z,637,AA/ ORD,2017
AA,ORD,dep,1970-01-01T15:31:00Z,365,AA/ ORD,2017
AA,ORD,dep,1970-01-01T15:41:00Z,283,AA/ ORD,2017
AA,ORD,dep,1970-01-01T15:51:00Z,292,AA/ ORD,2017
AA,ORD,dep,1970-01-01T16:01:00Z,254,AA/ ORD,2017
AA,ORD,dep,1970-01-01T16:11:00Z,170,AA/ ORD,2017
AA,ORD,dep,1970-01-01T16:21:00Z,274,AA/ ORD,2017
AA,ORD,dep,1970-01-01T16:31:00Z,572,AA/ ORD,2017
AA,ORD,dep,1970-01-01T16:41:00Z,691,AA/ ORD,2017
AA,ORD,dep,1970-01-01T16:51:00Z,1167,AA/ ORD,2017
AA,ORD,dep,1970-01-01T17:01:00Z,1116,AA/ ORD,2017
AA,ORD,dep,1970-01-01T17:11:00Z,1133,AA/ ORD,2017
AA,ORD,dep,1970-01-01T17:21:00Z,706,AA/ ORD,2017
AA,ORD,dep,1970-01-01T17:31:00Z,525,AA/ ORD,2017
AA,ORD,dep,1970-01-01T17:41:00Z,355,AA/ ORD,2017
AA,ORD,dep,1970-01-01T17:51:00Z,345,AA/ ORD,2017
AA,ORD,dep,1970-01-01T18:01:00Z,227,AA/ ORD,2017
AA,ORD,dep,1970-01-01T18:11:00Z,383,AA/ ORD,2017
AA,ORD,dep,1970-01-01T18:21:00Z,1302,AA/ ORD,2017
AA,ORD,dep,1970-01-01T18:31:00Z,1286,AA/ ORD,2017
AA,ORD,dep,1970-01-01T18:41:00Z,1497,AA/ ORD,2017
AA,ORD,dep,1970-01-01T18:51:00Z,948,AA/ ORD,2017
AA,ORD,dep,1970-01-01T19:01:00Z,479,AA/ ORD,2017
AA,ORD,dep,1970-01-01T19:11:00Z,322,AA/ ORD,2017
AA,ORD,dep,1970-01-01T19:21:00Z,339,AA/ ORD,2017
AA,ORD,dep,1970-01-01T19:31:00Z,240,AA/ ORD,2017
AA,ORD,dep,1970-01-01T19:41:00Z,184,AA/ ORD,2017
AA,ORD,dep,1970-01-01T19:51:00Z,448,AA/ ORD,2017
AA,ORD,dep,1970-01-01T20:01:00Z,1173,AA/ ORD,2017
AA,ORD,dep,1970-01-01T20:11:00Z,1066,AA/ ORD,2017
AA,ORD,dep,1970-01-01T20:21:00Z,1242,AA/ ORD,2017
AA,ORD,dep,1970-01-01T20:31:00Z,937,AA/ ORD,2017
AA,ORD,dep,1970-01-01T20:41:00Z,519,AA/ ORD,2017
AA,ORD,dep,1970-01-01T20:51:00Z,328,AA/ ORD,2017
AA,ORD,dep,1970-01-01T21:01:00Z,264,AA/ ORD,2017
AA,ORD,dep,1970-01-01T21:11:00Z,181,AA/ ORD,2017
AA,ORD,dep,1970-01-01T21:21:00Z,160,AA/ ORD,2017
AA,ORD,dep,1970-01-01T21:31:00Z,476,AA/ ORD,2017
AA,ORD,dep,1970-01-01T21:41:00Z,778,AA/ ORD,2017
AA,ORD,dep,1970-01-01T21:51:00Z,352,AA/ ORD,2017
AA,ORD,dep,1970-01-01T22:01:00Z,160,AA/ ORD,2017
AA,ORD,dep,1970-01-01T22:11:00Z,128,AA/ ORD,2017
AA,ORD,dep,1970-01-01T22:21:00Z,90,AA/ ORD,2017
AA,ORD,dep,1970-01-01T22:31:00Z,62,AA/ ORD,2017
AA,ORD,dep,1970-01-01T22:41:00Z,50,AA/ ORD,2017
AA,ORD,dep,1970-01-01T22:51:00Z,54,AA/ ORD,2017
AA,ORD,dep,1970-01-01T23:01:00Z,33,AA/ ORD,2017
AA,ORD,dep,1970-01-01T23:11:00Z,32,AA/ ORD,2017
AA,ORD,dep,1970-01-01T23:21:00Z,26,AA/ ORD,2017
AA,ORD,dep,1970-01-01T23:31:00Z,18,AA/ ORD,2017
AA,ORD,dep,1970-01-01T23:41:00Z,16,AA/ ORD,2017
AA,ORD,dep,1970-01-01T23:51:00Z,12,AA/ ORD,2017
UA,ORD,arr,1970-01-01T00:01:00Z,-182,UA/ ORD,2017
UA,ORD,arr,1970-01-01T00:11:00Z,-128,UA/ ORD,2017
UA,ORD,arr,1970-01-01T00:21:00Z,-89,UA/ ORD,2017
UA,ORD,arr,1970-01-01T00:31:00Z,-73,UA/ ORD,2017
UA,ORD,arr,1970-01-01T00:41:00Z,-68,UA/ ORD,2017
UA,ORD,arr,1970-01-01T00:51:00Z,-30,UA/ ORD,2017
UA,ORD,arr,1970-01-01T01:01:00Z,-62,UA/ ORD,2017
UA,ORD,arr,1970-01-01T01:11:00Z,-40,UA/ ORD,2017
UA,ORD,arr,1970-01-01T01:21:00Z,-44,UA/ ORD,2017
UA,ORD,arr,1970-01-01T01:31:00Z,-52,UA/ ORD,2017
UA,ORD,arr,1970-01-01T01:41:00Z,-40,UA/ ORD,2017
UA,ORD,arr,1970-01-01T01:51:00Z,-30,UA/ ORD,2017
UA,ORD,arr,1970-01-01T02:01:00Z,-21,UA/ ORD,2017
UA,ORD,arr,1970-01-01T02:11:00Z,-22,UA/ ORD,2017
UA,ORD,arr,1970-01-01T02:21:00Z,-13,UA/ ORD,2017
UA,ORD,arr,1970-01-01T02:31:00Z,-9,UA/ ORD,2017
UA,ORD,arr,1970-01-01T02:41:00Z,-10,UA/ ORD,2017
UA,ORD,arr,1970-01-01T02:51:00Z,-7,UA/ ORD,2017
UA,ORD,arr,1970-01-01T03:01:00Z,-5,UA/ ORD,2017
UA,ORD,arr,1970-01-01T03:11:00Z,-8,UA/ ORD,2017
UA,ORD,arr,1970-01-01T03:21:00Z,-7,UA/ ORD,2017
UA,ORD,arr,1970-01-01T03:31:00Z,-7,UA/ ORD,2017
UA,ORD,arr,1970-01-01T03:41:00Z,-8,UA/ ORD,2017
UA,ORD,arr,1970-01-01T03:51:00Z,-32,UA/ ORD,2017
UA,ORD,arr,1970-01-01T04:01:00Z,-102,UA/ ORD,2017
UA,ORD,arr,1970-01-01T04:11:00Z,-171,UA/ ORD,2017
UA,ORD,arr,1970-01-01T04:21:00Z,-295,UA/ ORD,2017
UA,ORD,arr,1970-01-01T04:31:00Z,-415,UA/ ORD,2017
UA,ORD,arr,1970-01-01T04:41:00Z,-561,UA/ ORD,2017
UA,ORD,arr,1970-01-01T04:51:00Z,-557,UA/ ORD,2017
UA,ORD,arr,1970-01-01T05:01:00Z,-389,UA/ ORD,2017
UA,ORD,arr,1970-01-01T05:11:00Z,-290,UA/ ORD,2017
UA,ORD,arr,1970-01-01T05:21:00Z,-219,UA/ ORD,2017
UA,ORD,arr,1970-01-01T05:31:00Z,-206,UA/ ORD,2017
UA,ORD,arr,1970-01-01T05:41:00Z,-240,UA/ ORD,2017
UA,ORD,arr,1970-01-01T05:51:00Z,-215,UA/ ORD,2017
UA,ORD,arr,1970-01-01T06:01:00Z,-360,UA/ ORD,2017
UA,ORD,arr,1970-01-01T06:11:00Z,-599,UA/ ORD,2017
UA,ORD,arr,1970-01-01T06:21:00Z,-813,UA/ ORD,2017
UA,ORD,arr,1970-01-01T06:31:00Z,-570,UA/ ORD,2017
UA,ORD,arr,1970-01-01T06:41:00Z,-326,UA/ ORD,2017
UA,ORD,arr,1970-01-01T06:51:00Z,-297,UA/ ORD,2017
UA,ORD,arr,1970-01-01T07:01:00Z,-383,UA/ ORD,2017
UA,ORD,arr,1970-01-01T07:11:00Z,-463,UA/ ORD,2017
UA,ORD,arr,1970-01-01T07:21:00Z,-539,UA/ ORD,2017
UA,ORD,arr,1970-01-01T07:31:00Z,-1015,UA/ ORD,2017
UA,ORD,arr,1970-01-01T07:41:00Z,-1615,UA/ ORD,2017
UA,ORD,arr,1970-01-01T07:51:00Z,-1764,UA/ ORD,2017
UA,ORD,arr,1970-01-01T08:01:00Z,-1230,UA/ ORD,2017
UA,ORD,arr,1970-01-01T08:11:00Z,-673,UA/ ORD,2017
UA,ORD,arr,1970-01-01T08:21:00Z,-391,UA/ ORD,2017
UA,ORD,arr,1970-01-01T08:31:00Z,-285,UA/ ORD,2017
UA,ORD,arr,1970-01-01T08:41:00Z,-263,UA/ ORD,2017
UA,ORD,arr,1970-01-01T08:51:00Z,-225,UA/ ORD,2017
UA,ORD,arr,1970-01-01T09:01:00Z,-455,UA/ ORD,2017
UA,ORD,arr,1970-01-01T09:11:00Z,-853,UA/ ORD,2017
UA,ORD,arr,1970-01-01T09:21:00Z,-1043,UA/ ORD,2017
UA,ORD,arr,1970-01-01T09:31:00Z,-773,UA/ ORD,2017
UA,ORD,arr,1970-01-01T09:41:00Z,-520,UA/ ORD,2017
UA,ORD,arr,1970-01-01T09:51:00Z,-288,UA/ ORD,2017
UA,ORD,arr,1970-01-01T10:01:00Z,-277,UA/ ORD,2017
UA,ORD,arr,1970-01-01T10:11:00Z,-251,UA/ ORD,2017
UA,ORD,arr,1970-01-01T10:21:00Z,-359,UA/ ORD,2017
UA,ORD,arr,1970-01-01T10:31:00Z,-463,UA/ ORD,2017
UA,ORD,arr,1970-01-01T10:41:00Z,-693,UA/ ORD,2017
UA,ORD,arr,1970-01-01T10:51:00Z,-943,UA/ ORD,2017
UA,ORD,arr,1970-01-01T11:01:00Z,-1317,UA/ ORD,2017
UA,ORD,arr,1970-01-01T11:11:00Z,-1319,UA/ ORD,2017
UA,ORD,arr,1970-01-01T11:21:00Z,-945,UA/ ORD,2017
UA,ORD,arr,1970-01-01T11:31:00Z,-596,UA/ ORD,2017
UA,ORD,arr,1970-01-01T11:41:00Z,-444,UA/ ORD,2017
UA,ORD,arr,1970-01-01T11:51:00Z,-371,UA/ ORD,2017
UA,ORD,arr,1970-01-01T12:01:00Z,-425,UA/ ORD,2017
UA,ORD,arr,1970-01-01T12:11:00Z,-491,UA/ ORD,2017
UA,ORD,arr,1970-01-01T12:21:00Z,-920,UA/ ORD,2017
UA,ORD,arr,1970-01-01T12:31:00Z,-1209,UA/ ORD,2017
UA,ORD,arr,1970-01-01T12:41:00Z,-1395,UA/ ORD,2017
UA,ORD,arr,1970-01-01T12:51:00Z,-948,UA/ ORD,2017
UA,ORD,arr,1970-01-01T13:01:00Z,-422,UA/ ORD,2017
UA,ORD,arr,1970-01-01T13:11:00Z,-303,UA/ ORD,2017
UA,ORD,arr,1970-01-01T13:21:00Z,-304,UA/ ORD,2017
UA,ORD,arr,1970-01-01T13:31:00Z,-320,UA/ ORD,2017
UA,ORD,arr,1970-01-01T13:41:00Z,-314,UA/ ORD,2017
UA,ORD,arr,1970-01-01T13:51:00Z,-332,UA/ ORD,2017
UA,ORD,arr,1970-01-01T14:01:00Z,-344,UA/ ORD,2017
UA,ORD,arr,1970-01-01T14:11:00Z,-551,UA/ ORD,2017
UA,ORD,arr,1970-01-01T14:21:00Z,-887,UA/ ORD,2017
UA,ORD,arr,1970-01-01T14:31:00Z,-1195,UA/ ORD,2017
UA,ORD,arr,1970-01-01T14:41:00Z,-1202,UA/ ORD,2017
UA,ORD,arr,1970-01-01T14:51:00Z,-933,UA/ ORD,2017
UA,ORD,arr,1970-01-01T15:01:00Z,-546,UA/ ORD,2017
UA,ORD,arr,1970-01-01T15:11:00Z,-360,UA/ ORD,2017
UA,ORD,arr,1970-01-01T15:21:00Z,-281,UA/ ORD,2017
UA,ORD,arr,1970-01-01T15:31:00Z,-325,UA/ ORD,2017
UA,ORD,arr,1970-01-01T15:41:00Z,-408,UA/ ORD,2017
UA,ORD,arr,1970-01-01T15:51:00Z,-636,UA/ ORD,2017
UA,ORD,arr,1970-01-01T16:01:00Z,-1030,UA/ ORD,2017
UA,ORD,arr,1970-01-01T16:11:00Z,-1326,UA/ ORD,2017
UA,ORD,arr,1970-01-01T16:21:00Z,-1322,UA/ ORD,2017
UA,ORD,arr,1970-01-01T16:31:00Z,-1083,UA/ ORD,2017
UA,ORD,arr,1970-01-01T16:41:00Z,-629,UA/ ORD,2017
UA,ORD,arr,1970-01-01T16:51:00Z,-499,UA/ ORD,2017
UA,ORD,arr,1970-01-01T17:01:00Z,-458,UA/ ORD,2017
UA,ORD,arr,1970-01-01T17:11:00Z,-436,UA/ ORD,2017
UA,ORD,arr,1970-01-01T17:21:00Z,-386,UA/ ORD,2017
UA,ORD,arr,1970-01-01T17:31:00Z,-510,UA/ ORD,2017
UA,ORD,arr,1970-01-01T17:41:00Z,-655,UA/ ORD,2017
UA,ORD,arr,1970-01-01T17:51:00Z,-925,UA/ ORD,2017
UA,ORD,arr,1970-01-01T18:01:00Z,-1204,UA/ ORD,2017
UA,ORD,arr,1970-01-01T18:11:00Z,-1357,UA/ ORD,2017
UA,ORD,arr,1970-01-01T18:21:00Z,-1357,UA/ ORD,2017
UA,ORD,arr,1970-01-01T18:31:00Z,-1027,UA/ ORD,2017
UA,ORD,arr,1970-01-01T18:41:00Z,-731,UA/ ORD,2017
UA,ORD,arr,1970-01-01T18:51:00Z,-532,UA/ ORD,2017
UA,ORD,arr,1970-01-01T19:01:00Z,-459,UA/ ORD,2017
UA,ORD,arr,1970-01-01T19:11:00Z,-421,UA/ ORD,2017
UA,ORD,arr,1970-01-01T19:21:00Z,-622,UA/ ORD,2017
UA,ORD,arr,1970-01-01T19:31:00Z,-910,UA/ ORD,2017
UA,ORD,arr,1970-01-01T19:41:00Z,-1304,UA/ ORD,2017
UA,ORD,arr,1970-01-01T19:51:00Z,-1381,UA/ ORD,2017
UA,ORD,arr,1970-01-01T20:01:00Z,-1120,UA/ ORD,2017
UA,ORD,arr,1970-01-01T20:11:00Z,-599,UA/ ORD,2017
UA,ORD,arr,1970-01-01T20:21:00Z,-442,UA/ ORD,2017
UA,ORD,arr,1970-01-01T20:31:00Z,-384,UA/ ORD,2017
UA,ORD,arr,1970-01-01T20:41:00Z,-381,UA/ ORD,2017
UA,ORD,arr,1970-01-01T20:51:00Z,-383,UA/ ORD,2017
UA,ORD,arr,1970-01-01T21:01:00Z,-427,UA/ ORD,2017
UA,ORD,arr,1970-01-01T21:11:00Z,-416,UA/ ORD,2017
UA,ORD,arr,1970-01-01T21:21:00Z,-497,UA/ ORD,2017
UA,ORD,arr,1970-01-01T21:31:00Z,-522,UA/ ORD,2017
UA,ORD,arr,1970-01-01T21:41:00Z,-413,UA/ ORD,2017
UA,ORD,arr,1970-01-01T21:51:00Z,-378,UA/ ORD,2017
UA,ORD,arr,1970-01-01T22:01:00Z,-348,UA/ ORD,2017
UA,ORD,arr,1970-01-01T22:11:00Z,-320,UA/ ORD,2017
UA,ORD,arr,1970-01-01T22:21:00Z,-291,UA/ ORD,2017
UA,ORD,arr,1970-01-01T22:31:00Z,-279,UA/ ORD,2017
UA,ORD,arr,1970-01-01T22:41:00Z,-246,UA/ ORD,2017
UA,ORD,arr,1970-01-01T22:51:00Z,-232,UA/ ORD,2017
UA,ORD,arr,1970-01-01T23:01:00Z,-234,UA/ ORD,2017
UA,ORD,arr,1970-01-01T23:11:00Z,-245,UA/ ORD,2017
UA,ORD,arr,1970-01-01T23:21:00Z,-218,UA/ ORD,2017
UA,ORD,arr,1970-01-01T23:31:00Z,-227,UA/ ORD,2017
UA,ORD,arr,1970-01-01T23:41:00Z,-213,UA/ ORD,2017
UA,ORD,arr,1970-01-01T23:51:00Z,-182,UA/ ORD,2017
UA,ORD,dep,1970-01-01T00:01:00Z,42,UA/ ORD,2017
UA,ORD,dep,1970-01-01T00:11:00Z,34,UA/ ORD,2017
UA,ORD,dep,1970-01-01T00:21:00Z,21,UA/ ORD,2017
UA,ORD,dep,1970-01-01T00:31:00Z,27,UA/ ORD,2017
UA,ORD,dep,1970-01-01T00:41:00Z,22,UA/ ORD,2017
UA,ORD,dep,1970-01-01T00:51:00Z,12,UA/ ORD,2017
UA,ORD,dep,1970-01-01T01:01:00Z,17,UA/ ORD,2017
UA,ORD,dep,1970-01-01T01:11:00Z,9,UA/ ORD,2017
UA,ORD,dep,1970-01-01T01:21:00Z,7,UA/ ORD,2017
UA,ORD,dep,1970-01-01T01:31:00Z,2,UA/ ORD,2017
UA,ORD,dep,1970-01-01T01:41:00Z,5,UA/ ORD,2017
UA,ORD,dep,1970-01-01T01:51:00Z,4,UA/ ORD,2017
UA,ORD,dep,1970-01-01T02:01:00Z,3,UA/ ORD,2017
UA,ORD,dep,1970-01-01T02:11:00Z,4,UA/ ORD,2017
UA,ORD,dep,1970-01-01T02:31:00Z,2,UA/ ORD,2017
UA,ORD,dep,1970-01-01T02:41:00Z,1,UA/ ORD,2017
UA,ORD,dep,1970-01-01T02:51:00Z,2,UA/ ORD,2017
UA,ORD,dep,1970-01-01T03:21:00Z,1,UA/ ORD,2017
UA,ORD,dep,1970-01-01T03:41:00Z,1,UA/ ORD,2017
UA,ORD,dep,1970-01-01T03:51:00Z,1,UA/ ORD,2017
UA,ORD,dep,1970-01-01T04:51:00Z,19,UA/ ORD,2017
UA,ORD,dep,1970-01-01T05:01:00Z,98,UA/ ORD,2017
UA,ORD,dep,1970-01-01T05:11:00Z,66,UA/ ORD,2017
UA,ORD,dep,1970-01-01T05:21:00Z,93,UA/ ORD,2017
UA,ORD,dep,1970-01-01T05:31:00Z,22,UA/ ORD,2017
UA,ORD,dep,1970-01-01T05:41:00Z,83,UA/ ORD,2017
UA,ORD,dep,1970-01-01T05:51:00Z,1753,UA/ ORD,2017
UA,ORD,dep,1970-01-01T06:01:00Z,643,UA/ ORD,2017
UA,ORD,dep,1970-01-01T06:11:00Z,499,UA/ ORD,2017
UA,ORD,dep,1970-01-01T06:21:00Z,324,UA/ ORD,2017
UA,ORD,dep,1970-01-01T06:31:00Z,239,UA/ ORD,2017
UA,ORD,dep,1970-01-01T06:41:00Z,296,UA/ ORD,2017
UA,ORD,dep,1970-01-01T06:51:00Z,480,UA/ ORD,2017
UA,ORD,dep,1970-01-01T07:01:00Z,157,UA/ ORD,2017
UA,ORD,dep,1970-01-01T07:11:00Z,141,UA/ ORD,2017
UA,ORD,dep,1970-01-01T07:21:00Z,2098,UA/ ORD,2017
UA,ORD,dep,1970-01-01T07:31:00Z,1590,UA/ ORD,2017
UA,ORD,dep,1970-01-01T07:41:00Z,1119,UA/ ORD,2017
UA,ORD,dep,1970-01-01T07:51:00Z,666,UA/ ORD,2017
UA,ORD,dep,1970-01-01T08:01:00Z,305,UA/ ORD,2017
UA,ORD,dep,1970-01-01T08:11:00Z,322,UA/ ORD,2017
UA,ORD,dep,1970-01-01T08:21:00Z,362,UA/ ORD,2017
UA,ORD,dep,1970-01-01T08:31:00Z,280,UA/ ORD,2017
UA,ORD,dep,1970-01-01T08:41:00Z,542,UA/ ORD,2017
UA,ORD,dep,1970-01-01T08:51:00Z,2046,UA/ ORD,2017
UA,ORD,dep,1970-01-01T09:01:00Z,1829,UA/ ORD,2017
UA,ORD,dep,1970-01-01T09:11:00Z,1540,UA/ ORD,2017
UA,ORD,dep,1970-01-01T09:21:00Z,1121,UA/ ORD,2017
UA,ORD,dep,1970-01-01T09:31:00Z,666,UA/ ORD,2017
UA,ORD,dep,1970-01-01T09:41:00Z,473,UA/ ORD,2017
UA,ORD,dep,1970-01-01T09:51:00Z,475,UA/ ORD,2017
UA,ORD,dep,1970-01-01T10:01:00Z,332,UA/ ORD,2017
UA,ORD,dep,1970-01-01T10:11:00Z,317,UA/ ORD,2017
UA,ORD,dep,1970-01-01T10:21:00Z,383,UA/ ORD,2017
UA,ORD,dep,1970-01-01T10:31:00Z,899,UA/ ORD,2017
UA,ORD,dep,1970-01-01T10:41:00Z,933,UA/ ORD,2017
UA,ORD,dep,1970-01-01T10:51:00Z,912,UA/ ORD,2017
UA,ORD,dep,1970-01-01T11:01:00Z,408,UA/ ORD,2017
UA,ORD,dep,1970-01-01T11:11:00Z,194,UA/ ORD,2017
UA,ORD,dep,1970-01-01T11:21:00Z,166,UA/ ORD,2017
UA,ORD,dep,1970-01-01T11:31:00Z,272,UA/ ORD,2017
UA,ORD,dep,1970-01-01T11:41:00Z,194,UA/ ORD,2017
UA,ORD,dep,1970-01-01T11:51:00Z,173,UA/ ORD,2017
UA,ORD,dep,1970-01-01T12:01:00Z,364,UA/ ORD,2017
UA,ORD,dep,1970-01-01T12:11:00Z,1821,UA/ ORD,2017
UA,ORD,dep,1970-01-01T12:21:00Z,1754,UA/ ORD,2017
UA,ORD,dep,1970-01-01T12:31:00Z,1002,UA/ ORD,2017
UA,ORD,dep,1970-01-01T12:41:00Z,627,UA/ ORD,2017
UA,ORD,dep,1970-01-01T12:51:00Z,731,UA/ ORD,2017
UA,ORD,dep,1970-01-01T13:01:00Z,339,UA/ ORD,2017
UA,ORD,dep,1970-01-01T13:11:00Z,287,UA/ ORD,2017
UA,ORD,dep,1970-01-01T13:21:00Z,373,UA/ ORD,2017
UA,ORD,dep,1970-01-01T13:31:00Z,613,UA/ ORD,2017
UA,ORD,dep,1970-01-01T13:41:00Z,1809,UA/ ORD,2017
UA,ORD,dep,1970-01-01T13:51:00Z,1741,UA/ ORD,2017
UA,ORD,dep,1970-01-01T14:01:00Z,1061,UA/ ORD,2017
UA,ORD,dep,1970-01-01T14:11:00Z,516,UA/ ORD,2017
UA,ORD,dep,1970-01-01T14:21:00Z,417,UA/ ORD,2017
UA,ORD,dep,1970-01-01T14:31:00Z,310,UA/ ORD,2017
UA,ORD,dep,1970-01-01T14:41:00Z,315,UA/ ORD,2017
UA,ORD,dep,1970-01-01T14:51:00Z,412,UA/ ORD,2017
UA,ORD,dep,1970-01-01T15:01:00Z,281,UA/ ORD,2017
UA,ORD,dep,1970-01-01T15:11:00Z,241,UA/ ORD,2017
UA,ORD,dep,1970-01-01T15:21:00Z,263,UA/ ORD,2017
UA,ORD,dep,1970-01-01T15:31:00Z,280,UA/ ORD,2017
UA,ORD,dep,1970-01-01T15:41:00Z,1075,UA/ ORD,2017
UA,ORD,dep,1970-01-01T15:51:00Z,1761,UA/ ORD,2017
UA,ORD,dep,1970-01-01T16:01:00Z,1197,UA/ ORD,2017
UA,ORD,dep,1970-01-01T16:11:00Z,687,UA/ ORD,2017
UA,ORD,dep,1970-01-01T16:21:00Z,596,UA/ ORD,2017
UA,ORD,dep,1970-01-01T16:31:00Z,293,UA/ ORD,2017
UA,ORD,dep,1970-01-01T16:41:00Z,356,UA/ ORD,2017
UA,ORD,dep,1970-01-01T16:51:00Z,399,UA/ ORD,2017
UA,ORD,dep,1970-01-01T17:01:00Z,340,UA/ ORD,2017
UA,ORD,dep,1970-01-01T17:11:00Z,250,UA/ ORD,2017
UA,ORD,dep,1970-01-01T17:21:00Z,645,UA/ ORD,2017
UA,ORD,dep,1970-01-01T17:31:00Z,1185,UA/ ORD,2017
UA,ORD,dep,1970-01-01T17:41:00Z,1591,UA/ ORD,2017
UA,ORD,dep,1970-01-01T17:51:00Z,1246,UA/ ORD,2017
UA,ORD,dep,1970-01-01T18:01:00Z,899,UA/ ORD,2017
UA,ORD,dep,1970-01-01T18:11:00Z,528,UA/ ORD,2017
UA,ORD,dep,1970-01-01T18:21:00Z,463,UA/ ORD,2017
UA,ORD,dep,1970-01-01T18:31:00Z,404,UA/ ORD,2017
UA,ORD,dep,1970-01-01T18:41:00Z,329,UA/ ORD,2017
UA,ORD,dep,1970-01-01T18:51:00Z,323,UA/ ORD,2017
UA,ORD,dep,1970-01-01T19:01:00Z,350,UA/ ORD,2017
UA,ORD,dep,1970-01-01T19:11:00Z,1007,UA/ ORD,2017
UA,ORD,dep,1970-01-01T19:21:00Z,1661,UA/ ORD,2017
UA,ORD,dep,1970-01-01T19:31:00Z,1940,UA/ ORD,2017
UA,ORD,dep,1970-01-01T19:41:00Z,1538,UA/ ORD,2017
UA,ORD,dep,1970-01-01T19:51:00Z,884,UA/ ORD,2017
UA,ORD,dep,1970-01-01T20:01:00Z,577,UA/ ORD,2017
UA,ORD,dep,1970-01-01T20:11:00Z,467,UA/ ORD,2017
UA,ORD,dep,1970-01-01T20:21:00Z,355,UA/ ORD,2017
UA,ORD,dep,1970-01-01T20:31:00Z,299,UA/ ORD,2017
UA,ORD,dep,1970-01-01T20:41:00Z,511,UA/ ORD,2017
UA,ORD,dep,1970-01-01T20:51:00Z,1176,UA/ ORD,2017
UA,ORD,dep,1970-01-01T21:01:00Z,1369,UA/ ORD,2017
UA,ORD,dep,1970-01-01T21:11:00Z,1450,UA/ ORD,2017
UA,ORD,dep,1970-01-01T21:21:00Z,722,UA/ ORD,2017
UA,ORD,dep,1970-01-01T21:31:00Z,330,UA/ ORD,2017
UA,ORD,dep,1970-01-01T21:41:00Z,242,UA/ ORD,2017
UA,ORD,dep,1970-01-01T21:51:00Z,217,UA/ ORD,2017
UA,ORD,dep,1970-01-01T22:01:00Z,146,UA/ ORD,2017
UA,ORD,dep,1970-01-01T22:11:00Z,130,UA/ ORD,2017
UA,ORD,dep,1970-01-01T22:21:00Z,143,UA/ ORD,2017
UA,ORD,dep,1970-01-01T22:31:00Z,422,UA/ ORD,2017
UA,ORD,dep,1970-01-01T22:41:00Z,378,UA/ ORD,2017
UA,ORD,dep,1970-01-01T22:51:00Z,239,UA/ ORD,2017
UA,ORD,dep,1970-01-01T23:01:00Z,166,UA/ ORD,2017
UA,ORD,dep,1970-01-01T23:11:00Z,129,UA/ ORD,2017
UA,ORD,dep,1970-01-01T23:21:00Z,101,UA/ ORD,2017
UA,ORD,dep,1970-01-01T23:31:00Z,80,UA/ ORD,2017
UA,ORD,dep,1970-01-01T23:41:00Z,70,UA/ ORD,2017
UA,ORD,dep,1970-01-01T23:51:00Z,51,UA/ ORD,2017
AA,ORD,arr,1970-01-01T00:01:00Z,-253,AA/ ORD,2018
AA,ORD,arr,1970-01-01T00:11:00Z,-259,AA/ ORD,2018
AA,ORD,arr,1970-01-01T00:21:00Z,-200,AA/ ORD,2018
AA,ORD,arr,1970-01-01T00:31:00Z,-189,AA/ ORD,2018
AA,ORD,arr,1970-01-01T00:41:00Z,-108,AA/ ORD,2018
AA,ORD,arr,1970-01-01T00:51:00Z,-97,AA/ ORD,2018
AA,ORD,arr,1970-01-01T01:01:00Z,-57,AA/ ORD,2018
AA,ORD,arr,1970-01-01T01:11:00Z,-47,AA/ ORD,2018
AA,ORD,arr,1970-01-01T01:21:00Z,-35,AA/ ORD,2018
AA,ORD,arr,1970-01-01T01:31:00Z,-33,AA/ ORD,2018
AA,ORD,arr,1970-01-01T01:41:00Z,-28,AA/ ORD,2018
AA,ORD,arr,1970-01-01T01:51:00Z,-27,AA/ ORD,2018
AA,ORD,arr,1970-01-01T02:01:00Z,-19,AA/ ORD,2018
AA,ORD,arr,1970-01-01T02:11:00Z,-13,AA/ ORD,2018
AA,ORD,arr,1970-01-01T02:21:00Z,-14,AA/ ORD,2018
AA,ORD,arr,1970-01-01T02:31:00Z,-13,AA/ ORD,2018
AA,ORD,arr,1970-01-01T02:41:00Z,-7,AA/ ORD,2018
AA,ORD,arr,1970-01-01T02:51:00Z,-4,AA/ ORD,2018
AA,ORD,arr,1970-01-01T03:01:00Z,-1,AA/ ORD,2018
AA,ORD,arr,1970-01-01T03:11:00Z,-4,AA/ ORD,2018
AA,ORD,arr,1970-01-01T03:21:00Z,-3,AA/ ORD,2018
AA,ORD,arr,1970-01-01T03:31:00Z,-2,AA/ ORD,2018
AA,ORD,arr,1970-01-01T03:41:00Z,-3,AA/ ORD,2018
AA,ORD,arr,1970-01-01T03:51:00Z,-4,AA/ ORD,2018
AA,ORD,arr,1970-01-01T04:01:00Z,-8,AA/ ORD,2018
AA,ORD,arr,1970-01-01T04:11:00Z,-23,AA/ ORD,2018
AA,ORD,arr,1970-01-01T04:21:00Z,-51,AA/ ORD,2018
AA,ORD,arr,1970-01-01T04:31:00Z,-86,AA/ ORD,2018
AA,ORD,arr,1970-01-01T04:41:00Z,-53,AA/ ORD,2018
AA,ORD,arr,1970-01-01T04:51:00Z,-55,AA/ ORD,2018
AA,ORD,arr,1970-01-01T05:01:00Z,-53,AA/ ORD,2018
AA,ORD,arr,1970-01-01T05:11:00Z,-84,AA/ ORD,2018
AA,ORD,arr,1970-01-01T05:21:00Z,-183,AA/ ORD,2018
AA,ORD,arr,1970-01-01T05:31:00Z,-280,AA/ ORD,2018
AA,ORD,arr,1970-01-01T05:41:00Z,-346,AA/ ORD,2018
AA,ORD,arr,1970-01-01T05:51:00Z,-339,AA/ ORD,2018
AA,ORD,arr,1970-01-01T06:01:00Z,-405,AA/ ORD,2018
AA,ORD,arr,1970-01-01T06:11:00Z,-280,AA/ ORD,2018
AA,ORD,arr,1970-01-01T06:21:00Z,-195,AA/ ORD,2018
AA,ORD,arr,1970-01-01T06:31:00Z,-212,AA/ ORD,2018
AA,ORD,arr,1970-01-01T06:41:00Z,-198,AA/ ORD,2018
AA,ORD,arr,1970-01-01T06:51:00Z,-184,AA/ ORD,2018
AA,ORD,arr,1970-01-01T07:01:00Z,-358,AA/ ORD,2018
AA,ORD,arr,1970-01-01T07:11:00Z,-643,AA/ ORD,2018
AA,ORD,arr,1970-01-01T07:21:00Z,-863,AA/ ORD,2018
AA,ORD,arr,1970-01-01T07:31:00Z,-716,AA/ ORD,2018
AA,ORD,arr,1970-01-01T07:41:00Z,-376,AA/ ORD,2018
AA,ORD,arr,1970-01-01T07:51:00Z,-213,AA/ ORD,2018
AA,ORD,arr,1970-01-01T08:01:00Z,-133,AA/ ORD,2018
AA,ORD,arr,1970-01-01T08:11:00Z,-197,AA/ ORD,2018
AA,ORD,arr,1970-01-01T08:21:00Z,-302,AA/ ORD,2018
AA,ORD,arr,1970-01-01T08:31:00Z,-597,AA/ ORD,2018
AA,ORD,arr,1970-01-01T08:41:00Z,-856,AA/ ORD,2018
AA,ORD,arr,1970-01-01T08:51:00Z,-1146,AA/ ORD,2018
AA,ORD,arr,1970-01-01T09:01:00Z,-1091,AA/ ORD,2018
AA,ORD,arr,1970-01-01T09:11:00Z,-864,AA/ ORD,2018
AA,ORD,arr,1970-01-01T09:21:00Z,-547,AA/ ORD,2018
AA,ORD,arr,1970-01-01T09:31:00Z,-313,AA/ ORD,2018
AA,ORD,arr,1970-01-01T09:41:00Z,-280,AA/ ORD,2018
AA,ORD,arr,1970-01-01T09:51:00Z,-277,AA/ ORD,2018
AA,ORD,arr,1970-01-01T10:01:00Z,-318,AA/ ORD,2018
AA,ORD,arr,1970-01-01T10:11:00Z,-327,AA/ ORD,2018
AA,ORD,arr,1970-01-01T10:21:00Z,-561,AA/ ORD,2018
AA,ORD,arr,1970-01-01T10:31:00Z,-1154,AA/ ORD,2018
AA,ORD,arr,1970-01-01T10:41:00Z,-1599,AA/ ORD,2018
AA,ORD,arr,1970-01-01T10:51:00Z,-1258,AA/ ORD,2018
AA,ORD,arr,1970-01-01T11:01:00Z,-734,AA/ ORD,2018
AA,ORD,arr,1970-01-01T11:11:00Z,-443,AA/ ORD,2018
AA,ORD,arr,1970-01-01T11:21:00Z,-323,AA/ ORD,2018
AA,ORD,arr,1970-01-01T11:31:00Z,-229,AA/ ORD,2018
AA,ORD,arr,1970-01-01T11:41:00Z,-257,AA/ ORD,2018
AA,ORD,arr,1970-01-01T11:51:00Z,-360,AA/ ORD,2018
AA,ORD,arr,1970-01-01T12:01:00Z,-612,AA/ ORD,2018
AA,ORD,arr,1970-01-01T12:11:00Z,-922,AA/ ORD,2018
AA,ORD,arr,1970-01-01T12:21:00Z,-996,AA/ ORD,2018
AA,ORD,arr,1970-01-01T12:31:00Z,-823,AA/ ORD,2018
AA,ORD,arr,1970-01-01T12:41:00Z,-685,AA/ ORD,2018
AA,ORD,arr,1970-01-01T12:51:00Z,-553,AA/ ORD,2018
AA,ORD,arr,1970-01-01T13:01:00Z,-451,AA/ ORD,2018
AA,ORD,arr,1970-01-01T13:11:00Z,-472,AA/ ORD,2018
AA,ORD,arr,1970-01-01T13:21:00Z,-432,AA/ ORD,2018
AA,ORD,arr,1970-01-01T13:31:00Z,-484,AA/ ORD,2018
AA,ORD,arr,1970-01-01T13:41:00Z,-755,AA/ ORD,2018
AA,ORD,arr,1970-01-01T13:51:00Z,-916,AA/ ORD,2018
AA,ORD,arr,1970-01-01T14:01:00Z,-871,AA/ ORD,2018
AA,ORD,arr,1970-01-01T14:11:00Z,-631,AA/ ORD,2018
AA,ORD,arr,1970-01-01T14:21:00Z,-443,AA/ ORD,2018
AA,ORD,arr,1970-01-01T14:31:00Z,-325,AA/ ORD,2018
AA,ORD,arr,1970-01-01T14:41:00Z,-357,AA/ ORD,2018
AA,ORD,arr,1970-01-01T14:51:00Z,-378,AA/ ORD,2018
AA,ORD,arr,1970-01-01T15:01:00Z,-364,AA/ ORD,2018
AA,ORD,arr,1970-01-01T15:11:00Z,-458,AA/ ORD,2018
AA,ORD,arr,1970-01-01T15:21:00Z,-575,AA/ ORD,2018
AA,ORD,arr,1970-01-01T15:31:00Z,-708,AA/ ORD,2018
AA,ORD,arr,1970-01-01T15:41:00Z,-890,AA/ ORD,2018
AA,ORD,arr,1970-01-01T15:51:00Z,-879,AA/ ORD,2018
AA,ORD,arr,1970-01-01T16:01:00Z,-750,AA/ ORD,2018
AA,ORD,arr,1970-01-01T16:11:00Z,-532,AA/ ORD,2018
AA,ORD,arr,1970-01-01T16:21:00Z,-402,AA/ ORD,2018
AA,ORD,arr,1970-01-01T16:31:00Z,-278,AA/ ORD,2018
AA,ORD,arr,1970-01-01T16:41:00Z,-272,AA/ ORD,2018
AA,ORD,arr,1970-01-01T16:51:00Z,-380,AA/ ORD,2018
AA,ORD,arr,1970-01-01T17:01:00Z,-563,AA/ ORD,2018
AA,ORD,arr,1970-01-01T17:11:00Z,-906,AA/ ORD,2018
AA,ORD,arr,1970-01-01T17:21:00Z,-1135,AA/ ORD,2018
AA,ORD,arr,1970-01-01T17:31:00Z,-932,AA/ ORD,2018
AA,ORD,arr,1970-01-01T17:41:00Z,-742,AA/ ORD,2018
AA,ORD,arr,1970-01-01T17:51:00Z,-520,AA/ ORD,2018
AA,ORD,arr,1970-01-01T18:01:00Z,-389,AA/ ORD,2018
AA,ORD,arr,1970-01-01T18:11:00Z,-366,AA/ ORD,2018
AA,ORD,arr,1970-01-01T18:21:00Z,-365,AA/ ORD,2018
AA,ORD,arr,1970-01-01T18:31:00Z,-481,AA/ ORD,2018
AA,ORD,arr,1970-01-01T18:41:00Z,-727,AA/ ORD,2018
AA,ORD,arr,1970-01-01T18:51:00Z,-929,AA/ ORD,2018
AA,ORD,arr,1970-01-01T19:01:00Z,-1191,AA/ ORD,2018
AA,ORD,arr,1970-01-01T19:11:00Z,-1146,AA/ ORD,2018
AA,ORD,arr,1970-01-01T19:21:00Z,-958,AA/ ORD,2018
AA,ORD,arr,1970-01-01T19:31:00Z,-740,AA/ ORD,2018
AA,ORD,arr,1970-01-01T19:41:00Z,-465,AA/ ORD,2018
AA,ORD,arr,1970-01-01T19:51:00Z,-429,AA/ ORD,2018
AA,ORD,arr,1970-01-01T20:01:00Z,-423,AA/ ORD,2018
AA,ORD,arr,1970-01-01T20:11:00Z,-471,AA/ ORD,2018
AA,ORD,arr,1970-01-01T20:21:00Z,-555,AA/ ORD,2018
AA,ORD,arr,1970-01-01T20:31:00Z,-695,AA/ ORD,2018
AA,ORD,arr,1970-01-01T20:41:00Z,-867,AA/ ORD,2018
AA,ORD,arr,1970-01-01T20:51:00Z,-992,AA/ ORD,2018
AA,ORD,arr,1970-01-01T21:01:00Z,-900,AA/ ORD,2018
AA,ORD,arr,1970-01-01T21:11:00Z,-609,AA/ ORD,2018
AA,ORD,arr,1970-01-01T21:21:00Z,-424,AA/ ORD,2018
AA,ORD,arr,1970-01-01T21:31:00Z,-360,AA/ ORD,2018
AA,ORD,arr,1970-01-01T21:41:00Z,-406,AA/ ORD,2018
AA,ORD,arr,1970-01-01T21:51:00Z,-369,AA/ ORD,2018
AA,ORD,arr,1970-01-01T22:01:00Z,-302,AA/ ORD,2018
AA,ORD,arr,1970-01-01T22:11:00Z,-247,AA/ ORD,2018
AA,ORD,arr,1970-01-01T22:21:00Z,-242,AA/ ORD,2018
AA,ORD,arr,1970-01-01T22:31:00Z,-279,AA/ ORD,2018
AA,ORD,arr,1970-01-01T22:41:00Z,-332,AA/ ORD,2018
AA,ORD,arr,1970-01-01T22:51:00Z,-361,AA/ ORD,2018
AA,ORD,arr,1970-01-01T23:01:00Z,-305,AA/ ORD,2018
AA,ORD,arr,1970-01-01T23:11:00Z,-213,AA/ ORD,2018
AA,ORD,arr,1970-01-01T23:21:00Z,-224,AA/ ORD,2018
AA,ORD,arr,1970-01-01T23:31:00Z,-277,AA/ ORD,2018
AA,ORD,arr,1970-01-01T23:41:00Z,-234,AA/ ORD,2018
AA,ORD,arr,1970-01-01T23:51:00Z,-235,AA/ ORD,2018
AA,ORD,dep,1970-01-01T00:01:00Z,14,AA/ ORD,2018
AA,ORD,dep,1970-01-01T00:11:00Z,23,AA/ ORD,2018
AA,ORD,dep,1970-01-01T00:21:00Z,12,AA/ ORD,2018
AA,ORD,dep,1970-01-01T00:31:00Z,13,AA/ ORD,2018
AA,ORD,dep,1970-01-01T00:41:00Z,6,AA/ ORD,2018
AA,ORD,dep,1970-01-01T00:51:00Z,5,AA/ ORD,2018
AA,ORD,dep,1970-01-01T01:01:00Z,5,AA/ ORD,2018
AA,ORD,dep,1970-01-01T01:11:00Z,3,AA/ ORD,2018
AA,ORD,dep,1970-01-01T01:21:00Z,3,AA/ ORD,2018
AA,ORD,dep,1970-01-01T01:41:00Z,1,AA/ ORD,2018
AA,ORD,dep,1970-01-01T01:51:00Z,2,AA/ ORD,2018
AA,ORD,dep,1970-01-01T02:01:00Z,3,AA/ ORD,2018
AA,ORD,dep,1970-01-01T02:11:00Z,1,AA/ ORD,2018
AA,ORD,dep,1970-01-01T02:41:00Z,1,AA/ ORD,2018
AA,ORD,dep,1970-01-01T04:41:00Z,23,AA/ ORD,2018
AA,ORD,dep,1970-01-01T04:51:00Z,373,AA/ ORD,2018
AA,ORD,dep,1970-01-01T05:01:00Z,216,AA/ ORD,2018
AA,ORD,dep,1970-01-01T05:11:00Z,374,AA/ ORD,2018
AA,ORD,dep,1970-01-01T05:21:00Z,259,AA/ ORD,2018
AA,ORD,dep,1970-01-01T05:31:00Z,220,AA/ ORD,2018
AA,ORD,dep,1970-01-01T05:41:00Z,199,AA/ ORD,2018
AA,ORD,dep,1970-01-01T05:51:00Z,377,AA/ ORD,2018
AA,ORD,dep,1970-01-01T06:01:00Z,53,AA/ ORD,2018
AA,ORD,dep,1970-01-01T06:11:00Z,36,AA/ ORD,2018
AA,ORD,dep,1970-01-01T06:21:00Z,424,AA/ ORD,2018
AA,ORD,dep,1970-01-01T06:31:00Z,65,AA/ ORD,2018
AA,ORD,dep,1970-01-01T06:41:00Z,109,AA/ ORD,2018
AA,ORD,dep,1970-01-01T06:51:00Z,1213,AA/ ORD,2018
AA,ORD,dep,1970-01-01T07:01:00Z,1556,AA/ ORD,2018
AA,ORD,dep,1970-01-01T07:11:00Z,1249,AA/ ORD,2018
AA,ORD,dep,1970-01-01T07:21:00Z,1063,AA/ ORD,2018
AA,ORD,dep,1970-01-01T07:31:00Z,411,AA/ ORD,2018
AA,ORD,dep,1970-01-01T07:41:00Z,165,AA/ ORD,2018
AA,ORD,dep,1970-01-01T07:51:00Z,111,AA/ ORD,2018
AA,ORD,dep,1970-01-01T08:01:00Z,197,AA/ ORD,2018
AA,ORD,dep,1970-01-01T08:11:00Z,389,AA/ ORD,2018
AA,ORD,dep,1970-01-01T08:21:00Z,1008,AA/ ORD,2018
AA,ORD,dep,1970-01-01T08:31:00Z,1094,AA/ ORD,2018
AA,ORD,dep,1970-01-01T08:41:00Z,1288,AA/ ORD,2018
AA,ORD,dep,1970-01-01T08:51:00Z,864,AA/ ORD,2018
AA,ORD,dep,1970-01-01T09:01:00Z,518,AA/ ORD,2018
AA,ORD,dep,1970-01-01T09:11:00Z,296,AA/ ORD,2018
AA,ORD,dep,1970-01-01T09:21:00Z,372,AA/ ORD,2018
AA,ORD,dep,1970-01-01T09:31:00Z,305,AA/ ORD,2018
AA,ORD,dep,1970-01-01T09:41:00Z,504,AA/ ORD,2018
AA,ORD,dep,1970-01-01T09:51:00Z,1039,AA/ ORD,2018
AA,ORD,dep,1970-01-01T10:01:00Z,1076,AA/ ORD,2018
AA,ORD,dep,1970-01-01T10:11:00Z,1383,AA/ ORD,2018
AA,ORD,dep,1970-01-01T10:21:00Z,1157,AA/ ORD,2018
AA,ORD,dep,1970-01-01T10:31:00Z,621,AA/ ORD,2018
AA,ORD,dep,1970-01-01T10:41:00Z,366,AA/ ORD,2018
AA,ORD,dep,1970-01-01T10:51:00Z,200,AA/ ORD,2018
AA,ORD,dep,1970-01-01T11:01:00Z,236,AA/ ORD,2018
AA,ORD,dep,1970-01-01T11:11:00Z,263,AA/ ORD,2018
AA,ORD,dep,1970-01-01T11:21:00Z,168,AA/ ORD,2018
AA,ORD,dep,1970-01-01T11:31:00Z,245,AA/ ORD,2018
AA,ORD,dep,1970-01-01T11:41:00Z,848,AA/ ORD,2018
AA,ORD,dep,1970-01-01T11:51:00Z,1610,AA/ ORD,2018
AA,ORD,dep,1970-01-01T12:01:00Z,1638,AA/ ORD,2018
AA,ORD,dep,1970-01-01T12:11:00Z,1202,AA/ ORD,2018
AA,ORD,dep,1970-01-01T12:21:00Z,767,AA/ ORD,2018
AA,ORD,dep,1970-01-01T12:31:00Z,353,AA/ ORD,2018
AA,ORD,dep,1970-01-01T12:41:00Z,225,AA/ ORD,2018
AA,ORD,dep,1970-01-01T12:51:00Z,195,AA/ ORD,2018
AA,ORD,dep,1970-01-01T13:01:00Z,202,AA/ ORD,2018
AA,ORD,dep,1970-01-01T13:11:00Z,621,AA/ ORD,2018
AA,ORD,dep,1970-01-01T13:21:00Z,1107,AA/ ORD,2018
AA,ORD,dep,1970-01-01T13:31:00Z,956,AA/ ORD,2018
AA,ORD,dep,1970-01-01T13:41:00Z,962,AA/ ORD,2018
AA,ORD,dep,1970-01-01T13:51:00Z,679,AA/ ORD,2018
AA,ORD,dep,1970-01-01T14:01:00Z,399,AA/ ORD,2018
AA,ORD,dep,1970-01-01T14:11:00Z,237,AA/ ORD,2018
AA,ORD,dep,1970-01-01T14:21:00Z,466,AA/ ORD,2018
AA,ORD,dep,1970-01-01T14:31:00Z,208,AA/ ORD,2018
AA,ORD,dep,1970-01-01T14:41:00Z,236,AA/ ORD,2018
AA,ORD,dep,1970-01-01T14:51:00Z,713,AA/ ORD,2018
AA,ORD,dep,1970-01-01T15:01:00Z,1220,AA/ ORD,2018
AA,ORD,dep,1970-01-01T15:11:00Z,970,AA/ ORD,2018
AA,ORD,dep,1970-01-01T15:21:00Z,699,AA/ ORD,2018
AA,ORD,dep,1970-01-01T15:31:00Z,486,AA/ ORD,2018
AA,ORD,dep,1970-01-01T15:41:00Z,366,AA/ ORD,2018
AA,ORD,dep,1970-01-01T15:51:00Z,252,AA/ ORD,2018
AA,ORD,dep,1970-01-01T16:01:00Z,192,AA/ ORD,2018
AA,ORD,dep,1970-01-01T16:11:00Z,132,AA/ ORD,2018
AA,ORD,dep,1970-01-01T16:21:00Z,354,AA/ ORD,2018
AA,ORD,dep,1970-01-01T16:31:00Z,465,AA/ ORD,2018
AA,ORD,dep,1970-01-01T16:41:00Z,523,AA/ ORD,2018
AA,ORD,dep,1970-01-01T16:51:00Z,1194,AA/ ORD,2018
AA,ORD,dep,1970-01-01T17:01:00Z,1163,AA/ ORD,2018
AA,ORD,dep,1970-01-01T17:11:00Z,916,AA/ ORD,2018
AA,ORD,dep,1970-01-01T17:21:00Z,700,AA/ ORD,2018
AA,ORD,dep,1970-01-01T17:31:00Z,460,AA/ ORD,2018
AA,ORD,dep,1970-01-01T17:41:00Z,286,AA/ ORD,2018
AA,ORD,dep,1970-01-01T17:51:00Z,229,AA/ ORD,2018
AA,ORD,dep,1970-01-01T18:01:00Z,187,AA/ ORD,2018
AA,ORD,dep,1970-01-01T18:11:00Z,392,AA/ ORD,2018
AA,ORD,dep,1970-01-01T18:21:00Z,1127,AA/ ORD,2018
AA,ORD,dep,1970-01-01T18:31:00Z,1137,AA/ ORD,2018
AA,ORD,dep,1970-01-01T18:41:00Z,1184,AA/ ORD,2018
AA,ORD,dep,1970-01-01T18:51:00Z,767,AA/ ORD,2018
AA,ORD,dep,1970-01-01T19:01:00Z,514,AA/ ORD,2018
AA,ORD,dep,1970-01-01T19:11:00Z,321,AA/ ORD,2018
AA,ORD,dep,1970-01-01T19:21:00Z,445,AA/ ORD,2018
AA,ORD,dep,1970-01-01T19:31:00Z,303,AA/ ORD,2018
AA,ORD,dep,1970-01-01T19:41:00Z,241,AA/ ORD,2018
AA,ORD,dep,1970-01-01T19:51:00Z,302,AA/ ORD,2018
AA,ORD,dep,1970-01-01T20:01:00Z,728,AA/ ORD,2018
AA,ORD,dep,1970-01-01T20:11:00Z,1169,AA/ ORD,2018
AA,ORD,dep,1970-01-01T20:21:00Z,1346,AA/ ORD,2018
AA,ORD,dep,1970-01-01T20:31:00Z,1097,AA/ ORD,2018
AA,ORD,dep,1970-01-01T20:41:00Z,772,AA/ ORD,2018
AA,ORD,dep,1970-01-01T20:51:00Z,465,AA/ ORD,2018
AA,ORD,dep,1970-01-01T21:01:00Z,324,AA/ ORD,2018
AA,ORD,dep,1970-01-01T21:11:00Z,248,AA/ ORD,2018
AA,ORD,dep,1970-01-01T21:21:00Z,193,AA/ ORD,2018
AA,ORD,dep,1970-01-01T21:31:00Z,328,AA/ ORD,2018
AA,ORD,dep,1970-01-01T21:41:00Z,450,AA/ ORD,2018
AA,ORD,dep,1970-01-01T21:51:00Z,544,AA/ ORD,2018
AA,ORD,dep,1970-01-01T22:01:00Z,533,AA/ ORD,2018
AA,ORD,dep,1970-01-01T22:11:00Z,374,AA/ ORD,2018
AA,ORD,dep,1970-01-01T22:21:00Z,186,AA/ ORD,2018
AA,ORD,dep,1970-01-01T22:31:00Z,163,AA/ ORD,2018
AA,ORD,dep,1970-01-01T22:41:00Z,85,AA/ ORD,2018
AA,ORD,dep,1970-01-01T22:51:00Z,93,AA/ ORD,2018
AA,ORD,dep,1970-01-01T23:01:00Z,67,AA/ ORD,2018
AA,ORD,dep,1970-01-01T23:11:00Z,46,AA/ ORD,2018
AA,ORD,dep,1970-01-01T23:21:00Z,43,AA/ ORD,2018
AA,ORD,dep,1970-01-01T23:31:00Z,36,AA/ ORD,2018
AA,ORD,dep,1970-01-01T23:41:00Z,37,AA/ ORD,2018
AA,ORD,dep,1970-01-01T23:51:00Z,29,AA/ ORD,2018
UA,ORD,arr,1970-01-01T00:01:00Z,-210,UA/ ORD,2018
UA,ORD,arr,1970-01-01T00:11:00Z,-200,UA/ ORD,2018
UA,ORD,arr,1970-01-01T00:21:00Z,-183,UA/ ORD,2018
UA,ORD,arr,1970-01-01T00:31:00Z,-119,UA/ ORD,2018
UA,ORD,arr,1970-01-01T00:41:00Z,-101,UA/ ORD,2018
UA,ORD,arr,1970-01-01T00:51:00Z,-89,UA/ ORD,2018
UA,ORD,arr,1970-01-01T01:01:00Z,-88,UA/ ORD,2018
UA,ORD,arr,1970-01-01T01:11:00Z,-79,UA/ ORD,2018
UA,ORD,arr,1970-01-01T01:21:00Z,-64,UA/ ORD,2018
UA,ORD,arr,1970-01-01T01:31:00Z,-78,UA/ ORD,2018
UA,ORD,arr,1970-01-01T01:41:00Z,-64,UA/ ORD,2018
UA,ORD,arr,1970-01-01T01:51:00Z,-36,UA/ ORD,2018
UA,ORD,arr,1970-01-01T02:01:00Z,-23,UA/ ORD,2018
UA,ORD,arr,1970-01-01T02:11:00Z,-19,UA/ ORD,2018
UA,ORD,arr,1970-01-01T02:21:00Z,-20,UA/ ORD,2018
UA,ORD,arr,1970-01-01T02:31:00Z,-12,UA/ ORD,2018
UA,ORD,arr,1970-01-01T02:41:00Z,-16,UA/ ORD,2018
UA,ORD,arr,1970-01-01T02:51:00Z,-11,UA/ ORD,2018
UA,ORD,arr,1970-01-01T03:01:00Z,-10,UA/ ORD,2018
UA,ORD,arr,1970-01-01T03:11:00Z,-10,UA/ ORD,2018
UA,ORD,arr,1970-01-01T03:21:00Z,-13,UA/ ORD,2018
UA,ORD,arr,1970-01-01T03:31:00Z,-19,UA/ ORD,2018
UA,ORD,arr,1970-01-01T03:41:00Z,-35,UA/ ORD,2018
UA,ORD,arr,1970-01-01T03:51:00Z,-66,UA/ ORD,2018
UA,ORD,arr,1970-01-01T04:01:00Z,-62,UA/ ORD,2018
UA,ORD,arr,1970-01-01T04:11:00Z,-96,UA/ ORD,2018
UA,ORD,arr,1970-01-01T04:21:00Z,-188,UA/ ORD,2018
UA,ORD,arr,1970-01-01T04:31:00Z,-390,UA/ ORD,2018
UA,ORD,arr,1970-01-01T04:41:00Z,-596,UA/ ORD,2018
UA,ORD,arr,1970-01-01T04:51:00Z,-655,UA/ ORD,2018
UA,ORD,arr,1970-01-01T05:01:00Z,-533,UA/ ORD,2018
UA,ORD,arr,1970-01-01T05:11:00Z,-381,UA/ ORD,2018
UA,ORD,arr,1970-01-01T05:21:00Z,-228,UA/ ORD,2018
UA,ORD,arr,1970-01-01T05:31:00Z,-198,UA/ ORD,2018
UA,ORD,arr,1970-01-01T05:41:00Z,-165,UA/ ORD,2018
UA,ORD,arr,1970-01-01T05:51:00Z,-170,UA/ ORD,2018
UA,ORD,arr,1970-01-01T06:01:00Z,-228,UA/ ORD,2018
UA,ORD,arr,1970-01-01T06:11:00Z,-434,UA/ ORD,2018
UA,ORD,arr,1970-01-01T06:21:00Z,-747,UA/ ORD,2018
UA,ORD,arr,1970-01-01T06:31:00Z,-1018,UA/ ORD,2018
UA,ORD,arr,1970-01-01T06:41:00Z,-880,UA/ ORD,2018
UA,ORD,arr,1970-01-01T06:51:00Z,-589,UA/ ORD,2018
UA,ORD,arr,1970-01-01T07:01:00Z,-366,UA/ ORD,2018
UA,ORD,arr,1970-01-01T07:11:00Z,-258,UA/ ORD,2018
UA,ORD,arr,1970-01-01T07:21:00Z,-235,UA/ ORD,2018
UA,ORD,arr,1970-01-01T07:31:00Z,-384,UA/ ORD,2018
UA,ORD,arr,1970-01-01T07:41:00Z,-701,UA/ ORD,2018
UA,ORD,arr,1970-01-01T07:51:00Z,-1403,UA/ ORD,2018
UA,ORD,arr,1970-01-01T08:01:00Z,-1072,UA/ ORD,2018
UA,ORD,arr,1970-01-01T08:11:00Z,-760,UA/ ORD,2018
UA,ORD,arr,1970-01-01T08:21:00Z,-752,UA/ ORD,2018
UA,ORD,arr,1970-01-01T08:31:00Z,-877,UA/ ORD,2018
UA,ORD,arr,1970-01-01T08:41:00Z,-913,UA/ ORD,2018
UA,ORD,arr,1970-01-01T08:51:00Z,-799,UA/ ORD,2018
UA,ORD,arr,1970-01-01T09:01:00Z,-929,UA/ ORD,2018
UA,ORD,arr,1970-01-01T09:11:00Z,-771,UA/ ORD,2018
UA,ORD,arr,1970-01-01T09:21:00Z,-506,UA/ ORD,2018
UA,ORD,arr,1970-01-01T09:31:00Z,-425,UA/ ORD,2018
UA,ORD,arr,1970-01-01T09:41:00Z,-446,UA/ ORD,2018
UA,ORD,arr,1970-01-01T09:51:00Z,-497,UA/ ORD,2018
UA,ORD,arr,1970-01-01T10:01:00Z,-636,UA/ ORD,2018
UA,ORD,arr,1970-01-01T10:11:00Z,-728,UA/ ORD,2018
UA,ORD,arr,1970-01-01T10:21:00Z,-718,UA/ ORD,2018
UA,ORD,arr,1970-01-01T10:31:00Z,-540,UA/ ORD,2018
UA,ORD,arr,1970-01-01T10:41:00Z,-441,UA/ ORD,2018
UA,ORD,arr,1970-01-01T10:51:00Z,-427,UA/ ORD,2018
UA,ORD,arr,1970-01-01T11:01:00Z,-604,UA/ ORD,2018
UA,ORD,arr,1970-01-01T11:11:00Z,-821,UA/ ORD,2018
UA,ORD,arr,1970-01-01T11:21:00Z,-1073,UA/ ORD,2018
UA,ORD,arr,1970-01-01T11:31:00Z,-1136,UA/ ORD,2018
UA,ORD,arr,1970-01-01T11:41:00Z,-949,UA/ ORD,2018
UA,ORD,arr,1970-01-01T11:51:00Z,-614,UA/ ORD,2018
UA,ORD,arr,1970-01-01T12:01:00Z,-471,UA/ ORD,2018
UA,ORD,arr,1970-01-01T12:11:00Z,-572,UA/ ORD,2018
UA,ORD,arr,1970-01-01T12:21:00Z,-870,UA/ ORD,2018
UA,ORD,arr,1970-01-01T12:31:00Z,-1093,UA/ ORD,2018
UA,ORD,arr,1970-01-01T12:41:00Z,-1123,UA/ ORD,2018
UA,ORD,arr,1970-01-01T12:51:00Z,-1280,UA/ ORD,2018
UA,ORD,arr,1970-01-01T13:01:00Z,-1128,UA/ ORD,2018
UA,ORD,arr,1970-01-01T13:11:00Z,-640,UA/ ORD,2018
UA,ORD,arr,1970-01-01T13:21:00Z,-426,UA/ ORD,2018
UA,ORD,arr,1970-01-01T13:31:00Z,-368,UA/ ORD,2018
UA,ORD,arr,1970-01-01T13:41:00Z,-320,UA/ ORD,2018
UA,ORD,arr,1970-01-01T13:51:00Z,-337,UA/ ORD,2018
UA,ORD,arr,1970-01-01T14:01:00Z,-437,UA/ ORD,2018
UA,ORD,arr,1970-01-01T14:11:00Z,-819,UA/ ORD,2018
UA,ORD,arr,1970-01-01T14:21:00Z,-1296,UA/ ORD,2018
UA,ORD,arr,1970-01-01T14:31:00Z,-1557,UA/ ORD,2018
UA,ORD,arr,1970-01-01T14:41:00Z,-1285,UA/ ORD,2018
UA,ORD,arr,1970-01-01T14:51:00Z,-710,UA/ ORD,2018
UA,ORD,arr,1970-01-01T15:01:00Z,-366,UA/ ORD,2018
UA,ORD,arr,1970-01-01T15:11:00Z,-211,UA/ ORD,2018
UA,ORD,arr,1970-01-01T15:21:00Z,-168,UA/ ORD,2018
UA,ORD,arr,1970-01-01T15:31:00Z,-151,UA/ ORD,2018
UA,ORD,arr,1970-01-01T15:41:00Z,-207,UA/ ORD,2018
UA,ORD,arr,1970-01-01T15:51:00Z,-253,UA/ ORD,2018
UA,ORD,arr,1970-01-01T16:01:00Z,-451,UA/ ORD,2018
UA,ORD,arr,1970-01-01T16:11:00Z,-736,UA/ ORD,2018
UA,ORD,arr,1970-01-01T16:21:00Z,-1014,UA/ ORD,2018
UA,ORD,arr,1970-01-01T16:31:00Z,-1144,UA/ ORD,2018
UA,ORD,arr,1970-01-01T16:41:00Z,-1223,UA/ ORD,2018
UA,ORD,arr,1970-01-01T16:51:00Z,-1118,UA/ ORD,2018
UA,ORD,arr,1970-01-01T17:01:00Z,-662,UA/ ORD,2018
UA,ORD,arr,1970-01-01T17:11:00Z,-420,UA/ ORD,2018
UA,ORD,arr,1970-01-01T17:21:00Z,-275,UA/ ORD,2018
UA,ORD,arr,1970-01-01T17:31:00Z,-330,UA/ ORD,2018
UA,ORD,arr,1970-01-01T17:41:00Z,-381,UA/ ORD,2018
UA,ORD,arr,1970-01-01T17:51:00Z,-503,UA/ ORD,2018
UA,ORD,arr,1970-01-01T18:01:00Z,-900,UA/ ORD,2018
UA,ORD,arr,1970-01-01T18:11:00Z,-1328,UA/ ORD,2018
UA,ORD,arr,1970-01-01T18:21:00Z,-1516,UA/ ORD,2018
UA,ORD,arr,1970-01-01T18:31:00Z,-1214,UA/ ORD,2018
UA,ORD,arr,1970-01-01T18:41:00Z,-966,UA/ ORD,2018
UA,ORD,arr,1970-01-01T18:51:00Z,-736,UA/ ORD,2018
UA,ORD,arr,1970-01-01T19:01:00Z,-638,UA/ ORD,2018
UA,ORD,arr,1970-01-01T19:11:00Z,-595,UA/ ORD,2018
UA,ORD,arr,1970-01-01T19:21:00Z,-605,UA/ ORD,2018
UA,ORD,arr,1970-01-01T19:31:00Z,-751,UA/ ORD,2018
UA,ORD,arr,1970-01-01T19:41:00Z,-1267,UA/ ORD,2018
UA,ORD,arr,1970-01-01T19:51:00Z,-1493,UA/ ORD,2018
UA,ORD,arr,1970-01-01T20:01:00Z,-1509,UA/ ORD,2018
UA,ORD,arr,1970-01-01T20:11:00Z,-1126,UA/ ORD,2018
UA,ORD,arr,1970-01-01T20:21:00Z,-749,UA/ ORD,2018
UA,ORD,arr,1970-01-01T20:31:00Z,-450,UA/ ORD,2018
UA,ORD,arr,1970-01-01T20:41:00Z,-429,UA/ ORD,2018
UA,ORD,arr,1970-01-01T20:51:00Z,-390,UA/ ORD,2018
UA,ORD,arr,1970-01-01T21:01:00Z,-356,UA/ ORD,2018
UA,ORD,arr,1970-01-01T21:11:00Z,-446,UA/ ORD,2018
UA,ORD,arr,1970-01-01T21:21:00Z,-467,UA/ ORD,2018
UA,ORD,arr,1970-01-01T21:31:00Z,-531,UA/ ORD,2018
UA,ORD,arr,1970-01-01T21:41:00Z,-417,UA/ ORD,2018
UA,ORD,arr,1970-01-01T21:51:00Z,-379,UA/ ORD,2018
UA,ORD,arr,1970-01-01T22:01:00Z,-348,UA/ ORD,2018
UA,ORD,arr,1970-01-01T22:11:00Z,-357,UA/ ORD,2018
UA,ORD,arr,1970-01-01T22:21:00Z,-333,UA/ ORD,2018
UA,ORD,arr,1970-01-01T22:31:00Z,-262,UA/ ORD,2018
UA,ORD,arr,1970-01-01T22:41:00Z,-221,UA/ ORD,2018
UA,ORD,arr,1970-01-01T22:51:00Z,-228,UA/ ORD,2018
UA,ORD,arr,1970-01-01T23:01:00Z,-255,UA/ ORD,2018
UA,ORD,arr,1970-01-01T23:11:00Z,-212,UA/ ORD,2018
UA,ORD,arr,1970-01-01T23:21:00Z,-168,UA/ ORD,2018
UA,ORD,arr,1970-01-01T23:31:00Z,-190,UA/ ORD,2018
UA,ORD,arr,1970-01-01T23:41:00Z,-188,UA/ ORD,2018
UA,ORD,arr,1970-01-01T23:51:00Z,-180,UA/ ORD,2018
UA,ORD,dep,1970-01-01T00:01:00Z,46,UA/ ORD,2018
UA,ORD,dep,1970-01-01T00:11:00Z,44,UA/ ORD,2018
UA,ORD,dep,1970-01-01T00:21:00Z,38,UA/ ORD,2018
UA,ORD,dep,1970-01-01T00:31:00Z,24,UA/ ORD,2018
UA,ORD,dep,1970-01-01T00:41:00Z,21,UA/ ORD,2018
UA,ORD,dep,1970-01-01T00:51:00Z,19,UA/ ORD,2018
UA,ORD,dep,1970-01-01T01:01:00Z,18,UA/ ORD,2018
UA,ORD,dep,1970-01-01T01:11:00Z,12,UA/ ORD,2018
UA,ORD,dep,1970-01-01T01:21:00Z,12,UA/ ORD,2018
UA,ORD,dep,1970-01-01T01:31:00Z,11,UA/ ORD,2018
UA,ORD,dep,1970-01-01T01:41:00Z,10,UA/ ORD,2018
UA,ORD,dep,1970-01-01T01:51:00Z,2,UA/ ORD,2018
UA,ORD,dep,1970-01-01T02:01:00Z,4,UA/ ORD,2018
UA,ORD,dep,1970-01-01T02:11:00Z,5,UA/ ORD,2018
UA,ORD,dep,1970-01-01T02:21:00Z,3,UA/ ORD,2018
UA,ORD,dep,1970-01-01T02:51:00Z,2,UA/ ORD,2018
UA,ORD,dep,1970-01-01T03:01:00Z,1,UA/ ORD,2018
UA,ORD,dep,1970-01-01T03:11:00Z,2,UA/ ORD,2018
UA,ORD,dep,1970-01-01T03:41:00Z,1,UA/ ORD,2018
UA,ORD,dep,1970-01-01T04:41:00Z,1,UA/ ORD,2018
UA,ORD,dep,1970-01-01T04:51:00Z,12,UA/ ORD,2018
UA,ORD,dep,1970-01-01T05:01:00Z,11,UA/ ORD,2018
UA,ORD,dep,1970-01-01T05:11:00Z,11,UA/ ORD,2018
UA,ORD,dep,1970-01-01T05:21:00Z,49,UA/ ORD,2018
UA,ORD,dep,1970-01-01T05:31:00Z,38,UA/ ORD,2018
UA,ORD,dep,1970-01-01T05:41:00Z,73,UA/ ORD,2018
UA,ORD,dep,1970-01-01T05:51:00Z,1776,UA/ ORD,2018
UA,ORD,dep,1970-01-01T06:01:00Z,670,UA/ ORD,2018
UA,ORD,dep,1970-01-01T06:11:00Z,443,UA/ ORD,2018
UA,ORD,dep,1970-01-01T06:21:00Z,517,UA/ ORD,2018
UA,ORD,dep,1970-01-01T06:31:00Z,392,UA/ ORD,2018
UA,ORD,dep,1970-01-01T06:41:00Z,264,UA/ ORD,2018
UA,ORD,dep,1970-01-01T06:51:00Z,601,UA/ ORD,2018
UA,ORD,dep,1970-01-01T07:01:00Z,156,UA/ ORD,2018
UA,ORD,dep,1970-01-01T07:11:00Z,86,UA/ ORD,2018
UA,ORD,dep,1970-01-01T07:21:00Z,472,UA/ ORD,2018
UA,ORD,dep,1970-01-01T07:31:00Z,1086,UA/ ORD,2018
UA,ORD,dep,1970-01-01T07:41:00Z,2584,UA/ ORD,2018
UA,ORD,dep,1970-01-01T07:51:00Z,2064,UA/ ORD,2018
UA,ORD,dep,1970-01-01T08:01:00Z,1196,UA/ ORD,2018
UA,ORD,dep,1970-01-01T08:11:00Z,598,UA/ ORD,2018
UA,ORD,dep,1970-01-01T08:21:00Z,448,UA/ ORD,2018
UA,ORD,dep,1970-01-01T08:31:00Z,261,UA/ ORD,2018
UA,ORD,dep,1970-01-01T08:41:00Z,483,UA/ ORD,2018
UA,ORD,dep,1970-01-01T08:51:00Z,1734,UA/ ORD,2018
UA,ORD,dep,1970-01-01T09:01:00Z,1068,UA/ ORD,2018
UA,ORD,dep,1970-01-01T09:11:00Z,539,UA/ ORD,2018
UA,ORD,dep,1970-01-01T09:21:00Z,426,UA/ ORD,2018
UA,ORD,dep,1970-01-01T09:31:00Z,206,UA/ ORD,2018
UA,ORD,dep,1970-01-01T09:41:00Z,223,UA/ ORD,2018
UA,ORD,dep,1970-01-01T09:51:00Z,1713,UA/ ORD,2018
UA,ORD,dep,1970-01-01T10:01:00Z,1532,UA/ ORD,2018
UA,ORD,dep,1970-01-01T10:11:00Z,1085,UA/ ORD,2018
UA,ORD,dep,1970-01-01T10:21:00Z,862,UA/ ORD,2018
UA,ORD,dep,1970-01-01T10:31:00Z,502,UA/ ORD,2018
UA,ORD,dep,1970-01-01T10:41:00Z,350,UA/ ORD,2018
UA,ORD,dep,1970-01-01T10:51:00Z,382,UA/ ORD,2018
UA,ORD,dep,1970-01-01T11:01:00Z,173,UA/ ORD,2018
UA,ORD,dep,1970-01-01T11:11:00Z,486,UA/ ORD,2018
UA,ORD,dep,1970-01-01T11:21:00Z,1249,UA/ ORD,2018
UA,ORD,dep,1970-01-01T11:31:00Z,730,UA/ ORD,2018
UA,ORD,dep,1970-01-01T11:41:00Z,596,UA/ ORD,2018
UA,ORD,dep,1970-01-01T11:51:00Z,365,UA/ ORD,2018
UA,ORD,dep,1970-01-01T12:01:00Z,268,UA/ ORD,2018
UA,ORD,dep,1970-01-01T12:11:00Z,371,UA/ ORD,2018
UA,ORD,dep,1970-01-01T12:21:00Z,414,UA/ ORD,2018
UA,ORD,dep,1970-01-01T12:31:00Z,692,UA/ ORD,2018
UA,ORD,dep,1970-01-01T12:41:00Z,1964,UA/ ORD,2018
UA,ORD,dep,1970-01-01T12:51:00Z,1466,UA/ ORD,2018
UA,ORD,dep,1970-01-01T13:01:00Z,656,UA/ ORD,2018
UA,ORD,dep,1970-01-01T13:11:00Z,474,UA/ ORD,2018
UA,ORD,dep,1970-01-01T13:21:00Z,392,UA/ ORD,2018
UA,ORD,dep,1970-01-01T13:31:00Z,275,UA/ ORD,2018
UA,ORD,dep,1970-01-01T13:41:00Z,337,UA/ ORD,2018
UA,ORD,dep,1970-01-01T13:51:00Z,2132,UA/ ORD,2018
UA,ORD,dep,1970-01-01T14:01:00Z,1675,UA/ ORD,2018
UA,ORD,dep,1970-01-01T14:11:00Z,1278,UA/ ORD,2018
UA,ORD,dep,1970-01-01T14:21:00Z,758,UA/ ORD,2018
UA,ORD,dep,1970-01-01T14:31:00Z,486,UA/ ORD,2018
UA,ORD,dep,1970-01-01T14:41:00Z,439,UA/ ORD,2018
UA,ORD,dep,1970-01-01T14:51:00Z,416,UA/ ORD,2018
UA,ORD,dep,1970-01-01T15:01:00Z,316,UA/ ORD,2018
UA,ORD,dep,1970-01-01T15:11:00Z,233,UA/ ORD,2018
UA,ORD,dep,1970-01-01T15:21:00Z,605,UA/ ORD,2018
UA,ORD,dep,1970-01-01T15:31:00Z,1226,UA/ ORD,2018
UA,ORD,dep,1970-01-01T15:41:00Z,1370,UA/ ORD,2018
UA,ORD,dep,1970-01-01T15:51:00Z,1569,UA/ ORD,2018
UA,ORD,dep,1970-01-01T16:01:00Z,913,UA/ ORD,2018
UA,ORD,dep,1970-01-01T16:11:00Z,547,UA/ ORD,2018
UA,ORD,dep,1970-01-01T16:21:00Z,325,UA/ ORD,2018
UA,ORD,dep,1970-01-01T16:31:00Z,266,UA/ ORD,2018
UA,ORD,dep,1970-01-01T16:41:00Z,185,UA/ ORD,2018
UA,ORD,dep,1970-01-01T16:51:00Z,323,UA/ ORD,2018
UA,ORD,dep,1970-01-01T17:01:00Z,151,UA/ ORD,2018
UA,ORD,dep,1970-01-01T17:11:00Z,148,UA/ ORD,2018
UA,ORD,dep,1970-01-01T17:21:00Z,232,UA/ ORD,2018
UA,ORD,dep,1970-01-01T17:31:00Z,283,UA/ ORD,2018
UA,ORD,dep,1970-01-01T17:41:00Z,822,UA/ ORD,2018
UA,ORD,dep,1970-01-01T17:51:00Z,1740,UA/ ORD,2018
UA,ORD,dep,1970-01-01T18:01:00Z,1776,UA/ ORD,2018
UA,ORD,dep,1970-01-01T18:11:00Z,1059,UA/ ORD,2018
UA,ORD,dep,1970-01-01T18:21:00Z,549,UA/ ORD,2018
UA,ORD,dep,1970-01-01T18:31:00Z,307,UA/ ORD,2018
UA,ORD,dep,1970-01-01T18:41:00Z,356,UA/ ORD,2018
UA,ORD,dep,1970-01-01T18:51:00Z,415,UA/ ORD,2018
UA,ORD,dep,1970-01-01T19:01:00Z,393,UA/ ORD,2018
UA,ORD,dep,1970-01-01T19:11:00Z,512,UA/ ORD,2018
UA,ORD,dep,1970-01-01T19:21:00Z,1150,UA/ ORD,2018
UA,ORD,dep,1970-01-01T19:31:00Z,2027,UA/ ORD,2018
UA,ORD,dep,1970-01-01T19:41:00Z,1723,UA/ ORD,2018
UA,ORD,dep,1970-01-01T19:51:00Z,1219,UA/ ORD,2018
UA,ORD,dep,1970-01-01T20:01:00Z,641,UA/ ORD,2018
UA,ORD,dep,1970-01-01T20:11:00Z,485,UA/ ORD,2018
UA,ORD,dep,1970-01-01T20:21:00Z,450,UA/ ORD,2018
UA,ORD,dep,1970-01-01T20:31:00Z,374,UA/ ORD,2018
UA,ORD,dep,1970-01-01T20:41:00Z,300,UA/ ORD,2018
UA,ORD,dep,1970-01-01T20:51:00Z,786,UA/ ORD,2018
UA,ORD,dep,1970-01-01T21:01:00Z,1610,UA/ ORD,2018
UA,ORD,dep,1970-01-01T21:11:00Z,1594,UA/ ORD,2018
UA,ORD,dep,1970-01-01T21:21:00Z,1409,UA/ ORD,2018
UA,ORD,dep,1970-01-01T21:31:00Z,656,UA/ ORD,2018
UA,ORD,dep,1970-01-01T21:41:00Z,419,UA/ ORD,2018
UA,ORD,dep,1970-01-01T21:51:00Z,310,UA/ ORD,2018
UA,ORD,dep,1970-01-01T22:01:00Z,240,UA/ ORD,2018
UA,ORD,dep,1970-01-01T22:11:00Z,190,UA/ ORD,2018
UA,ORD,dep,1970-01-01T22:21:00Z,166,UA/ ORD,2018
UA,ORD,dep,1970-01-01T22:31:00Z,210,UA/ ORD,2018
UA,ORD,dep,1970-01-01T22:41:00Z,177,UA/ ORD,2018
UA,ORD,dep,1970-01-01T22:51:00Z,159,UA/ ORD,2018
UA,ORD,dep,1970-01-01T23:01:00Z,124,UA/ ORD,2018
UA,ORD,dep,1970-01-01T23:11:00Z,95,UA/ ORD,2018
UA,ORD,dep,1970-01-01T23:21:00Z,68,UA/ ORD,2018
UA,ORD,dep,1970-01-01T23:31:00Z,65,UA/ ORD,2018
UA,ORD,dep,1970-01-01T23:41:00Z,63,UA/ ORD,2018
UA,ORD,dep,1970-01-01T23:51:00Z,42,UA/ ORD,2018
AA,ORD,arr,1970-01-01T00:01:00Z,-262,AA/ ORD,2019
AA,ORD,arr,1970-01-01T00:11:00Z,-271,AA/ ORD,2019
AA,ORD,arr,1970-01-01T00:21:00Z,-235,AA/ ORD,2019
AA,ORD,arr,1970-01-01T00:31:00Z,-207,AA/ ORD,2019
AA,ORD,arr,1970-01-01T00:41:00Z,-162,AA/ ORD,2019
AA,ORD,arr,1970-01-01T00:51:00Z,-99,AA/ ORD,2019
AA,ORD,arr,1970-01-01T01:01:00Z,-89,AA/ ORD,2019
AA,ORD,arr,1970-01-01T01:11:00Z,-55,AA/ ORD,2019
AA,ORD,arr,1970-01-01T01:21:00Z,-44,AA/ ORD,2019
AA,ORD,arr,1970-01-01T01:31:00Z,-43,AA/ ORD,2019
AA,ORD,arr,1970-01-01T01:41:00Z,-30,AA/ ORD,2019
AA,ORD,arr,1970-01-01T01:51:00Z,-25,AA/ ORD,2019
AA,ORD,arr,1970-01-01T02:01:00Z,-24,AA/ ORD,2019
AA,ORD,arr,1970-01-01T02:11:00Z,-29,AA/ ORD,2019
AA,ORD,arr,1970-01-01T02:21:00Z,-13,AA/ ORD,2019
AA,ORD,arr,1970-01-01T02:31:00Z,-11,AA/ ORD,2019
AA,ORD,arr,1970-01-01T02:41:00Z,-12,AA/ ORD,2019
AA,ORD,arr,1970-01-01T02:51:00Z,-5,AA/ ORD,2019
AA,ORD,arr,1970-01-01T03:01:00Z,-10,AA/ ORD,2019
AA,ORD,arr,1970-01-01T03:11:00Z,-8,AA/ ORD,2019
AA,ORD,arr,1970-01-01T03:21:00Z,-6,AA/ ORD,2019
AA,ORD,arr,1970-01-01T03:31:00Z,-2,AA/ ORD,2019
AA,ORD,arr,1970-01-01T03:41:00Z,-6,AA/ ORD,2019
AA,ORD,arr,1970-01-01T03:51:00Z,-9,AA/ ORD,2019
AA,ORD,arr,1970-01-01T04:01:00Z,-15,AA/ ORD,2019
AA,ORD,arr,1970-01-01T04:11:00Z,-40,AA/ ORD,2019
AA,ORD,arr,1970-01-01T04:21:00Z,-35,AA/ ORD,2019
AA,ORD,arr,1970-01-01T04:31:00Z,-75,AA/ ORD,2019
AA,ORD,arr,1970-01-01T04:41:00Z,-68,AA/ ORD,2019
AA,ORD,arr,1970-01-01T04:51:00Z,-27,AA/ ORD,2019
AA,ORD,arr,1970-01-01T05:01:00Z,-39,AA/ ORD,2019
AA,ORD,arr,1970-01-01T05:11:00Z,-73,AA/ ORD,2019
AA,ORD,arr,1970-01-01T05:21:00Z,-120,AA/ ORD,2019
AA,ORD,arr,1970-01-01T05:31:00Z,-182,AA/ ORD,2019
AA,ORD,arr,1970-01-01T05:41:00Z,-318,AA/ ORD,2019
AA,ORD,arr,1970-01-01T05:51:00Z,-354,AA/ ORD,2019
AA,ORD,arr,1970-01-01T06:01:00Z,-400,AA/ ORD,2019
AA,ORD,arr,1970-01-01T06:11:00Z,-258,AA/ ORD,2019
AA,ORD,arr,1970-01-01T06:21:00Z,-144,AA/ ORD,2019
AA,ORD,arr,1970-01-01T06:31:00Z,-139,AA/ ORD,2019
AA,ORD,arr,1970-01-01T06:41:00Z,-145,AA/ ORD,2019
AA,ORD,arr,1970-01-01T06:51:00Z,-201,AA/ ORD,2019
AA,ORD,arr,1970-01-01T07:01:00Z,-314,AA/ ORD,2019
AA,ORD,arr,1970-01-01T07:11:00Z,-571,AA/ ORD,2019
AA,ORD,arr,1970-01-01T07:21:00Z,-794,AA/ ORD,2019
AA,ORD,arr,1970-01-01T07:31:00Z,-558,AA/ ORD,2019
AA,ORD,arr,1970-01-01T07:41:00Z,-347,AA/ ORD,2019
AA,ORD,arr,1970-01-01T07:51:00Z,-247,AA/ ORD,2019
AA,ORD,arr,1970-01-01T08:01:00Z,-296,AA/ ORD,2019
AA,ORD,arr,1970-01-01T08:11:00Z,-353,AA/ ORD,2019
AA,ORD,arr,1970-01-01T08:21:00Z,-508,AA/ ORD,2019
AA,ORD,arr,1970-01-01T08:31:00Z,-698,AA/ ORD,2019
AA,ORD,arr,1970-01-01T08:41:00Z,-977,AA/ ORD,2019
AA,ORD,arr,1970-01-01T08:51:00Z,-986,AA/ ORD,2019
AA,ORD,arr,1970-01-01T09:01:00Z,-873,AA/ ORD,2019
AA,ORD,arr,1970-01-01T09:11:00Z,-718,AA/ ORD,2019
AA,ORD,arr,1970-01-01T09:21:00Z,-431,AA/ ORD,2019
AA,ORD,arr,1970-01-01T09:31:00Z,-276,AA/ ORD,2019
AA,ORD,arr,1970-01-01T09:41:00Z,-189,AA/ ORD,2019
AA,ORD,arr,1970-01-01T09:51:00Z,-186,AA/ ORD,2019
AA,ORD,arr,1970-01-01T10:01:00Z,-250,AA/ ORD,2019
AA,ORD,arr,1970-01-01T10:11:00Z,-341,AA/ ORD,2019
AA,ORD,arr,1970-01-01T10:21:00Z,-676,AA/ ORD,2019
AA,ORD,arr,1970-01-01T10:31:00Z,-1255,AA/ ORD,2019
AA,ORD,arr,1970-01-01T10:41:00Z,-1399,AA/ ORD,2019
AA,ORD,arr,1970-01-01T10:51:00Z,-1183,AA/ ORD,2019
AA,ORD,arr,1970-01-01T11:01:00Z,-764,AA/ ORD,2019
AA,ORD,arr,1970-01-01T11:11:00Z,-433,AA/ ORD,2019
AA,ORD,arr,1970-01-01T11:21:00Z,-283,AA/ ORD,2019
AA,ORD,arr,1970-01-01T11:31:00Z,-272,AA/ ORD,2019
AA,ORD,arr,1970-01-01T11:41:00Z,-316,AA/ ORD,2019
AA,ORD,arr,1970-01-01T11:51:00Z,-458,AA/ ORD,2019
AA,ORD,arr,1970-01-01T12:01:00Z,-644,AA/ ORD,2019
AA,ORD,arr,1970-01-01T12:11:00Z,-829,AA/ ORD,2019
AA,ORD,arr,1970-01-01T12:21:00Z,-948,AA/ ORD,2019
AA,ORD,arr,1970-01-01T12:31:00Z,-876,AA/ ORD,2019
AA,ORD,arr,1970-01-01T12:41:00Z,-634,AA/ ORD,2019
AA,ORD,arr,1970-01-01T12:51:00Z,-523,AA/ ORD,2019
AA,ORD,arr,1970-01-01T13:01:00Z,-445,AA/ ORD,2019
AA,ORD,arr,1970-01-01T13:11:00Z,-553,AA/ ORD,2019
AA,ORD,arr,1970-01-01T13:21:00Z,-687,AA/ ORD,2019
AA,ORD,arr,1970-01-01T13:31:00Z,-803,AA/ ORD,2019
AA,ORD,arr,1970-01-01T13:41:00Z,-854,AA/ ORD,2019
AA,ORD,arr,1970-01-01T13:51:00Z,-869,AA/ ORD,2019
AA,ORD,arr,1970-01-01T14:01:00Z,-803,AA/ ORD,2019
AA,ORD,arr,1970-01-01T14:11:00Z,-538,AA/ ORD,2019
AA,ORD,arr,1970-01-01T14:21:00Z,-459,AA/ ORD,2019
AA,ORD,arr,1970-01-01T14:31:00Z,-358,AA/ ORD,2019
AA,ORD,arr,1970-01-01T14:41:00Z,-379,AA/ ORD,2019
AA,ORD,arr,1970-01-01T14:51:00Z,-409,AA/ ORD,2019
AA,ORD,arr,1970-01-01T15:01:00Z,-376,AA/ ORD,2019
AA,ORD,arr,1970-01-01T15:11:00Z,-470,AA/ ORD,2019
AA,ORD,arr,1970-01-01T15:21:00Z,-654,AA/ ORD,2019
AA,ORD,arr,1970-01-01T15:31:00Z,-770,AA/ ORD,2019
AA,ORD,arr,1970-01-01T15:41:00Z,-810,AA/ ORD,2019
AA,ORD,arr,1970-01-01T15:51:00Z,-728,AA/ ORD,2019
AA,ORD,arr,1970-01-01T16:01:00Z,-573,AA/ ORD,2019
AA,ORD,arr,1970-01-01T16:11:00Z,-460,AA/ ORD,2019
AA,ORD,arr,1970-01-01T16:21:00Z,-398,AA/ ORD,2019
AA,ORD,arr,1970-01-01T16:31:00Z,-416,AA/ ORD,2019
AA,ORD,arr,1970-01-01T16:41:00Z,-424,AA/ ORD,2019
AA,ORD,arr,1970-01-01T16:51:00Z,-470,AA/ ORD,2019
AA,ORD,arr,1970-01-01T17:01:00Z,-639,AA/ ORD,2019
AA,ORD,arr,1970-01-01T17:11:00Z,-777,AA/ ORD,2019
AA,ORD,arr,1970-01-01T17:21:00Z,-864,AA/ ORD,2019
AA,ORD,arr,1970-01-01T17:31:00Z,-941,AA/ ORD,2019
AA,ORD,arr,1970-01-01T17:41:00Z,-807,AA/ ORD,2019
AA,ORD,arr,1970-01-01T17:51:00Z,-544,AA/ ORD,2019
AA,ORD,arr,1970-01-01T18:01:00Z,-472,AA/ ORD,2019
AA,ORD,arr,1970-01-01T18:11:00Z,-388,AA/ ORD,2019
AA,ORD,arr,1970-01-01T18:21:00Z,-341,AA/ ORD,2019
AA,ORD,arr,1970-01-01T18:31:00Z,-391,AA/ ORD,2019
AA,ORD,arr,1970-01-01T18:41:00Z,-484,AA/ ORD,2019
AA,ORD,arr,1970-01-01T18:51:00Z,-683,AA/ ORD,2019
AA,ORD,arr,1970-01-01T19:01:00Z,-995,AA/ ORD,2019
AA,ORD,arr,1970-01-01T19:11:00Z,-1150,AA/ ORD,2019
AA,ORD,arr,1970-01-01T19:21:00Z,-1046,AA/ ORD,2019
AA,ORD,arr,1970-01-01T19:31:00Z,-877,AA/ ORD,2019
AA,ORD,arr,1970-01-01T19:41:00Z,-643,AA/ ORD,2019
AA,ORD,arr,1970-01-01T19:51:00Z,-453,AA/ ORD,2019
AA,ORD,arr,1970-01-01T20:01:00Z,-448,AA/ ORD,2019
AA,ORD,arr,1970-01-01T20:11:00Z,-503,AA/ ORD,2019
AA,ORD,arr,1970-01-01T20:21:00Z,-522,AA/ ORD,2019
AA,ORD,arr,1970-01-01T20:31:00Z,-480,AA/ ORD,2019
AA,ORD,arr,1970-01-01T20:41:00Z,-729,AA/ ORD,2019
AA,ORD,arr,1970-01-01T20:51:00Z,-1008,AA/ ORD,2019
AA,ORD,arr,1970-01-01T21:01:00Z,-1271,AA/ ORD,2019
AA,ORD,arr,1970-01-01T21:11:00Z,-1061,AA/ ORD,2019
AA,ORD,arr,1970-01-01T21:21:00Z,-698,AA/ ORD,2019
AA,ORD,arr,1970-01-01T21:31:00Z,-496,AA/ ORD,2019
AA,ORD,arr,1970-01-01T21:41:00Z,-456,AA/ ORD,2019
AA,ORD,arr,1970-01-01T21:51:00Z,-432,AA/ ORD,2019
AA,ORD,arr,1970-01-01T22:01:00Z,-377,AA/ ORD,2019
AA,ORD,arr,1970-01-01T22:11:00Z,-286,AA/ ORD,2019
AA,ORD,arr,1970-01-01T22:21:00Z,-325,AA/ ORD,2019
AA,ORD,arr,1970-01-01T22:31:00Z,-441,AA/ ORD,2019
AA,ORD,arr,1970-01-01T22:41:00Z,-465,AA/ ORD,2019
AA,ORD,arr,1970-01-01T22:51:00Z,-450,AA/ ORD,2019
AA,ORD,arr,1970-01-01T23:01:00Z,-341,AA/ ORD,2019
AA,ORD,arr,1970-01-01T23:11:00Z,-268,AA/ ORD,2019
AA,ORD,arr,1970-01-01T23:21:00Z,-211,AA/ ORD,2019
AA,ORD,arr,1970-01-01T23:31:00Z,-231,AA/ ORD,2019
AA,ORD,arr,1970-01-01T23:41:00Z,-258,AA/ ORD,2019
AA,ORD,arr,1970-01-01T23:51:00Z,-238,AA/ ORD,2019
AA,ORD,dep,1970-01-01T00:01:00Z,20,AA/ ORD,2019
AA,ORD,dep,1970-01-01T00:11:00Z,21,AA/ ORD,2019
AA,ORD,dep,1970-01-01T00:21:00Z,13,AA/ ORD,2019
AA,ORD,dep,1970-01-01T00:31:00Z,10,AA/ ORD,2019
AA,ORD,dep,1970-01-01T00:41:00Z,9,AA/ ORD,2019
AA,ORD,dep,1970-01-01T00:51:00Z,8,AA/ ORD,2019
AA,ORD,dep,1970-01-01T01:01:00Z,5,AA/ ORD,2019
AA,ORD,dep,1970-01-01T01:11:00Z,3,AA/ ORD,2019
AA,ORD,dep,1970-01-01T01:21:00Z,4,AA/ ORD,2019
AA,ORD,dep,1970-01-01T01:31:00Z,1,AA/ ORD,2019
AA,ORD,dep,1970-01-01T01:41:00Z,6,AA/ ORD,2019
AA,ORD,dep,1970-01-01T01:51:00Z,1,AA/ ORD,2019
AA,ORD,dep,1970-01-01T02:01:00Z,1,AA/ ORD,2019
AA,ORD,dep,1970-01-01T03:11:00Z,1,AA/ ORD,2019
AA,ORD,dep,1970-01-01T03:21:00Z,1,AA/ ORD,2019
AA,ORD,dep,1970-01-01T03:31:00Z,1,AA/ ORD,2019
AA,ORD,dep,1970-01-01T03:51:00Z,1,AA/ ORD,2019
AA,ORD,dep,1970-01-01T04:41:00Z,12,AA/ ORD,2019
AA,ORD,dep,1970-01-01T04:51:00Z,380,AA/ ORD,2019
AA,ORD,dep,1970-01-01T05:01:00Z,209,AA/ ORD,2019
AA,ORD,dep,1970-01-01T05:11:00Z,294,AA/ ORD,2019
AA,ORD,dep,1970-01-01T05:21:00Z,221,AA/ ORD,2019
AA,ORD,dep,1970-01-01T05:31:00Z,125,AA/ ORD,2019
AA,ORD,dep,1970-01-01T05:41:00Z,119,AA/ ORD,2019
AA,ORD,dep,1970-01-01T05:51:00Z,475,AA/ ORD,2019
AA,ORD,dep,1970-01-01T06:01:00Z,102,AA/ ORD,2019
AA,ORD,dep,1970-01-01T06:11:00Z,38,AA/ ORD,2019
AA,ORD,dep,1970-01-01T06:21:00Z,571,AA/ ORD,2019
AA,ORD,dep,1970-01-01T06:31:00Z,105,AA/ ORD,2019
AA,ORD,dep,1970-01-01T06:41:00Z,305,AA/ ORD,2019
AA,ORD,dep,1970-01-01T06:51:00Z,1393,AA/ ORD,2019
AA,ORD,dep,1970-01-01T07:01:00Z,1663,AA/ ORD,2019
AA,ORD,dep,1970-01-01T07:11:00Z,964,AA/ ORD,2019
AA,ORD,dep,1970-01-01T07:21:00Z,696,AA/ ORD,2019
AA,ORD,dep,1970-01-01T07:31:00Z,280,AA/ ORD,2019
AA,ORD,dep,1970-01-01T07:41:00Z,214,AA/ ORD,2019
AA,ORD,dep,1970-01-01T07:51:00Z,224,AA/ ORD,2019
AA,ORD,dep,1970-01-01T08:01:00Z,428,AA/ ORD,2019
AA,ORD,dep,1970-01-01T08:11:00Z,864,AA/ ORD,2019
AA,ORD,dep,1970-01-01T08:21:00Z,1141,AA/ ORD,2019
AA,ORD,dep,1970-01-01T08:31:00Z,954,AA/ ORD,2019
AA,ORD,dep,1970-01-01T08:41:00Z,771,AA/ ORD,2019
AA,ORD,dep,1970-01-01T08:51:00Z,698,AA/ ORD,2019
AA,ORD,dep,1970-01-01T09:01:00Z,345,AA/ ORD,2019
AA,ORD,dep,1970-01-01T09:11:00Z,256,AA/ ORD,2019
AA,ORD,dep,1970-01-01T09:21:00Z,365,AA/ ORD,2019
AA,ORD,dep,1970-01-01T09:31:00Z,258,AA/ ORD,2019
AA,ORD,dep,1970-01-01T09:41:00Z,919,AA/ ORD,2019
AA,ORD,dep,1970-01-01T09:51:00Z,1478,AA/ ORD,2019
AA,ORD,dep,1970-01-01T10:01:00Z,1336,AA/ ORD,2019
AA,ORD,dep,1970-01-01T10:11:00Z,1068,AA/ ORD,2019
AA,ORD,dep,1970-01-01T10:21:00Z,860,AA/ ORD,2019
AA,ORD,dep,1970-01-01T10:31:00Z,455,AA/ ORD,2019
AA,ORD,dep,1970-01-01T10:41:00Z,403,AA/ ORD,2019
AA,ORD,dep,1970-01-01T10:51:00Z,259,AA/ ORD,2019
AA,ORD,dep,1970-01-01T11:01:00Z,182,AA/ ORD,2019
AA,ORD,dep,1970-01-01T11:11:00Z,223,AA/ ORD,2019
AA,ORD,dep,1970-01-01T11:21:00Z,248,AA/ ORD,2019
AA,ORD,dep,1970-01-01T11:31:00Z,307,AA/ ORD,2019
AA,ORD,dep,1970-01-01T11:41:00Z,1047,AA/ ORD,2019
AA,ORD,dep,1970-01-01T11:51:00Z,1564,AA/ ORD,2019
AA,ORD,dep,1970-01-01T12:01:00Z,1365,AA/ ORD,2019
AA,ORD,dep,1970-01-01T12:11:00Z,1103,AA/ ORD,2019
AA,ORD,dep,1970-01-01T12:21:00Z,758,AA/ ORD,2019
AA,ORD,dep,1970-01-01T12:31:00Z,463,AA/ ORD,2019
AA,ORD,dep,1970-01-01T12:41:00Z,336,AA/ ORD,2019
AA,ORD,dep,1970-01-01T12:51:00Z,298,AA/ ORD,2019
AA,ORD,dep,1970-01-01T13:01:00Z,359,AA/ ORD,2019
AA,ORD,dep,1970-01-01T13:11:00Z,544,AA/ ORD,2019
AA,ORD,dep,1970-01-01T13:21:00Z,928,AA/ ORD,2019
AA,ORD,dep,1970-01-01T13:31:00Z,904,AA/ ORD,2019
AA,ORD,dep,1970-01-01T13:41:00Z,1097,AA/ ORD,2019
AA,ORD,dep,1970-01-01T13:51:00Z,790,AA/ ORD,2019
AA,ORD,dep,1970-01-01T14:01:00Z,573,AA/ ORD,2019
AA,ORD,dep,1970-01-01T14:11:00Z,409,AA/ ORD,2019
AA,ORD,dep,1970-01-01T14:21:00Z,469,AA/ ORD,2019
AA,ORD,dep,1970-01-01T14:31:00Z,358,AA/ ORD,2019
AA,ORD,dep,1970-01-01T14:41:00Z,475,AA/ ORD,2019
AA,ORD,dep,1970-01-01T14:51:00Z,830,AA/ ORD,2019
AA,ORD,dep,1970-01-01T15:01:00Z,1013,AA/ ORD,2019
AA,ORD,dep,1970-01-01T15:11:00Z,827,AA/ ORD,2019
AA,ORD,dep,1970-01-01T15:21:00Z,599,AA/ ORD,2019
AA,ORD,dep,1970-01-01T15:31:00Z,451,AA/ ORD,2019
AA,ORD,dep,1970-01-01T15:41:00Z,448,AA/ ORD,2019
AA,ORD,dep,1970-01-01T15:51:00Z,307,AA/ ORD,2019
AA,ORD,dep,1970-01-01T16:01:00Z,327,AA/ ORD,2019
AA,ORD,dep,1970-01-01T16:11:00Z,229,AA/ ORD,2019
AA,ORD,dep,1970-01-01T16:21:00Z,306,AA/ ORD,2019
AA,ORD,dep,1970-01-01T16:31:00Z,433,AA/ ORD,2019
AA,ORD,dep,1970-01-01T16:41:00Z,580,AA/ ORD,2019
AA,ORD,dep,1970-01-01T16:51:00Z,928,AA/ ORD,2019
AA,ORD,dep,1970-01-01T17:01:00Z,885,AA/ ORD,2019
AA,ORD,dep,1970-01-01T17:11:00Z,758,AA/ ORD,2019
AA,ORD,dep,1970-01-01T17:21:00Z,647,AA/ ORD,2019
AA,ORD,dep,1970-01-01T17:31:00Z,468,AA/ ORD,2019
AA,ORD,dep,1970-01-01T17:41:00Z,412,AA/ ORD,2019
AA,ORD,dep,1970-01-01T17:51:00Z,400,AA/ ORD,2019
AA,ORD,dep,1970-01-01T18:01:00Z,331,AA/ ORD,2019
AA,ORD,dep,1970-01-01T18:11:00Z,506,AA/ ORD,2019
AA,ORD,dep,1970-01-01T18:21:00Z,859,AA/ ORD,2019
AA,ORD,dep,1970-01-01T18:31:00Z,1005,AA/ ORD,2019
AA,ORD,dep,1970-01-01T18:41:00Z,1013,AA/ ORD,2019
AA,ORD,dep,1970-01-01T18:51:00Z,918,AA/ ORD,2019
AA,ORD,dep,1970-01-01T19:01:00Z,598,AA/ ORD,2019
AA,ORD,dep,1970-01-01T19:11:00Z,507,AA/ ORD,2019
AA,ORD,dep,1970-01-01T19:21:00Z,459,AA/ ORD,2019
AA,ORD,dep,1970-01-01T19:31:00Z,327,AA/ ORD,2019
AA,ORD,dep,1970-01-01T19:41:00Z,305,AA/ ORD,2019
AA,ORD,dep,1970-01-01T19:51:00Z,327,AA/ ORD,2019
AA,ORD,dep,1970-01-01T20:01:00Z,370,AA/ ORD,2019
AA,ORD,dep,1970-01-01T20:11:00Z,905,AA/ ORD,2019
AA,ORD,dep,1970-01-01T20:21:00Z,1236,AA/ ORD,2019
AA,ORD,dep,1970-01-01T20:31:00Z,1287,AA/ ORD,2019
AA,ORD,dep,1970-01-01T20:41:00Z,962,AA/ ORD,2019
AA,ORD,dep,1970-01-01T20:51:00Z,564,AA/ ORD,2019
AA,ORD,dep,1970-01-01T21:01:00Z,426,AA/ ORD,2019
AA,ORD,dep,1970-01-01T21:11:00Z,345,AA/ ORD,2019
AA,ORD,dep,1970-01-01T21:21:00Z,277,AA/ ORD,2019
AA,ORD,dep,1970-01-01T21:31:00Z,204,AA/ ORD,2019
AA,ORD,dep,1970-01-01T21:41:00Z,202,AA/ ORD,2019
AA,ORD,dep,1970-01-01T21:51:00Z,455,AA/ ORD,2019
AA,ORD,dep,1970-01-01T22:01:00Z,647,AA/ ORD,2019
AA,ORD,dep,1970-01-01T22:11:00Z,697,AA/ ORD,2019
AA,ORD,dep,1970-01-01T22:21:00Z,359,AA/ ORD,2019
AA,ORD,dep,1970-01-01T22:31:00Z,195,AA/ ORD,2019
AA,ORD,dep,1970-01-01T22:41:00Z,151,AA/ ORD,2019
AA,ORD,dep,1970-01-01T22:51:00Z,132,AA/ ORD,2019
AA,ORD,dep,1970-01-01T23:01:00Z,95,AA/ ORD,2019
AA,ORD,dep,1970-01-01T23:11:00Z,62,AA/ ORD,2019
AA,ORD,dep,1970-01-01T23:21:00Z,62,AA/ ORD,2019
AA,ORD,dep,1970-01-01T23:31:00Z,44,AA/ ORD,2019
AA,ORD,dep,1970-01-01T23:41:00Z,44,AA/ ORD,2019
AA,ORD,dep,1970-01-01T23:51:00Z,36,AA/ ORD,2019
UA,ORD,arr,1970-01-01T00:01:00Z,-327,UA/ ORD,2019
UA,ORD,arr,1970-01-01T00:11:00Z,-221,UA/ ORD,2019
UA,ORD,arr,1970-01-01T00:21:00Z,-158,UA/ ORD,2019
UA,ORD,arr,1970-01-01T00:31:00Z,-117,UA/ ORD,2019
UA,ORD,arr,1970-01-01T00:41:00Z,-80,UA/ ORD,2019
UA,ORD,arr,1970-01-01T00:51:00Z,-70,UA/ ORD,2019
UA,ORD,arr,1970-01-01T01:01:00Z,-84,UA/ ORD,2019
UA,ORD,arr,1970-01-01T01:11:00Z,-102,UA/ ORD,2019
UA,ORD,arr,1970-01-01T01:21:00Z,-117,UA/ ORD,2019
UA,ORD,arr,1970-01-01T01:31:00Z,-78,UA/ ORD,2019
UA,ORD,arr,1970-01-01T01:41:00Z,-62,UA/ ORD,2019
UA,ORD,arr,1970-01-01T01:51:00Z,-40,UA/ ORD,2019
UA,ORD,arr,1970-01-01T02:01:00Z,-34,UA/ ORD,2019
UA,ORD,arr,1970-01-01T02:11:00Z,-35,UA/ ORD,2019
UA,ORD,arr,1970-01-01T02:21:00Z,-29,UA/ ORD,2019
UA,ORD,arr,1970-01-01T02:31:00Z,-17,UA/ ORD,2019
UA,ORD,arr,1970-01-01T02:41:00Z,-20,UA/ ORD,2019
UA,ORD,arr,1970-01-01T02:51:00Z,-13,UA/ ORD,2019
UA,ORD,arr,1970-01-01T03:01:00Z,-14,UA/ ORD,2019
UA,ORD,arr,1970-01-01T03:11:00Z,-13,UA/ ORD,2019
UA,ORD,arr,1970-01-01T03:21:00Z,-11,UA/ ORD,2019
UA,ORD,arr,1970-01-01T03:31:00Z,-13,UA/ ORD,2019
UA,ORD,arr,1970-01-01T03:41:00Z,-22,UA/ ORD,2019
UA,ORD,arr,1970-01-01T03:51:00Z,-70,UA/ ORD,2019
UA,ORD,arr,1970-01-01T04:01:00Z,-110,UA/ ORD,2019
UA,ORD,arr,1970-01-01T04:11:00Z,-144,UA/ ORD,2019
UA,ORD,arr,1970-01-01T04:21:00Z,-197,UA/ ORD,2019
UA,ORD,arr,1970-01-01T04:31:00Z,-428,UA/ ORD,2019
UA,ORD,arr,1970-01-01T04:41:00Z,-691,UA/ ORD,2019
UA,ORD,arr,1970-01-01T04:51:00Z,-778,UA/ ORD,2019
UA,ORD,arr,1970-01-01T05:01:00Z,-659,UA/ ORD,2019
UA,ORD,arr,1970-01-01T05:11:00Z,-469,UA/ ORD,2019
UA,ORD,arr,1970-01-01T05:21:00Z,-282,UA/ ORD,2019
UA,ORD,arr,1970-01-01T05:31:00Z,-231,UA/ ORD,2019
UA,ORD,arr,1970-01-01T05:41:00Z,-182,UA/ ORD,2019
UA,ORD,arr,1970-01-01T05:51:00Z,-167,UA/ ORD,2019
UA,ORD,arr,1970-01-01T06:01:00Z,-219,UA/ ORD,2019
UA,ORD,arr,1970-01-01T06:11:00Z,-441,UA/ ORD,2019
UA,ORD,arr,1970-01-01T06:21:00Z,-696,UA/ ORD,2019
UA,ORD,arr,1970-01-01T06:31:00Z,-808,UA/ ORD,2019
UA,ORD,arr,1970-01-01T06:41:00Z,-852,UA/ ORD,2019
UA,ORD,arr,1970-01-01T06:51:00Z,-544,UA/ ORD,2019
UA,ORD,arr,1970-01-01T07:01:00Z,-332,UA/ ORD,2019
UA,ORD,arr,1970-01-01T07:11:00Z,-296,UA/ ORD,2019
UA,ORD,arr,1970-01-01T07:21:00Z,-270,UA/ ORD,2019
UA,ORD,arr,1970-01-01T07:31:00Z,-344,UA/ ORD,2019
UA,ORD,arr,1970-01-01T07:41:00Z,-674,UA/ ORD,2019
UA,ORD,arr,1970-01-01T07:51:00Z,-1215,UA/ ORD,2019
UA,ORD,arr,1970-01-01T08:01:00Z,-932,UA/ ORD,2019
UA,ORD,arr,1970-01-01T08:11:00Z,-699,UA/ ORD,2019
UA,ORD,arr,1970-01-01T08:21:00Z,-717,UA/ ORD,2019
UA,ORD,arr,1970-01-01T08:31:00Z,-930,UA/ ORD,2019
UA,ORD,arr,1970-01-01T08:41:00Z,-1078,UA/ ORD,2019
UA,ORD,arr,1970-01-01T08:51:00Z,-1089,UA/ ORD,2019
UA,ORD,arr,1970-01-01T09:01:00Z,-1183,UA/ ORD,2019
UA,ORD,arr,1970-01-01T09:11:00Z,-872,UA/ ORD,2019
UA,ORD,arr,1970-01-01T09:21:00Z,-590,UA/ ORD,2019
UA,ORD,arr,1970-01-01T09:31:00Z,-444,UA/ ORD,2019
UA,ORD,arr,1970-01-01T09:41:00Z,-512,UA/ ORD,2019
UA,ORD,arr,1970-01-01T09:51:00Z,-639,UA/ ORD,2019
UA,ORD,arr,1970-01-01T10:01:00Z,-741,UA/ ORD,2019
UA,ORD,arr,1970-01-01T10:11:00Z,-735,UA/ ORD,2019
UA,ORD,arr,1970-01-01T10:21:00Z,-635,UA/ ORD,2019
UA,ORD,arr,1970-01-01T10:31:00Z,-516,UA/ ORD,2019
UA,ORD,arr,1970-01-01T10:41:00Z,-442,UA/ ORD,2019
UA,ORD,arr,1970-01-01T10:51:00Z,-352,UA/ ORD,2019
UA,ORD,arr,1970-01-01T11:01:00Z,-508,UA/ ORD,2019
UA,ORD,arr,1970-01-01T11:11:00Z,-787,UA/ ORD,2019
UA,ORD,arr,1970-01-01T11:21:00Z,-1030,UA/ ORD,2019
UA,ORD,arr,1970-01-01T11:31:00Z,-1197,UA/ ORD,2019
UA,ORD,arr,1970-01-01T11:41:00Z,-1031,UA/ ORD,2019
UA,ORD,arr,1970-01-01T11:51:00Z,-769,UA/ ORD,2019
UA,ORD,arr,1970-01-01T12:01:00Z,-529,UA/ ORD,2019
UA,ORD,arr,1970-01-01T12:11:00Z,-470,UA/ ORD,2019
UA,ORD,arr,1970-01-01T12:21:00Z,-603,UA/ ORD,2019
UA,ORD,arr,1970-01-01T12:31:00Z,-915,UA/ ORD,2019
UA,ORD,arr,1970-01-01T12:41:00Z,-1009,UA/ ORD,2019
UA,ORD,arr,1970-01-01T12:51:00Z,-1093,UA/ ORD,2019
UA,ORD,arr,1970-01-01T13:01:00Z,-986,UA/ ORD,2019
UA,ORD,arr,1970-01-01T13:11:00Z,-757,UA/ ORD,2019
UA,ORD,arr,1970-01-01T13:21:00Z,-396,UA/ ORD,2019
UA,ORD,arr,1970-01-01T13:31:00Z,-330,UA/ ORD,2019
UA,ORD,arr,1970-01-01T13:41:00Z,-334,UA/ ORD,2019
UA,ORD,arr,1970-01-01T13:51:00Z,-348,UA/ ORD,2019
UA,ORD,arr,1970-01-01T14:01:00Z,-438,UA/ ORD,2019
UA,ORD,arr,1970-01-01T14:11:00Z,-801,UA/ ORD,2019
UA,ORD,arr,1970-01-01T14:21:00Z,-1187,UA/ ORD,2019
UA,ORD,arr,1970-01-01T14:31:00Z,-1406,UA/ ORD,2019
UA,ORD,arr,1970-01-01T14:41:00Z,-1270,UA/ ORD,2019
UA,ORD,arr,1970-01-01T14:51:00Z,-744,UA/ ORD,2019
UA,ORD,arr,1970-01-01T15:01:00Z,-367,UA/ ORD,2019
UA,ORD,arr,1970-01-01T15:11:00Z,-231,UA/ ORD,2019
UA,ORD,arr,1970-01-01T15:21:00Z,-189,UA/ ORD,2019
UA,ORD,arr,1970-01-01T15:31:00Z,-169,UA/ ORD,2019
UA,ORD,arr,1970-01-01T15:41:00Z,-162,UA/ ORD,2019
UA,ORD,arr,1970-01-01T15:51:00Z,-190,UA/ ORD,2019
UA,ORD,arr,1970-01-01T16:01:00Z,-279,UA/ ORD,2019
UA,ORD,arr,1970-01-01T16:11:00Z,-489,UA/ ORD,2019
UA,ORD,arr,1970-01-01T16:21:00Z,-811,UA/ ORD,2019
UA,ORD,arr,1970-01-01T16:31:00Z,-1148,UA/ ORD,2019
UA,ORD,arr,1970-01-01T16:41:00Z,-1481,UA/ ORD,2019
UA,ORD,arr,1970-01-01T16:51:00Z,-1358,UA/ ORD,2019
UA,ORD,arr,1970-01-01T17:01:00Z,-918,UA/ ORD,2019
UA,ORD,arr,1970-01-01T17:11:00Z,-508,UA/ ORD,2019
UA,ORD,arr,1970-01-01T17:21:00Z,-352,UA/ ORD,2019
UA,ORD,arr,1970-01-01T17:31:00Z,-361,UA/ ORD,2019
UA,ORD,arr,1970-01-01T17:41:00Z,-361,UA/ ORD,2019
UA,ORD,arr,1970-01-01T17:51:00Z,-501,UA/ ORD,2019
UA,ORD,arr,1970-01-01T18:01:00Z,-773,UA/ ORD,2019
UA,ORD,arr,1970-01-01T18:11:00Z,-1079,UA/ ORD,2019
UA,ORD,arr,1970-01-01T18:21:00Z,-1271,UA/ ORD,2019
UA,ORD,arr,1970-01-01T18:31:00Z,-1315,UA/ ORD,2019
UA,ORD,arr,1970-01-01T18:41:00Z,-1048,UA/ ORD,2019
UA,ORD,arr,1970-01-01T18:51:00Z,-749,UA/ ORD,2019
UA,ORD,arr,1970-01-01T19:01:00Z,-572,UA/ ORD,2019
UA,ORD,arr,1970-01-01T19:11:00Z,-455,UA/ ORD,2019
UA,ORD,arr,1970-01-01T19:21:00Z,-457,UA/ ORD,2019
UA,ORD,arr,1970-01-01T19:31:00Z,-702,UA/ ORD,2019
UA,ORD,arr,1970-01-01T19:41:00Z,-929,UA/ ORD,2019
UA,ORD,arr,1970-01-01T19:51:00Z,-1224,UA/ ORD,2019
UA,ORD,arr,1970-01-01T20:01:00Z,-1611,UA/ ORD,2019
UA,ORD,arr,1970-01-01T20:11:00Z,-1421,UA/ ORD,2019
UA,ORD,arr,1970-01-01T20:21:00Z,-863,UA/ ORD,2019
UA,ORD,arr,1970-01-01T20:31:00Z,-583,UA/ ORD,2019
UA,ORD,arr,1970-01-01T20:41:00Z,-447,UA/ ORD,2019
UA,ORD,arr,1970-01-01T20:51:00Z,-406,UA/ ORD,2019
UA,ORD,arr,1970-01-01T21:01:00Z,-417,UA/ ORD,2019
UA,ORD,arr,1970-01-01T21:11:00Z,-440,UA/ ORD,2019
UA,ORD,arr,1970-01-01T21:21:00Z,-479,UA/ ORD,2019
UA,ORD,arr,1970-01-01T21:31:00Z,-465,UA/ ORD,2019
UA,ORD,arr,1970-01-01T21:41:00Z,-407,UA/ ORD,2019
UA,ORD,arr,1970-01-01T21:51:00Z,-375,UA/ ORD,2019
UA,ORD,arr,1970-01-01T22:01:00Z,-382,UA/ ORD,2019
UA,ORD,arr,1970-01-01T22:11:00Z,-397,UA/ ORD,2019
UA,ORD,arr,1970-01-01T22:21:00Z,-371,UA/ ORD,2019
UA,ORD,arr,1970-01-01T22:31:00Z,-392,UA/ ORD,2019
UA,ORD,arr,1970-01-01T22:41:00Z,-393,UA/ ORD,2019
UA,ORD,arr,1970-01-01T22:51:00Z,-307,UA/ ORD,2019
UA,ORD,arr,1970-01-01T23:01:00Z,-237,UA/ ORD,2019
UA,ORD,arr,1970-01-01T23:11:00Z,-167,UA/ ORD,2019
UA,ORD,arr,1970-01-01T23:21:00Z,-176,UA/ ORD,2019
UA,ORD,arr,1970-01-01T23:31:00Z,-233,UA/ ORD,2019
UA,ORD,arr,1970-01-01T23:41:00Z,-280,UA/ ORD,2019
UA,ORD,arr,1970-01-01T23:51:00Z,-228,UA/ ORD,2019
UA,ORD,dep,1970-01-01T00:01:00Z,40,UA/ ORD,2019
UA,ORD,dep,1970-01-01T00:11:00Z,25,UA/ ORD,2019
UA,ORD,dep,1970-01-01T00:21:00Z,18,UA/ ORD,2019
UA,ORD,dep,1970-01-01T00:31:00Z,25,UA/ ORD,2019
UA,ORD,dep,1970-01-01T00:41:00Z,25,UA/ ORD,2019
UA,ORD,dep,1970-01-01T00:51:00Z,17,UA/ ORD,2019
UA,ORD,dep,1970-01-01T01:01:00Z,12,UA/ ORD,2019
UA,ORD,dep,1970-01-01T01:11:00Z,11,UA/ ORD,2019
UA,ORD,dep,1970-01-01T01:21:00Z,5,UA/ ORD,2019
UA,ORD,dep,1970-01-01T01:31:00Z,16,UA/ ORD,2019
UA,ORD,dep,1970-01-01T01:41:00Z,8,UA/ ORD,2019
UA,ORD,dep,1970-01-01T01:51:00Z,3,UA/ ORD,2019
UA,ORD,dep,1970-01-01T02:01:00Z,8,UA/ ORD,2019
UA,ORD,dep,1970-01-01T02:11:00Z,3,UA/ ORD,2019
UA,ORD,dep,1970-01-01T02:21:00Z,5,UA/ ORD,2019
UA,ORD,dep,1970-01-01T02:31:00Z,3,UA/ ORD,2019
UA,ORD,dep,1970-01-01T02:41:00Z,3,UA/ ORD,2019
UA,ORD,dep,1970-01-01T02:51:00Z,2,UA/ ORD,2019
UA,ORD,dep,1970-01-01T03:01:00Z,2,UA/ ORD,2019
UA,ORD,dep,1970-01-01T03:41:00Z,1,UA/ ORD,2019
UA,ORD,dep,1970-01-01T04:01:00Z,1,UA/ ORD,2019
UA,ORD,dep,1970-01-01T05:01:00Z,1,UA/ ORD,2019
UA,ORD,dep,1970-01-01T05:11:00Z,14,UA/ ORD,2019
UA,ORD,dep,1970-01-01T05:21:00Z,95,UA/ ORD,2019
UA,ORD,dep,1970-01-01T05:31:00Z,13,UA/ ORD,2019
UA,ORD,dep,1970-01-01T05:41:00Z,56,UA/ ORD,2019
UA,ORD,dep,1970-01-01T05:51:00Z,1849,UA/ ORD,2019
UA,ORD,dep,1970-01-01T06:01:00Z,642,UA/ ORD,2019
UA,ORD,dep,1970-01-01T06:11:00Z,388,UA/ ORD,2019
UA,ORD,dep,1970-01-01T06:21:00Z,843,UA/ ORD,2019
UA,ORD,dep,1970-01-01T06:31:00Z,465,UA/ ORD,2019
UA,ORD,dep,1970-01-01T06:41:00Z,280,UA/ ORD,2019
UA,ORD,dep,1970-01-01T06:51:00Z,557,UA/ ORD,2019
UA,ORD,dep,1970-01-01T07:01:00Z,127,UA/ ORD,2019
UA,ORD,dep,1970-01-01T07:11:00Z,105,UA/ ORD,2019
UA,ORD,dep,1970-01-01T07:21:00Z,242,UA/ ORD,2019
UA,ORD,dep,1970-01-01T07:31:00Z,975,UA/ ORD,2019
UA,ORD,dep,1970-01-01T07:41:00Z,2736,UA/ ORD,2019
UA,ORD,dep,1970-01-01T07:51:00Z,2520,UA/ ORD,2019
UA,ORD,dep,1970-01-01T08:01:00Z,1311,UA/ ORD,2019
UA,ORD,dep,1970-01-01T08:11:00Z,707,UA/ ORD,2019
UA,ORD,dep,1970-01-01T08:21:00Z,547,UA/ ORD,2019
UA,ORD,dep,1970-01-01T08:31:00Z,261,UA/ ORD,2019
UA,ORD,dep,1970-01-01T08:41:00Z,422,UA/ ORD,2019
UA,ORD,dep,1970-01-01T08:51:00Z,1127,UA/ ORD,2019
UA,ORD,dep,1970-01-01T09:01:00Z,767,UA/ ORD,2019
UA,ORD,dep,1970-01-01T09:11:00Z,516,UA/ ORD,2019
UA,ORD,dep,1970-01-01T09:21:00Z,692,UA/ ORD,2019
UA,ORD,dep,1970-01-01T09:31:00Z,434,UA/ ORD,2019
UA,ORD,dep,1970-01-01T09:41:00Z,249,UA/ ORD,2019
UA,ORD,dep,1970-01-01T09:51:00Z,1436,UA/ ORD,2019
UA,ORD,dep,1970-01-01T10:01:00Z,1797,UA/ ORD,2019
UA,ORD,dep,1970-01-01T10:11:00Z,1644,UA/ ORD,2019
UA,ORD,dep,1970-01-01T10:21:00Z,995,UA/ ORD,2019
UA,ORD,dep,1970-01-01T10:31:00Z,444,UA/ ORD,2019
UA,ORD,dep,1970-01-01T10:41:00Z,328,UA/ ORD,2019
UA,ORD,dep,1970-01-01T10:51:00Z,330,UA/ ORD,2019
UA,ORD,dep,1970-01-01T11:01:00Z,193,UA/ ORD,2019
UA,ORD,dep,1970-01-01T11:11:00Z,559,UA/ ORD,2019
UA,ORD,dep,1970-01-01T11:21:00Z,1259,UA/ ORD,2019
UA,ORD,dep,1970-01-01T11:31:00Z,758,UA/ ORD,2019
UA,ORD,dep,1970-01-01T11:41:00Z,529,UA/ ORD,2019
UA,ORD,dep,1970-01-01T11:51:00Z,602,UA/ ORD,2019
UA,ORD,dep,1970-01-01T12:01:00Z,321,UA/ ORD,2019
UA,ORD,dep,1970-01-01T12:11:00Z,242,UA/ ORD,2019
UA,ORD,dep,1970-01-01T12:21:00Z,278,UA/ ORD,2019
UA,ORD,dep,1970-01-01T12:31:00Z,529,UA/ ORD,2019
UA,ORD,dep,1970-01-01T12:41:00Z,1927,UA/ ORD,2019
UA,ORD,dep,1970-01-01T12:51:00Z,1553,UA/ ORD,2019
UA,ORD,dep,1970-01-01T13:01:00Z,823,UA/ ORD,2019
UA,ORD,dep,1970-01-01T13:11:00Z,396,UA/ ORD,2019
UA,ORD,dep,1970-01-01T13:21:00Z,410,UA/ ORD,2019
UA,ORD,dep,1970-01-01T13:31:00Z,216,UA/ ORD,2019
UA,ORD,dep,1970-01-01T13:41:00Z,222,UA/ ORD,2019
UA,ORD,dep,1970-01-01T13:51:00Z,1453,UA/ ORD,2019
UA,ORD,dep,1970-01-01T14:01:00Z,1402,UA/ ORD,2019
UA,ORD,dep,1970-01-01T14:11:00Z,1198,UA/ ORD,2019
UA,ORD,dep,1970-01-01T14:21:00Z,1083,UA/ ORD,2019
UA,ORD,dep,1970-01-01T14:31:00Z,791,UA/ ORD,2019
UA,ORD,dep,1970-01-01T14:41:00Z,430,UA/ ORD,2019
UA,ORD,dep,1970-01-01T14:51:00Z,465,UA/ ORD,2019
UA,ORD,dep,1970-01-01T15:01:00Z,280,UA/ ORD,2019
UA,ORD,dep,1970-01-01T15:11:00Z,236,UA/ ORD,2019
UA,ORD,dep,1970-01-01T15:21:00Z,299,UA/ ORD,2019
UA,ORD,dep,1970-01-01T15:31:00Z,925,UA/ ORD,2019
UA,ORD,dep,1970-01-01T15:41:00Z,1268,UA/ ORD,2019
UA,ORD,dep,1970-01-01T15:51:00Z,1647,UA/ ORD,2019
UA,ORD,dep,1970-01-01T16:01:00Z,1218,UA/ ORD,2019
UA,ORD,dep,1970-01-01T16:11:00Z,565,UA/ ORD,2019
UA,ORD,dep,1970-01-01T16:21:00Z,342,UA/ ORD,2019
UA,ORD,dep,1970-01-01T16:31:00Z,238,UA/ ORD,2019
UA,ORD,dep,1970-01-01T16:41:00Z,164,UA/ ORD,2019
UA,ORD,dep,1970-01-01T16:51:00Z,255,UA/ ORD,2019
UA,ORD,dep,1970-01-01T17:01:00Z,152,UA/ ORD,2019
UA,ORD,dep,1970-01-01T17:11:00Z,153,UA/ ORD,2019
UA,ORD,dep,1970-01-01T17:21:00Z,141,UA/ ORD,2019
UA,ORD,dep,1970-01-01T17:31:00Z,124,UA/ ORD,2019
UA,ORD,dep,1970-01-01T17:41:00Z,668,UA/ ORD,2019
UA,ORD,dep,1970-01-01T17:51:00Z,2072,UA/ ORD,2019
UA,ORD,dep,1970-01-01T18:01:00Z,1831,UA/ ORD,2019
UA,ORD,dep,1970-01-01T18:11:00Z,1160,UA/ ORD,2019
UA,ORD,dep,1970-01-01T18:21:00Z,944,UA/ ORD,2019
UA,ORD,dep,1970-01-01T18:31:00Z,430,UA/ ORD,2019
UA,ORD,dep,1970-01-01T18:41:00Z,361,UA/ ORD,2019
UA,ORD,dep,1970-01-01T18:51:00Z,446,UA/ ORD,2019
UA,ORD,dep,1970-01-01T19:01:00Z,268,UA/ ORD,2019
UA,ORD,dep,1970-01-01T19:11:00Z,242,UA/ ORD,2019
UA,ORD,dep,1970-01-01T19:21:00Z,969,UA/ ORD,2019
UA,ORD,dep,1970-01-01T19:31:00Z,1400,UA/ ORD,2019
UA,ORD,dep,1970-01-01T19:41:00Z,2330,UA/ ORD,2019
UA,ORD,dep,1970-01-01T19:51:00Z,1332,UA/ ORD,2019
UA,ORD,dep,1970-01-01T20:01:00Z,693,UA/ ORD,2019
UA,ORD,dep,1970-01-01T20:11:00Z,545,UA/ ORD,2019
UA,ORD,dep,1970-01-01T20:21:00Z,414,UA/ ORD,2019
UA,ORD,dep,1970-01-01T20:31:00Z,284,UA/ ORD,2019
UA,ORD,dep,1970-01-01T20:41:00Z,347,UA/ ORD,2019
UA,ORD,dep,1970-01-01T20:51:00Z,509,UA/ ORD,2019
UA,ORD,dep,1970-01-01T21:01:00Z,1160,UA/ ORD,2019
UA,ORD,dep,1970-01-01T21:11:00Z,1598,UA/ ORD,2019
UA,ORD,dep,1970-01-01T21:21:00Z,1696,UA/ ORD,2019
UA,ORD,dep,1970-01-01T21:31:00Z,813,UA/ ORD,2019
UA,ORD,dep,1970-01-01T21:41:00Z,568,UA/ ORD,2019
UA,ORD,dep,1970-01-01T21:51:00Z,357,UA/ ORD,2019
UA,ORD,dep,1970-01-01T22:01:00Z,265,UA/ ORD,2019
UA,ORD,dep,1970-01-01T22:11:00Z,217,UA/ ORD,2019
UA,ORD,dep,1970-01-01T22:21:00Z,244,UA/ ORD,2019
UA,ORD,dep,1970-01-01T22:31:00Z,205,UA/ ORD,2019
UA,ORD,dep,1970-01-01T22:41:00Z,141,UA/ ORD,2019
UA,ORD,dep,1970-01-01T22:51:00Z,117,UA/ ORD,2019
UA,ORD,dep,1970-01-01T23:01:00Z,97,UA/ ORD,2019
UA,ORD,dep,1970-01-01T23:11:00Z,92,UA/ ORD,2019
UA,ORD,dep,1970-01-01T23:21:00Z,75,UA/ ORD,2019
UA,ORD,dep,1970-01-01T23:31:00Z,59,UA/ ORD,2019
UA,ORD,dep,1970-01-01T23:41:00Z,43,UA/ ORD,2019
UA,ORD,dep,1970-01-01T23:51:00Z,45,UA/ ORD,2019
AA,ORD,arr,1970-01-01T00:01:00Z,-75,AA/ ORD,2020
AA,ORD,arr,1970-01-01T00:11:00Z,-76,AA/ ORD,2020
AA,ORD,arr,1970-01-01T00:21:00Z,-59,AA/ ORD,2020
AA,ORD,arr,1970-01-01T00:31:00Z,-40,AA/ ORD,2020
AA,ORD,arr,1970-01-01T00:41:00Z,-25,AA/ ORD,2020
AA,ORD,arr,1970-01-01T00:51:00Z,-10,AA/ ORD,2020
AA,ORD,arr,1970-01-01T01:01:00Z,-12,AA/ ORD,2020
AA,ORD,arr,1970-01-01T01:11:00Z,-7,AA/ ORD,2020
AA,ORD,arr,1970-01-01T01:21:00Z,-7,AA/ ORD,2020
AA,ORD,arr,1970-01-01T01:31:00Z,-2,AA/ ORD,2020
AA,ORD,arr,1970-01-01T01:41:00Z,-7,AA/ ORD,2020
AA,ORD,arr,1970-01-01T01:51:00Z,-2,AA/ ORD,2020
AA,ORD,arr,1970-01-01T02:01:00Z,-1,AA/ ORD,2020
AA,ORD,arr,1970-01-01T02:11:00Z,-1,AA/ ORD,2020
AA,ORD,arr,1970-01-01T02:21:00Z,-2,AA/ ORD,2020
AA,ORD,arr,1970-01-01T02:31:00Z,-1,AA/ ORD,2020
AA,ORD,arr,1970-01-01T03:01:00Z,-1,AA/ ORD,2020
AA,ORD,arr,1970-01-01T03:11:00Z,-1,AA/ ORD,2020
AA,ORD,arr,1970-01-01T03:51:00Z,-3,AA/ ORD,2020
AA,ORD,arr,1970-01-01T04:01:00Z,-10,AA/ ORD,2020
AA,ORD,arr,1970-01-01T04:11:00Z,-6,AA/ ORD,2020
AA,ORD,arr,1970-01-01T04:21:00Z,-10,AA/ ORD,2020
AA,ORD,arr,1970-01-01T04:31:00Z,-7,AA/ ORD,2020
AA,ORD,arr,1970-01-01T04:41:00Z,-9,AA/ ORD,2020
AA,ORD,arr,1970-01-01T04:51:00Z,-10,AA/ ORD,2020
AA,ORD,arr,1970-01-01T05:01:00Z,-16,AA/ ORD,2020
AA,ORD,arr,1970-01-01T05:11:00Z,-39,AA/ ORD,2020
AA,ORD,arr,1970-01-01T05:21:00Z,-49,AA/ ORD,2020
AA,ORD,arr,1970-01-01T05:31:00Z,-85,AA/ ORD,2020
AA,ORD,arr,1970-01-01T05:41:00Z,-98,AA/ ORD,2020
AA,ORD,arr,1970-01-01T05:51:00Z,-83,AA/ ORD,2020
AA,ORD,arr,1970-01-01T06:01:00Z,-66,AA/ ORD,2020
AA,ORD,arr,1970-01-01T06:11:00Z,-39,AA/ ORD,2020
AA,ORD,arr,1970-01-01T06:21:00Z,-27,AA/ ORD,2020
AA,ORD,arr,1970-01-01T06:31:00Z,-34,AA/ ORD,2020
AA,ORD,arr,1970-01-01T06:41:00Z,-87,AA/ ORD,2020
AA,ORD,arr,1970-01-01T06:51:00Z,-147,AA/ ORD,2020
AA,ORD,arr,1970-01-01T07:01:00Z,-373,AA/ ORD,2020
AA,ORD,arr,1970-01-01T07:11:00Z,-510,AA/ ORD,2020
AA,ORD,arr,1970-01-01T07:21:00Z,-380,AA/ ORD,2020
AA,ORD,arr,1970-01-01T07:31:00Z,-180,AA/ ORD,2020
AA,ORD,arr,1970-01-01T07:41:00Z,-86,AA/ ORD,2020
AA,ORD,arr,1970-01-01T07:51:00Z,-70,AA/ ORD,2020
AA,ORD,arr,1970-01-01T08:01:00Z,-120,AA/ ORD,2020
AA,ORD,arr,1970-01-01T08:11:00Z,-184,AA/ ORD,2020
AA,ORD,arr,1970-01-01T08:21:00Z,-300,AA/ ORD,2020
AA,ORD,arr,1970-01-01T08:31:00Z,-444,AA/ ORD,2020
AA,ORD,arr,1970-01-01T08:41:00Z,-454,AA/ ORD,2020
AA,ORD,arr,1970-01-01T08:51:00Z,-486,AA/ ORD,2020
AA,ORD,arr,1970-01-01T09:01:00Z,-350,AA/ ORD,2020
AA,ORD,arr,1970-01-01T09:11:00Z,-236,AA/ ORD,2020
AA,ORD,arr,1970-01-01T09:21:00Z,-151,AA/ ORD,2020
AA,ORD,arr,1970-01-01T09:31:00Z,-138,AA/ ORD,2020
AA,ORD,arr,1970-01-01T09:41:00Z,-102,AA/ ORD,2020
AA,ORD,arr,1970-01-01T09:51:00Z,-96,AA/ ORD,2020
AA,ORD,arr,1970-01-01T10:01:00Z,-127,AA/ ORD,2020
AA,ORD,arr,1970-01-01T10:11:00Z,-195,AA/ ORD,2020
AA,ORD,arr,1970-01-01T10:21:00Z,-307,AA/ ORD,2020
AA,ORD,arr,1970-01-01T10:31:00Z,-523,AA/ ORD,2020
AA,ORD,arr,1970-01-01T10:41:00Z,-480,AA/ ORD,2020
AA,ORD,arr,1970-01-01T10:51:00Z,-307,AA/ ORD,2020
AA,ORD,arr,1970-01-01T11:01:00Z,-191,AA/ ORD,2020
AA,ORD,arr,1970-01-01T11:11:00Z,-163,AA/ ORD,2020
AA,ORD,arr,1970-01-01T11:21:00Z,-164,AA/ ORD,2020
AA,ORD,arr,1970-01-01T11:31:00Z,-193,AA/ ORD,2020
AA,ORD,arr,1970-01-01T11:41:00Z,-332,AA/ ORD,2020
AA,ORD,arr,1970-01-01T11:51:00Z,-547,AA/ ORD,2020
AA,ORD,arr,1970-01-01T12:01:00Z,-614,AA/ ORD,2020
AA,ORD,arr,1970-01-01T12:11:00Z,-598,AA/ ORD,2020
AA,ORD,arr,1970-01-01T12:21:00Z,-540,AA/ ORD,2020
AA,ORD,arr,1970-01-01T12:31:00Z,-381,AA/ ORD,2020
AA,ORD,arr,1970-01-01T12:41:00Z,-269,AA/ ORD,2020
AA,ORD,arr,1970-01-01T12:51:00Z,-272,AA/ ORD,2020
AA,ORD,arr,1970-01-01T13:01:00Z,-247,AA/ ORD,2020
AA,ORD,arr,1970-01-01T13:11:00Z,-192,AA/ ORD,2020
AA,ORD,arr,1970-01-01T13:21:00Z,-265,AA/ ORD,2020
AA,ORD,arr,1970-01-01T13:31:00Z,-371,AA/ ORD,2020
AA,ORD,arr,1970-01-01T13:41:00Z,-470,AA/ ORD,2020
AA,ORD,arr,1970-01-01T13:51:00Z,-574,AA/ ORD,2020
AA,ORD,arr,1970-01-01T14:01:00Z,-437,AA/ ORD,2020
AA,ORD,arr,1970-01-01T14:11:00Z,-299,AA/ ORD,2020
AA,ORD,arr,1970-01-01T14:21:00Z,-236,AA/ ORD,2020
AA,ORD,arr,1970-01-01T14:31:00Z,-191,AA/ ORD,2020
AA,ORD,arr,1970-01-01T14:41:00Z,-189,AA/ ORD,2020
AA,ORD,arr,1970-01-01T14:51:00Z,-247,AA/ ORD,2020
AA,ORD,arr,1970-01-01T15:01:00Z,-329,AA/ ORD,2020
AA,ORD,arr,1970-01-01T15:11:00Z,-411,AA/ ORD,2020
AA,ORD,arr,1970-01-01T15:21:00Z,-530,AA/ ORD,2020
AA,ORD,arr,1970-01-01T15:31:00Z,-532,AA/ ORD,2020
AA,ORD,arr,1970-01-01T15:41:00Z,-462,AA/ ORD,2020
AA,ORD,arr,1970-01-01T15:51:00Z,-362,AA/ ORD,2020
AA,ORD,arr,1970-01-01T16:01:00Z,-243,AA/ ORD,2020
AA,ORD,arr,1970-01-01T16:11:00Z,-207,AA/ ORD,2020
AA,ORD,arr,1970-01-01T16:21:00Z,-148,AA/ ORD,2020
AA,ORD,arr,1970-01-01T16:31:00Z,-145,AA/ ORD,2020
AA,ORD,arr,1970-01-01T16:41:00Z,-192,AA/ ORD,2020
AA,ORD,arr,1970-01-01T16:51:00Z,-355,AA/ ORD,2020
AA,ORD,arr,1970-01-01T17:01:00Z,-647,AA/ ORD,2020
AA,ORD,arr,1970-01-01T17:11:00Z,-797,AA/ ORD,2020
AA,ORD,arr,1970-01-01T17:21:00Z,-722,AA/ ORD,2020
AA,ORD,arr,1970-01-01T17:31:00Z,-566,AA/ ORD,2020
AA,ORD,arr,1970-01-01T17:41:00Z,-337,AA/ ORD,2020
AA,ORD,arr,1970-01-01T17:51:00Z,-205,AA/ ORD,2020
AA,ORD,arr,1970-01-01T18:01:00Z,-131,AA/ ORD,2020
AA,ORD,arr,1970-01-01T18:11:00Z,-147,AA/ ORD,2020
AA,ORD,arr,1970-01-01T18:21:00Z,-161,AA/ ORD,2020
AA,ORD,arr,1970-01-01T18:31:00Z,-257,AA/ ORD,2020
AA,ORD,arr,1970-01-01T18:41:00Z,-420,AA/ ORD,2020
AA,ORD,arr,1970-01-01T18:51:00Z,-624,AA/ ORD,2020
AA,ORD,arr,1970-01-01T19:01:00Z,-775,AA/ ORD,2020
AA,ORD,arr,1970-01-01T19:11:00Z,-706,AA/ ORD,2020
AA,ORD,arr,1970-01-01T19:21:00Z,-484,AA/ ORD,2020
AA,ORD,arr,1970-01-01T19:31:00Z,-297,AA/ ORD,2020
AA,ORD,arr,1970-01-01T19:41:00Z,-225,AA/ ORD,2020
AA,ORD,arr,1970-01-01T19:51:00Z,-137,AA/ ORD,2020
AA,ORD,arr,1970-01-01T20:01:00Z,-96,AA/ ORD,2020
AA,ORD,arr,1970-01-01T20:11:00Z,-119,AA/ ORD,2020
AA,ORD,arr,1970-01-01T20:21:00Z,-151,AA/ ORD,2020
AA,ORD,arr,1970-01-01T20:31:00Z,-281,AA/ ORD,2020
AA,ORD,arr,1970-01-01T20:41:00Z,-375,AA/ ORD,2020
AA,ORD,arr,1970-01-01T20:51:00Z,-328,AA/ ORD,2020
AA,ORD,arr,1970-01-01T21:01:00Z,-381,AA/ ORD,2020
AA,ORD,arr,1970-01-01T21:11:00Z,-243,AA/ ORD,2020
AA,ORD,arr,1970-01-01T21:21:00Z,-136,AA/ ORD,2020
AA,ORD,arr,1970-01-01T21:31:00Z,-141,AA/ ORD,2020
AA,ORD,arr,1970-01-01T21:41:00Z,-169,AA/ ORD,2020
AA,ORD,arr,1970-01-01T21:51:00Z,-141,AA/ ORD,2020
AA,ORD,arr,1970-01-01T22:01:00Z,-126,AA/ ORD,2020
AA,ORD,arr,1970-01-01T22:11:00Z,-97,AA/ ORD,2020
AA,ORD,arr,1970-01-01T22:21:00Z,-132,AA/ ORD,2020
AA,ORD,arr,1970-01-01T22:31:00Z,-163,AA/ ORD,2020
AA,ORD,arr,1970-01-01T22:41:00Z,-167,AA/ ORD,2020
AA,ORD,arr,1970-01-01T22:51:00Z,-111,AA/ ORD,2020
AA,ORD,arr,1970-01-01T23:01:00Z,-106,AA/ ORD,2020
AA,ORD,arr,1970-01-01T23:11:00Z,-126,AA/ ORD,2020
AA,ORD,arr,1970-01-01T23:21:00Z,-114,AA/ ORD,2020
AA,ORD,arr,1970-01-01T23:31:00Z,-86,AA/ ORD,2020
AA,ORD,arr,1970-01-01T23:41:00Z,-82,AA/ ORD,2020
AA,ORD,arr,1970-01-01T23:51:00Z,-65,AA/ ORD,2020
AA,ORD,dep,1970-01-01T00:11:00Z,4,AA/ ORD,2020
AA,ORD,dep,1970-01-01T04:41:00Z,15,AA/ ORD,2020
AA,ORD,dep,1970-01-01T04:51:00Z,123,AA/ ORD,2020
AA,ORD,dep,1970-01-01T05:01:00Z,101,AA/ ORD,2020
AA,ORD,dep,1970-01-01T05:11:00Z,137,AA/ ORD,2020
AA,ORD,dep,1970-01-01T05:21:00Z,118,AA/ ORD,2020
AA,ORD,dep,1970-01-01T05:31:00Z,89,AA/ ORD,2020
AA,ORD,dep,1970-01-01T05:41:00Z,37,AA/ ORD,2020
AA,ORD,dep,1970-01-01T05:51:00Z,284,AA/ ORD,2020
AA,ORD,dep,1970-01-01T06:01:00Z,51,AA/ ORD,2020
AA,ORD,dep,1970-01-01T06:11:00Z,67,AA/ ORD,2020
AA,ORD,dep,1970-01-01T06:21:00Z,194,AA/ ORD,2020
AA,ORD,dep,1970-01-01T06:31:00Z,33,AA/ ORD,2020
AA,ORD,dep,1970-01-01T06:41:00Z,118,AA/ ORD,2020
AA,ORD,dep,1970-01-01T06:51:00Z,785,AA/ ORD,2020
AA,ORD,dep,1970-01-01T07:01:00Z,529,AA/ ORD,2020
AA,ORD,dep,1970-01-01T07:11:00Z,244,AA/ ORD,2020
AA,ORD,dep,1970-01-01T07:21:00Z,116,AA/ ORD,2020
AA,ORD,dep,1970-01-01T07:31:00Z,63,AA/ ORD,2020
AA,ORD,dep,1970-01-01T07:41:00Z,21,AA/ ORD,2020
AA,ORD,dep,1970-01-01T07:51:00Z,45,AA/ ORD,2020
AA,ORD,dep,1970-01-01T08:01:00Z,418,AA/ ORD,2020
AA,ORD,dep,1970-01-01T08:11:00Z,783,AA/ ORD,2020
AA,ORD,dep,1970-01-01T08:21:00Z,1221,AA/ ORD,2020
AA,ORD,dep,1970-01-01T08:31:00Z,847,AA/ ORD,2020
AA,ORD,dep,1970-01-01T08:41:00Z,597,AA/ ORD,2020
AA,ORD,dep,1970-01-01T08:51:00Z,293,AA/ ORD,2020
AA,ORD,dep,1970-01-01T09:01:00Z,129,AA/ ORD,2020
AA,ORD,dep,1970-01-01T09:11:00Z,130,AA/ ORD,2020
AA,ORD,dep,1970-01-01T09:21:00Z,378,AA/ ORD,2020
AA,ORD,dep,1970-01-01T09:31:00Z,253,AA/ ORD,2020
AA,ORD,dep,1970-01-01T09:41:00Z,730,AA/ ORD,2020
AA,ORD,dep,1970-01-01T09:51:00Z,902,AA/ ORD,2020
AA,ORD,dep,1970-01-01T10:01:00Z,801,AA/ ORD,2020
AA,ORD,dep,1970-01-01T10:11:00Z,644,AA/ ORD,2020
AA,ORD,dep,1970-01-01T10:21:00Z,555,AA/ ORD,2020
AA,ORD,dep,1970-01-01T10:31:00Z,204,AA/ ORD,2020
AA,ORD,dep,1970-01-01T10:41:00Z,130,AA/ ORD,2020
AA,ORD,dep,1970-01-01T10:51:00Z,202,AA/ ORD,2020
AA,ORD,dep,1970-01-01T11:01:00Z,142,AA/ ORD,2020
AA,ORD,dep,1970-01-01T11:11:00Z,87,AA/ ORD,2020
AA,ORD,dep,1970-01-01T11:21:00Z,91,AA/ ORD,2020
AA,ORD,dep,1970-01-01T11:31:00Z,125,AA/ ORD,2020
AA,ORD,dep,1970-01-01T11:41:00Z,403,AA/ ORD,2020
AA,ORD,dep,1970-01-01T11:51:00Z,636,AA/ ORD,2020
AA,ORD,dep,1970-01-01T12:01:00Z,432,AA/ ORD,2020
AA,ORD,dep,1970-01-01T12:11:00Z,230,AA/ ORD,2020
AA,ORD,dep,1970-01-01T12:21:00Z,193,AA/ ORD,2020
AA,ORD,dep,1970-01-01T12:31:00Z,74,AA/ ORD,2020
AA,ORD,dep,1970-01-01T12:41:00Z,36,AA/ ORD,2020
AA,ORD,dep,1970-01-01T12:51:00Z,119,AA/ ORD,2020
AA,ORD,dep,1970-01-01T13:01:00Z,260,AA/ ORD,2020
AA,ORD,dep,1970-01-01T13:11:00Z,688,AA/ ORD,2020
AA,ORD,dep,1970-01-01T13:21:00Z,1107,AA/ ORD,2020
AA,ORD,dep,1970-01-01T13:31:00Z,650,AA/ ORD,2020
AA,ORD,dep,1970-01-01T13:41:00Z,451,AA/ ORD,2020
AA,ORD,dep,1970-01-01T13:51:00Z,470,AA/ ORD,2020
AA,ORD,dep,1970-01-01T14:01:00Z,361,AA/ ORD,2020
AA,ORD,dep,1970-01-01T14:11:00Z,235,AA/ ORD,2020
AA,ORD,dep,1970-01-01T14:21:00Z,117,AA/ ORD,2020
AA,ORD,dep,1970-01-01T14:31:00Z,75,AA/ ORD,2020
AA,ORD,dep,1970-01-01T14:41:00Z,212,AA/ ORD,2020
AA,ORD,dep,1970-01-01T14:51:00Z,550,AA/ ORD,2020
AA,ORD,dep,1970-01-01T15:01:00Z,464,AA/ ORD,2020
AA,ORD,dep,1970-01-01T15:11:00Z,328,AA/ ORD,2020
AA,ORD,dep,1970-01-01T15:21:00Z,328,AA/ ORD,2020
AA,ORD,dep,1970-01-01T15:31:00Z,165,AA/ ORD,2020
AA,ORD,dep,1970-01-01T15:41:00Z,224,AA/ ORD,2020
AA,ORD,dep,1970-01-01T15:51:00Z,154,AA/ ORD,2020
AA,ORD,dep,1970-01-01T16:01:00Z,111,AA/ ORD,2020
AA,ORD,dep,1970-01-01T16:11:00Z,143,AA/ ORD,2020
AA,ORD,dep,1970-01-01T16:21:00Z,100,AA/ ORD,2020
AA,ORD,dep,1970-01-01T16:31:00Z,137,AA/ ORD,2020
AA,ORD,dep,1970-01-01T16:41:00Z,249,AA/ ORD,2020
AA,ORD,dep,1970-01-01T16:51:00Z,411,AA/ ORD,2020
AA,ORD,dep,1970-01-01T17:01:00Z,632,AA/ ORD,2020
AA,ORD,dep,1970-01-01T17:11:00Z,348,AA/ ORD,2020
AA,ORD,dep,1970-01-01T17:21:00Z,231,AA/ ORD,2020
AA,ORD,dep,1970-01-01T17:31:00Z,105,AA/ ORD,2020
AA,ORD,dep,1970-01-01T17:41:00Z,63,AA/ ORD,2020
AA,ORD,dep,1970-01-01T17:51:00Z,51,AA/ ORD,2020
AA,ORD,dep,1970-01-01T18:01:00Z,53,AA/ ORD,2020
AA,ORD,dep,1970-01-01T18:11:00Z,239,AA/ ORD,2020
AA,ORD,dep,1970-01-01T18:21:00Z,591,AA/ ORD,2020
AA,ORD,dep,1970-01-01T18:31:00Z,767,AA/ ORD,2020
AA,ORD,dep,1970-01-01T18:41:00Z,630,AA/ ORD,2020
AA,ORD,dep,1970-01-01T18:51:00Z,408,AA/ ORD,2020
AA,ORD,dep,1970-01-01T19:01:00Z,206,AA/ ORD,2020
AA,ORD,dep,1970-01-01T19:11:00Z,159,AA/ ORD,2020
AA,ORD,dep,1970-01-01T19:21:00Z,211,AA/ ORD,2020
AA,ORD,dep,1970-01-01T19:31:00Z,182,AA/ ORD,2020
AA,ORD,dep,1970-01-01T19:41:00Z,157,AA/ ORD,2020
AA,ORD,dep,1970-01-01T19:51:00Z,197,AA/ ORD,2020
AA,ORD,dep,1970-01-01T20:01:00Z,297,AA/ ORD,2020
AA,ORD,dep,1970-01-01T20:11:00Z,405,AA/ ORD,2020
AA,ORD,dep,1970-01-01T20:21:00Z,630,AA/ ORD,2020
AA,ORD,dep,1970-01-01T20:31:00Z,574,AA/ ORD,2020
AA,ORD,dep,1970-01-01T20:41:00Z,312,AA/ ORD,2020
AA,ORD,dep,1970-01-01T20:51:00Z,165,AA/ ORD,2020
AA,ORD,dep,1970-01-01T21:01:00Z,97,AA/ ORD,2020
AA,ORD,dep,1970-01-01T21:11:00Z,59,AA/ ORD,2020
AA,ORD,dep,1970-01-01T21:21:00Z,31,AA/ ORD,2020
AA,ORD,dep,1970-01-01T21:31:00Z,33,AA/ ORD,2020
AA,ORD,dep,1970-01-01T21:41:00Z,31,AA/ ORD,2020
AA,ORD,dep,1970-01-01T21:51:00Z,96,AA/ ORD,2020
AA,ORD,dep,1970-01-01T22:01:00Z,141,AA/ ORD,2020
AA,ORD,dep,1970-01-01T22:11:00Z,74,AA/ ORD,2020
AA,ORD,dep,1970-01-01T22:21:00Z,37,AA/ ORD,2020
AA,ORD,dep,1970-01-01T22:31:00Z,17,AA/ ORD,2020
AA,ORD,dep,1970-01-01T22:41:00Z,10,AA/ ORD,2020
AA,ORD,dep,1970-01-01T22:51:00Z,4,AA/ ORD,2020
AA,ORD,dep,1970-01-01T23:01:00Z,9,AA/ ORD,2020
AA,ORD,dep,1970-01-01T23:11:00Z,3,AA/ ORD,2020
AA,ORD,dep,1970-01-01T23:21:00Z,8,AA/ ORD,2020
AA,ORD,dep,1970-01-01T23:31:00Z,4,AA/ ORD,2020
AA,ORD,dep,1970-01-01T23:41:00Z,1,AA/ ORD,2020
AA,ORD,dep,1970-01-01T23:51:00Z,2,AA/ ORD,2020
UA,ORD,arr,1970-01-01T00:01:00Z,-50,UA/ ORD,2020
UA,ORD,arr,1970-01-01T00:11:00Z,-34,UA/ ORD,2020
UA,ORD,arr,1970-01-01T00:21:00Z,-21,UA/ ORD,2020
UA,ORD,arr,1970-01-01T00:31:00Z,-9,UA/ ORD,2020
UA,ORD,arr,1970-01-01T00:41:00Z,-12,UA/ ORD,2020
UA,ORD,arr,1970-01-01T00:51:00Z,-9,UA/ ORD,2020
UA,ORD,arr,1970-01-01T01:01:00Z,-7,UA/ ORD,2020
UA,ORD,arr,1970-01-01T01:11:00Z,-4,UA/ ORD,2020
UA,ORD,arr,1970-01-01T01:21:00Z,-3,UA/ ORD,2020
UA,ORD,arr,1970-01-01T01:31:00Z,-8,UA/ ORD,2020
UA,ORD,arr,1970-01-01T01:41:00Z,-3,UA/ ORD,2020
UA,ORD,arr,1970-01-01T01:51:00Z,-2,UA/ ORD,2020
UA,ORD,arr,1970-01-01T02:01:00Z,-2,UA/ ORD,2020
UA,ORD,arr,1970-01-01T02:11:00Z,-2,UA/ ORD,2020
UA,ORD,arr,1970-01-01T02:21:00Z,-1,UA/ ORD,2020
UA,ORD,arr,1970-01-01T02:41:00Z,-2,UA/ ORD,2020
UA,ORD,arr,1970-01-01T02:51:00Z,-2,UA/ ORD,2020
UA,ORD,arr,1970-01-01T03:01:00Z,-1,UA/ ORD,2020
UA,ORD,arr,1970-01-01T03:11:00Z,-2,UA/ ORD,2020
UA,ORD,arr,1970-01-01T03:21:00Z,-1,UA/ ORD,2020
UA,ORD,arr,1970-01-01T03:31:00Z,-3,UA/ ORD,2020
UA,ORD,arr,1970-01-01T03:41:00Z,-10,UA/ ORD,2020
UA,ORD,arr,1970-01-01T03:51:00Z,-27,UA/ ORD,2020
UA,ORD,arr,1970-01-01T04:01:00Z,-37,UA/ ORD,2020
UA,ORD,arr,1970-01-01T04:11:00Z,-52,UA/ ORD,2020
UA,ORD,arr,1970-01-01T04:21:00Z,-117,UA/ ORD,2020
UA,ORD,arr,1970-01-01T04:31:00Z,-190,UA/ ORD,2020
UA,ORD,arr,1970-01-01T04:41:00Z,-205,UA/ ORD,2020
UA,ORD,arr,1970-01-01T04:51:00Z,-179,UA/ ORD,2020
UA,ORD,arr,1970-01-01T05:01:00Z,-126,UA/ ORD,2020
UA,ORD,arr,1970-01-01T05:11:00Z,-73,UA/ ORD,2020
UA,ORD,arr,1970-01-01T05:21:00Z,-100,UA/ ORD,2020
UA,ORD,arr,1970-01-01T05:31:00Z,-146,UA/ ORD,2020
UA,ORD,arr,1970-01-01T05:41:00Z,-144,UA/ ORD,2020
UA,ORD,arr,1970-01-01T05:51:00Z,-67,UA/ ORD,2020
UA,ORD,arr,1970-01-01T06:01:00Z,-50,UA/ ORD,2020
UA,ORD,arr,1970-01-01T06:11:00Z,-112,UA/ ORD,2020
UA,ORD,arr,1970-01-01T06:21:00Z,-214,UA/ ORD,2020
UA,ORD,arr,1970-01-01T06:31:00Z,-188,UA/ ORD,2020
UA,ORD,arr,1970-01-01T06:41:00Z,-107,UA/ ORD,2020
UA,ORD,arr,1970-01-01T06:51:00Z,-82,UA/ ORD,2020
UA,ORD,arr,1970-01-01T07:01:00Z,-75,UA/ ORD,2020
UA,ORD,arr,1970-01-01T07:11:00Z,-145,UA/ ORD,2020
UA,ORD,arr,1970-01-01T07:21:00Z,-321,UA/ ORD,2020
UA,ORD,arr,1970-01-01T07:31:00Z,-531,UA/ ORD,2020
UA,ORD,arr,1970-01-01T07:41:00Z,-829,UA/ ORD,2020
UA,ORD,arr,1970-01-01T07:51:00Z,-833,UA/ ORD,2020
UA,ORD,arr,1970-01-01T08:01:00Z,-621,UA/ ORD,2020
UA,ORD,arr,1970-01-01T08:11:00Z,-302,UA/ ORD,2020
UA,ORD,arr,1970-01-01T08:21:00Z,-185,UA/ ORD,2020
UA,ORD,arr,1970-01-01T08:31:00Z,-215,UA/ ORD,2020
UA,ORD,arr,1970-01-01T08:41:00Z,-233,UA/ ORD,2020
UA,ORD,arr,1970-01-01T08:51:00Z,-255,UA/ ORD,2020
UA,ORD,arr,1970-01-01T09:01:00Z,-290,UA/ ORD,2020
UA,ORD,arr,1970-01-01T09:11:00Z,-334,UA/ ORD,2020
UA,ORD,arr,1970-01-01T09:21:00Z,-417,UA/ ORD,2020
UA,ORD,arr,1970-01-01T09:31:00Z,-405,UA/ ORD,2020
UA,ORD,arr,1970-01-01T09:41:00Z,-359,UA/ ORD,2020
UA,ORD,arr,1970-01-01T09:51:00Z,-272,UA/ ORD,2020
UA,ORD,arr,1970-01-01T10:01:00Z,-253,UA/ ORD,2020
UA,ORD,arr,1970-01-01T10:11:00Z,-237,UA/ ORD,2020
UA,ORD,arr,1970-01-01T10:21:00Z,-218,UA/ ORD,2020
UA,ORD,arr,1970-01-01T10:31:00Z,-154,UA/ ORD,2020
UA,ORD,arr,1970-01-01T10:41:00Z,-112,UA/ ORD,2020
UA,ORD,arr,1970-01-01T10:51:00Z,-112,UA/ ORD,2020
UA,ORD,arr,1970-01-01T11:01:00Z,-160,UA/ ORD,2020
UA,ORD,arr,1970-01-01T11:11:00Z,-217,UA/ ORD,2020
UA,ORD,arr,1970-01-01T11:21:00Z,-273,UA/ ORD,2020
UA,ORD,arr,1970-01-01T11:31:00Z,-268,UA/ ORD,2020
UA,ORD,arr,1970-01-01T11:41:00Z,-221,UA/ ORD,2020
UA,ORD,arr,1970-01-01T11:51:00Z,-218,UA/ ORD,2020
UA,ORD,arr,1970-01-01T12:01:00Z,-222,UA/ ORD,2020
UA,ORD,arr,1970-01-01T12:11:00Z,-331,UA/ ORD,2020
UA,ORD,arr,1970-01-01T12:21:00Z,-544,UA/ ORD,2020
UA,ORD,arr,1970-01-01T12:31:00Z,-698,UA/ ORD,2020
UA,ORD,arr,1970-01-01T12:41:00Z,-913,UA/ ORD,2020
UA,ORD,arr,1970-01-01T12:51:00Z,-865,UA/ ORD,2020
UA,ORD,arr,1970-01-01T13:01:00Z,-574,UA/ ORD,2020
UA,ORD,arr,1970-01-01T13:11:00Z,-277,UA/ ORD,2020
UA,ORD,arr,1970-01-01T13:21:00Z,-124,UA/ ORD,2020
UA,ORD,arr,1970-01-01T13:31:00Z,-98,UA/ ORD,2020
UA,ORD,arr,1970-01-01T13:41:00Z,-121,UA/ ORD,2020
UA,ORD,arr,1970-01-01T13:51:00Z,-86,UA/ ORD,2020
UA,ORD,arr,1970-01-01T14:01:00Z,-124,UA/ ORD,2020
UA,ORD,arr,1970-01-01T14:11:00Z,-233,UA/ ORD,2020
UA,ORD,arr,1970-01-01T14:21:00Z,-387,UA/ ORD,2020
UA,ORD,arr,1970-01-01T14:31:00Z,-346,UA/ ORD,2020
UA,ORD,arr,1970-01-01T14:41:00Z,-280,UA/ ORD,2020
UA,ORD,arr,1970-01-01T14:51:00Z,-210,UA/ ORD,2020
UA,ORD,arr,1970-01-01T15:01:00Z,-88,UA/ ORD,2020
UA,ORD,arr,1970-01-01T15:11:00Z,-43,UA/ ORD,2020
UA,ORD,arr,1970-01-01T15:21:00Z,-53,UA/ ORD,2020
UA,ORD,arr,1970-01-01T15:31:00Z,-44,UA/ ORD,2020
UA,ORD,arr,1970-01-01T15:41:00Z,-51,UA/ ORD,2020
UA,ORD,arr,1970-01-01T15:51:00Z,-196,UA/ ORD,2020
UA,ORD,arr,1970-01-01T16:01:00Z,-343,UA/ ORD,2020
UA,ORD,arr,1970-01-01T16:11:00Z,-643,UA/ ORD,2020
UA,ORD,arr,1970-01-01T16:21:00Z,-762,UA/ ORD,2020
UA,ORD,arr,1970-01-01T16:31:00Z,-1008,UA/ ORD,2020
UA,ORD,arr,1970-01-01T16:41:00Z,-992,UA/ ORD,2020
UA,ORD,arr,1970-01-01T16:51:00Z,-862,UA/ ORD,2020
UA,ORD,arr,1970-01-01T17:01:00Z,-445,UA/ ORD,2020
UA,ORD,arr,1970-01-01T17:11:00Z,-207,UA/ ORD,2020
UA,ORD,arr,1970-01-01T17:21:00Z,-117,UA/ ORD,2020
UA,ORD,arr,1970-01-01T17:31:00Z,-127,UA/ ORD,2020
UA,ORD,arr,1970-01-01T17:41:00Z,-173,UA/ ORD,2020
UA,ORD,arr,1970-01-01T17:51:00Z,-251,UA/ ORD,2020
UA,ORD,arr,1970-01-01T18:01:00Z,-439,UA/ ORD,2020
UA,ORD,arr,1970-01-01T18:11:00Z,-604,UA/ ORD,2020
UA,ORD,arr,1970-01-01T18:21:00Z,-735,UA/ ORD,2020
UA,ORD,arr,1970-01-01T18:31:00Z,-720,UA/ ORD,2020
UA,ORD,arr,1970-01-01T18:41:00Z,-502,UA/ ORD,2020
UA,ORD,arr,1970-01-01T18:51:00Z,-379,UA/ ORD,2020
UA,ORD,arr,1970-01-01T19:01:00Z,-200,UA/ ORD,2020
UA,ORD,arr,1970-01-01T19:11:00Z,-172,UA/ ORD,2020
UA,ORD,arr,1970-01-01T19:21:00Z,-167,UA/ ORD,2020
UA,ORD,arr,1970-01-01T19:31:00Z,-223,UA/ ORD,2020
UA,ORD,arr,1970-01-01T19:41:00Z,-292,UA/ ORD,2020
UA,ORD,arr,1970-01-01T19:51:00Z,-388,UA/ ORD,2020
UA,ORD,arr,1970-01-01T20:01:00Z,-467,UA/ ORD,2020
UA,ORD,arr,1970-01-01T20:11:00Z,-338,UA/ ORD,2020
UA,ORD,arr,1970-01-01T20:21:00Z,-188,UA/ ORD,2020
UA,ORD,arr,1970-01-01T20:31:00Z,-95,UA/ ORD,2020
UA,ORD,arr,1970-01-01T20:41:00Z,-85,UA/ ORD,2020
UA,ORD,arr,1970-01-01T20:51:00Z,-94,UA/ ORD,2020
UA,ORD,arr,1970-01-01T21:01:00Z,-153,UA/ ORD,2020
UA,ORD,arr,1970-01-01T21:11:00Z,-198,UA/ ORD,2020
UA,ORD,arr,1970-01-01T21:21:00Z,-184,UA/ ORD,2020
UA,ORD,arr,1970-01-01T21:31:00Z,-167,UA/ ORD,2020
UA,ORD,arr,1970-01-01T21:41:00Z,-181,UA/ ORD,2020
UA,ORD,arr,1970-01-01T21:51:00Z,-127,UA/ ORD,2020
UA,ORD,arr,1970-01-01T22:01:00Z,-188,UA/ ORD,2020
UA,ORD,arr,1970-01-01T22:11:00Z,-219,UA/ ORD,2020
UA,ORD,arr,1970-01-01T22:21:00Z,-179,UA/ ORD,2020
UA,ORD,arr,1970-01-01T22:31:00Z,-145,UA/ ORD,2020
UA,ORD,arr,1970-01-01T22:41:00Z,-182,UA/ ORD,2020
UA,ORD,arr,1970-01-01T22:51:00Z,-168,UA/ ORD,2020
UA,ORD,arr,1970-01-01T23:01:00Z,-115,UA/ ORD,2020
UA,ORD,arr,1970-01-01T23:11:00Z,-75,UA/ ORD,2020
UA,ORD,arr,1970-01-01T23:21:00Z,-76,UA/ ORD,2020
UA,ORD,arr,1970-01-01T23:31:00Z,-72,UA/ ORD,2020
UA,ORD,arr,1970-01-01T23:41:00Z,-83,UA/ ORD,2020
UA,ORD,arr,1970-01-01T23:51:00Z,-46,UA/ ORD,2020
UA,ORD,dep,1970-01-01T00:01:00Z,1,UA/ ORD,2020
UA,ORD,dep,1970-01-01T00:11:00Z,1,UA/ ORD,2020
UA,ORD,dep,1970-01-01T00:31:00Z,1,UA/ ORD,2020
UA,ORD,dep,1970-01-01T01:21:00Z,1,UA/ ORD,2020
UA,ORD,dep,1970-01-01T01:31:00Z,1,UA/ ORD,2020
UA,ORD,dep,1970-01-01T04:51:00Z,1,UA/ ORD,2020
UA,ORD,dep,1970-01-01T05:01:00Z,2,UA/ ORD,2020
UA,ORD,dep,1970-01-01T05:11:00Z,4,UA/ ORD,2020
UA,ORD,dep,1970-01-01T05:21:00Z,23,UA/ ORD,2020
UA,ORD,dep,1970-01-01T05:31:00Z,16,UA/ ORD,2020
UA,ORD,dep,1970-01-01T05:41:00Z,102,UA/ ORD,2020
UA,ORD,dep,1970-01-01T05:51:00Z,704,UA/ ORD,2020
UA,ORD,dep,1970-01-01T06:01:00Z,244,UA/ ORD,2020
UA,ORD,dep,1970-01-01T06:11:00Z,126,UA/ ORD,2020
UA,ORD,dep,1970-01-01T06:21:00Z,61,UA/ ORD,2020
UA,ORD,dep,1970-01-01T06:31:00Z,89,UA/ ORD,2020
UA,ORD,dep,1970-01-01T06:41:00Z,187,UA/ ORD,2020
UA,ORD,dep,1970-01-01T06:51:00Z,618,UA/ ORD,2020
UA,ORD,dep,1970-01-01T07:01:00Z,64,UA/ ORD,2020
UA,ORD,dep,1970-01-01T07:11:00Z,16,UA/ ORD,2020
UA,ORD,dep,1970-01-01T07:21:00Z,51,UA/ ORD,2020
UA,ORD,dep,1970-01-01T07:31:00Z,297,UA/ ORD,2020
UA,ORD,dep,1970-01-01T07:41:00Z,436,UA/ ORD,2020
UA,ORD,dep,1970-01-01T07:51:00Z,551,UA/ ORD,2020
UA,ORD,dep,1970-01-01T08:01:00Z,126,UA/ ORD,2020
UA,ORD,dep,1970-01-01T08:11:00Z,131,UA/ ORD,2020
UA,ORD,dep,1970-01-01T08:21:00Z,189,UA/ ORD,2020
UA,ORD,dep,1970-01-01T08:31:00Z,65,UA/ ORD,2020
UA,ORD,dep,1970-01-01T08:41:00Z,664,UA/ ORD,2020
UA,ORD,dep,1970-01-01T08:51:00Z,1253,UA/ ORD,2020
UA,ORD,dep,1970-01-01T09:01:00Z,1138,UA/ ORD,2020
UA,ORD,dep,1970-01-01T09:11:00Z,644,UA/ ORD,2020
UA,ORD,dep,1970-01-01T09:21:00Z,736,UA/ ORD,2020
UA,ORD,dep,1970-01-01T09:31:00Z,398,UA/ ORD,2020
UA,ORD,dep,1970-01-01T09:41:00Z,169,UA/ ORD,2020
UA,ORD,dep,1970-01-01T09:51:00Z,435,UA/ ORD,2020
UA,ORD,dep,1970-01-01T10:01:00Z,442,UA/ ORD,2020
UA,ORD,dep,1970-01-01T10:11:00Z,327,UA/ ORD,2020
UA,ORD,dep,1970-01-01T10:21:00Z,201,UA/ ORD,2020
UA,ORD,dep,1970-01-01T10:31:00Z,330,UA/ ORD,2020
UA,ORD,dep,1970-01-01T10:41:00Z,493,UA/ ORD,2020
UA,ORD,dep,1970-01-01T10:51:00Z,450,UA/ ORD,2020
UA,ORD,dep,1970-01-01T11:01:00Z,250,UA/ ORD,2020
UA,ORD,dep,1970-01-01T11:11:00Z,344,UA/ ORD,2020
UA,ORD,dep,1970-01-01T11:21:00Z,462,UA/ ORD,2020
UA,ORD,dep,1970-01-01T11:31:00Z,248,UA/ ORD,2020
UA,ORD,dep,1970-01-01T11:41:00Z,127,UA/ ORD,2020
UA,ORD,dep,1970-01-01T11:51:00Z,152,UA/ ORD,2020
UA,ORD,dep,1970-01-01T12:01:00Z,127,UA/ ORD,2020
UA,ORD,dep,1970-01-01T12:11:00Z,61,UA/ ORD,2020
UA,ORD,dep,1970-01-01T12:21:00Z,35,UA/ ORD,2020
UA,ORD,dep,1970-01-01T12:31:00Z,221,UA/ ORD,2020
UA,ORD,dep,1970-01-01T12:41:00Z,482,UA/ ORD,2020
UA,ORD,dep,1970-01-01T12:51:00Z,280,UA/ ORD,2020
UA,ORD,dep,1970-01-01T13:01:00Z,176,UA/ ORD,2020
UA,ORD,dep,1970-01-01T13:11:00Z,117,UA/ ORD,2020
UA,ORD,dep,1970-01-01T13:21:00Z,194,UA/ ORD,2020
UA,ORD,dep,1970-01-01T13:31:00Z,50,UA/ ORD,2020
UA,ORD,dep,1970-01-01T13:41:00Z,125,UA/ ORD,2020
UA,ORD,dep,1970-01-01T13:51:00Z,976,UA/ ORD,2020
UA,ORD,dep,1970-01-01T14:01:00Z,796,UA/ ORD,2020
UA,ORD,dep,1970-01-01T14:11:00Z,1048,UA/ ORD,2020
UA,ORD,dep,1970-01-01T14:21:00Z,662,UA/ ORD,2020
UA,ORD,dep,1970-01-01T14:31:00Z,579,UA/ ORD,2020
UA,ORD,dep,1970-01-01T14:41:00Z,290,UA/ ORD,2020
UA,ORD,dep,1970-01-01T14:51:00Z,192,UA/ ORD,2020
UA,ORD,dep,1970-01-01T15:01:00Z,111,UA/ ORD,2020
UA,ORD,dep,1970-01-01T15:11:00Z,60,UA/ ORD,2020
UA,ORD,dep,1970-01-01T15:21:00Z,102,UA/ ORD,2020
UA,ORD,dep,1970-01-01T15:31:00Z,237,UA/ ORD,2020
UA,ORD,dep,1970-01-01T15:41:00Z,312,UA/ ORD,2020
UA,ORD,dep,1970-01-01T15:51:00Z,407,UA/ ORD,2020
UA,ORD,dep,1970-01-01T16:01:00Z,184,UA/ ORD,2020
UA,ORD,dep,1970-01-01T16:11:00Z,82,UA/ ORD,2020
UA,ORD,dep,1970-01-01T16:21:00Z,76,UA/ ORD,2020
UA,ORD,dep,1970-01-01T16:31:00Z,91,UA/ ORD,2020
UA,ORD,dep,1970-01-01T16:41:00Z,85,UA/ ORD,2020
UA,ORD,dep,1970-01-01T16:51:00Z,40,UA/ ORD,2020
UA,ORD,dep,1970-01-01T17:01:00Z,33,UA/ ORD,2020
UA,ORD,dep,1970-01-01T17:11:00Z,27,UA/ ORD,2020
UA,ORD,dep,1970-01-01T17:21:00Z,28,UA/ ORD,2020
UA,ORD,dep,1970-01-01T17:31:00Z,247,UA/ ORD,2020
UA,ORD,dep,1970-01-01T17:41:00Z,848,UA/ ORD,2020
UA,ORD,dep,1970-01-01T17:51:00Z,1510,UA/ ORD,2020
UA,ORD,dep,1970-01-01T18:01:00Z,1179,UA/ ORD,2020
UA,ORD,dep,1970-01-01T18:11:00Z,603,UA/ ORD,2020
UA,ORD,dep,1970-01-01T18:21:00Z,525,UA/ ORD,2020
UA,ORD,dep,1970-01-01T18:31:00Z,220,UA/ ORD,2020
UA,ORD,dep,1970-01-01T18:41:00Z,112,UA/ ORD,2020
UA,ORD,dep,1970-01-01T18:51:00Z,133,UA/ ORD,2020
UA,ORD,dep,1970-01-01T19:01:00Z,53,UA/ ORD,2020
UA,ORD,dep,1970-01-01T19:11:00Z,92,UA/ ORD,2020
UA,ORD,dep,1970-01-01T19:21:00Z,393,UA/ ORD,2020
UA,ORD,dep,1970-01-01T19:31:00Z,888,UA/ ORD,2020
UA,ORD,dep,1970-01-01T19:41:00Z,1209,UA/ ORD,2020
UA,ORD,dep,1970-01-01T19:51:00Z,686,UA/ ORD,2020
UA,ORD,dep,1970-01-01T20:01:00Z,308,UA/ ORD,2020
UA,ORD,dep,1970-01-01T20:11:00Z,213,UA/ ORD,2020
UA,ORD,dep,1970-01-01T20:21:00Z,124,UA/ ORD,2020
UA,ORD,dep,1970-01-01T20:31:00Z,88,UA/ ORD,2020
UA,ORD,dep,1970-01-01T20:41:00Z,70,UA/ ORD,2020
UA,ORD,dep,1970-01-01T20:51:00Z,209,UA/ ORD,2020
UA,ORD,dep,1970-01-01T21:01:00Z,401,UA/ ORD,2020
UA,ORD,dep,1970-01-01T21:11:00Z,403,UA/ ORD,2020
UA,ORD,dep,1970-01-01T21:21:00Z,232,UA/ ORD,2020
UA,ORD,dep,1970-01-01T21:31:00Z,203,UA/ ORD,2020
UA,ORD,dep,1970-01-01T21:41:00Z,102,UA/ ORD,2020
UA,ORD,dep,1970-01-01T21:51:00Z,65,UA/ ORD,2020
UA,ORD,dep,1970-01-01T22:01:00Z,37,UA/ ORD,2020
UA,ORD,dep,1970-01-01T22:11:00Z,34,UA/ ORD,2020
UA,ORD,dep,1970-01-01T22:21:00Z,27,UA/ ORD,2020
UA,ORD,dep,1970-01-01T22:31:00Z,29,UA/ ORD,2020
UA,ORD,dep,1970-01-01T22:41:00Z,19,UA/ ORD,2020
UA,ORD,dep,1970-01-01T22:51:00Z,6,UA/ ORD,2020
UA,ORD,dep,1970-01-01T23:01:00Z,9,UA/ ORD,2020
UA,ORD,dep,1970-01-01T23:11:00Z,7,UA/ ORD,2020
UA,ORD,dep,1970-01-01T23:21:00Z,7,UA/ ORD,2020
UA,ORD,dep,1970-01-01T23:31:00Z,6,UA/ ORD,2020
UA,ORD,dep,1970-01-01T23:41:00Z,5,UA/ ORD,2020
UA,ORD,dep,1970-01-01T23:51:00Z,3,UA/ ORD,2020
AA,ORD,arr,1970-01-01T00:01:00Z,-102,AA/ ORD,2021
AA,ORD,arr,1970-01-01T00:11:00Z,-78,AA/ ORD,2021
AA,ORD,arr,1970-01-01T00:21:00Z,-50,AA/ ORD,2021
AA,ORD,arr,1970-01-01T00:31:00Z,-72,AA/ ORD,2021
AA,ORD,arr,1970-01-01T00:41:00Z,-57,AA/ ORD,2021
AA,ORD,arr,1970-01-01T00:51:00Z,-52,AA/ ORD,2021
AA,ORD,arr,1970-01-01T01:01:00Z,-79,AA/ ORD,2021
AA,ORD,arr,1970-01-01T01:11:00Z,-51,AA/ ORD,2021
AA,ORD,arr,1970-01-01T01:21:00Z,-32,AA/ ORD,2021
AA,ORD,arr,1970-01-01T01:31:00Z,-33,AA/ ORD,2021
AA,ORD,arr,1970-01-01T01:41:00Z,-25,AA/ ORD,2021
AA,ORD,arr,1970-01-01T01:51:00Z,-19,AA/ ORD,2021
AA,ORD,arr,1970-01-01T02:01:00Z,-22,AA/ ORD,2021
AA,ORD,arr,1970-01-01T02:11:00Z,-9,AA/ ORD,2021
AA,ORD,arr,1970-01-01T02:21:00Z,-13,AA/ ORD,2021
AA,ORD,arr,1970-01-01T02:31:00Z,-13,AA/ ORD,2021
AA,ORD,arr,1970-01-01T02:41:00Z,-4,AA/ ORD,2021
AA,ORD,arr,1970-01-01T02:51:00Z,-5,AA/ ORD,2021
AA,ORD,arr,1970-01-01T03:01:00Z,-7,AA/ ORD,2021
AA,ORD,arr,1970-01-01T03:11:00Z,-2,AA/ ORD,2021
AA,ORD,arr,1970-01-01T03:21:00Z,-2,AA/ ORD,2021
AA,ORD,arr,1970-01-01T03:41:00Z,-1,AA/ ORD,2021
AA,ORD,arr,1970-01-01T03:51:00Z,-1,AA/ ORD,2021
AA,ORD,arr,1970-01-01T04:01:00Z,-3,AA/ ORD,2021
AA,ORD,arr,1970-01-01T04:11:00Z,-6,AA/ ORD,2021
AA,ORD,arr,1970-01-01T04:21:00Z,-25,AA/ ORD,2021
AA,ORD,arr,1970-01-01T04:31:00Z,-44,AA/ ORD,2021
AA,ORD,arr,1970-01-01T04:41:00Z,-116,AA/ ORD,2021
AA,ORD,arr,1970-01-01T04:51:00Z,-99,AA/ ORD,2021
AA,ORD,arr,1970-01-01T05:01:00Z,-105,AA/ ORD,2021
AA,ORD,arr,1970-01-01T05:11:00Z,-198,AA/ ORD,2021
AA,ORD,arr,1970-01-01T05:21:00Z,-314,AA/ ORD,2021
AA,ORD,arr,1970-01-01T05:31:00Z,-309,AA/ ORD,2021
AA,ORD,arr,1970-01-01T05:41:00Z,-250,AA/ ORD,2021
AA,ORD,arr,1970-01-01T05:51:00Z,-152,AA/ ORD,2021
AA,ORD,arr,1970-01-01T06:01:00Z,-98,AA/ ORD,2021
AA,ORD,arr,1970-01-01T06:11:00Z,-73,AA/ ORD,2021
AA,ORD,arr,1970-01-01T06:21:00Z,-177,AA/ ORD,2021
AA,ORD,arr,1970-01-01T06:31:00Z,-241,AA/ ORD,2021
AA,ORD,arr,1970-01-01T06:41:00Z,-281,AA/ ORD,2021
AA,ORD,arr,1970-01-01T06:51:00Z,-277,AA/ ORD,2021
AA,ORD,arr,1970-01-01T07:01:00Z,-550,AA/ ORD,2021
AA,ORD,arr,1970-01-01T07:11:00Z,-434,AA/ ORD,2021
AA,ORD,arr,1970-01-01T07:21:00Z,-357,AA/ ORD,2021
AA,ORD,arr,1970-01-01T07:31:00Z,-148,AA/ ORD,2021
AA,ORD,arr,1970-01-01T07:41:00Z,-94,AA/ ORD,2021
AA,ORD,arr,1970-01-01T07:51:00Z,-104,AA/ ORD,2021
AA,ORD,arr,1970-01-01T08:01:00Z,-203,AA/ ORD,2021
AA,ORD,arr,1970-01-01T08:11:00Z,-350,AA/ ORD,2021
AA,ORD,arr,1970-01-01T08:21:00Z,-454,AA/ ORD,2021
AA,ORD,arr,1970-01-01T08:31:00Z,-418,AA/ ORD,2021
AA,ORD,arr,1970-01-01T08:41:00Z,-343,AA/ ORD,2021
AA,ORD,arr,1970-01-01T08:51:00Z,-259,AA/ ORD,2021
AA,ORD,arr,1970-01-01T09:01:00Z,-252,AA/ ORD,2021
AA,ORD,arr,1970-01-01T09:11:00Z,-289,AA/ ORD,2021
AA,ORD,arr,1970-01-01T09:21:00Z,-236,AA/ ORD,2021
AA,ORD,arr,1970-01-01T09:31:00Z,-193,AA/ ORD,2021
AA,ORD,arr,1970-01-01T09:41:00Z,-230,AA/ ORD,2021
AA,ORD,arr,1970-01-01T09:51:00Z,-283,AA/ ORD,2021
AA,ORD,arr,1970-01-01T10:01:00Z,-511,AA/ ORD,2021
AA,ORD,arr,1970-01-01T10:11:00Z,-642,AA/ ORD,2021
AA,ORD,arr,1970-01-01T10:21:00Z,-547,AA/ ORD,2021
AA,ORD,arr,1970-01-01T10:31:00Z,-496,AA/ ORD,2021
AA,ORD,arr,1970-01-01T10:41:00Z,-373,AA/ ORD,2021
AA,ORD,arr,1970-01-01T10:51:00Z,-329,AA/ ORD,2021
AA,ORD,arr,1970-01-01T11:01:00Z,-303,AA/ ORD,2021
AA,ORD,arr,1970-01-01T11:11:00Z,-328,AA/ ORD,2021
AA,ORD,arr,1970-01-01T11:21:00Z,-333,AA/ ORD,2021
AA,ORD,arr,1970-01-01T11:31:00Z,-310,AA/ ORD,2021
AA,ORD,arr,1970-01-01T11:41:00Z,-367,AA/ ORD,2021
AA,ORD,arr,1970-01-01T11:51:00Z,-508,AA/ ORD,2021
AA,ORD,arr,1970-01-01T12:01:00Z,-667,AA/ ORD,2021
AA,ORD,arr,1970-01-01T12:11:00Z,-819,AA/ ORD,2021
AA,ORD,arr,1970-01-01T12:21:00Z,-614,AA/ ORD,2021
AA,ORD,arr,1970-01-01T12:31:00Z,-361,AA/ ORD,2021
AA,ORD,arr,1970-01-01T12:41:00Z,-227,AA/ ORD,2021
AA,ORD,arr,1970-01-01T12:51:00Z,-172,AA/ ORD,2021
AA,ORD,arr,1970-01-01T13:01:00Z,-179,AA/ ORD,2021
AA,ORD,arr,1970-01-01T13:11:00Z,-190,AA/ ORD,2021
AA,ORD,arr,1970-01-01T13:21:00Z,-184,AA/ ORD,2021
AA,ORD,arr,1970-01-01T13:31:00Z,-298,AA/ ORD,2021
AA,ORD,arr,1970-01-01T13:41:00Z,-474,AA/ ORD,2021
AA,ORD,arr,1970-01-01T13:51:00Z,-639,AA/ ORD,2021
AA,ORD,arr,1970-01-01T14:01:00Z,-550,AA/ ORD,2021
AA,ORD,arr,1970-01-01T14:11:00Z,-443,AA/ ORD,2021
AA,ORD,arr,1970-01-01T14:21:00Z,-308,AA/ ORD,2021
AA,ORD,arr,1970-01-01T14:31:00Z,-265,AA/ ORD,2021
AA,ORD,arr,1970-01-01T14:41:00Z,-313,AA/ ORD,2021
AA,ORD,arr,1970-01-01T14:51:00Z,-364,AA/ ORD,2021
AA,ORD,arr,1970-01-01T15:01:00Z,-350,AA/ ORD,2021
AA,ORD,arr,1970-01-01T15:11:00Z,-355,AA/ ORD,2021
AA,ORD,arr,1970-01-01T15:21:00Z,-419,AA/ ORD,2021
AA,ORD,arr,1970-01-01T15:31:00Z,-625,AA/ ORD,2021
AA,ORD,arr,1970-01-01T15:41:00Z,-820,AA/ ORD,2021
AA,ORD,arr,1970-01-01T15:51:00Z,-720,AA/ ORD,2021
AA,ORD,arr,1970-01-01T16:01:00Z,-594,AA/ ORD,2021
AA,ORD,arr,1970-01-01T16:11:00Z,-526,AA/ ORD,2021
AA,ORD,arr,1970-01-01T16:21:00Z,-463,AA/ ORD,2021
AA,ORD,arr,1970-01-01T16:31:00Z,-417,AA/ ORD,2021
AA,ORD,arr,1970-01-01T16:41:00Z,-333,AA/ ORD,2021
AA,ORD,arr,1970-01-01T16:51:00Z,-297,AA/ ORD,2021
AA,ORD,arr,1970-01-01T17:01:00Z,-289,AA/ ORD,2021
AA,ORD,arr,1970-01-01T17:11:00Z,-327,AA/ ORD,2021
AA,ORD,arr,1970-01-01T17:21:00Z,-534,AA/ ORD,2021
AA,ORD,arr,1970-01-01T17:31:00Z,-739,AA/ ORD,2021
AA,ORD,arr,1970-01-01T17:41:00Z,-903,AA/ ORD,2021
AA,ORD,arr,1970-01-01T17:51:00Z,-786,AA/ ORD,2021
AA,ORD,arr,1970-01-01T18:01:00Z,-593,AA/ ORD,2021
AA,ORD,arr,1970-01-01T18:11:00Z,-464,AA/ ORD,2021
AA,ORD,arr,1970-01-01T18:21:00Z,-342,AA/ ORD,2021
AA,ORD,arr,1970-01-01T18:31:00Z,-322,AA/ ORD,2021
AA,ORD,arr,1970-01-01T18:41:00Z,-405,AA/ ORD,2021
AA,ORD,arr,1970-01-01T18:51:00Z,-455,AA/ ORD,2021
AA,ORD,arr,1970-01-01T19:01:00Z,-529,AA/ ORD,2021
AA,ORD,arr,1970-01-01T19:11:00Z,-618,AA/ ORD,2021
AA,ORD,arr,1970-01-01T19:21:00Z,-685,AA/ ORD,2021
AA,ORD,arr,1970-01-01T19:31:00Z,-640,AA/ ORD,2021
AA,ORD,arr,1970-01-01T19:41:00Z,-585,AA/ ORD,2021
AA,ORD,arr,1970-01-01T19:51:00Z,-498,AA/ ORD,2021
AA,ORD,arr,1970-01-01T20:01:00Z,-402,AA/ ORD,2021
AA,ORD,arr,1970-01-01T20:11:00Z,-360,AA/ ORD,2021
AA,ORD,arr,1970-01-01T20:21:00Z,-340,AA/ ORD,2021
AA,ORD,arr,1970-01-01T20:31:00Z,-288,AA/ ORD,2021
AA,ORD,arr,1970-01-01T20:41:00Z,-267,AA/ ORD,2021
AA,ORD,arr,1970-01-01T20:51:00Z,-332,AA/ ORD,2021
AA,ORD,arr,1970-01-01T21:01:00Z,-362,AA/ ORD,2021
AA,ORD,arr,1970-01-01T21:11:00Z,-510,AA/ ORD,2021
AA,ORD,arr,1970-01-01T21:21:00Z,-443,AA/ ORD,2021
AA,ORD,arr,1970-01-01T21:31:00Z,-362,AA/ ORD,2021
AA,ORD,arr,1970-01-01T21:41:00Z,-295,AA/ ORD,2021
AA,ORD,arr,1970-01-01T21:51:00Z,-234,AA/ ORD,2021
AA,ORD,arr,1970-01-01T22:01:00Z,-214,AA/ ORD,2021
AA,ORD,arr,1970-01-01T22:11:00Z,-153,AA/ ORD,2021
AA,ORD,arr,1970-01-01T22:21:00Z,-165,AA/ ORD,2021
AA,ORD,arr,1970-01-01T22:31:00Z,-168,AA/ ORD,2021
AA,ORD,arr,1970-01-01T22:41:00Z,-174,AA/ ORD,2021
AA,ORD,arr,1970-01-01T22:51:00Z,-204,AA/ ORD,2021
AA,ORD,arr,1970-01-01T23:01:00Z,-238,AA/ ORD,2021
AA,ORD,arr,1970-01-01T23:11:00Z,-229,AA/ ORD,2021
AA,ORD,arr,1970-01-01T23:21:00Z,-198,AA/ ORD,2021
AA,ORD,arr,1970-01-01T23:31:00Z,-209,AA/ ORD,2021
AA,ORD,arr,1970-01-01T23:41:00Z,-188,AA/ ORD,2021
AA,ORD,arr,1970-01-01T23:51:00Z,-187,AA/ ORD,2021
AA,ORD,dep,1970-01-01T00:01:00Z,8,AA/ ORD,2021
AA,ORD,dep,1970-01-01T00:11:00Z,6,AA/ ORD,2021
AA,ORD,dep,1970-01-01T00:21:00Z,3,AA/ ORD,2021
AA,ORD,dep,1970-01-01T00:31:00Z,6,AA/ ORD,2021
AA,ORD,dep,1970-01-01T00:41:00Z,7,AA/ ORD,2021
AA,ORD,dep,1970-01-01T01:01:00Z,2,AA/ ORD,2021
AA,ORD,dep,1970-01-01T01:21:00Z,1,AA/ ORD,2021
AA,ORD,dep,1970-01-01T04:41:00Z,6,AA/ ORD,2021
AA,ORD,dep,1970-01-01T04:51:00Z,228,AA/ ORD,2021
AA,ORD,dep,1970-01-01T05:01:00Z,200,AA/ ORD,2021
AA,ORD,dep,1970-01-01T05:11:00Z,156,AA/ ORD,2021
AA,ORD,dep,1970-01-01T05:21:00Z,248,AA/ ORD,2021
AA,ORD,dep,1970-01-01T05:31:00Z,105,AA/ ORD,2021
AA,ORD,dep,1970-01-01T05:41:00Z,101,AA/ ORD,2021
AA,ORD,dep,1970-01-01T05:51:00Z,476,AA/ ORD,2021
AA,ORD,dep,1970-01-01T06:01:00Z,136,AA/ ORD,2021
AA,ORD,dep,1970-01-01T06:11:00Z,140,AA/ ORD,2021
AA,ORD,dep,1970-01-01T06:21:00Z,228,AA/ ORD,2021
AA,ORD,dep,1970-01-01T06:31:00Z,101,AA/ ORD,2021
AA,ORD,dep,1970-01-01T06:41:00Z,60,AA/ ORD,2021
AA,ORD,dep,1970-01-01T06:51:00Z,878,AA/ ORD,2021
AA,ORD,dep,1970-01-01T07:01:00Z,553,AA/ ORD,2021
AA,ORD,dep,1970-01-01T07:11:00Z,376,AA/ ORD,2021
AA,ORD,dep,1970-01-01T07:21:00Z,254,AA/ ORD,2021
AA,ORD,dep,1970-01-01T07:31:00Z,157,AA/ ORD,2021
AA,ORD,dep,1970-01-01T07:41:00Z,460,AA/ ORD,2021
AA,ORD,dep,1970-01-01T07:51:00Z,603,AA/ ORD,2021
AA,ORD,dep,1970-01-01T08:01:00Z,1033,AA/ ORD,2021
AA,ORD,dep,1970-01-01T08:11:00Z,922,AA/ ORD,2021
AA,ORD,dep,1970-01-01T08:21:00Z,1135,AA/ ORD,2021
AA,ORD,dep,1970-01-01T08:31:00Z,900,AA/ ORD,2021
AA,ORD,dep,1970-01-01T08:41:00Z,601,AA/ ORD,2021
AA,ORD,dep,1970-01-01T08:51:00Z,447,AA/ ORD,2021
AA,ORD,dep,1970-01-01T09:01:00Z,281,AA/ ORD,2021
AA,ORD,dep,1970-01-01T09:11:00Z,308,AA/ ORD,2021
AA,ORD,dep,1970-01-01T09:21:00Z,530,AA/ ORD,2021
AA,ORD,dep,1970-01-01T09:31:00Z,679,AA/ ORD,2021
AA,ORD,dep,1970-01-01T09:41:00Z,743,AA/ ORD,2021
AA,ORD,dep,1970-01-01T09:51:00Z,787,AA/ ORD,2021
AA,ORD,dep,1970-01-01T10:01:00Z,420,AA/ ORD,2021
AA,ORD,dep,1970-01-01T10:11:00Z,331,AA/ ORD,2021
AA,ORD,dep,1970-01-01T10:21:00Z,487,AA/ ORD,2021
AA,ORD,dep,1970-01-01T10:31:00Z,404,AA/ ORD,2021
AA,ORD,dep,1970-01-01T10:41:00Z,355,AA/ ORD,2021
AA,ORD,dep,1970-01-01T10:51:00Z,247,AA/ ORD,2021
AA,ORD,dep,1970-01-01T11:01:00Z,169,AA/ ORD,2021
AA,ORD,dep,1970-01-01T11:11:00Z,163,AA/ ORD,2021
AA,ORD,dep,1970-01-01T11:21:00Z,567,AA/ ORD,2021
AA,ORD,dep,1970-01-01T11:31:00Z,619,AA/ ORD,2021
AA,ORD,dep,1970-01-01T11:41:00Z,608,AA/ ORD,2021
AA,ORD,dep,1970-01-01T11:51:00Z,478,AA/ ORD,2021
AA,ORD,dep,1970-01-01T12:01:00Z,310,AA/ ORD,2021
AA,ORD,dep,1970-01-01T12:11:00Z,328,AA/ ORD,2021
AA,ORD,dep,1970-01-01T12:21:00Z,489,AA/ ORD,2021
AA,ORD,dep,1970-01-01T12:31:00Z,397,AA/ ORD,2021
AA,ORD,dep,1970-01-01T12:41:00Z,270,AA/ ORD,2021
AA,ORD,dep,1970-01-01T12:51:00Z,343,AA/ ORD,2021
AA,ORD,dep,1970-01-01T13:01:00Z,278,AA/ ORD,2021
AA,ORD,dep,1970-01-01T13:11:00Z,572,AA/ ORD,2021
AA,ORD,dep,1970-01-01T13:21:00Z,790,AA/ ORD,2021
AA,ORD,dep,1970-01-01T13:31:00Z,725,AA/ ORD,2021
AA,ORD,dep,1970-01-01T13:41:00Z,491,AA/ ORD,2021
AA,ORD,dep,1970-01-01T13:51:00Z,300,AA/ ORD,2021
AA,ORD,dep,1970-01-01T14:01:00Z,286,AA/ ORD,2021
AA,ORD,dep,1970-01-01T14:11:00Z,141,AA/ ORD,2021
AA,ORD,dep,1970-01-01T14:21:00Z,161,AA/ ORD,2021
AA,ORD,dep,1970-01-01T14:31:00Z,95,AA/ ORD,2021
AA,ORD,dep,1970-01-01T14:41:00Z,66,AA/ ORD,2021
AA,ORD,dep,1970-01-01T14:51:00Z,262,AA/ ORD,2021
AA,ORD,dep,1970-01-01T15:01:00Z,468,AA/ ORD,2021
AA,ORD,dep,1970-01-01T15:11:00Z,542,AA/ ORD,2021
AA,ORD,dep,1970-01-01T15:21:00Z,789,AA/ ORD,2021
AA,ORD,dep,1970-01-01T15:31:00Z,522,AA/ ORD,2021
AA,ORD,dep,1970-01-01T15:41:00Z,287,AA/ ORD,2021
AA,ORD,dep,1970-01-01T15:51:00Z,264,AA/ ORD,2021
AA,ORD,dep,1970-01-01T16:01:00Z,222,AA/ ORD,2021
AA,ORD,dep,1970-01-01T16:11:00Z,206,AA/ ORD,2021
AA,ORD,dep,1970-01-01T16:21:00Z,210,AA/ ORD,2021
AA,ORD,dep,1970-01-01T16:31:00Z,230,AA/ ORD,2021
AA,ORD,dep,1970-01-01T16:41:00Z,451,AA/ ORD,2021
AA,ORD,dep,1970-01-01T16:51:00Z,576,AA/ ORD,2021
AA,ORD,dep,1970-01-01T17:01:00Z,710,AA/ ORD,2021
AA,ORD,dep,1970-01-01T17:11:00Z,827,AA/ ORD,2021
AA,ORD,dep,1970-01-01T17:21:00Z,745,AA/ ORD,2021
AA,ORD,dep,1970-01-01T17:31:00Z,542,AA/ ORD,2021
AA,ORD,dep,1970-01-01T17:41:00Z,489,AA/ ORD,2021
AA,ORD,dep,1970-01-01T17:51:00Z,374,AA/ ORD,2021
AA,ORD,dep,1970-01-01T18:01:00Z,199,AA/ ORD,2021
AA,ORD,dep,1970-01-01T18:11:00Z,149,AA/ ORD,2021
AA,ORD,dep,1970-01-01T18:21:00Z,172,AA/ ORD,2021
AA,ORD,dep,1970-01-01T18:31:00Z,194,AA/ ORD,2021
AA,ORD,dep,1970-01-01T18:41:00Z,286,AA/ ORD,2021
AA,ORD,dep,1970-01-01T18:51:00Z,646,AA/ ORD,2021
AA,ORD,dep,1970-01-01T19:01:00Z,815,AA/ ORD,2021
AA,ORD,dep,1970-01-01T19:11:00Z,859,AA/ ORD,2021
AA,ORD,dep,1970-01-01T19:21:00Z,675,AA/ ORD,2021
AA,ORD,dep,1970-01-01T19:31:00Z,468,AA/ ORD,2021
AA,ORD,dep,1970-01-01T19:41:00Z,340,AA/ ORD,2021
AA,ORD,dep,1970-01-01T19:51:00Z,310,AA/ ORD,2021
AA,ORD,dep,1970-01-01T20:01:00Z,434,AA/ ORD,2021
AA,ORD,dep,1970-01-01T20:11:00Z,287,AA/ ORD,2021
AA,ORD,dep,1970-01-01T20:21:00Z,365,AA/ ORD,2021
AA,ORD,dep,1970-01-01T20:31:00Z,511,AA/ ORD,2021
AA,ORD,dep,1970-01-01T20:41:00Z,559,AA/ ORD,2021
AA,ORD,dep,1970-01-01T20:51:00Z,487,AA/ ORD,2021
AA,ORD,dep,1970-01-01T21:01:00Z,391,AA/ ORD,2021
AA,ORD,dep,1970-01-01T21:11:00Z,309,AA/ ORD,2021
AA,ORD,dep,1970-01-01T21:21:00Z,281,AA/ ORD,2021
AA,ORD,dep,1970-01-01T21:31:00Z,202,AA/ ORD,2021
AA,ORD,dep,1970-01-01T21:41:00Z,131,AA/ ORD,2021
AA,ORD,dep,1970-01-01T21:51:00Z,75,AA/ ORD,2021
AA,ORD,dep,1970-01-01T22:01:00Z,86,AA/ ORD,2021
AA,ORD,dep,1970-01-01T22:11:00Z,79,AA/ ORD,2021
AA,ORD,dep,1970-01-01T22:21:00Z,50,AA/ ORD,2021
AA,ORD,dep,1970-01-01T22:31:00Z,31,AA/ ORD,2021
AA,ORD,dep,1970-01-01T22:41:00Z,37,AA/ ORD,2021
AA,ORD,dep,1970-01-01T22:51:00Z,24,AA/ ORD,2021
AA,ORD,dep,1970-01-01T23:01:00Z,20,AA/ ORD,2021
AA,ORD,dep,1970-01-01T23:11:00Z,22,AA/ ORD,2021
AA,ORD,dep,1970-01-01T23:21:00Z,10,AA/ ORD,2021
AA,ORD,dep,1970-01-01T23:31:00Z,8,AA/ ORD,2021
AA,ORD,dep,1970-01-01T23:41:00Z,6,AA/ ORD,2021
AA,ORD,dep,1970-01-01T23:51:00Z,5,AA/ ORD,2021
UA,ORD,arr,1970-01-01T00:01:00Z,-94,UA/ ORD,2021
UA,ORD,arr,1970-01-01T00:11:00Z,-91,UA/ ORD,2021
UA,ORD,arr,1970-01-01T00:21:00Z,-109,UA/ ORD,2021
UA,ORD,arr,1970-01-01T00:31:00Z,-57,UA/ ORD,2021
UA,ORD,arr,1970-01-01T00:41:00Z,-33,UA/ ORD,2021
UA,ORD,arr,1970-01-01T00:51:00Z,-29,UA/ ORD,2021
UA,ORD,arr,1970-01-01T01:01:00Z,-26,UA/ ORD,2021
UA,ORD,arr,1970-01-01T01:11:00Z,-25,UA/ ORD,2021
UA,ORD,arr,1970-01-01T01:21:00Z,-18,UA/ ORD,2021
UA,ORD,arr,1970-01-01T01:31:00Z,-13,UA/ ORD,2021
UA,ORD,arr,1970-01-01T01:41:00Z,-9,UA/ ORD,2021
UA,ORD,arr,1970-01-01T01:51:00Z,-4,UA/ ORD,2021
UA,ORD,arr,1970-01-01T02:01:00Z,-10,UA/ ORD,2021
UA,ORD,arr,1970-01-01T02:11:00Z,-9,UA/ ORD,2021
UA,ORD,arr,1970-01-01T02:21:00Z,-3,UA/ ORD,2021
UA,ORD,arr,1970-01-01T02:31:00Z,-7,UA/ ORD,2021
UA,ORD,arr,1970-01-01T02:41:00Z,-2,UA/ ORD,2021
UA,ORD,arr,1970-01-01T02:51:00Z,-2,UA/ ORD,2021
UA,ORD,arr,1970-01-01T03:01:00Z,-4,UA/ ORD,2021
UA,ORD,arr,1970-01-01T03:11:00Z,-2,UA/ ORD,2021
UA,ORD,arr,1970-01-01T03:21:00Z,-2,UA/ ORD,2021
UA,ORD,arr,1970-01-01T03:31:00Z,-8,UA/ ORD,2021
UA,ORD,arr,1970-01-01T03:41:00Z,-27,UA/ ORD,2021
UA,ORD,arr,1970-01-01T03:51:00Z,-50,UA/ ORD,2021
UA,ORD,arr,1970-01-01T04:01:00Z,-64,UA/ ORD,2021
UA,ORD,arr,1970-01-01T04:11:00Z,-35,UA/ ORD,2021
UA,ORD,arr,1970-01-01T04:21:00Z,-18,UA/ ORD,2021
UA,ORD,arr,1970-01-01T04:31:00Z,-9,UA/ ORD,2021
UA,ORD,arr,1970-01-01T04:41:00Z,-27,UA/ ORD,2021
UA,ORD,arr,1970-01-01T04:51:00Z,-79,UA/ ORD,2021
UA,ORD,arr,1970-01-01T05:01:00Z,-148,UA/ ORD,2021
UA,ORD,arr,1970-01-01T05:11:00Z,-220,UA/ ORD,2021
UA,ORD,arr,1970-01-01T05:21:00Z,-298,UA/ ORD,2021
UA,ORD,arr,1970-01-01T05:31:00Z,-336,UA/ ORD,2021
UA,ORD,arr,1970-01-01T05:41:00Z,-328,UA/ ORD,2021
UA,ORD,arr,1970-01-01T05:51:00Z,-277,UA/ ORD,2021
UA,ORD,arr,1970-01-01T06:01:00Z,-294,UA/ ORD,2021
UA,ORD,arr,1970-01-01T06:11:00Z,-253,UA/ ORD,2021
UA,ORD,arr,1970-01-01T06:21:00Z,-210,UA/ ORD,2021
UA,ORD,arr,1970-01-01T06:31:00Z,-110,UA/ ORD,2021
UA,ORD,arr,1970-01-01T06:41:00Z,-66,UA/ ORD,2021
UA,ORD,arr,1970-01-01T06:51:00Z,-102,UA/ ORD,2021
UA,ORD,arr,1970-01-01T07:01:00Z,-199,UA/ ORD,2021
UA,ORD,arr,1970-01-01T07:11:00Z,-350,UA/ ORD,2021
UA,ORD,arr,1970-01-01T07:21:00Z,-740,UA/ ORD,2021
UA,ORD,arr,1970-01-01T07:31:00Z,-1054,UA/ ORD,2021
UA,ORD,arr,1970-01-01T07:41:00Z,-1303,UA/ ORD,2021
UA,ORD,arr,1970-01-01T07:51:00Z,-1353,UA/ ORD,2021
UA,ORD,arr,1970-01-01T08:01:00Z,-914,UA/ ORD,2021
UA,ORD,arr,1970-01-01T08:11:00Z,-390,UA/ ORD,2021
UA,ORD,arr,1970-01-01T08:21:00Z,-164,UA/ ORD,2021
UA,ORD,arr,1970-01-01T08:31:00Z,-91,UA/ ORD,2021
UA,ORD,arr,1970-01-01T08:41:00Z,-53,UA/ ORD,2021
UA,ORD,arr,1970-01-01T08:51:00Z,-96,UA/ ORD,2021
UA,ORD,arr,1970-01-01T09:01:00Z,-182,UA/ ORD,2021
UA,ORD,arr,1970-01-01T09:11:00Z,-465,UA/ ORD,2021
UA,ORD,arr,1970-01-01T09:21:00Z,-1010,UA/ ORD,2021
UA,ORD,arr,1970-01-01T09:31:00Z,-1283,UA/ ORD,2021
UA,ORD,arr,1970-01-01T09:41:00Z,-971,UA/ ORD,2021
UA,ORD,arr,1970-01-01T09:51:00Z,-536,UA/ ORD,2021
UA,ORD,arr,1970-01-01T10:01:00Z,-186,UA/ ORD,2021
UA,ORD,arr,1970-01-01T10:11:00Z,-68,UA/ ORD,2021
UA,ORD,arr,1970-01-01T10:21:00Z,-41,UA/ ORD,2021
UA,ORD,arr,1970-01-01T10:31:00Z,-59,UA/ ORD,2021
UA,ORD,arr,1970-01-01T10:41:00Z,-45,UA/ ORD,2021
UA,ORD,arr,1970-01-01T10:51:00Z,-68,UA/ ORD,2021
UA,ORD,arr,1970-01-01T11:01:00Z,-171,UA/ ORD,2021
UA,ORD,arr,1970-01-01T11:11:00Z,-324,UA/ ORD,2021
UA,ORD,arr,1970-01-01T11:21:00Z,-427,UA/ ORD,2021
UA,ORD,arr,1970-01-01T11:31:00Z,-459,UA/ ORD,2021
UA,ORD,arr,1970-01-01T11:41:00Z,-418,UA/ ORD,2021
UA,ORD,arr,1970-01-01T11:51:00Z,-350,UA/ ORD,2021
UA,ORD,arr,1970-01-01T12:01:00Z,-269,UA/ ORD,2021
UA,ORD,arr,1970-01-01T12:11:00Z,-416,UA/ ORD,2021
UA,ORD,arr,1970-01-01T12:21:00Z,-610,UA/ ORD,2021
UA,ORD,arr,1970-01-01T12:31:00Z,-822,UA/ ORD,2021
UA,ORD,arr,1970-01-01T12:41:00Z,-1143,UA/ ORD,2021
UA,ORD,arr,1970-01-01T12:51:00Z,-1299,UA/ ORD,2021
UA,ORD,arr,1970-01-01T13:01:00Z,-1286,UA/ ORD,2021
UA,ORD,arr,1970-01-01T13:11:00Z,-937,UA/ ORD,2021
UA,ORD,arr,1970-01-01T13:21:00Z,-383,UA/ ORD,2021
UA,ORD,arr,1970-01-01T13:31:00Z,-210,UA/ ORD,2021
UA,ORD,arr,1970-01-01T13:41:00Z,-121,UA/ ORD,2021
UA,ORD,arr,1970-01-01T13:51:00Z,-100,UA/ ORD,2021
UA,ORD,arr,1970-01-01T14:01:00Z,-185,UA/ ORD,2021
UA,ORD,arr,1970-01-01T14:11:00Z,-311,UA/ ORD,2021
UA,ORD,arr,1970-01-01T14:21:00Z,-510,UA/ ORD,2021
UA,ORD,arr,1970-01-01T14:31:00Z,-642,UA/ ORD,2021
UA,ORD,arr,1970-01-01T14:41:00Z,-529,UA/ ORD,2021
UA,ORD,arr,1970-01-01T14:51:00Z,-362,UA/ ORD,2021
UA,ORD,arr,1970-01-01T15:01:00Z,-207,UA/ ORD,2021
UA,ORD,arr,1970-01-01T15:11:00Z,-144,UA/ ORD,2021
UA,ORD,arr,1970-01-01T15:21:00Z,-84,UA/ ORD,2021
UA,ORD,arr,1970-01-01T15:31:00Z,-69,UA/ ORD,2021
UA,ORD,arr,1970-01-01T15:41:00Z,-77,UA/ ORD,2021
UA,ORD,arr,1970-01-01T15:51:00Z,-161,UA/ ORD,2021
UA,ORD,arr,1970-01-01T16:01:00Z,-354,UA/ ORD,2021
UA,ORD,arr,1970-01-01T16:11:00Z,-633,UA/ ORD,2021
UA,ORD,arr,1970-01-01T16:21:00Z,-947,UA/ ORD,2021
UA,ORD,arr,1970-01-01T16:31:00Z,-1226,UA/ ORD,2021
UA,ORD,arr,1970-01-01T16:41:00Z,-1480,UA/ ORD,2021
UA,ORD,arr,1970-01-01T16:51:00Z,-1559,UA/ ORD,2021
UA,ORD,arr,1970-01-01T17:01:00Z,-1180,UA/ ORD,2021
UA,ORD,arr,1970-01-01T17:11:00Z,-538,UA/ ORD,2021
UA,ORD,arr,1970-01-01T17:21:00Z,-334,UA/ ORD,2021
UA,ORD,arr,1970-01-01T17:31:00Z,-247,UA/ ORD,2021
UA,ORD,arr,1970-01-01T17:41:00Z,-222,UA/ ORD,2021
UA,ORD,arr,1970-01-01T17:51:00Z,-233,UA/ ORD,2021
UA,ORD,arr,1970-01-01T18:01:00Z,-349,UA/ ORD,2021
UA,ORD,arr,1970-01-01T18:11:00Z,-542,UA/ ORD,2021
UA,ORD,arr,1970-01-01T18:21:00Z,-695,UA/ ORD,2021
UA,ORD,arr,1970-01-01T18:31:00Z,-946,UA/ ORD,2021
UA,ORD,arr,1970-01-01T18:41:00Z,-954,UA/ ORD,2021
UA,ORD,arr,1970-01-01T18:51:00Z,-809,UA/ ORD,2021
UA,ORD,arr,1970-01-01T19:01:00Z,-544,UA/ ORD,2021
UA,ORD,arr,1970-01-01T19:11:00Z,-338,UA/ ORD,2021
UA,ORD,arr,1970-01-01T19:21:00Z,-262,UA/ ORD,2021
UA,ORD,arr,1970-01-01T19:31:00Z,-248,UA/ ORD,2021
UA,ORD,arr,1970-01-01T19:41:00Z,-287,UA/ ORD,2021
UA,ORD,arr,1970-01-01T19:51:00Z,-468,UA/ ORD,2021
UA,ORD,arr,1970-01-01T20:01:00Z,-576,UA/ ORD,2021
UA,ORD,arr,1970-01-01T20:11:00Z,-544,UA/ ORD,2021
UA,ORD,arr,1970-01-01T20:21:00Z,-335,UA/ ORD,2021
UA,ORD,arr,1970-01-01T20:31:00Z,-245,UA/ ORD,2021
UA,ORD,arr,1970-01-01T20:41:00Z,-164,UA/ ORD,2021
UA,ORD,arr,1970-01-01T20:51:00Z,-166,UA/ ORD,2021
UA,ORD,arr,1970-01-01T21:01:00Z,-173,UA/ ORD,2021
UA,ORD,arr,1970-01-01T21:11:00Z,-192,UA/ ORD,2021
UA,ORD,arr,1970-01-01T21:21:00Z,-165,UA/ ORD,2021
UA,ORD,arr,1970-01-01T21:31:00Z,-156,UA/ ORD,2021
UA,ORD,arr,1970-01-01T21:41:00Z,-164,UA/ ORD,2021
UA,ORD,arr,1970-01-01T21:51:00Z,-186,UA/ ORD,2021
UA,ORD,arr,1970-01-01T22:01:00Z,-174,UA/ ORD,2021
UA,ORD,arr,1970-01-01T22:11:00Z,-165,UA/ ORD,2021
UA,ORD,arr,1970-01-01T22:21:00Z,-172,UA/ ORD,2021
UA,ORD,arr,1970-01-01T22:31:00Z,-208,UA/ ORD,2021
UA,ORD,arr,1970-01-01T22:41:00Z,-234,UA/ ORD,2021
UA,ORD,arr,1970-01-01T22:51:00Z,-200,UA/ ORD,2021
UA,ORD,arr,1970-01-01T23:01:00Z,-201,UA/ ORD,2021
UA,ORD,arr,1970-01-01T23:11:00Z,-180,UA/ ORD,2021
UA,ORD,arr,1970-01-01T23:21:00Z,-110,UA/ ORD,2021
UA,ORD,arr,1970-01-01T23:31:00Z,-100,UA/ ORD,2021
UA,ORD,arr,1970-01-01T23:41:00Z,-94,UA/ ORD,2021
UA,ORD,arr,1970-01-01T23:51:00Z,-84,UA/ ORD,2021
UA,ORD,dep,1970-01-01T00:01:00Z,12,UA/ ORD,2021
UA,ORD,dep,1970-01-01T00:11:00Z,8,UA/ ORD,2021
UA,ORD,dep,1970-01-01T00:21:00Z,8,UA/ ORD,2021
UA,ORD,dep,1970-01-01T00:31:00Z,9,UA/ ORD,2021
UA,ORD,dep,1970-01-01T00:41:00Z,2,UA/ ORD,2021
UA,ORD,dep,1970-01-01T00:51:00Z,4,UA/ ORD,2021
UA,ORD,dep,1970-01-01T01:01:00Z,3,UA/ ORD,2021
UA,ORD,dep,1970-01-01T01:11:00Z,2,UA/ ORD,2021
UA,ORD,dep,1970-01-01T01:31:00Z,2,UA/ ORD,2021
UA,ORD,dep,1970-01-01T01:41:00Z,1,UA/ ORD,2021
UA,ORD,dep,1970-01-01T04:41:00Z,2,UA/ ORD,2021
UA,ORD,dep,1970-01-01T04:51:00Z,50,UA/ ORD,2021
UA,ORD,dep,1970-01-01T05:01:00Z,3,UA/ ORD,2021
UA,ORD,dep,1970-01-01T05:11:00Z,23,UA/ ORD,2021
UA,ORD,dep,1970-01-01T05:21:00Z,109,UA/ ORD,2021
UA,ORD,dep,1970-01-01T05:31:00Z,7,UA/ ORD,2021
UA,ORD,dep,1970-01-01T05:41:00Z,23,UA/ ORD,2021
UA,ORD,dep,1970-01-01T05:51:00Z,414,UA/ ORD,2021
UA,ORD,dep,1970-01-01T06:01:00Z,36,UA/ ORD,2021
UA,ORD,dep,1970-01-01T06:11:00Z,19,UA/ ORD,2021
UA,ORD,dep,1970-01-01T06:21:00Z,31,UA/ ORD,2021
UA,ORD,dep,1970-01-01T06:31:00Z,15,UA/ ORD,2021
UA,ORD,dep,1970-01-01T06:41:00Z,50,UA/ ORD,2021
UA,ORD,dep,1970-01-01T06:51:00Z,439,UA/ ORD,2021
UA,ORD,dep,1970-01-01T07:01:00Z,771,UA/ ORD,2021
UA,ORD,dep,1970-01-01T07:11:00Z,1389,UA/ ORD,2021
UA,ORD,dep,1970-01-01T07:21:00Z,775,UA/ ORD,2021
UA,ORD,dep,1970-01-01T07:31:00Z,546,UA/ ORD,2021
UA,ORD,dep,1970-01-01T07:41:00Z,356,UA/ ORD,2021
UA,ORD,dep,1970-01-01T07:51:00Z,243,UA/ ORD,2021
UA,ORD,dep,1970-01-01T08:01:00Z,59,UA/ ORD,2021
UA,ORD,dep,1970-01-01T08:11:00Z,36,UA/ ORD,2021
UA,ORD,dep,1970-01-01T08:21:00Z,37,UA/ ORD,2021
UA,ORD,dep,1970-01-01T08:31:00Z,43,UA/ ORD,2021
UA,ORD,dep,1970-01-01T08:41:00Z,1576,UA/ ORD,2021
UA,ORD,dep,1970-01-01T08:51:00Z,2603,UA/ ORD,2021
UA,ORD,dep,1970-01-01T09:01:00Z,1671,UA/ ORD,2021
UA,ORD,dep,1970-01-01T09:11:00Z,1152,UA/ ORD,2021
UA,ORD,dep,1970-01-01T09:21:00Z,755,UA/ ORD,2021
UA,ORD,dep,1970-01-01T09:31:00Z,487,UA/ ORD,2021
UA,ORD,dep,1970-01-01T09:41:00Z,349,UA/ ORD,2021
UA,ORD,dep,1970-01-01T09:51:00Z,142,UA/ ORD,2021
UA,ORD,dep,1970-01-01T10:01:00Z,99,UA/ ORD,2021
UA,ORD,dep,1970-01-01T10:11:00Z,95,UA/ ORD,2021
UA,ORD,dep,1970-01-01T10:21:00Z,81,UA/ ORD,2021
UA,ORD,dep,1970-01-01T10:31:00Z,1003,UA/ ORD,2021
UA,ORD,dep,1970-01-01T10:41:00Z,1386,UA/ ORD,2021
UA,ORD,dep,1970-01-01T10:51:00Z,1416,UA/ ORD,2021
UA,ORD,dep,1970-01-01T11:01:00Z,749,UA/ ORD,2021
UA,ORD,dep,1970-01-01T11:11:00Z,443,UA/ ORD,2021
UA,ORD,dep,1970-01-01T11:21:00Z,236,UA/ ORD,2021
UA,ORD,dep,1970-01-01T11:31:00Z,109,UA/ ORD,2021
UA,ORD,dep,1970-01-01T11:41:00Z,87,UA/ ORD,2021
UA,ORD,dep,1970-01-01T11:51:00Z,56,UA/ ORD,2021
UA,ORD,dep,1970-01-01T12:01:00Z,43,UA/ ORD,2021
UA,ORD,dep,1970-01-01T12:11:00Z,45,UA/ ORD,2021
UA,ORD,dep,1970-01-01T12:21:00Z,67,UA/ ORD,2021
UA,ORD,dep,1970-01-01T12:31:00Z,215,UA/ ORD,2021
UA,ORD,dep,1970-01-01T12:41:00Z,611,UA/ ORD,2021
UA,ORD,dep,1970-01-01T12:51:00Z,752,UA/ ORD,2021
UA,ORD,dep,1970-01-01T13:01:00Z,434,UA/ ORD,2021
UA,ORD,dep,1970-01-01T13:11:00Z,190,UA/ ORD,2021
UA,ORD,dep,1970-01-01T13:21:00Z,269,UA/ ORD,2021
UA,ORD,dep,1970-01-01T13:31:00Z,151,UA/ ORD,2021
UA,ORD,dep,1970-01-01T13:41:00Z,160,UA/ ORD,2021
UA,ORD,dep,1970-01-01T13:51:00Z,1065,UA/ ORD,2021
UA,ORD,dep,1970-01-01T14:01:00Z,1095,UA/ ORD,2021
UA,ORD,dep,1970-01-01T14:11:00Z,1406,UA/ ORD,2021
UA,ORD,dep,1970-01-01T14:21:00Z,1679,UA/ ORD,2021
UA,ORD,dep,1970-01-01T14:31:00Z,1121,UA/ ORD,2021
UA,ORD,dep,1970-01-01T14:41:00Z,578,UA/ ORD,2021
UA,ORD,dep,1970-01-01T14:51:00Z,200,UA/ ORD,2021
UA,ORD,dep,1970-01-01T15:01:00Z,124,UA/ ORD,2021
UA,ORD,dep,1970-01-01T15:11:00Z,104,UA/ ORD,2021
UA,ORD,dep,1970-01-01T15:21:00Z,107,UA/ ORD,2021
UA,ORD,dep,1970-01-01T15:31:00Z,466,UA/ ORD,2021
UA,ORD,dep,1970-01-01T15:41:00Z,657,UA/ ORD,2021
UA,ORD,dep,1970-01-01T15:51:00Z,683,UA/ ORD,2021
UA,ORD,dep,1970-01-01T16:01:00Z,313,UA/ ORD,2021
UA,ORD,dep,1970-01-01T16:11:00Z,192,UA/ ORD,2021
UA,ORD,dep,1970-01-01T16:21:00Z,125,UA/ ORD,2021
UA,ORD,dep,1970-01-01T16:31:00Z,164,UA/ ORD,2021
UA,ORD,dep,1970-01-01T16:41:00Z,121,UA/ ORD,2021
UA,ORD,dep,1970-01-01T16:51:00Z,60,UA/ ORD,2021
UA,ORD,dep,1970-01-01T17:01:00Z,59,UA/ ORD,2021
UA,ORD,dep,1970-01-01T17:11:00Z,55,UA/ ORD,2021
UA,ORD,dep,1970-01-01T17:21:00Z,44,UA/ ORD,2021
UA,ORD,dep,1970-01-01T17:31:00Z,40,UA/ ORD,2021
UA,ORD,dep,1970-01-01T17:41:00Z,546,UA/ ORD,2021
UA,ORD,dep,1970-01-01T17:51:00Z,1553,UA/ ORD,2021
UA,ORD,dep,1970-01-01T18:01:00Z,1590,UA/ ORD,2021
UA,ORD,dep,1970-01-01T18:11:00Z,1377,UA/ ORD,2021
UA,ORD,dep,1970-01-01T18:21:00Z,1283,UA/ ORD,2021
UA,ORD,dep,1970-01-01T18:31:00Z,568,UA/ ORD,2021
UA,ORD,dep,1970-01-01T18:41:00Z,390,UA/ ORD,2021
UA,ORD,dep,1970-01-01T18:51:00Z,225,UA/ ORD,2021
UA,ORD,dep,1970-01-01T19:01:00Z,139,UA/ ORD,2021
UA,ORD,dep,1970-01-01T19:11:00Z,96,UA/ ORD,2021
UA,ORD,dep,1970-01-01T19:21:00Z,187,UA/ ORD,2021
UA,ORD,dep,1970-01-01T19:31:00Z,731,UA/ ORD,2021
UA,ORD,dep,1970-01-01T19:41:00Z,999,UA/ ORD,2021
UA,ORD,dep,1970-01-01T19:51:00Z,1192,UA/ ORD,2021
UA,ORD,dep,1970-01-01T20:01:00Z,804,UA/ ORD,2021
UA,ORD,dep,1970-01-01T20:11:00Z,650,UA/ ORD,2021
UA,ORD,dep,1970-01-01T20:21:00Z,394,UA/ ORD,2021
UA,ORD,dep,1970-01-01T20:31:00Z,256,UA/ ORD,2021
UA,ORD,dep,1970-01-01T20:41:00Z,184,UA/ ORD,2021
UA,ORD,dep,1970-01-01T20:51:00Z,223,UA/ ORD,2021
UA,ORD,dep,1970-01-01T21:01:00Z,307,UA/ ORD,2021
UA,ORD,dep,1970-01-01T21:11:00Z,430,UA/ ORD,2021
UA,ORD,dep,1970-01-01T21:21:00Z,348,UA/ ORD,2021
UA,ORD,dep,1970-01-01T21:31:00Z,192,UA/ ORD,2021
UA,ORD,dep,1970-01-01T21:41:00Z,129,UA/ ORD,2021
UA,ORD,dep,1970-01-01T21:51:00Z,90,UA/ ORD,2021
UA,ORD,dep,1970-01-01T22:01:00Z,56,UA/ ORD,2021
UA,ORD,dep,1970-01-01T22:11:00Z,54,UA/ ORD,2021
UA,ORD,dep,1970-01-01T22:21:00Z,36,UA/ ORD,2021
UA,ORD,dep,1970-01-01T22:31:00Z,30,UA/ ORD,2021
UA,ORD,dep,1970-01-01T22:41:00Z,19,UA/ ORD,2021
UA,ORD,dep,1970-01-01T22:51:00Z,33,UA/ ORD,2021
UA,ORD,dep,1970-01-01T23:01:00Z,16,UA/ ORD,2021
UA,ORD,dep,1970-01-01T23:11:00Z,16,UA/ ORD,2021
UA,ORD,dep,1970-01-01T23:21:00Z,12,UA/ ORD,2021
UA,ORD,dep,1970-01-01T23:31:00Z,15,UA/ ORD,2021
UA,ORD,dep,1970-01-01T23:41:00Z,9,UA/ ORD,2021
UA,ORD,dep,1970-01-01T23:51:00Z,7,UA/ ORD,2021
AA,ORD,arr,1970-01-01T00:01:00Z,-177,AA/ ORD,2022
AA,ORD,arr,1970-01-01T00:11:00Z,-105,AA/ ORD,2022
AA,ORD,arr,1970-01-01T00:21:00Z,-69,AA/ ORD,2022
AA,ORD,arr,1970-01-01T00:31:00Z,-65,AA/ ORD,2022
AA,ORD,arr,1970-01-01T00:41:00Z,-46,AA/ ORD,2022
AA,ORD,arr,1970-01-01T00:51:00Z,-41,AA/ ORD,2022
AA,ORD,arr,1970-01-01T01:01:00Z,-28,AA/ ORD,2022
AA,ORD,arr,1970-01-01T01:11:00Z,-18,AA/ ORD,2022
AA,ORD,arr,1970-01-01T01:21:00Z,-15,AA/ ORD,2022
AA,ORD,arr,1970-01-01T01:31:00Z,-22,AA/ ORD,2022
AA,ORD,arr,1970-01-01T01:41:00Z,-24,AA/ ORD,2022
AA,ORD,arr,1970-01-01T01:51:00Z,-17,AA/ ORD,2022
AA,ORD,arr,1970-01-01T02:01:00Z,-8,AA/ ORD,2022
AA,ORD,arr,1970-01-01T02:11:00Z,-8,AA/ ORD,2022
AA,ORD,arr,1970-01-01T02:21:00Z,-4,AA/ ORD,2022
AA,ORD,arr,1970-01-01T02:31:00Z,-6,AA/ ORD,2022
AA,ORD,arr,1970-01-01T02:41:00Z,-5,AA/ ORD,2022
AA,ORD,arr,1970-01-01T02:51:00Z,-2,AA/ ORD,2022
AA,ORD,arr,1970-01-01T03:01:00Z,-8,AA/ ORD,2022
AA,ORD,arr,1970-01-01T03:11:00Z,-1,AA/ ORD,2022
AA,ORD,arr,1970-01-01T03:21:00Z,-3,AA/ ORD,2022
AA,ORD,arr,1970-01-01T03:31:00Z,-2,AA/ ORD,2022
AA,ORD,arr,1970-01-01T03:41:00Z,-2,AA/ ORD,2022
AA,ORD,arr,1970-01-01T03:51:00Z,-1,AA/ ORD,2022
AA,ORD,arr,1970-01-01T04:01:00Z,-6,AA/ ORD,2022
AA,ORD,arr,1970-01-01T04:11:00Z,-17,AA/ ORD,2022
AA,ORD,arr,1970-01-01T04:21:00Z,-39,AA/ ORD,2022
AA,ORD,arr,1970-01-01T04:31:00Z,-73,AA/ ORD,2022
AA,ORD,arr,1970-01-01T04:41:00Z,-136,AA/ ORD,2022
AA,ORD,arr,1970-01-01T04:51:00Z,-177,AA/ ORD,2022
AA,ORD,arr,1970-01-01T05:01:00Z,-165,AA/ ORD,2022
AA,ORD,arr,1970-01-01T05:11:00Z,-166,AA/ ORD,2022
AA,ORD,arr,1970-01-01T05:21:00Z,-198,AA/ ORD,2022
AA,ORD,arr,1970-01-01T05:31:00Z,-203,AA/ ORD,2022
AA,ORD,arr,1970-01-01T05:41:00Z,-190,AA/ ORD,2022
AA,ORD,arr,1970-01-01T05:51:00Z,-115,AA/ ORD,2022
AA,ORD,arr,1970-01-01T06:01:00Z,-79,AA/ ORD,2022
AA,ORD,arr,1970-01-01T06:11:00Z,-72,AA/ ORD,2022
AA,ORD,arr,1970-01-01T06:21:00Z,-132,AA/ ORD,2022
AA,ORD,arr,1970-01-01T06:31:00Z,-214,AA/ ORD,2022
AA,ORD,arr,1970-01-01T06:41:00Z,-345,AA/ ORD,2022
AA,ORD,arr,1970-01-01T06:51:00Z,-496,AA/ ORD,2022
AA,ORD,arr,1970-01-01T07:01:00Z,-667,AA/ ORD,2022
AA,ORD,arr,1970-01-01T07:11:00Z,-677,AA/ ORD,2022
AA,ORD,arr,1970-01-01T07:21:00Z,-450,AA/ ORD,2022
AA,ORD,arr,1970-01-01T07:31:00Z,-349,AA/ ORD,2022
AA,ORD,arr,1970-01-01T07:41:00Z,-234,AA/ ORD,2022
AA,ORD,arr,1970-01-01T07:51:00Z,-189,AA/ ORD,2022
AA,ORD,arr,1970-01-01T08:01:00Z,-240,AA/ ORD,2022
AA,ORD,arr,1970-01-01T08:11:00Z,-359,AA/ ORD,2022
AA,ORD,arr,1970-01-01T08:21:00Z,-377,AA/ ORD,2022
AA,ORD,arr,1970-01-01T08:31:00Z,-678,AA/ ORD,2022
AA,ORD,arr,1970-01-01T08:41:00Z,-956,AA/ ORD,2022
AA,ORD,arr,1970-01-01T08:51:00Z,-832,AA/ ORD,2022
AA,ORD,arr,1970-01-01T09:01:00Z,-784,AA/ ORD,2022
AA,ORD,arr,1970-01-01T09:11:00Z,-580,AA/ ORD,2022
AA,ORD,arr,1970-01-01T09:21:00Z,-382,AA/ ORD,2022
AA,ORD,arr,1970-01-01T09:31:00Z,-323,AA/ ORD,2022
AA,ORD,arr,1970-01-01T09:41:00Z,-351,AA/ ORD,2022
AA,ORD,arr,1970-01-01T09:51:00Z,-323,AA/ ORD,2022
AA,ORD,arr,1970-01-01T10:01:00Z,-308,AA/ ORD,2022
AA,ORD,arr,1970-01-01T10:11:00Z,-282,AA/ ORD,2022
AA,ORD,arr,1970-01-01T10:21:00Z,-280,AA/ ORD,2022
AA,ORD,arr,1970-01-01T10:31:00Z,-400,AA/ ORD,2022
AA,ORD,arr,1970-01-01T10:41:00Z,-455,AA/ ORD,2022
AA,ORD,arr,1970-01-01T10:51:00Z,-445,AA/ ORD,2022
AA,ORD,arr,1970-01-01T11:01:00Z,-419,AA/ ORD,2022
AA,ORD,arr,1970-01-01T11:11:00Z,-370,AA/ ORD,2022
AA,ORD,arr,1970-01-01T11:21:00Z,-345,AA/ ORD,2022
AA,ORD,arr,1970-01-01T11:31:00Z,-328,AA/ ORD,2022
AA,ORD,arr,1970-01-01T11:41:00Z,-496,AA/ ORD,2022
AA,ORD,arr,1970-01-01T11:51:00Z,-864,AA/ ORD,2022
AA,ORD,arr,1970-01-01T12:01:00Z,-916,AA/ ORD,2022
AA,ORD,arr,1970-01-01T12:11:00Z,-804,AA/ ORD,2022
AA,ORD,arr,1970-01-01T12:21:00Z,-601,AA/ ORD,2022
AA,ORD,arr,1970-01-01T12:31:00Z,-409,AA/ ORD,2022
AA,ORD,arr,1970-01-01T12:41:00Z,-326,AA/ ORD,2022
AA,ORD,arr,1970-01-01T12:51:00Z,-292,AA/ ORD,2022
AA,ORD,arr,1970-01-01T13:01:00Z,-282,AA/ ORD,2022
AA,ORD,arr,1970-01-01T13:11:00Z,-214,AA/ ORD,2022
AA,ORD,arr,1970-01-01T13:21:00Z,-236,AA/ ORD,2022
AA,ORD,arr,1970-01-01T13:31:00Z,-400,AA/ ORD,2022
AA,ORD,arr,1970-01-01T13:41:00Z,-527,AA/ ORD,2022
AA,ORD,arr,1970-01-01T13:51:00Z,-659,AA/ ORD,2022
AA,ORD,arr,1970-01-01T14:01:00Z,-686,AA/ ORD,2022
AA,ORD,arr,1970-01-01T14:11:00Z,-567,AA/ ORD,2022
AA,ORD,arr,1970-01-01T14:21:00Z,-364,AA/ ORD,2022
AA,ORD,arr,1970-01-01T14:31:00Z,-295,AA/ ORD,2022
AA,ORD,arr,1970-01-01T14:41:00Z,-345,AA/ ORD,2022
AA,ORD,arr,1970-01-01T14:51:00Z,-388,AA/ ORD,2022
AA,ORD,arr,1970-01-01T15:01:00Z,-374,AA/ ORD,2022
AA,ORD,arr,1970-01-01T15:11:00Z,-346,AA/ ORD,2022
AA,ORD,arr,1970-01-01T15:21:00Z,-368,AA/ ORD,2022
AA,ORD,arr,1970-01-01T15:31:00Z,-550,AA/ ORD,2022
AA,ORD,arr,1970-01-01T15:41:00Z,-749,AA/ ORD,2022
AA,ORD,arr,1970-01-01T15:51:00Z,-813,AA/ ORD,2022
AA,ORD,arr,1970-01-01T16:01:00Z,-861,AA/ ORD,2022
AA,ORD,arr,1970-01-01T16:11:00Z,-783,AA/ ORD,2022
AA,ORD,arr,1970-01-01T16:21:00Z,-649,AA/ ORD,2022
AA,ORD,arr,1970-01-01T16:31:00Z,-550,AA/ ORD,2022
AA,ORD,arr,1970-01-01T16:41:00Z,-447,AA/ ORD,2022
AA,ORD,arr,1970-01-01T16:51:00Z,-423,AA/ ORD,2022
AA,ORD,arr,1970-01-01T17:01:00Z,-373,AA/ ORD,2022
AA,ORD,arr,1970-01-01T17:11:00Z,-380,AA/ ORD,2022
AA,ORD,arr,1970-01-01T17:21:00Z,-422,AA/ ORD,2022
AA,ORD,arr,1970-01-01T17:31:00Z,-475,AA/ ORD,2022
AA,ORD,arr,1970-01-01T17:41:00Z,-498,AA/ ORD,2022
AA,ORD,arr,1970-01-01T17:51:00Z,-504,AA/ ORD,2022
AA,ORD,arr,1970-01-01T18:01:00Z,-487,AA/ ORD,2022
AA,ORD,arr,1970-01-01T18:11:00Z,-520,AA/ ORD,2022
AA,ORD,arr,1970-01-01T18:21:00Z,-509,AA/ ORD,2022
AA,ORD,arr,1970-01-01T18:31:00Z,-501,AA/ ORD,2022
AA,ORD,arr,1970-01-01T18:41:00Z,-534,AA/ ORD,2022
AA,ORD,arr,1970-01-01T18:51:00Z,-725,AA/ ORD,2022
AA,ORD,arr,1970-01-01T19:01:00Z,-956,AA/ ORD,2022
AA,ORD,arr,1970-01-01T19:11:00Z,-939,AA/ ORD,2022
AA,ORD,arr,1970-01-01T19:21:00Z,-835,AA/ ORD,2022
AA,ORD,arr,1970-01-01T19:31:00Z,-672,AA/ ORD,2022
AA,ORD,arr,1970-01-01T19:41:00Z,-523,AA/ ORD,2022
AA,ORD,arr,1970-01-01T19:51:00Z,-370,AA/ ORD,2022
AA,ORD,arr,1970-01-01T20:01:00Z,-356,AA/ ORD,2022
AA,ORD,arr,1970-01-01T20:11:00Z,-308,AA/ ORD,2022
AA,ORD,arr,1970-01-01T20:21:00Z,-308,AA/ ORD,2022
AA,ORD,arr,1970-01-01T20:31:00Z,-337,AA/ ORD,2022
AA,ORD,arr,1970-01-01T20:41:00Z,-416,AA/ ORD,2022
AA,ORD,arr,1970-01-01T20:51:00Z,-435,AA/ ORD,2022
AA,ORD,arr,1970-01-01T21:01:00Z,-468,AA/ ORD,2022
AA,ORD,arr,1970-01-01T21:11:00Z,-465,AA/ ORD,2022
AA,ORD,arr,1970-01-01T21:21:00Z,-392,AA/ ORD,2022
AA,ORD,arr,1970-01-01T21:31:00Z,-340,AA/ ORD,2022
AA,ORD,arr,1970-01-01T21:41:00Z,-308,AA/ ORD,2022
AA,ORD,arr,1970-01-01T21:51:00Z,-264,AA/ ORD,2022
AA,ORD,arr,1970-01-01T22:01:00Z,-241,AA/ ORD,2022
AA,ORD,arr,1970-01-01T22:11:00Z,-201,AA/ ORD,2022
AA,ORD,arr,1970-01-01T22:21:00Z,-168,AA/ ORD,2022
AA,ORD,arr,1970-01-01T22:31:00Z,-173,AA/ ORD,2022
AA,ORD,arr,1970-01-01T22:41:00Z,-189,AA/ ORD,2022
AA,ORD,arr,1970-01-01T22:51:00Z,-186,AA/ ORD,2022
AA,ORD,arr,1970-01-01T23:01:00Z,-207,AA/ ORD,2022
AA,ORD,arr,1970-01-01T23:11:00Z,-221,AA/ ORD,2022
AA,ORD,arr,1970-01-01T23:21:00Z,-258,AA/ ORD,2022
AA,ORD,arr,1970-01-01T23:31:00Z,-258,AA/ ORD,2022
AA,ORD,arr,1970-01-01T23:41:00Z,-199,AA/ ORD,2022
AA,ORD,arr,1970-01-01T23:51:00Z,-206,AA/ ORD,2022
AA,ORD,dep,1970-01-01T00:01:00Z,4,AA/ ORD,2022
AA,ORD,dep,1970-01-01T00:11:00Z,12,AA/ ORD,2022
AA,ORD,dep,1970-01-01T00:21:00Z,5,AA/ ORD,2022
AA,ORD,dep,1970-01-01T00:41:00Z,3,AA/ ORD,2022
AA,ORD,dep,1970-01-01T01:01:00Z,1,AA/ ORD,2022
AA,ORD,dep,1970-01-01T01:11:00Z,1,AA/ ORD,2022
AA,ORD,dep,1970-01-01T01:21:00Z,1,AA/ ORD,2022
AA,ORD,dep,1970-01-01T02:11:00Z,1,AA/ ORD,2022
AA,ORD,dep,1970-01-01T04:41:00Z,5,AA/ ORD,2022
AA,ORD,dep,1970-01-01T04:51:00Z,321,AA/ ORD,2022
AA,ORD,dep,1970-01-01T05:01:00Z,201,AA/ ORD,2022
AA,ORD,dep,1970-01-01T05:11:00Z,224,AA/ ORD,2022
AA,ORD,dep,1970-01-01T05:21:00Z,176,AA/ ORD,2022
AA,ORD,dep,1970-01-01T05:31:00Z,48,AA/ ORD,2022
AA,ORD,dep,1970-01-01T05:41:00Z,56,AA/ ORD,2022
AA,ORD,dep,1970-01-01T05:51:00Z,264,AA/ ORD,2022
AA,ORD,dep,1970-01-01T06:01:00Z,303,AA/ ORD,2022
AA,ORD,dep,1970-01-01T06:11:00Z,149,AA/ ORD,2022
AA,ORD,dep,1970-01-01T06:21:00Z,373,AA/ ORD,2022
AA,ORD,dep,1970-01-01T06:31:00Z,138,AA/ ORD,2022
AA,ORD,dep,1970-01-01T06:41:00Z,140,AA/ ORD,2022
AA,ORD,dep,1970-01-01T06:51:00Z,770,AA/ ORD,2022
AA,ORD,dep,1970-01-01T07:01:00Z,621,AA/ ORD,2022
AA,ORD,dep,1970-01-01T07:11:00Z,337,AA/ ORD,2022
AA,ORD,dep,1970-01-01T07:21:00Z,540,AA/ ORD,2022
AA,ORD,dep,1970-01-01T07:31:00Z,170,AA/ ORD,2022
AA,ORD,dep,1970-01-01T07:41:00Z,91,AA/ ORD,2022
AA,ORD,dep,1970-01-01T07:51:00Z,375,AA/ ORD,2022
AA,ORD,dep,1970-01-01T08:01:00Z,701,AA/ ORD,2022
AA,ORD,dep,1970-01-01T08:11:00Z,957,AA/ ORD,2022
AA,ORD,dep,1970-01-01T08:21:00Z,1621,AA/ ORD,2022
AA,ORD,dep,1970-01-01T08:31:00Z,1181,AA/ ORD,2022
AA,ORD,dep,1970-01-01T08:41:00Z,899,AA/ ORD,2022
AA,ORD,dep,1970-01-01T08:51:00Z,648,AA/ ORD,2022
AA,ORD,dep,1970-01-01T09:01:00Z,335,AA/ ORD,2022
AA,ORD,dep,1970-01-01T09:11:00Z,463,AA/ ORD,2022
AA,ORD,dep,1970-01-01T09:21:00Z,681,AA/ ORD,2022
AA,ORD,dep,1970-01-01T09:31:00Z,515,AA/ ORD,2022
AA,ORD,dep,1970-01-01T09:41:00Z,605,AA/ ORD,2022
AA,ORD,dep,1970-01-01T09:51:00Z,868,AA/ ORD,2022
AA,ORD,dep,1970-01-01T10:01:00Z,759,AA/ ORD,2022
AA,ORD,dep,1970-01-01T10:11:00Z,822,AA/ ORD,2022
AA,ORD,dep,1970-01-01T10:21:00Z,915,AA/ ORD,2022
AA,ORD,dep,1970-01-01T10:31:00Z,591,AA/ ORD,2022
AA,ORD,dep,1970-01-01T10:41:00Z,407,AA/ ORD,2022
AA,ORD,dep,1970-01-01T10:51:00Z,310,AA/ ORD,2022
AA,ORD,dep,1970-01-01T11:01:00Z,301,AA/ ORD,2022
AA,ORD,dep,1970-01-01T11:11:00Z,332,AA/ ORD,2022
AA,ORD,dep,1970-01-01T11:21:00Z,382,AA/ ORD,2022
AA,ORD,dep,1970-01-01T11:31:00Z,277,AA/ ORD,2022
AA,ORD,dep,1970-01-01T11:41:00Z,240,AA/ ORD,2022
AA,ORD,dep,1970-01-01T11:51:00Z,409,AA/ ORD,2022
AA,ORD,dep,1970-01-01T12:01:00Z,343,AA/ ORD,2022
AA,ORD,dep,1970-01-01T12:11:00Z,237,AA/ ORD,2022
AA,ORD,dep,1970-01-01T12:21:00Z,550,AA/ ORD,2022
AA,ORD,dep,1970-01-01T12:31:00Z,436,AA/ ORD,2022
AA,ORD,dep,1970-01-01T12:41:00Z,335,AA/ ORD,2022
AA,ORD,dep,1970-01-01T12:51:00Z,440,AA/ ORD,2022
AA,ORD,dep,1970-01-01T13:01:00Z,498,AA/ ORD,2022
AA,ORD,dep,1970-01-01T13:11:00Z,941,AA/ ORD,2022
AA,ORD,dep,1970-01-01T13:21:00Z,986,AA/ ORD,2022
AA,ORD,dep,1970-01-01T13:31:00Z,679,AA/ ORD,2022
AA,ORD,dep,1970-01-01T13:41:00Z,499,AA/ ORD,2022
AA,ORD,dep,1970-01-01T13:51:00Z,465,AA/ ORD,2022
AA,ORD,dep,1970-01-01T14:01:00Z,379,AA/ ORD,2022
AA,ORD,dep,1970-01-01T14:11:00Z,306,AA/ ORD,2022
AA,ORD,dep,1970-01-01T14:21:00Z,291,AA/ ORD,2022
AA,ORD,dep,1970-01-01T14:31:00Z,205,AA/ ORD,2022
AA,ORD,dep,1970-01-01T14:41:00Z,185,AA/ ORD,2022
AA,ORD,dep,1970-01-01T14:51:00Z,436,AA/ ORD,2022
AA,ORD,dep,1970-01-01T15:01:00Z,592,AA/ ORD,2022
AA,ORD,dep,1970-01-01T15:11:00Z,713,AA/ ORD,2022
AA,ORD,dep,1970-01-01T15:21:00Z,758,AA/ ORD,2022
AA,ORD,dep,1970-01-01T15:31:00Z,405,AA/ ORD,2022
AA,ORD,dep,1970-01-01T15:41:00Z,303,AA/ ORD,2022
AA,ORD,dep,1970-01-01T15:51:00Z,258,AA/ ORD,2022
AA,ORD,dep,1970-01-01T16:01:00Z,316,AA/ ORD,2022
AA,ORD,dep,1970-01-01T16:11:00Z,251,AA/ ORD,2022
AA,ORD,dep,1970-01-01T16:21:00Z,296,AA/ ORD,2022
AA,ORD,dep,1970-01-01T16:31:00Z,311,AA/ ORD,2022
AA,ORD,dep,1970-01-01T16:41:00Z,241,AA/ ORD,2022
AA,ORD,dep,1970-01-01T16:51:00Z,454,AA/ ORD,2022
AA,ORD,dep,1970-01-01T17:01:00Z,742,AA/ ORD,2022
AA,ORD,dep,1970-01-01T17:11:00Z,888,AA/ ORD,2022
AA,ORD,dep,1970-01-01T17:21:00Z,922,AA/ ORD,2022
AA,ORD,dep,1970-01-01T17:31:00Z,678,AA/ ORD,2022
AA,ORD,dep,1970-01-01T17:41:00Z,545,AA/ ORD,2022
AA,ORD,dep,1970-01-01T17:51:00Z,531,AA/ ORD,2022
AA,ORD,dep,1970-01-01T18:01:00Z,419,AA/ ORD,2022
AA,ORD,dep,1970-01-01T18:11:00Z,444,AA/ ORD,2022
AA,ORD,dep,1970-01-01T18:21:00Z,497,AA/ ORD,2022
AA,ORD,dep,1970-01-01T18:31:00Z,512,AA/ ORD,2022
AA,ORD,dep,1970-01-01T18:41:00Z,411,AA/ ORD,2022
AA,ORD,dep,1970-01-01T18:51:00Z,337,AA/ ORD,2022
AA,ORD,dep,1970-01-01T19:01:00Z,310,AA/ ORD,2022
AA,ORD,dep,1970-01-01T19:11:00Z,326,AA/ ORD,2022
AA,ORD,dep,1970-01-01T19:21:00Z,529,AA/ ORD,2022
AA,ORD,dep,1970-01-01T19:31:00Z,448,AA/ ORD,2022
AA,ORD,dep,1970-01-01T19:41:00Z,360,AA/ ORD,2022
AA,ORD,dep,1970-01-01T19:51:00Z,334,AA/ ORD,2022
AA,ORD,dep,1970-01-01T20:01:00Z,364,AA/ ORD,2022
AA,ORD,dep,1970-01-01T20:11:00Z,666,AA/ ORD,2022
AA,ORD,dep,1970-01-01T20:21:00Z,1025,AA/ ORD,2022
AA,ORD,dep,1970-01-01T20:31:00Z,1084,AA/ ORD,2022
AA,ORD,dep,1970-01-01T20:41:00Z,822,AA/ ORD,2022
AA,ORD,dep,1970-01-01T20:51:00Z,597,AA/ ORD,2022
AA,ORD,dep,1970-01-01T21:01:00Z,473,AA/ ORD,2022
AA,ORD,dep,1970-01-01T21:11:00Z,283,AA/ ORD,2022
AA,ORD,dep,1970-01-01T21:21:00Z,250,AA/ ORD,2022
AA,ORD,dep,1970-01-01T21:31:00Z,193,AA/ ORD,2022
AA,ORD,dep,1970-01-01T21:41:00Z,184,AA/ ORD,2022
AA,ORD,dep,1970-01-01T21:51:00Z,171,AA/ ORD,2022
AA,ORD,dep,1970-01-01T22:01:00Z,121,AA/ ORD,2022
AA,ORD,dep,1970-01-01T22:11:00Z,103,AA/ ORD,2022
AA,ORD,dep,1970-01-01T22:21:00Z,84,AA/ ORD,2022
AA,ORD,dep,1970-01-01T22:31:00Z,55,AA/ ORD,2022
AA,ORD,dep,1970-01-01T22:41:00Z,57,AA/ ORD,2022
AA,ORD,dep,1970-01-01T22:51:00Z,38,AA/ ORD,2022
AA,ORD,dep,1970-01-01T23:01:00Z,36,AA/ ORD,2022
AA,ORD,dep,1970-01-01T23:11:00Z,55,AA/ ORD,2022
AA,ORD,dep,1970-01-01T23:21:00Z,26,AA/ ORD,2022
AA,ORD,dep,1970-01-01T23:31:00Z,14,AA/ ORD,2022
AA,ORD,dep,1970-01-01T23:41:00Z,18,AA/ ORD,2022
AA,ORD,dep,1970-01-01T23:51:00Z,12,AA/ ORD,2022
UA,ORD,arr,1970-01-01T00:01:00Z,-292,UA/ ORD,2022
UA,ORD,arr,1970-01-01T00:11:00Z,-200,UA/ ORD,2022
UA,ORD,arr,1970-01-01T00:21:00Z,-189,UA/ ORD,2022
UA,ORD,arr,1970-01-01T00:31:00Z,-168,UA/ ORD,2022
UA,ORD,arr,1970-01-01T00:41:00Z,-135,UA/ ORD,2022
UA,ORD,arr,1970-01-01T00:51:00Z,-118,UA/ ORD,2022
UA,ORD,arr,1970-01-01T01:01:00Z,-60,UA/ ORD,2022
UA,ORD,arr,1970-01-01T01:11:00Z,-51,UA/ ORD,2022
UA,ORD,arr,1970-01-01T01:21:00Z,-31,UA/ ORD,2022
UA,ORD,arr,1970-01-01T01:31:00Z,-20,UA/ ORD,2022
UA,ORD,arr,1970-01-01T01:41:00Z,-25,UA/ ORD,2022
UA,ORD,arr,1970-01-01T01:51:00Z,-20,UA/ ORD,2022
UA,ORD,arr,1970-01-01T02:01:00Z,-23,UA/ ORD,2022
UA,ORD,arr,1970-01-01T02:11:00Z,-13,UA/ ORD,2022
UA,ORD,arr,1970-01-01T02:21:00Z,-8,UA/ ORD,2022
UA,ORD,arr,1970-01-01T02:31:00Z,-12,UA/ ORD,2022
UA,ORD,arr,1970-01-01T02:41:00Z,-8,UA/ ORD,2022
UA,ORD,arr,1970-01-01T02:51:00Z,-3,UA/ ORD,2022
UA,ORD,arr,1970-01-01T03:01:00Z,-16,UA/ ORD,2022
UA,ORD,arr,1970-01-01T03:11:00Z,-5,UA/ ORD,2022
UA,ORD,arr,1970-01-01T03:21:00Z,-3,UA/ ORD,2022
UA,ORD,arr,1970-01-01T03:31:00Z,-13,UA/ ORD,2022
UA,ORD,arr,1970-01-01T03:41:00Z,-26,UA/ ORD,2022
UA,ORD,arr,1970-01-01T03:51:00Z,-88,UA/ ORD,2022
UA,ORD,arr,1970-01-01T04:01:00Z,-131,UA/ ORD,2022
UA,ORD,arr,1970-01-01T04:11:00Z,-129,UA/ ORD,2022
UA,ORD,arr,1970-01-01T04:21:00Z,-104,UA/ ORD,2022
UA,ORD,arr,1970-01-01T04:31:00Z,-133,UA/ ORD,2022
UA,ORD,arr,1970-01-01T04:41:00Z,-228,UA/ ORD,2022
UA,ORD,arr,1970-01-01T04:51:00Z,-286,UA/ ORD,2022
UA,ORD,arr,1970-01-01T05:01:00Z,-284,UA/ ORD,2022
UA,ORD,arr,1970-01-01T05:11:00Z,-279,UA/ ORD,2022
UA,ORD,arr,1970-01-01T05:21:00Z,-379,UA/ ORD,2022
UA,ORD,arr,1970-01-01T05:31:00Z,-524,UA/ ORD,2022
UA,ORD,arr,1970-01-01T05:41:00Z,-575,UA/ ORD,2022
UA,ORD,arr,1970-01-01T05:51:00Z,-602,UA/ ORD,2022
UA,ORD,arr,1970-01-01T06:01:00Z,-653,UA/ ORD,2022
UA,ORD,arr,1970-01-01T06:11:00Z,-531,UA/ ORD,2022
UA,ORD,arr,1970-01-01T06:21:00Z,-327,UA/ ORD,2022
UA,ORD,arr,1970-01-01T06:31:00Z,-191,UA/ ORD,2022
UA,ORD,arr,1970-01-01T06:41:00Z,-223,UA/ ORD,2022
UA,ORD,arr,1970-01-01T06:51:00Z,-259,UA/ ORD,2022
UA,ORD,arr,1970-01-01T07:01:00Z,-228,UA/ ORD,2022
UA,ORD,arr,1970-01-01T07:11:00Z,-541,UA/ ORD,2022
UA,ORD,arr,1970-01-01T07:21:00Z,-1148,UA/ ORD,2022
UA,ORD,arr,1970-01-01T07:31:00Z,-1621,UA/ ORD,2022
UA,ORD,arr,1970-01-01T07:41:00Z,-2076,UA/ ORD,2022
UA,ORD,arr,1970-01-01T07:51:00Z,-1825,UA/ ORD,2022
UA,ORD,arr,1970-01-01T08:01:00Z,-1045,UA/ ORD,2022
UA,ORD,arr,1970-01-01T08:11:00Z,-467,UA/ ORD,2022
UA,ORD,arr,1970-01-01T08:21:00Z,-221,UA/ ORD,2022
UA,ORD,arr,1970-01-01T08:31:00Z,-195,UA/ ORD,2022
UA,ORD,arr,1970-01-01T08:41:00Z,-188,UA/ ORD,2022
UA,ORD,arr,1970-01-01T08:51:00Z,-375,UA/ ORD,2022
UA,ORD,arr,1970-01-01T09:01:00Z,-715,UA/ ORD,2022
UA,ORD,arr,1970-01-01T09:11:00Z,-1066,UA/ ORD,2022
UA,ORD,arr,1970-01-01T09:21:00Z,-1263,UA/ ORD,2022
UA,ORD,arr,1970-01-01T09:31:00Z,-1113,UA/ ORD,2022
UA,ORD,arr,1970-01-01T09:41:00Z,-805,UA/ ORD,2022
UA,ORD,arr,1970-01-01T09:51:00Z,-459,UA/ ORD,2022
UA,ORD,arr,1970-01-01T10:01:00Z,-285,UA/ ORD,2022
UA,ORD,arr,1970-01-01T10:11:00Z,-225,UA/ ORD,2022
UA,ORD,arr,1970-01-01T10:21:00Z,-224,UA/ ORD,2022
UA,ORD,arr,1970-01-01T10:31:00Z,-183,UA/ ORD,2022
UA,ORD,arr,1970-01-01T10:41:00Z,-148,UA/ ORD,2022
UA,ORD,arr,1970-01-01T10:51:00Z,-170,UA/ ORD,2022
UA,ORD,arr,1970-01-01T11:01:00Z,-367,UA/ ORD,2022
UA,ORD,arr,1970-01-01T11:11:00Z,-778,UA/ ORD,2022
UA,ORD,arr,1970-01-01T11:21:00Z,-941,UA/ ORD,2022
UA,ORD,arr,1970-01-01T11:31:00Z,-932,UA/ ORD,2022
UA,ORD,arr,1970-01-01T11:41:00Z,-871,UA/ ORD,2022
UA,ORD,arr,1970-01-01T11:51:00Z,-675,UA/ ORD,2022
UA,ORD,arr,1970-01-01T12:01:00Z,-604,UA/ ORD,2022
UA,ORD,arr,1970-01-01T12:11:00Z,-720,UA/ ORD,2022
UA,ORD,arr,1970-01-01T12:21:00Z,-863,UA/ ORD,2022
UA,ORD,arr,1970-01-01T12:31:00Z,-972,UA/ ORD,2022
UA,ORD,arr,1970-01-01T12:41:00Z,-890,UA/ ORD,2022
UA,ORD,arr,1970-01-01T12:51:00Z,-893,UA/ ORD,2022
UA,ORD,arr,1970-01-01T13:01:00Z,-771,UA/ ORD,2022
UA,ORD,arr,1970-01-01T13:11:00Z,-451,UA/ ORD,2022
UA,ORD,arr,1970-01-01T13:21:00Z,-297,UA/ ORD,2022
UA,ORD,arr,1970-01-01T13:31:00Z,-300,UA/ ORD,2022
UA,ORD,arr,1970-01-01T13:41:00Z,-315,UA/ ORD,2022
UA,ORD,arr,1970-01-01T13:51:00Z,-240,UA/ ORD,2022
UA,ORD,arr,1970-01-01T14:01:00Z,-322,UA/ ORD,2022
UA,ORD,arr,1970-01-01T14:11:00Z,-494,UA/ ORD,2022
UA,ORD,arr,1970-01-01T14:21:00Z,-867,UA/ ORD,2022
UA,ORD,arr,1970-01-01T14:31:00Z,-1123,UA/ ORD,2022
UA,ORD,arr,1970-01-01T14:41:00Z,-815,UA/ ORD,2022
UA,ORD,arr,1970-01-01T14:51:00Z,-437,UA/ ORD,2022
UA,ORD,arr,1970-01-01T15:01:00Z,-221,UA/ ORD,2022
UA,ORD,arr,1970-01-01T15:11:00Z,-121,UA/ ORD,2022
UA,ORD,arr,1970-01-01T15:21:00Z,-119,UA/ ORD,2022
UA,ORD,arr,1970-01-01T15:31:00Z,-118,UA/ ORD,2022
UA,ORD,arr,1970-01-01T15:41:00Z,-155,UA/ ORD,2022
UA,ORD,arr,1970-01-01T15:51:00Z,-188,UA/ ORD,2022
UA,ORD,arr,1970-01-01T16:01:00Z,-305,UA/ ORD,2022
UA,ORD,arr,1970-01-01T16:11:00Z,-556,UA/ ORD,2022
UA,ORD,arr,1970-01-01T16:21:00Z,-880,UA/ ORD,2022
UA,ORD,arr,1970-01-01T16:31:00Z,-1201,UA/ ORD,2022
UA,ORD,arr,1970-01-01T16:41:00Z,-1444,UA/ ORD,2022
UA,ORD,arr,1970-01-01T16:51:00Z,-1615,UA/ ORD,2022
UA,ORD,arr,1970-01-01T17:01:00Z,-1166,UA/ ORD,2022
UA,ORD,arr,1970-01-01T17:11:00Z,-631,UA/ ORD,2022
UA,ORD,arr,1970-01-01T17:21:00Z,-443,UA/ ORD,2022
UA,ORD,arr,1970-01-01T17:31:00Z,-290,UA/ ORD,2022
UA,ORD,arr,1970-01-01T17:41:00Z,-274,UA/ ORD,2022
UA,ORD,arr,1970-01-01T17:51:00Z,-312,UA/ ORD,2022
UA,ORD,arr,1970-01-01T18:01:00Z,-505,UA/ ORD,2022
UA,ORD,arr,1970-01-01T18:11:00Z,-659,UA/ ORD,2022
UA,ORD,arr,1970-01-01T18:21:00Z,-944,UA/ ORD,2022
UA,ORD,arr,1970-01-01T18:31:00Z,-1368,UA/ ORD,2022
UA,ORD,arr,1970-01-01T18:41:00Z,-1431,UA/ ORD,2022
UA,ORD,arr,1970-01-01T18:51:00Z,-1154,UA/ ORD,2022
UA,ORD,arr,1970-01-01T19:01:00Z,-820,UA/ ORD,2022
UA,ORD,arr,1970-01-01T19:11:00Z,-618,UA/ ORD,2022
UA,ORD,arr,1970-01-01T19:21:00Z,-569,UA/ ORD,2022
UA,ORD,arr,1970-01-01T19:31:00Z,-604,UA/ ORD,2022
UA,ORD,arr,1970-01-01T19:41:00Z,-713,UA/ ORD,2022
UA,ORD,arr,1970-01-01T19:51:00Z,-825,UA/ ORD,2022
UA,ORD,arr,1970-01-01T20:01:00Z,-910,UA/ ORD,2022
UA,ORD,arr,1970-01-01T20:11:00Z,-782,UA/ ORD,2022
UA,ORD,arr,1970-01-01T20:21:00Z,-487,UA/ ORD,2022
UA,ORD,arr,1970-01-01T20:31:00Z,-363,UA/ ORD,2022
UA,ORD,arr,1970-01-01T20:41:00Z,-307,UA/ ORD,2022
UA,ORD,arr,1970-01-01T20:51:00Z,-285,UA/ ORD,2022
UA,ORD,arr,1970-01-01T21:01:00Z,-206,UA/ ORD,2022
UA,ORD,arr,1970-01-01T21:11:00Z,-243,UA/ ORD,2022
UA,ORD,arr,1970-01-01T21:21:00Z,-190,UA/ ORD,2022
UA,ORD,arr,1970-01-01T21:31:00Z,-155,UA/ ORD,2022
UA,ORD,arr,1970-01-01T21:41:00Z,-147,UA/ ORD,2022
UA,ORD,arr,1970-01-01T21:51:00Z,-145,UA/ ORD,2022
UA,ORD,arr,1970-01-01T22:01:00Z,-181,UA/ ORD,2022
UA,ORD,arr,1970-01-01T22:11:00Z,-203,UA/ ORD,2022
UA,ORD,arr,1970-01-01T22:21:00Z,-291,UA/ ORD,2022
UA,ORD,arr,1970-01-01T22:31:00Z,-380,UA/ ORD,2022
UA,ORD,arr,1970-01-01T22:41:00Z,-430,UA/ ORD,2022
UA,ORD,arr,1970-01-01T22:51:00Z,-354,UA/ ORD,2022
UA,ORD,arr,1970-01-01T23:01:00Z,-324,UA/ ORD,2022
UA,ORD,arr,1970-01-01T23:11:00Z,-272,UA/ ORD,2022
UA,ORD,arr,1970-01-01T23:21:00Z,-212,UA/ ORD,2022
UA,ORD,arr,1970-01-01T23:31:00Z,-210,UA/ ORD,2022
UA,ORD,arr,1970-01-01T23:41:00Z,-266,UA/ ORD,2022
UA,ORD,arr,1970-01-01T23:51:00Z,-262,UA/ ORD,2022
UA,ORD,dep,1970-01-01T00:01:00Z,21,UA/ ORD,2022
UA,ORD,dep,1970-01-01T00:11:00Z,20,UA/ ORD,2022
UA,ORD,dep,1970-01-01T00:21:00Z,10,UA/ ORD,2022
UA,ORD,dep,1970-01-01T00:31:00Z,14,UA/ ORD,2022
UA,ORD,dep,1970-01-01T00:41:00Z,13,UA/ ORD,2022
UA,ORD,dep,1970-01-01T00:51:00Z,15,UA/ ORD,2022
UA,ORD,dep,1970-01-01T01:01:00Z,3,UA/ ORD,2022
UA,ORD,dep,1970-01-01T01:11:00Z,5,UA/ ORD,2022
UA,ORD,dep,1970-01-01T01:31:00Z,4,UA/ ORD,2022
UA,ORD,dep,1970-01-01T01:41:00Z,2,UA/ ORD,2022
UA,ORD,dep,1970-01-01T02:21:00Z,2,UA/ ORD,2022
UA,ORD,dep,1970-01-01T02:31:00Z,1,UA/ ORD,2022
UA,ORD,dep,1970-01-01T02:41:00Z,1,UA/ ORD,2022
UA,ORD,dep,1970-01-01T05:01:00Z,58,UA/ ORD,2022
UA,ORD,dep,1970-01-01T05:11:00Z,37,UA/ ORD,2022
UA,ORD,dep,1970-01-01T05:21:00Z,20,UA/ ORD,2022
UA,ORD,dep,1970-01-01T05:31:00Z,42,UA/ ORD,2022
UA,ORD,dep,1970-01-01T05:41:00Z,84,UA/ ORD,2022
UA,ORD,dep,1970-01-01T05:51:00Z,969,UA/ ORD,2022
UA,ORD,dep,1970-01-01T06:01:00Z,116,UA/ ORD,2022
UA,ORD,dep,1970-01-01T06:11:00Z,45,UA/ ORD,2022
UA,ORD,dep,1970-01-01T06:21:00Z,28,UA/ ORD,2022
UA,ORD,dep,1970-01-01T06:31:00Z,75,UA/ ORD,2022
UA,ORD,dep,1970-01-01T06:41:00Z,114,UA/ ORD,2022
UA,ORD,dep,1970-01-01T06:51:00Z,400,UA/ ORD,2022
UA,ORD,dep,1970-01-01T07:01:00Z,2220,UA/ ORD,2022
UA,ORD,dep,1970-01-01T07:11:00Z,2062,UA/ ORD,2022
UA,ORD,dep,1970-01-01T07:21:00Z,1593,UA/ ORD,2022
UA,ORD,dep,1970-01-01T07:31:00Z,783,UA/ ORD,2022
UA,ORD,dep,1970-01-01T07:41:00Z,643,UA/ ORD,2022
UA,ORD,dep,1970-01-01T07:51:00Z,523,UA/ ORD,2022
UA,ORD,dep,1970-01-01T08:01:00Z,220,UA/ ORD,2022
UA,ORD,dep,1970-01-01T08:11:00Z,130,UA/ ORD,2022
UA,ORD,dep,1970-01-01T08:21:00Z,102,UA/ ORD,2022
UA,ORD,dep,1970-01-01T08:31:00Z,258,UA/ ORD,2022
UA,ORD,dep,1970-01-01T08:41:00Z,1806,UA/ ORD,2022
UA,ORD,dep,1970-01-01T08:51:00Z,2627,UA/ ORD,2022
UA,ORD,dep,1970-01-01T09:01:00Z,2296,UA/ ORD,2022
UA,ORD,dep,1970-01-01T09:11:00Z,1395,UA/ ORD,2022
UA,ORD,dep,1970-01-01T09:21:00Z,989,UA/ ORD,2022
UA,ORD,dep,1970-01-01T09:31:00Z,548,UA/ ORD,2022
UA,ORD,dep,1970-01-01T09:41:00Z,371,UA/ ORD,2022
UA,ORD,dep,1970-01-01T09:51:00Z,385,UA/ ORD,2022
UA,ORD,dep,1970-01-01T10:01:00Z,199,UA/ ORD,2022
UA,ORD,dep,1970-01-01T10:11:00Z,139,UA/ ORD,2022
UA,ORD,dep,1970-01-01T10:21:00Z,443,UA/ ORD,2022
UA,ORD,dep,1970-01-01T10:31:00Z,1567,UA/ ORD,2022
UA,ORD,dep,1970-01-01T10:41:00Z,1355,UA/ ORD,2022
UA,ORD,dep,1970-01-01T10:51:00Z,1020,UA/ ORD,2022
UA,ORD,dep,1970-01-01T11:01:00Z,754,UA/ ORD,2022
UA,ORD,dep,1970-01-01T11:11:00Z,503,UA/ ORD,2022
UA,ORD,dep,1970-01-01T11:21:00Z,223,UA/ ORD,2022
UA,ORD,dep,1970-01-01T11:31:00Z,264,UA/ ORD,2022
UA,ORD,dep,1970-01-01T11:41:00Z,180,UA/ ORD,2022
UA,ORD,dep,1970-01-01T11:51:00Z,179,UA/ ORD,2022
UA,ORD,dep,1970-01-01T12:01:00Z,144,UA/ ORD,2022
UA,ORD,dep,1970-01-01T12:11:00Z,110,UA/ ORD,2022
UA,ORD,dep,1970-01-01T12:21:00Z,97,UA/ ORD,2022
UA,ORD,dep,1970-01-01T12:31:00Z,425,UA/ ORD,2022
UA,ORD,dep,1970-01-01T12:41:00Z,1328,UA/ ORD,2022
UA,ORD,dep,1970-01-01T12:51:00Z,973,UA/ ORD,2022
UA,ORD,dep,1970-01-01T13:01:00Z,840,UA/ ORD,2022
UA,ORD,dep,1970-01-01T13:11:00Z,731,UA/ ORD,2022
UA,ORD,dep,1970-01-01T13:21:00Z,680,UA/ ORD,2022
UA,ORD,dep,1970-01-01T13:31:00Z,430,UA/ ORD,2022
UA,ORD,dep,1970-01-01T13:41:00Z,651,UA/ ORD,2022
UA,ORD,dep,1970-01-01T13:51:00Z,1289,UA/ ORD,2022
UA,ORD,dep,1970-01-01T14:01:00Z,1027,UA/ ORD,2022
UA,ORD,dep,1970-01-01T14:11:00Z,977,UA/ ORD,2022
UA,ORD,dep,1970-01-01T14:21:00Z,907,UA/ ORD,2022
UA,ORD,dep,1970-01-01T14:31:00Z,553,UA/ ORD,2022
UA,ORD,dep,1970-01-01T14:41:00Z,350,UA/ ORD,2022
UA,ORD,dep,1970-01-01T14:51:00Z,354,UA/ ORD,2022
UA,ORD,dep,1970-01-01T15:01:00Z,239,UA/ ORD,2022
UA,ORD,dep,1970-01-01T15:11:00Z,162,UA/ ORD,2022
UA,ORD,dep,1970-01-01T15:21:00Z,167,UA/ ORD,2022
UA,ORD,dep,1970-01-01T15:31:00Z,504,UA/ ORD,2022
UA,ORD,dep,1970-01-01T15:41:00Z,870,UA/ ORD,2022
UA,ORD,dep,1970-01-01T15:51:00Z,1312,UA/ ORD,2022
UA,ORD,dep,1970-01-01T16:01:00Z,1082,UA/ ORD,2022
UA,ORD,dep,1970-01-01T16:11:00Z,551,UA/ ORD,2022
UA,ORD,dep,1970-01-01T16:21:00Z,286,UA/ ORD,2022
UA,ORD,dep,1970-01-01T16:31:00Z,143,UA/ ORD,2022
UA,ORD,dep,1970-01-01T16:41:00Z,133,UA/ ORD,2022
UA,ORD,dep,1970-01-01T16:51:00Z,254,UA/ ORD,2022
UA,ORD,dep,1970-01-01T17:01:00Z,134,UA/ ORD,2022
UA,ORD,dep,1970-01-01T17:11:00Z,125,UA/ ORD,2022
UA,ORD,dep,1970-01-01T17:21:00Z,98,UA/ ORD,2022
UA,ORD,dep,1970-01-01T17:31:00Z,94,UA/ ORD,2022
UA,ORD,dep,1970-01-01T17:41:00Z,457,UA/ ORD,2022
UA,ORD,dep,1970-01-01T17:51:00Z,1596,UA/ ORD,2022
UA,ORD,dep,1970-01-01T18:01:00Z,1935,UA/ ORD,2022
UA,ORD,dep,1970-01-01T18:11:00Z,1617,UA/ ORD,2022
UA,ORD,dep,1970-01-01T18:21:00Z,1221,UA/ ORD,2022
UA,ORD,dep,1970-01-01T18:31:00Z,620,UA/ ORD,2022
UA,ORD,dep,1970-01-01T18:41:00Z,477,UA/ ORD,2022
UA,ORD,dep,1970-01-01T18:51:00Z,281,UA/ ORD,2022
UA,ORD,dep,1970-01-01T19:01:00Z,199,UA/ ORD,2022
UA,ORD,dep,1970-01-01T19:11:00Z,154,UA/ ORD,2022
UA,ORD,dep,1970-01-01T19:21:00Z,212,UA/ ORD,2022
UA,ORD,dep,1970-01-01T19:31:00Z,532,UA/ ORD,2022
UA,ORD,dep,1970-01-01T19:41:00Z,1027,UA/ ORD,2022
UA,ORD,dep,1970-01-01T19:51:00Z,1645,UA/ ORD,2022
UA,ORD,dep,1970-01-01T20:01:00Z,1575,UA/ ORD,2022
UA,ORD,dep,1970-01-01T20:11:00Z,1213,UA/ ORD,2022
UA,ORD,dep,1970-01-01T20:21:00Z,897,UA/ ORD,2022
UA,ORD,dep,1970-01-01T20:31:00Z,531,UA/ ORD,2022
UA,ORD,dep,1970-01-01T20:41:00Z,380,UA/ ORD,2022
UA,ORD,dep,1970-01-01T20:51:00Z,431,UA/ ORD,2022
UA,ORD,dep,1970-01-01T21:01:00Z,747,UA/ ORD,2022
UA,ORD,dep,1970-01-01T21:11:00Z,879,UA/ ORD,2022
UA,ORD,dep,1970-01-01T21:21:00Z,1054,UA/ ORD,2022
UA,ORD,dep,1970-01-01T21:31:00Z,775,UA/ ORD,2022
UA,ORD,dep,1970-01-01T21:41:00Z,415,UA/ ORD,2022
UA,ORD,dep,1970-01-01T21:51:00Z,241,UA/ ORD,2022
UA,ORD,dep,1970-01-01T22:01:00Z,158,UA/ ORD,2022
UA,ORD,dep,1970-01-01T22:11:00Z,135,UA/ ORD,2022
UA,ORD,dep,1970-01-01T22:21:00Z,86,UA/ ORD,2022
UA,ORD,dep,1970-01-01T22:31:00Z,87,UA/ ORD,2022
UA,ORD,dep,1970-01-01T22:41:00Z,59,UA/ ORD,2022
UA,ORD,dep,1970-01-01T22:51:00Z,63,UA/ ORD,2022
UA,ORD,dep,1970-01-01T23:01:00Z,47,UA/ ORD,2022
UA,ORD,dep,1970-01-01T23:11:00Z,41,UA/ ORD,2022
UA,ORD,dep,1970-01-01T23:21:00Z,36,UA/ ORD,2022
UA,ORD,dep,1970-01-01T23:31:00Z,30,UA/ ORD,2022
UA,ORD,dep,1970-01-01T23:41:00Z,25,UA/ ORD,2022
UA,ORD,dep,1970-01-01T23:51:00Z,33,UA/ ORD,2022
AA,ORD,arr,1970-01-01T00:01:00Z,-163,AA/ ORD,2023
AA,ORD,arr,1970-01-01T00:11:00Z,-113,AA/ ORD,2023
AA,ORD,arr,1970-01-01T00:21:00Z,-84,AA/ ORD,2023
AA,ORD,arr,1970-01-01T00:31:00Z,-51,AA/ ORD,2023
AA,ORD,arr,1970-01-01T00:41:00Z,-61,AA/ ORD,2023
AA,ORD,arr,1970-01-01T00:51:00Z,-48,AA/ ORD,2023
AA,ORD,arr,1970-01-01T01:01:00Z,-40,AA/ ORD,2023
AA,ORD,arr,1970-01-01T01:11:00Z,-27,AA/ ORD,2023
AA,ORD,arr,1970-01-01T01:21:00Z,-29,AA/ ORD,2023
AA,ORD,arr,1970-01-01T01:31:00Z,-11,AA/ ORD,2023
AA,ORD,arr,1970-01-01T01:41:00Z,-17,AA/ ORD,2023
AA,ORD,arr,1970-01-01T01:51:00Z,-19,AA/ ORD,2023
AA,ORD,arr,1970-01-01T02:01:00Z,-10,AA/ ORD,2023
AA,ORD,arr,1970-01-01T02:11:00Z,-6,AA/ ORD,2023
AA,ORD,arr,1970-01-01T02:21:00Z,-4,AA/ ORD,2023
AA,ORD,arr,1970-01-01T02:31:00Z,-11,AA/ ORD,2023
AA,ORD,arr,1970-01-01T02:41:00Z,-6,AA/ ORD,2023
AA,ORD,arr,1970-01-01T02:51:00Z,-4,AA/ ORD,2023
AA,ORD,arr,1970-01-01T03:01:00Z,-2,AA/ ORD,2023
AA,ORD,arr,1970-01-01T03:11:00Z,-3,AA/ ORD,2023
AA,ORD,arr,1970-01-01T03:21:00Z,-5,AA/ ORD,2023
AA,ORD,arr,1970-01-01T03:31:00Z,-1,AA/ ORD,2023
AA,ORD,arr,1970-01-01T03:41:00Z,-1,AA/ ORD,2023
AA,ORD,arr,1970-01-01T03:51:00Z,-1,AA/ ORD,2023
AA,ORD,arr,1970-01-01T04:01:00Z,-4,AA/ ORD,2023
AA,ORD,arr,1970-01-01T04:11:00Z,-24,AA/ ORD,2023
AA,ORD,arr,1970-01-01T04:21:00Z,-63,AA/ ORD,2023
AA,ORD,arr,1970-01-01T04:31:00Z,-141,AA/ ORD,2023
AA,ORD,arr,1970-01-01T04:41:00Z,-146,AA/ ORD,2023
AA,ORD,arr,1970-01-01T04:51:00Z,-141,AA/ ORD,2023
AA,ORD,arr,1970-01-01T05:01:00Z,-160,AA/ ORD,2023
AA,ORD,arr,1970-01-01T05:11:00Z,-116,AA/ ORD,2023
AA,ORD,arr,1970-01-01T05:21:00Z,-130,AA/ ORD,2023
AA,ORD,arr,1970-01-01T05:31:00Z,-128,AA/ ORD,2023
AA,ORD,arr,1970-01-01T05:41:00Z,-159,AA/ ORD,2023
AA,ORD,arr,1970-01-01T05:51:00Z,-141,AA/ ORD,2023
AA,ORD,arr,1970-01-01T06:01:00Z,-130,AA/ ORD,2023
AA,ORD,arr,1970-01-01T06:11:00Z,-104,AA/ ORD,2023
AA,ORD,arr,1970-01-01T06:21:00Z,-100,AA/ ORD,2023
AA,ORD,arr,1970-01-01T06:31:00Z,-218,AA/ ORD,2023
AA,ORD,arr,1970-01-01T06:41:00Z,-394,AA/ ORD,2023
AA,ORD,arr,1970-01-01T06:51:00Z,-729,AA/ ORD,2023
AA,ORD,arr,1970-01-01T07:01:00Z,-943,AA/ ORD,2023
AA,ORD,arr,1970-01-01T07:11:00Z,-824,AA/ ORD,2023
AA,ORD,arr,1970-01-01T07:21:00Z,-527,AA/ ORD,2023
AA,ORD,arr,1970-01-01T07:31:00Z,-386,AA/ ORD,2023
AA,ORD,arr,1970-01-01T07:41:00Z,-287,AA/ ORD,2023
AA,ORD,arr,1970-01-01T07:51:00Z,-281,AA/ ORD,2023
AA,ORD,arr,1970-01-01T08:01:00Z,-305,AA/ ORD,2023
AA,ORD,arr,1970-01-01T08:11:00Z,-469,AA/ ORD,2023
AA,ORD,arr,1970-01-01T08:21:00Z,-655,AA/ ORD,2023
AA,ORD,arr,1970-01-01T08:31:00Z,-964,AA/ ORD,2023
AA,ORD,arr,1970-01-01T08:41:00Z,-1111,AA/ ORD,2023
AA,ORD,arr,1970-01-01T08:51:00Z,-814,AA/ ORD,2023
AA,ORD,arr,1970-01-01T09:01:00Z,-546,AA/ ORD,2023
AA,ORD,arr,1970-01-01T09:11:00Z,-358,AA/ ORD,2023
AA,ORD,arr,1970-01-01T09:21:00Z,-186,AA/ ORD,2023
AA,ORD,arr,1970-01-01T09:31:00Z,-178,AA/ ORD,2023
AA,ORD,arr,1970-01-01T09:41:00Z,-216,AA/ ORD,2023
AA,ORD,arr,1970-01-01T09:51:00Z,-342,AA/ ORD,2023
AA,ORD,arr,1970-01-01T10:01:00Z,-371,AA/ ORD,2023
AA,ORD,arr,1970-01-01T10:11:00Z,-329,AA/ ORD,2023
AA,ORD,arr,1970-01-01T10:21:00Z,-400,AA/ ORD,2023
AA,ORD,arr,1970-01-01T10:31:00Z,-501,AA/ ORD,2023
AA,ORD,arr,1970-01-01T10:41:00Z,-405,AA/ ORD,2023
AA,ORD,arr,1970-01-01T10:51:00Z,-316,AA/ ORD,2023
AA,ORD,arr,1970-01-01T11:01:00Z,-254,AA/ ORD,2023
AA,ORD,arr,1970-01-01T11:11:00Z,-212,AA/ ORD,2023
AA,ORD,arr,1970-01-01T11:21:00Z,-299,AA/ ORD,2023
AA,ORD,arr,1970-01-01T11:31:00Z,-443,AA/ ORD,2023
AA,ORD,arr,1970-01-01T11:41:00Z,-640,AA/ ORD,2023
AA,ORD,arr,1970-01-01T11:51:00Z,-844,AA/ ORD,2023
AA,ORD,arr,1970-01-01T12:01:00Z,-827,AA/ ORD,2023
AA,ORD,arr,1970-01-01T12:11:00Z,-705,AA/ ORD,2023
AA,ORD,arr,1970-01-01T12:21:00Z,-555,AA/ ORD,2023
AA,ORD,arr,1970-01-01T12:31:00Z,-346,AA/ ORD,2023
AA,ORD,arr,1970-01-01T12:41:00Z,-272,AA/ ORD,2023
AA,ORD,arr,1970-01-01T12:51:00Z,-213,AA/ ORD,2023
AA,ORD,arr,1970-01-01T13:01:00Z,-247,AA/ ORD,2023
AA,ORD,arr,1970-01-01T13:11:00Z,-262,AA/ ORD,2023
AA,ORD,arr,1970-01-01T13:21:00Z,-253,AA/ ORD,2023
AA,ORD,arr,1970-01-01T13:31:00Z,-354,AA/ ORD,2023
AA,ORD,arr,1970-01-01T13:41:00Z,-387,AA/ ORD,2023
AA,ORD,arr,1970-01-01T13:51:00Z,-515,AA/ ORD,2023
AA,ORD,arr,1970-01-01T14:01:00Z,-458,AA/ ORD,2023
AA,ORD,arr,1970-01-01T14:11:00Z,-425,AA/ ORD,2023
AA,ORD,arr,1970-01-01T14:21:00Z,-306,AA/ ORD,2023
AA,ORD,arr,1970-01-01T14:31:00Z,-270,AA/ ORD,2023
AA,ORD,arr,1970-01-01T14:41:00Z,-306,AA/ ORD,2023
AA,ORD,arr,1970-01-01T14:51:00Z,-316,AA/ ORD,2023
AA,ORD,arr,1970-01-01T15:01:00Z,-379,AA/ ORD,2023
AA,ORD,arr,1970-01-01T15:11:00Z,-481,AA/ ORD,2023
AA,ORD,arr,1970-01-01T15:21:00Z,-589,AA/ ORD,2023
AA,ORD,arr,1970-01-01T15:31:00Z,-744,AA/ ORD,2023
AA,ORD,arr,1970-01-01T15:41:00Z,-896,AA/ ORD,2023
AA,ORD,arr,1970-01-01T15:51:00Z,-833,AA/ ORD,2023
AA,ORD,arr,1970-01-01T16:01:00Z,-592,AA/ ORD,2023
AA,ORD,arr,1970-01-01T16:11:00Z,-384,AA/ ORD,2023
AA,ORD,arr,1970-01-01T16:21:00Z,-276,AA/ ORD,2023
AA,ORD,arr,1970-01-01T16:31:00Z,-265,AA/ ORD,2023
AA,ORD,arr,1970-01-01T16:41:00Z,-259,AA/ ORD,2023
AA,ORD,arr,1970-01-01T16:51:00Z,-311,AA/ ORD,2023
AA,ORD,arr,1970-01-01T17:01:00Z,-432,AA/ ORD,2023
AA,ORD,arr,1970-01-01T17:11:00Z,-680,AA/ ORD,2023
AA,ORD,arr,1970-01-01T17:21:00Z,-738,AA/ ORD,2023
AA,ORD,arr,1970-01-01T17:31:00Z,-803,AA/ ORD,2023
AA,ORD,arr,1970-01-01T17:41:00Z,-647,AA/ ORD,2023
AA,ORD,arr,1970-01-01T17:51:00Z,-529,AA/ ORD,2023
AA,ORD,arr,1970-01-01T18:01:00Z,-451,AA/ ORD,2023
AA,ORD,arr,1970-01-01T18:11:00Z,-466,AA/ ORD,2023
AA,ORD,arr,1970-01-01T18:21:00Z,-474,AA/ ORD,2023
AA,ORD,arr,1970-01-01T18:31:00Z,-454,AA/ ORD,2023
AA,ORD,arr,1970-01-01T18:41:00Z,-440,AA/ ORD,2023
AA,ORD,arr,1970-01-01T18:51:00Z,-505,AA/ ORD,2023
AA,ORD,arr,1970-01-01T19:01:00Z,-680,AA/ ORD,2023
AA,ORD,arr,1970-01-01T19:11:00Z,-919,AA/ ORD,2023
AA,ORD,arr,1970-01-01T19:21:00Z,-918,AA/ ORD,2023
AA,ORD,arr,1970-01-01T19:31:00Z,-794,AA/ ORD,2023
AA,ORD,arr,1970-01-01T19:41:00Z,-562,AA/ ORD,2023
AA,ORD,arr,1970-01-01T19:51:00Z,-425,AA/ ORD,2023
AA,ORD,arr,1970-01-01T20:01:00Z,-353,AA/ ORD,2023
AA,ORD,arr,1970-01-01T20:11:00Z,-343,AA/ ORD,2023
AA,ORD,arr,1970-01-01T20:21:00Z,-309,AA/ ORD,2023
AA,ORD,arr,1970-01-01T20:31:00Z,-270,AA/ ORD,2023
AA,ORD,arr,1970-01-01T20:41:00Z,-238,AA/ ORD,2023
AA,ORD,arr,1970-01-01T20:51:00Z,-279,AA/ ORD,2023
AA,ORD,arr,1970-01-01T21:01:00Z,-318,AA/ ORD,2023
AA,ORD,arr,1970-01-01T21:11:00Z,-290,AA/ ORD,2023
AA,ORD,arr,1970-01-01T21:21:00Z,-249,AA/ ORD,2023
AA,ORD,arr,1970-01-01T21:31:00Z,-277,AA/ ORD,2023
AA,ORD,arr,1970-01-01T21:41:00Z,-297,AA/ ORD,2023
AA,ORD,arr,1970-01-01T21:51:00Z,-251,AA/ ORD,2023
AA,ORD,arr,1970-01-01T22:01:00Z,-244,AA/ ORD,2023
AA,ORD,arr,1970-01-01T22:11:00Z,-233,AA/ ORD,2023
AA,ORD,arr,1970-01-01T22:21:00Z,-220,AA/ ORD,2023
AA,ORD,arr,1970-01-01T22:31:00Z,-189,AA/ ORD,2023
AA,ORD,arr,1970-01-01T22:41:00Z,-126,AA/ ORD,2023
AA,ORD,arr,1970-01-01T22:51:00Z,-129,AA/ ORD,2023
AA,ORD,arr,1970-01-01T23:01:00Z,-142,AA/ ORD,2023
AA,ORD,arr,1970-01-01T23:11:00Z,-176,AA/ ORD,2023
AA,ORD,arr,1970-01-01T23:21:00Z,-193,AA/ ORD,2023
AA,ORD,arr,1970-01-01T23:31:00Z,-277,AA/ ORD,2023
AA,ORD,arr,1970-01-01T23:41:00Z,-210,AA/ ORD,2023
AA,ORD,arr,1970-01-01T23:51:00Z,-188,AA/ ORD,2023
AA,ORD,dep,1970-01-01T00:01:00Z,10,AA/ ORD,2023
AA,ORD,dep,1970-01-01T00:11:00Z,7,AA/ ORD,2023
AA,ORD,dep,1970-01-01T00:21:00Z,5,AA/ ORD,2023
AA,ORD,dep,1970-01-01T00:31:00Z,3,AA/ ORD,2023
AA,ORD,dep,1970-01-01T00:41:00Z,3,AA/ ORD,2023
AA,ORD,dep,1970-01-01T00:51:00Z,4,AA/ ORD,2023
AA,ORD,dep,1970-01-01T01:01:00Z,2,AA/ ORD,2023
AA,ORD,dep,1970-01-01T01:11:00Z,2,AA/ ORD,2023
AA,ORD,dep,1970-01-01T01:21:00Z,4,AA/ ORD,2023
AA,ORD,dep,1970-01-01T01:31:00Z,1,AA/ ORD,2023
AA,ORD,dep,1970-01-01T03:01:00Z,1,AA/ ORD,2023
AA,ORD,dep,1970-01-01T04:41:00Z,26,AA/ ORD,2023
AA,ORD,dep,1970-01-01T04:51:00Z,577,AA/ ORD,2023
AA,ORD,dep,1970-01-01T05:01:00Z,204,AA/ ORD,2023
AA,ORD,dep,1970-01-01T05:11:00Z,61,AA/ ORD,2023
AA,ORD,dep,1970-01-01T05:21:00Z,163,AA/ ORD,2023
AA,ORD,dep,1970-01-01T05:31:00Z,67,AA/ ORD,2023
AA,ORD,dep,1970-01-01T05:41:00Z,97,AA/ ORD,2023
AA,ORD,dep,1970-01-01T05:51:00Z,434,AA/ ORD,2023
AA,ORD,dep,1970-01-01T06:01:00Z,136,AA/ ORD,2023
AA,ORD,dep,1970-01-01T06:11:00Z,134,AA/ ORD,2023
AA,ORD,dep,1970-01-01T06:21:00Z,485,AA/ ORD,2023
AA,ORD,dep,1970-01-01T06:31:00Z,231,AA/ ORD,2023
AA,ORD,dep,1970-01-01T06:41:00Z,172,AA/ ORD,2023
AA,ORD,dep,1970-01-01T06:51:00Z,796,AA/ ORD,2023
AA,ORD,dep,1970-01-01T07:01:00Z,438,AA/ ORD,2023
AA,ORD,dep,1970-01-01T07:11:00Z,359,AA/ ORD,2023
AA,ORD,dep,1970-01-01T07:21:00Z,412,AA/ ORD,2023
AA,ORD,dep,1970-01-01T07:31:00Z,142,AA/ ORD,2023
AA,ORD,dep,1970-01-01T07:41:00Z,62,AA/ ORD,2023
AA,ORD,dep,1970-01-01T07:51:00Z,329,AA/ ORD,2023
AA,ORD,dep,1970-01-01T08:01:00Z,676,AA/ ORD,2023
AA,ORD,dep,1970-01-01T08:11:00Z,1279,AA/ ORD,2023
AA,ORD,dep,1970-01-01T08:21:00Z,1528,AA/ ORD,2023
AA,ORD,dep,1970-01-01T08:31:00Z,1084,AA/ ORD,2023
AA,ORD,dep,1970-01-01T08:41:00Z,826,AA/ ORD,2023
AA,ORD,dep,1970-01-01T08:51:00Z,489,AA/ ORD,2023
AA,ORD,dep,1970-01-01T09:01:00Z,328,AA/ ORD,2023
AA,ORD,dep,1970-01-01T09:11:00Z,328,AA/ ORD,2023
AA,ORD,dep,1970-01-01T09:21:00Z,539,AA/ ORD,2023
AA,ORD,dep,1970-01-01T09:31:00Z,545,AA/ ORD,2023
AA,ORD,dep,1970-01-01T09:41:00Z,933,AA/ ORD,2023
AA,ORD,dep,1970-01-01T09:51:00Z,1262,AA/ ORD,2023
AA,ORD,dep,1970-01-01T10:01:00Z,994,AA/ ORD,2023
AA,ORD,dep,1970-01-01T10:11:00Z,684,AA/ ORD,2023
AA,ORD,dep,1970-01-01T10:21:00Z,693,AA/ ORD,2023
AA,ORD,dep,1970-01-01T10:31:00Z,350,AA/ ORD,2023
AA,ORD,dep,1970-01-01T10:41:00Z,262,AA/ ORD,2023
AA,ORD,dep,1970-01-01T10:51:00Z,280,AA/ ORD,2023
AA,ORD,dep,1970-01-01T11:01:00Z,281,AA/ ORD,2023
AA,ORD,dep,1970-01-01T11:11:00Z,408,AA/ ORD,2023
AA,ORD,dep,1970-01-01T11:21:00Z,202,AA/ ORD,2023
AA,ORD,dep,1970-01-01T11:31:00Z,305,AA/ ORD,2023
AA,ORD,dep,1970-01-01T11:41:00Z,415,AA/ ORD,2023
AA,ORD,dep,1970-01-01T11:51:00Z,452,AA/ ORD,2023
AA,ORD,dep,1970-01-01T12:01:00Z,335,AA/ ORD,2023
AA,ORD,dep,1970-01-01T12:11:00Z,399,AA/ ORD,2023
AA,ORD,dep,1970-01-01T12:21:00Z,386,AA/ ORD,2023
AA,ORD,dep,1970-01-01T12:31:00Z,213,AA/ ORD,2023
AA,ORD,dep,1970-01-01T12:41:00Z,203,AA/ ORD,2023
AA,ORD,dep,1970-01-01T12:51:00Z,427,AA/ ORD,2023
AA,ORD,dep,1970-01-01T13:01:00Z,645,AA/ ORD,2023
AA,ORD,dep,1970-01-01T13:11:00Z,1015,AA/ ORD,2023
AA,ORD,dep,1970-01-01T13:21:00Z,982,AA/ ORD,2023
AA,ORD,dep,1970-01-01T13:31:00Z,682,AA/ ORD,2023
AA,ORD,dep,1970-01-01T13:41:00Z,445,AA/ ORD,2023
AA,ORD,dep,1970-01-01T13:51:00Z,268,AA/ ORD,2023
AA,ORD,dep,1970-01-01T14:01:00Z,213,AA/ ORD,2023
AA,ORD,dep,1970-01-01T14:11:00Z,153,AA/ ORD,2023
AA,ORD,dep,1970-01-01T14:21:00Z,263,AA/ ORD,2023
AA,ORD,dep,1970-01-01T14:31:00Z,312,AA/ ORD,2023
AA,ORD,dep,1970-01-01T14:41:00Z,231,AA/ ORD,2023
AA,ORD,dep,1970-01-01T14:51:00Z,276,AA/ ORD,2023
AA,ORD,dep,1970-01-01T15:01:00Z,418,AA/ ORD,2023
AA,ORD,dep,1970-01-01T15:11:00Z,569,AA/ ORD,2023
AA,ORD,dep,1970-01-01T15:21:00Z,582,AA/ ORD,2023
AA,ORD,dep,1970-01-01T15:31:00Z,289,AA/ ORD,2023
AA,ORD,dep,1970-01-01T15:41:00Z,208,AA/ ORD,2023
AA,ORD,dep,1970-01-01T15:51:00Z,163,AA/ ORD,2023
AA,ORD,dep,1970-01-01T16:01:00Z,203,AA/ ORD,2023
AA,ORD,dep,1970-01-01T16:11:00Z,162,AA/ ORD,2023
AA,ORD,dep,1970-01-01T16:21:00Z,139,AA/ ORD,2023
AA,ORD,dep,1970-01-01T16:31:00Z,466,AA/ ORD,2023
AA,ORD,dep,1970-01-01T16:41:00Z,814,AA/ ORD,2023
AA,ORD,dep,1970-01-01T16:51:00Z,915,AA/ ORD,2023
AA,ORD,dep,1970-01-01T17:01:00Z,873,AA/ ORD,2023
AA,ORD,dep,1970-01-01T17:11:00Z,622,AA/ ORD,2023
AA,ORD,dep,1970-01-01T17:21:00Z,568,AA/ ORD,2023
AA,ORD,dep,1970-01-01T17:31:00Z,346,AA/ ORD,2023
AA,ORD,dep,1970-01-01T17:41:00Z,298,AA/ ORD,2023
AA,ORD,dep,1970-01-01T17:51:00Z,351,AA/ ORD,2023
AA,ORD,dep,1970-01-01T18:01:00Z,254,AA/ ORD,2023
AA,ORD,dep,1970-01-01T18:11:00Z,352,AA/ ORD,2023
AA,ORD,dep,1970-01-01T18:21:00Z,682,AA/ ORD,2023
AA,ORD,dep,1970-01-01T18:31:00Z,632,AA/ ORD,2023
AA,ORD,dep,1970-01-01T18:41:00Z,682,AA/ ORD,2023
AA,ORD,dep,1970-01-01T18:51:00Z,641,AA/ ORD,2023
AA,ORD,dep,1970-01-01T19:01:00Z,443,AA/ ORD,2023
AA,ORD,dep,1970-01-01T19:11:00Z,468,AA/ ORD,2023
AA,ORD,dep,1970-01-01T19:21:00Z,747,AA/ ORD,2023
AA,ORD,dep,1970-01-01T19:31:00Z,606,AA/ ORD,2023
AA,ORD,dep,1970-01-01T19:41:00Z,543,AA/ ORD,2023
AA,ORD,dep,1970-01-01T19:51:00Z,401,AA/ ORD,2023
AA,ORD,dep,1970-01-01T20:01:00Z,335,AA/ ORD,2023
AA,ORD,dep,1970-01-01T20:11:00Z,496,AA/ ORD,2023
AA,ORD,dep,1970-01-01T20:21:00Z,760,AA/ ORD,2023
AA,ORD,dep,1970-01-01T20:31:00Z,781,AA/ ORD,2023
AA,ORD,dep,1970-01-01T20:41:00Z,700,AA/ ORD,2023
AA,ORD,dep,1970-01-01T20:51:00Z,615,AA/ ORD,2023
AA,ORD,dep,1970-01-01T21:01:00Z,404,AA/ ORD,2023
AA,ORD,dep,1970-01-01T21:11:00Z,333,AA/ ORD,2023
AA,ORD,dep,1970-01-01T21:21:00Z,210,AA/ ORD,2023
AA,ORD,dep,1970-01-01T21:31:00Z,163,AA/ ORD,2023
AA,ORD,dep,1970-01-01T21:41:00Z,119,AA/ ORD,2023
AA,ORD,dep,1970-01-01T21:51:00Z,87,AA/ ORD,2023
AA,ORD,dep,1970-01-01T22:01:00Z,71,AA/ ORD,2023
AA,ORD,dep,1970-01-01T22:11:00Z,62,AA/ ORD,2023
AA,ORD,dep,1970-01-01T22:21:00Z,55,AA/ ORD,2023
AA,ORD,dep,1970-01-01T22:31:00Z,52,AA/ ORD,2023
AA,ORD,dep,1970-01-01T22:41:00Z,46,AA/ ORD,2023
AA,ORD,dep,1970-01-01T22:51:00Z,46,AA/ ORD,2023
AA,ORD,dep,1970-01-01T23:01:00Z,27,AA/ ORD,2023
AA,ORD,dep,1970-01-01T23:11:00Z,64,AA/ ORD,2023
AA,ORD,dep,1970-01-01T23:21:00Z,31,AA/ ORD,2023
AA,ORD,dep,1970-01-01T23:31:00Z,22,AA/ ORD,2023
AA,ORD,dep,1970-01-01T23:41:00Z,16,AA/ ORD,2023
AA,ORD,dep,1970-01-01T23:51:00Z,8,AA/ ORD,2023
UA,ORD,arr,1970-01-01T00:01:00Z,-224,UA/ ORD,2023
UA,ORD,arr,1970-01-01T00:11:00Z,-230,UA/ ORD,2023
UA,ORD,arr,1970-01-01T00:21:00Z,-223,UA/ ORD,2023
UA,ORD,arr,1970-01-01T00:31:00Z,-175,UA/ ORD,2023
UA,ORD,arr,1970-01-01T00:41:00Z,-131,UA/ ORD,2023
UA,ORD,arr,1970-01-01T00:51:00Z,-118,UA/ ORD,2023
UA,ORD,arr,1970-01-01T01:01:00Z,-75,UA/ ORD,2023
UA,ORD,arr,1970-01-01T01:11:00Z,-61,UA/ ORD,2023
UA,ORD,arr,1970-01-01T01:21:00Z,-48,UA/ ORD,2023
UA,ORD,arr,1970-01-01T01:31:00Z,-48,UA/ ORD,2023
UA,ORD,arr,1970-01-01T01:41:00Z,-36,UA/ ORD,2023
UA,ORD,arr,1970-01-01T01:51:00Z,-20,UA/ ORD,2023
UA,ORD,arr,1970-01-01T02:01:00Z,-19,UA/ ORD,2023
UA,ORD,arr,1970-01-01T02:11:00Z,-18,UA/ ORD,2023
UA,ORD,arr,1970-01-01T02:21:00Z,-19,UA/ ORD,2023
UA,ORD,arr,1970-01-01T02:31:00Z,-16,UA/ ORD,2023
UA,ORD,arr,1970-01-01T02:41:00Z,-15,UA/ ORD,2023
UA,ORD,arr,1970-01-01T02:51:00Z,-9,UA/ ORD,2023
UA,ORD,arr,1970-01-01T03:01:00Z,-12,UA/ ORD,2023
UA,ORD,arr,1970-01-01T03:11:00Z,-6,UA/ ORD,2023
UA,ORD,arr,1970-01-01T03:21:00Z,-12,UA/ ORD,2023
UA,ORD,arr,1970-01-01T03:31:00Z,-15,UA/ ORD,2023
UA,ORD,arr,1970-01-01T03:41:00Z,-24,UA/ ORD,2023
UA,ORD,arr,1970-01-01T03:51:00Z,-65,UA/ ORD,2023
UA,ORD,arr,1970-01-01T04:01:00Z,-119,UA/ ORD,2023
UA,ORD,arr,1970-01-01T04:11:00Z,-145,UA/ ORD,2023
UA,ORD,arr,1970-01-01T04:21:00Z,-87,UA/ ORD,2023
UA,ORD,arr,1970-01-01T04:31:00Z,-76,UA/ ORD,2023
UA,ORD,arr,1970-01-01T04:41:00Z,-146,UA/ ORD,2023
UA,ORD,arr,1970-01-01T04:51:00Z,-249,UA/ ORD,2023
UA,ORD,arr,1970-01-01T05:01:00Z,-327,UA/ ORD,2023
UA,ORD,arr,1970-01-01T05:11:00Z,-380,UA/ ORD,2023
UA,ORD,arr,1970-01-01T05:21:00Z,-412,UA/ ORD,2023
UA,ORD,arr,1970-01-01T05:31:00Z,-446,UA/ ORD,2023
UA,ORD,arr,1970-01-01T05:41:00Z,-512,UA/ ORD,2023
UA,ORD,arr,1970-01-01T05:51:00Z,-533,UA/ ORD,2023
UA,ORD,arr,1970-01-01T06:01:00Z,-612,UA/ ORD,2023
UA,ORD,arr,1970-01-01T06:11:00Z,-489,UA/ ORD,2023
UA,ORD,arr,1970-01-01T06:21:00Z,-373,UA/ ORD,2023
UA,ORD,arr,1970-01-01T06:31:00Z,-153,UA/ ORD,2023
UA,ORD,arr,1970-01-01T06:41:00Z,-153,UA/ ORD,2023
UA,ORD,arr,1970-01-01T06:51:00Z,-185,UA/ ORD,2023
UA,ORD,arr,1970-01-01T07:01:00Z,-338,UA/ ORD,2023
UA,ORD,arr,1970-01-01T07:11:00Z,-974,UA/ ORD,2023
UA,ORD,arr,1970-01-01T07:21:00Z,-1737,UA/ ORD,2023
UA,ORD,arr,1970-01-01T07:31:00Z,-2195,UA/ ORD,2023
UA,ORD,arr,1970-01-01T07:41:00Z,-2307,UA/ ORD,2023
UA,ORD,arr,1970-01-01T07:51:00Z,-1874,UA/ ORD,2023
UA,ORD,arr,1970-01-01T08:01:00Z,-1030,UA/ ORD,2023
UA,ORD,arr,1970-01-01T08:11:00Z,-409,UA/ ORD,2023
UA,ORD,arr,1970-01-01T08:21:00Z,-240,UA/ ORD,2023
UA,ORD,arr,1970-01-01T08:31:00Z,-149,UA/ ORD,2023
UA,ORD,arr,1970-01-01T08:41:00Z,-144,UA/ ORD,2023
UA,ORD,arr,1970-01-01T08:51:00Z,-383,UA/ ORD,2023
UA,ORD,arr,1970-01-01T09:01:00Z,-860,UA/ ORD,2023
UA,ORD,arr,1970-01-01T09:11:00Z,-1481,UA/ ORD,2023
UA,ORD,arr,1970-01-01T09:21:00Z,-1789,UA/ ORD,2023
UA,ORD,arr,1970-01-01T09:31:00Z,-1499,UA/ ORD,2023
UA,ORD,arr,1970-01-01T09:41:00Z,-956,UA/ ORD,2023
UA,ORD,arr,1970-01-01T09:51:00Z,-425,UA/ ORD,2023
UA,ORD,arr,1970-01-01T10:01:00Z,-298,UA/ ORD,2023
UA,ORD,arr,1970-01-01T10:11:00Z,-307,UA/ ORD,2023
UA,ORD,arr,1970-01-01T10:21:00Z,-267,UA/ ORD,2023
UA,ORD,arr,1970-01-01T10:31:00Z,-174,UA/ ORD,2023
UA,ORD,arr,1970-01-01T10:41:00Z,-129,UA/ ORD,2023
UA,ORD,arr,1970-01-01T10:51:00Z,-309,UA/ ORD,2023
UA,ORD,arr,1970-01-01T11:01:00Z,-622,UA/ ORD,2023
UA,ORD,arr,1970-01-01T11:11:00Z,-1057,UA/ ORD,2023
UA,ORD,arr,1970-01-01T11:21:00Z,-1339,UA/ ORD,2023
UA,ORD,arr,1970-01-01T11:31:00Z,-1152,UA/ ORD,2023
UA,ORD,arr,1970-01-01T11:41:00Z,-1042,UA/ ORD,2023
UA,ORD,arr,1970-01-01T11:51:00Z,-764,UA/ ORD,2023
UA,ORD,arr,1970-01-01T12:01:00Z,-537,UA/ ORD,2023
UA,ORD,arr,1970-01-01T12:11:00Z,-601,UA/ ORD,2023
UA,ORD,arr,1970-01-01T12:21:00Z,-923,UA/ ORD,2023
UA,ORD,arr,1970-01-01T12:31:00Z,-1273,UA/ ORD,2023
UA,ORD,arr,1970-01-01T12:41:00Z,-1344,UA/ ORD,2023
UA,ORD,arr,1970-01-01T12:51:00Z,-1402,UA/ ORD,2023
UA,ORD,arr,1970-01-01T13:01:00Z,-1110,UA/ ORD,2023
UA,ORD,arr,1970-01-01T13:11:00Z,-658,UA/ ORD,2023
UA,ORD,arr,1970-01-01T13:21:00Z,-385,UA/ ORD,2023
UA,ORD,arr,1970-01-01T13:31:00Z,-384,UA/ ORD,2023
UA,ORD,arr,1970-01-01T13:41:00Z,-363,UA/ ORD,2023
UA,ORD,arr,1970-01-01T13:51:00Z,-373,UA/ ORD,2023
UA,ORD,arr,1970-01-01T14:01:00Z,-441,UA/ ORD,2023
UA,ORD,arr,1970-01-01T14:11:00Z,-699,UA/ ORD,2023
UA,ORD,arr,1970-01-01T14:21:00Z,-974,UA/ ORD,2023
UA,ORD,arr,1970-01-01T14:31:00Z,-1135,UA/ ORD,2023
UA,ORD,arr,1970-01-01T14:41:00Z,-911,UA/ ORD,2023
UA,ORD,arr,1970-01-01T14:51:00Z,-504,UA/ ORD,2023
UA,ORD,arr,1970-01-01T15:01:00Z,-299,UA/ ORD,2023
UA,ORD,arr,1970-01-01T15:11:00Z,-180,UA/ ORD,2023
UA,ORD,arr,1970-01-01T15:21:00Z,-173,UA/ ORD,2023
UA,ORD,arr,1970-01-01T15:31:00Z,-187,UA/ ORD,2023
UA,ORD,arr,1970-01-01T15:41:00Z,-234,UA/ ORD,2023
UA,ORD,arr,1970-01-01T15:51:00Z,-272,UA/ ORD,2023
UA,ORD,arr,1970-01-01T16:01:00Z,-416,UA/ ORD,2023
UA,ORD,arr,1970-01-01T16:11:00Z,-669,UA/ ORD,2023
UA,ORD,arr,1970-01-01T16:21:00Z,-1106,UA/ ORD,2023
UA,ORD,arr,1970-01-01T16:31:00Z,-1562,UA/ ORD,2023
UA,ORD,arr,1970-01-01T16:41:00Z,-1799,UA/ ORD,2023
UA,ORD,arr,1970-01-01T16:51:00Z,-1813,UA/ ORD,2023
UA,ORD,arr,1970-01-01T17:01:00Z,-1437,UA/ ORD,2023
UA,ORD,arr,1970-01-01T17:11:00Z,-836,UA/ ORD,2023
UA,ORD,arr,1970-01-01T17:21:00Z,-447,UA/ ORD,2023
UA,ORD,arr,1970-01-01T17:31:00Z,-314,UA/ ORD,2023
UA,ORD,arr,1970-01-01T17:41:00Z,-259,UA/ ORD,2023
UA,ORD,arr,1970-01-01T17:51:00Z,-340,UA/ ORD,2023
UA,ORD,arr,1970-01-01T18:01:00Z,-602,UA/ ORD,2023
UA,ORD,arr,1970-01-01T18:11:00Z,-933,UA/ ORD,2023
UA,ORD,arr,1970-01-01T18:21:00Z,-1226,UA/ ORD,2023
UA,ORD,arr,1970-01-01T18:31:00Z,-1655,UA/ ORD,2023
UA,ORD,arr,1970-01-01T18:41:00Z,-1969,UA/ ORD,2023
UA,ORD,arr,1970-01-01T18:51:00Z,-1920,UA/ ORD,2023
UA,ORD,arr,1970-01-01T19:01:00Z,-1386,UA/ ORD,2023
UA,ORD,arr,1970-01-01T19:11:00Z,-826,UA/ ORD,2023
UA,ORD,arr,1970-01-01T19:21:00Z,-598,UA/ ORD,2023
UA,ORD,arr,1970-01-01T19:31:00Z,-586,UA/ ORD,2023
UA,ORD,arr,1970-01-01T19:41:00Z,-689,UA/ ORD,2023
UA,ORD,arr,1970-01-01T19:51:00Z,-879,UA/ ORD,2023
UA,ORD,arr,1970-01-01T20:01:00Z,-1152,UA/ ORD,2023
UA,ORD,arr,1970-01-01T20:11:00Z,-1226,UA/ ORD,2023
UA,ORD,arr,1970-01-01T20:21:00Z,-879,UA/ ORD,2023
UA,ORD,arr,1970-01-01T20:31:00Z,-613,UA/ ORD,2023
UA,ORD,arr,1970-01-01T20:41:00Z,-439,UA/ ORD,2023
UA,ORD,arr,1970-01-01T20:51:00Z,-351,UA/ ORD,2023
UA,ORD,arr,1970-01-01T21:01:00Z,-352,UA/ ORD,2023
UA,ORD,arr,1970-01-01T21:11:00Z,-287,UA/ ORD,2023
UA,ORD,arr,1970-01-01T21:21:00Z,-307,UA/ ORD,2023
UA,ORD,arr,1970-01-01T21:31:00Z,-226,UA/ ORD,2023
UA,ORD,arr,1970-01-01T21:41:00Z,-211,UA/ ORD,2023
UA,ORD,arr,1970-01-01T21:51:00Z,-207,UA/ ORD,2023
UA,ORD,arr,1970-01-01T22:01:00Z,-245,UA/ ORD,2023
UA,ORD,arr,1970-01-01T22:11:00Z,-298,UA/ ORD,2023
UA,ORD,arr,1970-01-01T22:21:00Z,-373,UA/ ORD,2023
UA,ORD,arr,1970-01-01T22:31:00Z,-426,UA/ ORD,2023
UA,ORD,arr,1970-01-01T22:41:00Z,-458,UA/ ORD,2023
UA,ORD,arr,1970-01-01T22:51:00Z,-424,UA/ ORD,2023
UA,ORD,arr,1970-01-01T23:01:00Z,-402,UA/ ORD,2023
UA,ORD,arr,1970-01-01T23:11:00Z,-360,UA/ ORD,2023
UA,ORD,arr,1970-01-01T23:21:00Z,-339,UA/ ORD,2023
UA,ORD,arr,1970-01-01T23:31:00Z,-351,UA/ ORD,2023
UA,ORD,arr,1970-01-01T23:41:00Z,-326,UA/ ORD,2023
UA,ORD,arr,1970-01-01T23:51:00Z,-212,UA/ ORD,2023
UA,ORD,dep,1970-01-01T00:01:00Z,38,UA/ ORD,2023
UA,ORD,dep,1970-01-01T00:11:00Z,29,UA/ ORD,2023
UA,ORD,dep,1970-01-01T00:21:00Z,36,UA/ ORD,2023
UA,ORD,dep,1970-01-01T00:31:00Z,22,UA/ ORD,2023
UA,ORD,dep,1970-01-01T00:41:00Z,14,UA/ ORD,2023
UA,ORD,dep,1970-01-01T00:51:00Z,11,UA/ ORD,2023
UA,ORD,dep,1970-01-01T01:01:00Z,6,UA/ ORD,2023
UA,ORD,dep,1970-01-01T01:11:00Z,7,UA/ ORD,2023
UA,ORD,dep,1970-01-01T01:21:00Z,7,UA/ ORD,2023
UA,ORD,dep,1970-01-01T01:31:00Z,2,UA/ ORD,2023
UA,ORD,dep,1970-01-01T01:41:00Z,4,UA/ ORD,2023
UA,ORD,dep,1970-01-01T02:01:00Z,2,UA/ ORD,2023
UA,ORD,dep,1970-01-01T02:11:00Z,1,UA/ ORD,2023
UA,ORD,dep,1970-01-01T02:21:00Z,1,UA/ ORD,2023
UA,ORD,dep,1970-01-01T02:31:00Z,2,UA/ ORD,2023
UA,ORD,dep,1970-01-01T04:41:00Z,6,UA/ ORD,2023
UA,ORD,dep,1970-01-01T04:51:00Z,92,UA/ ORD,2023
UA,ORD,dep,1970-01-01T05:01:00Z,42,UA/ ORD,2023
UA,ORD,dep,1970-01-01T05:11:00Z,9,UA/ ORD,2023
UA,ORD,dep,1970-01-01T05:21:00Z,24,UA/ ORD,2023
UA,ORD,dep,1970-01-01T05:31:00Z,33,UA/ ORD,2023
UA,ORD,dep,1970-01-01T05:41:00Z,124,UA/ ORD,2023
UA,ORD,dep,1970-01-01T05:51:00Z,1037,UA/ ORD,2023
UA,ORD,dep,1970-01-01T06:01:00Z,244,UA/ ORD,2023
UA,ORD,dep,1970-01-01T06:11:00Z,86,UA/ ORD,2023
UA,ORD,dep,1970-01-01T06:21:00Z,55,UA/ ORD,2023
UA,ORD,dep,1970-01-01T06:31:00Z,36,UA/ ORD,2023
UA,ORD,dep,1970-01-01T06:41:00Z,174,UA/ ORD,2023
UA,ORD,dep,1970-01-01T06:51:00Z,1080,UA/ ORD,2023
UA,ORD,dep,1970-01-01T07:01:00Z,3498,UA/ ORD,2023
UA,ORD,dep,1970-01-01T07:11:00Z,2072,UA/ ORD,2023
UA,ORD,dep,1970-01-01T07:21:00Z,1829,UA/ ORD,2023
UA,ORD,dep,1970-01-01T07:31:00Z,1086,UA/ ORD,2023
UA,ORD,dep,1970-01-01T07:41:00Z,546,UA/ ORD,2023
UA,ORD,dep,1970-01-01T07:51:00Z,476,UA/ ORD,2023
UA,ORD,dep,1970-01-01T08:01:00Z,202,UA/ ORD,2023
UA,ORD,dep,1970-01-01T08:11:00Z,145,UA/ ORD,2023
UA,ORD,dep,1970-01-01T08:21:00Z,106,UA/ ORD,2023
UA,ORD,dep,1970-01-01T08:31:00Z,539,UA/ ORD,2023
UA,ORD,dep,1970-01-01T08:41:00Z,2387,UA/ ORD,2023
UA,ORD,dep,1970-01-01T08:51:00Z,2499,UA/ ORD,2023
UA,ORD,dep,1970-01-01T09:01:00Z,2215,UA/ ORD,2023
UA,ORD,dep,1970-01-01T09:11:00Z,1658,UA/ ORD,2023
UA,ORD,dep,1970-01-01T09:21:00Z,1204,UA/ ORD,2023
UA,ORD,dep,1970-01-01T09:31:00Z,503,UA/ ORD,2023
UA,ORD,dep,1970-01-01T09:41:00Z,300,UA/ ORD,2023
UA,ORD,dep,1970-01-01T09:51:00Z,289,UA/ ORD,2023
UA,ORD,dep,1970-01-01T10:01:00Z,244,UA/ ORD,2023
UA,ORD,dep,1970-01-01T10:11:00Z,207,UA/ ORD,2023
UA,ORD,dep,1970-01-01T10:21:00Z,564,UA/ ORD,2023
UA,ORD,dep,1970-01-01T10:31:00Z,1676,UA/ ORD,2023
UA,ORD,dep,1970-01-01T10:41:00Z,2068,UA/ ORD,2023
UA,ORD,dep,1970-01-01T10:51:00Z,1612,UA/ ORD,2023
UA,ORD,dep,1970-01-01T11:01:00Z,1020,UA/ ORD,2023
UA,ORD,dep,1970-01-01T11:11:00Z,431,UA/ ORD,2023
UA,ORD,dep,1970-01-01T11:21:00Z,204,UA/ ORD,2023
UA,ORD,dep,1970-01-01T11:31:00Z,246,UA/ ORD,2023
UA,ORD,dep,1970-01-01T11:41:00Z,294,UA/ ORD,2023
UA,ORD,dep,1970-01-01T11:51:00Z,198,UA/ ORD,2023
UA,ORD,dep,1970-01-01T12:01:00Z,141,UA/ ORD,2023
UA,ORD,dep,1970-01-01T12:11:00Z,135,UA/ ORD,2023
UA,ORD,dep,1970-01-01T12:21:00Z,126,UA/ ORD,2023
UA,ORD,dep,1970-01-01T12:31:00Z,630,UA/ ORD,2023
UA,ORD,dep,1970-01-01T12:41:00Z,2048,UA/ ORD,2023
UA,ORD,dep,1970-01-01T12:51:00Z,1620,UA/ ORD,2023
UA,ORD,dep,1970-01-01T13:01:00Z,1155,UA/ ORD,2023
UA,ORD,dep,1970-01-01T13:11:00Z,699,UA/ ORD,2023
UA,ORD,dep,1970-01-01T13:21:00Z,501,UA/ ORD,2023
UA,ORD,dep,1970-01-01T13:31:00Z,313,UA/ ORD,2023
UA,ORD,dep,1970-01-01T13:41:00Z,554,UA/ ORD,2023
UA,ORD,dep,1970-01-01T13:51:00Z,1791,UA/ ORD,2023
UA,ORD,dep,1970-01-01T14:01:00Z,1805,UA/ ORD,2023
UA,ORD,dep,1970-01-01T14:11:00Z,1447,UA/ ORD,2023
UA,ORD,dep,1970-01-01T14:21:00Z,990,UA/ ORD,2023
UA,ORD,dep,1970-01-01T14:31:00Z,741,UA/ ORD,2023
UA,ORD,dep,1970-01-01T14:41:00Z,379,UA/ ORD,2023
UA,ORD,dep,1970-01-01T14:51:00Z,497,UA/ ORD,2023
UA,ORD,dep,1970-01-01T15:01:00Z,279,UA/ ORD,2023
UA,ORD,dep,1970-01-01T15:11:00Z,171,UA/ ORD,2023
UA,ORD,dep,1970-01-01T15:21:00Z,263,UA/ ORD,2023
UA,ORD,dep,1970-01-01T15:31:00Z,598,UA/ ORD,2023
UA,ORD,dep,1970-01-01T15:41:00Z,972,UA/ ORD,2023
UA,ORD,dep,1970-01-01T15:51:00Z,1371,UA/ ORD,2023
UA,ORD,dep,1970-01-01T16:01:00Z,1162,UA/ ORD,2023
UA,ORD,dep,1970-01-01T16:11:00Z,602,UA/ ORD,2023
UA,ORD,dep,1970-01-01T16:21:00Z,318,UA/ ORD,2023
UA,ORD,dep,1970-01-01T16:31:00Z,249,UA/ ORD,2023
UA,ORD,dep,1970-01-01T16:41:00Z,209,UA/ ORD,2023
UA,ORD,dep,1970-01-01T16:51:00Z,283,UA/ ORD,2023
UA,ORD,dep,1970-01-01T17:01:00Z,216,UA/ ORD,2023
UA,ORD,dep,1970-01-01T17:11:00Z,160,UA/ ORD,2023
UA,ORD,dep,1970-01-01T17:21:00Z,120,UA/ ORD,2023
UA,ORD,dep,1970-01-01T17:31:00Z,88,UA/ ORD,2023
UA,ORD,dep,1970-01-01T17:41:00Z,572,UA/ ORD,2023
UA,ORD,dep,1970-01-01T17:51:00Z,1396,UA/ ORD,2023
UA,ORD,dep,1970-01-01T18:01:00Z,1878,UA/ ORD,2023
UA,ORD,dep,1970-01-01T18:11:00Z,2528,UA/ ORD,2023
UA,ORD,dep,1970-01-01T18:21:00Z,2244,UA/ ORD,2023
UA,ORD,dep,1970-01-01T18:31:00Z,1270,UA/ ORD,2023
UA,ORD,dep,1970-01-01T18:41:00Z,439,UA/ ORD,2023
UA,ORD,dep,1970-01-01T18:51:00Z,281,UA/ ORD,2023
UA,ORD,dep,1970-01-01T19:01:00Z,217,UA/ ORD,2023
UA,ORD,dep,1970-01-01T19:11:00Z,223,UA/ ORD,2023
UA,ORD,dep,1970-01-01T19:21:00Z,272,UA/ ORD,2023
UA,ORD,dep,1970-01-01T19:31:00Z,777,UA/ ORD,2023
UA,ORD,dep,1970-01-01T19:41:00Z,1187,UA/ ORD,2023
UA,ORD,dep,1970-01-01T19:51:00Z,2277,UA/ ORD,2023
UA,ORD,dep,1970-01-01T20:01:00Z,2237,UA/ ORD,2023
UA,ORD,dep,1970-01-01T20:11:00Z,1633,UA/ ORD,2023
UA,ORD,dep,1970-01-01T20:21:00Z,1138,UA/ ORD,2023
UA,ORD,dep,1970-01-01T20:31:00Z,587,UA/ ORD,2023
UA,ORD,dep,1970-01-01T20:41:00Z,451,UA/ ORD,2023
UA,ORD,dep,1970-01-01T20:51:00Z,459,UA/ ORD,2023
UA,ORD,dep,1970-01-01T21:01:00Z,789,UA/ ORD,2023
UA,ORD,dep,1970-01-01T21:11:00Z,852,UA/ ORD,2023
UA,ORD,dep,1970-01-01T21:21:00Z,1138,UA/ ORD,2023
UA,ORD,dep,1970-01-01T21:31:00Z,775,UA/ ORD,2023
UA,ORD,dep,1970-01-01T21:41:00Z,435,UA/ ORD,2023
UA,ORD,dep,1970-01-01T21:51:00Z,266,UA/ ORD,2023
UA,ORD,dep,1970-01-01T22:01:00Z,183,UA/ ORD,2023
UA,ORD,dep,1970-01-01T22:11:00Z,163,UA/ ORD,2023
UA,ORD,dep,1970-01-01T22:21:00Z,136,UA/ ORD,2023
UA,ORD,dep,1970-01-01T22:31:00Z,101,UA/ ORD,2023
UA,ORD,dep,1970-01-01T22:41:00Z,84,UA/ ORD,2023
UA,ORD,dep,1970-01-01T22:51:00Z,84,UA/ ORD,2023
UA,ORD,dep,1970-01-01T23:01:00Z,78,UA/ ORD,2023
UA,ORD,dep,1970-01-01T23:11:00Z,49,UA/ ORD,2023
UA,ORD,dep,1970-01-01T23:21:00Z,53,UA/ ORD,2023
UA,ORD,dep,1970-01-01T23:31:00Z,44,UA/ ORD,2023
UA,ORD,dep,1970-01-01T23:41:00Z,43,UA/ ORD,2023
UA,ORD,dep,1970-01-01T23:51:00Z,31,UA/ ORD,2023
AA,ORD,arr,1970-01-01T00:01:00Z,-112,AA/ ORD,2024
AA,ORD,arr,1970-01-01T00:11:00Z,-84,AA/ ORD,2024
AA,ORD,arr,1970-01-01T00:21:00Z,-71,AA/ ORD,2024
AA,ORD,arr,1970-01-01T00:31:00Z,-48,AA/ ORD,2024
AA,ORD,arr,1970-01-01T00:41:00Z,-33,AA/ ORD,2024
AA,ORD,arr,1970-01-01T00:51:00Z,-26,AA/ ORD,2024
AA,ORD,arr,1970-01-01T01:01:00Z,-23,AA/ ORD,2024
AA,ORD,arr,1970-01-01T01:11:00Z,-23,AA/ ORD,2024
AA,ORD,arr,1970-01-01T01:21:00Z,-20,AA/ ORD,2024
AA,ORD,arr,1970-01-01T01:31:00Z,-10,AA/ ORD,2024
AA,ORD,arr,1970-01-01T01:41:00Z,-18,AA/ ORD,2024
AA,ORD,arr,1970-01-01T01:51:00Z,-13,AA/ ORD,2024
AA,ORD,arr,1970-01-01T02:01:00Z,-7,AA/ ORD,2024
AA,ORD,arr,1970-01-01T02:11:00Z,-12,AA/ ORD,2024
AA,ORD,arr,1970-01-01T02:21:00Z,-4,AA/ ORD,2024
AA,ORD,arr,1970-01-01T02:41:00Z,-3,AA/ ORD,2024
AA,ORD,arr,1970-01-01T02:51:00Z,-6,AA/ ORD,2024
AA,ORD,arr,1970-01-01T03:01:00Z,-3,AA/ ORD,2024
AA,ORD,arr,1970-01-01T03:11:00Z,-1,AA/ ORD,2024
AA,ORD,arr,1970-01-01T03:21:00Z,-2,AA/ ORD,2024
AA,ORD,arr,1970-01-01T03:31:00Z,-2,AA/ ORD,2024
AA,ORD,arr,1970-01-01T03:41:00Z,-2,AA/ ORD,2024
AA,ORD,arr,1970-01-01T03:51:00Z,-2,AA/ ORD,2024
AA,ORD,arr,1970-01-01T04:01:00Z,-6,AA/ ORD,2024
AA,ORD,arr,1970-01-01T04:11:00Z,-21,AA/ ORD,2024
AA,ORD,arr,1970-01-01T04:21:00Z,-58,AA/ ORD,2024
AA,ORD,arr,1970-01-01T04:31:00Z,-68,AA/ ORD,2024
AA,ORD,arr,1970-01-01T04:41:00Z,-81,AA/ ORD,2024
AA,ORD,arr,1970-01-01T04:51:00Z,-85,AA/ ORD,2024
AA,ORD,arr,1970-01-01T05:01:00Z,-58,AA/ ORD,2024
AA,ORD,arr,1970-01-01T05:11:00Z,-62,AA/ ORD,2024
AA,ORD,arr,1970-01-01T05:21:00Z,-62,AA/ ORD,2024
AA,ORD,arr,1970-01-01T05:31:00Z,-79,AA/ ORD,2024
AA,ORD,arr,1970-01-01T05:41:00Z,-71,AA/ ORD,2024
AA,ORD,arr,1970-01-01T05:51:00Z,-73,AA/ ORD,2024
AA,ORD,arr,1970-01-01T06:01:00Z,-76,AA/ ORD,2024
AA,ORD,arr,1970-01-01T06:11:00Z,-53,AA/ ORD,2024
AA,ORD,arr,1970-01-01T06:21:00Z,-49,AA/ ORD,2024
AA,ORD,arr,1970-01-01T06:31:00Z,-87,AA/ ORD,2024
AA,ORD,arr,1970-01-01T06:41:00Z,-197,AA/ ORD,2024
AA,ORD,arr,1970-01-01T06:51:00Z,-319,AA/ ORD,2024
AA,ORD,arr,1970-01-01T07:01:00Z,-422,AA/ ORD,2024
AA,ORD,arr,1970-01-01T07:11:00Z,-363,AA/ ORD,2024
AA,ORD,arr,1970-01-01T07:21:00Z,-271,AA/ ORD,2024
AA,ORD,arr,1970-01-01T07:31:00Z,-189,AA/ ORD,2024
AA,ORD,arr,1970-01-01T07:41:00Z,-111,AA/ ORD,2024
AA,ORD,arr,1970-01-01T07:51:00Z,-103,AA/ ORD,2024
AA,ORD,arr,1970-01-01T08:01:00Z,-126,AA/ ORD,2024
AA,ORD,arr,1970-01-01T08:11:00Z,-171,AA/ ORD,2024
AA,ORD,arr,1970-01-01T08:21:00Z,-276,AA/ ORD,2024
AA,ORD,arr,1970-01-01T08:31:00Z,-438,AA/ ORD,2024
AA,ORD,arr,1970-01-01T08:41:00Z,-574,AA/ ORD,2024
AA,ORD,arr,1970-01-01T08:51:00Z,-646,AA/ ORD,2024
AA,ORD,arr,1970-01-01T09:01:00Z,-413,AA/ ORD,2024
AA,ORD,arr,1970-01-01T09:11:00Z,-217,AA/ ORD,2024
AA,ORD,arr,1970-01-01T09:21:00Z,-155,AA/ ORD,2024
AA,ORD,arr,1970-01-01T09:31:00Z,-126,AA/ ORD,2024
AA,ORD,arr,1970-01-01T09:41:00Z,-92,AA/ ORD,2024
AA,ORD,arr,1970-01-01T09:51:00Z,-129,AA/ ORD,2024
AA,ORD,arr,1970-01-01T10:01:00Z,-144,AA/ ORD,2024
AA,ORD,arr,1970-01-01T10:11:00Z,-168,AA/ ORD,2024
AA,ORD,arr,1970-01-01T10:21:00Z,-192,AA/ ORD,2024
AA,ORD,arr,1970-01-01T10:31:00Z,-264,AA/ ORD,2024
AA,ORD,arr,1970-01-01T10:41:00Z,-299,AA/ ORD,2024
AA,ORD,arr,1970-01-01T10:51:00Z,-270,AA/ ORD,2024
AA,ORD,arr,1970-01-01T11:01:00Z,-158,AA/ ORD,2024
AA,ORD,arr,1970-01-01T11:11:00Z,-146,AA/ ORD,2024
AA,ORD,arr,1970-01-01T11:21:00Z,-128,AA/ ORD,2024
AA,ORD,arr,1970-01-01T11:31:00Z,-135,AA/ ORD,2024
AA,ORD,arr,1970-01-01T11:41:00Z,-186,AA/ ORD,2024
AA,ORD,arr,1970-01-01T11:51:00Z,-286,AA/ ORD,2024
AA,ORD,arr,1970-01-01T12:01:00Z,-305,AA/ ORD,2024
AA,ORD,arr,1970-01-01T12:11:00Z,-313,AA/ ORD,2024
AA,ORD,arr,1970-01-01T12:21:00Z,-241,AA/ ORD,2024
AA,ORD,arr,1970-01-01T12:31:00Z,-204,AA/ ORD,2024
AA,ORD,arr,1970-01-01T12:41:00Z,-103,AA/ ORD,2024
AA,ORD,arr,1970-01-01T12:51:00Z,-94,AA/ ORD,2024
AA,ORD,arr,1970-01-01T13:01:00Z,-123,AA/ ORD,2024
AA,ORD,arr,1970-01-01T13:11:00Z,-152,AA/ ORD,2024
AA,ORD,arr,1970-01-01T13:21:00Z,-181,AA/ ORD,2024
AA,ORD,arr,1970-01-01T13:31:00Z,-224,AA/ ORD,2024
AA,ORD,arr,1970-01-01T13:41:00Z,-233,AA/ ORD,2024
AA,ORD,arr,1970-01-01T13:51:00Z,-276,AA/ ORD,2024
AA,ORD,arr,1970-01-01T14:01:00Z,-244,AA/ ORD,2024
AA,ORD,arr,1970-01-01T14:11:00Z,-206,AA/ ORD,2024
AA,ORD,arr,1970-01-01T14:21:00Z,-150,AA/ ORD,2024
AA,ORD,arr,1970-01-01T14:31:00Z,-128,AA/ ORD,2024
AA,ORD,arr,1970-01-01T14:41:00Z,-113,AA/ ORD,2024
AA,ORD,arr,1970-01-01T14:51:00Z,-125,AA/ ORD,2024
AA,ORD,arr,1970-01-01T15:01:00Z,-121,AA/ ORD,2024
AA,ORD,arr,1970-01-01T15:11:00Z,-141,AA/ ORD,2024
AA,ORD,arr,1970-01-01T15:21:00Z,-207,AA/ ORD,2024
AA,ORD,arr,1970-01-01T15:31:00Z,-266,AA/ ORD,2024
AA,ORD,arr,1970-01-01T15:41:00Z,-313,AA/ ORD,2024
AA,ORD,arr,1970-01-01T15:51:00Z,-293,AA/ ORD,2024
AA,ORD,arr,1970-01-01T16:01:00Z,-194,AA/ ORD,2024
AA,ORD,arr,1970-01-01T16:11:00Z,-135,AA/ ORD,2024
AA,ORD,arr,1970-01-01T16:21:00Z,-127,AA/ ORD,2024
AA,ORD,arr,1970-01-01T16:31:00Z,-83,AA/ ORD,2024
AA,ORD,arr,1970-01-01T16:41:00Z,-90,AA/ ORD,2024
AA,ORD,arr,1970-01-01T16:51:00Z,-148,AA/ ORD,2024
AA,ORD,arr,1970-01-01T17:01:00Z,-286,AA/ ORD,2024
AA,ORD,arr,1970-01-01T17:11:00Z,-451,AA/ ORD,2024
AA,ORD,arr,1970-01-01T17:21:00Z,-499,AA/ ORD,2024
AA,ORD,arr,1970-01-01T17:31:00Z,-483,AA/ ORD,2024
AA,ORD,arr,1970-01-01T17:41:00Z,-336,AA/ ORD,2024
AA,ORD,arr,1970-01-01T17:51:00Z,-261,AA/ ORD,2024
AA,ORD,arr,1970-01-01T18:01:00Z,-197,AA/ ORD,2024
AA,ORD,arr,1970-01-01T18:11:00Z,-209,AA/ ORD,2024
AA,ORD,arr,1970-01-01T18:21:00Z,-152,AA/ ORD,2024
AA,ORD,arr,1970-01-01T18:31:00Z,-121,AA/ ORD,2024
AA,ORD,arr,1970-01-01T18:41:00Z,-160,AA/ ORD,2024
AA,ORD,arr,1970-01-01T18:51:00Z,-207,AA/ ORD,2024
AA,ORD,arr,1970-01-01T19:01:00Z,-361,AA/ ORD,2024
AA,ORD,arr,1970-01-01T19:11:00Z,-531,AA/ ORD,2024
AA,ORD,arr,1970-01-01T19:21:00Z,-601,AA/ ORD,2024
AA,ORD,arr,1970-01-01T19:31:00Z,-575,AA/ ORD,2024
AA,ORD,arr,1970-01-01T19:41:00Z,-431,AA/ ORD,2024
AA,ORD,arr,1970-01-01T19:51:00Z,-269,AA/ ORD,2024
AA,ORD,arr,1970-01-01T20:01:00Z,-209,AA/ ORD,2024
AA,ORD,arr,1970-01-01T20:11:00Z,-150,AA/ ORD,2024
AA,ORD,arr,1970-01-01T20:21:00Z,-161,AA/ ORD,2024
AA,ORD,arr,1970-01-01T20:31:00Z,-124,AA/ ORD,2024
AA,ORD,arr,1970-01-01T20:41:00Z,-152,AA/ ORD,2024
AA,ORD,arr,1970-01-01T20:51:00Z,-158,AA/ ORD,2024
AA,ORD,arr,1970-01-01T21:01:00Z,-171,AA/ ORD,2024
AA,ORD,arr,1970-01-01T21:11:00Z,-199,AA/ ORD,2024
AA,ORD,arr,1970-01-01T21:21:00Z,-213,AA/ ORD,2024
AA,ORD,arr,1970-01-01T21:31:00Z,-173,AA/ ORD,2024
AA,ORD,arr,1970-01-01T21:41:00Z,-179,AA/ ORD,2024
AA,ORD,arr,1970-01-01T21:51:00Z,-153,AA/ ORD,2024
AA,ORD,arr,1970-01-01T22:01:00Z,-144,AA/ ORD,2024
AA,ORD,arr,1970-01-01T22:11:00Z,-125,AA/ ORD,2024
AA,ORD,arr,1970-01-01T22:21:00Z,-119,AA/ ORD,2024
AA,ORD,arr,1970-01-01T22:31:00Z,-76,AA/ ORD,2024
AA,ORD,arr,1970-01-01T22:41:00Z,-106,AA/ ORD,2024
AA,ORD,arr,1970-01-01T22:51:00Z,-80,AA/ ORD,2024
AA,ORD,arr,1970-01-01T23:01:00Z,-95,AA/ ORD,2024
AA,ORD,arr,1970-01-01T23:11:00Z,-112,AA/ ORD,2024
AA,ORD,arr,1970-01-01T23:21:00Z,-133,AA/ ORD,2024
AA,ORD,arr,1970-01-01T23:31:00Z,-147,AA/ ORD,2024
AA,ORD,arr,1970-01-01T23:41:00Z,-131,AA/ ORD,2024
AA,ORD,arr,1970-01-01T23:51:00Z,-124,AA/ ORD,2024
AA,ORD,dep,1970-01-01T00:01:00Z,9,AA/ ORD,2024
AA,ORD,dep,1970-01-01T00:11:00Z,6,AA/ ORD,2024
AA,ORD,dep,1970-01-01T00:21:00Z,12,AA/ ORD,2024
AA,ORD,dep,1970-01-01T00:31:00Z,3,AA/ ORD,2024
AA,ORD,dep,1970-01-01T00:41:00Z,3,AA/ ORD,2024
AA,ORD,dep,1970-01-01T00:51:00Z,5,AA/ ORD,2024
AA,ORD,dep,1970-01-01T01:01:00Z,3,AA/ ORD,2024
AA,ORD,dep,1970-01-01T01:11:00Z,1,AA/ ORD,2024
AA,ORD,dep,1970-01-01T01:21:00Z,1,AA/ ORD,2024
AA,ORD,dep,1970-01-01T01:41:00Z,1,AA/ ORD,2024
AA,ORD,dep,1970-01-01T02:51:00Z,1,AA/ ORD,2024
AA,ORD,dep,1970-01-01T04:41:00Z,3,AA/ ORD,2024
AA,ORD,dep,1970-01-01T04:51:00Z,315,AA/ ORD,2024
AA,ORD,dep,1970-01-01T05:01:00Z,99,AA/ ORD,2024
AA,ORD,dep,1970-01-01T05:11:00Z,106,AA/ ORD,2024
AA,ORD,dep,1970-01-01T05:21:00Z,48,AA/ ORD,2024
AA,ORD,dep,1970-01-01T05:31:00Z,26,AA/ ORD,2024
AA,ORD,dep,1970-01-01T05:41:00Z,38,AA/ ORD,2024
AA,ORD,dep,1970-01-01T05:51:00Z,336,AA/ ORD,2024
AA,ORD,dep,1970-01-01T06:01:00Z,101,AA/ ORD,2024
AA,ORD,dep,1970-01-01T06:11:00Z,135,AA/ ORD,2024
AA,ORD,dep,1970-01-01T06:21:00Z,247,AA/ ORD,2024
AA,ORD,dep,1970-01-01T06:31:00Z,119,AA/ ORD,2024
AA,ORD,dep,1970-01-01T06:41:00Z,130,AA/ ORD,2024
AA,ORD,dep,1970-01-01T06:51:00Z,452,AA/ ORD,2024
AA,ORD,dep,1970-01-01T07:01:00Z,176,AA/ ORD,2024
AA,ORD,dep,1970-01-01T07:11:00Z,165,AA/ ORD,2024
AA,ORD,dep,1970-01-01T07:21:00Z,131,AA/ ORD,2024
AA,ORD,dep,1970-01-01T07:31:00Z,29,AA/ ORD,2024
AA,ORD,dep,1970-01-01T07:41:00Z,24,AA/ ORD,2024
AA,ORD,dep,1970-01-01T07:51:00Z,127,AA/ ORD,2024
AA,ORD,dep,1970-01-01T08:01:00Z,480,AA/ ORD,2024
AA,ORD,dep,1970-01-01T08:11:00Z,714,AA/ ORD,2024
AA,ORD,dep,1970-01-01T08:21:00Z,665,AA/ ORD,2024
AA,ORD,dep,1970-01-01T08:31:00Z,453,AA/ ORD,2024
AA,ORD,dep,1970-01-01T08:41:00Z,312,AA/ ORD,2024
AA,ORD,dep,1970-01-01T08:51:00Z,197,AA/ ORD,2024
AA,ORD,dep,1970-01-01T09:01:00Z,101,AA/ ORD,2024
AA,ORD,dep,1970-01-01T09:11:00Z,100,AA/ ORD,2024
AA,ORD,dep,1970-01-01T09:21:00Z,131,AA/ ORD,2024
AA,ORD,dep,1970-01-01T09:31:00Z,117,AA/ ORD,2024
AA,ORD,dep,1970-01-01T09:41:00Z,329,AA/ ORD,2024
AA,ORD,dep,1970-01-01T09:51:00Z,766,AA/ ORD,2024
AA,ORD,dep,1970-01-01T10:01:00Z,824,AA/ ORD,2024
AA,ORD,dep,1970-01-01T10:11:00Z,551,AA/ ORD,2024
AA,ORD,dep,1970-01-01T10:21:00Z,354,AA/ ORD,2024
AA,ORD,dep,1970-01-01T10:31:00Z,245,AA/ ORD,2024
AA,ORD,dep,1970-01-01T10:41:00Z,104,AA/ ORD,2024
AA,ORD,dep,1970-01-01T10:51:00Z,103,AA/ ORD,2024
AA,ORD,dep,1970-01-01T11:01:00Z,119,AA/ ORD,2024
AA,ORD,dep,1970-01-01T11:11:00Z,143,AA/ ORD,2024
AA,ORD,dep,1970-01-01T11:21:00Z,168,AA/ ORD,2024
AA,ORD,dep,1970-01-01T11:31:00Z,125,AA/ ORD,2024
AA,ORD,dep,1970-01-01T11:41:00Z,364,AA/ ORD,2024
AA,ORD,dep,1970-01-01T11:51:00Z,269,AA/ ORD,2024
AA,ORD,dep,1970-01-01T12:01:00Z,262,AA/ ORD,2024
AA,ORD,dep,1970-01-01T12:11:00Z,256,AA/ ORD,2024
AA,ORD,dep,1970-01-01T12:21:00Z,160,AA/ ORD,2024
AA,ORD,dep,1970-01-01T12:31:00Z,142,AA/ ORD,2024
AA,ORD,dep,1970-01-01T12:41:00Z,124,AA/ ORD,2024
AA,ORD,dep,1970-01-01T12:51:00Z,167,AA/ ORD,2024
AA,ORD,dep,1970-01-01T13:01:00Z,206,AA/ ORD,2024
AA,ORD,dep,1970-01-01T13:11:00Z,363,AA/ ORD,2024
AA,ORD,dep,1970-01-01T13:21:00Z,342,AA/ ORD,2024
AA,ORD,dep,1970-01-01T13:31:00Z,314,AA/ ORD,2024
AA,ORD,dep,1970-01-01T13:41:00Z,181,AA/ ORD,2024
AA,ORD,dep,1970-01-01T13:51:00Z,139,AA/ ORD,2024
AA,ORD,dep,1970-01-01T14:01:00Z,91,AA/ ORD,2024
AA,ORD,dep,1970-01-01T14:11:00Z,98,AA/ ORD,2024
AA,ORD,dep,1970-01-01T14:21:00Z,81,AA/ ORD,2024
AA,ORD,dep,1970-01-01T14:31:00Z,92,AA/ ORD,2024
AA,ORD,dep,1970-01-01T14:41:00Z,133,AA/ ORD,2024
AA,ORD,dep,1970-01-01T14:51:00Z,326,AA/ ORD,2024
AA,ORD,dep,1970-01-01T15:01:00Z,258,AA/ ORD,2024
AA,ORD,dep,1970-01-01T15:11:00Z,332,AA/ ORD,2024
AA,ORD,dep,1970-01-01T15:21:00Z,222,AA/ ORD,2024
AA,ORD,dep,1970-01-01T15:31:00Z,142,AA/ ORD,2024
AA,ORD,dep,1970-01-01T15:41:00Z,115,AA/ ORD,2024
AA,ORD,dep,1970-01-01T15:51:00Z,129,AA/ ORD,2024
AA,ORD,dep,1970-01-01T16:01:00Z,142,AA/ ORD,2024
AA,ORD,dep,1970-01-01T16:11:00Z,113,AA/ ORD,2024
AA,ORD,dep,1970-01-01T16:21:00Z,95,AA/ ORD,2024
AA,ORD,dep,1970-01-01T16:31:00Z,140,AA/ ORD,2024
AA,ORD,dep,1970-01-01T16:41:00Z,290,AA/ ORD,2024
AA,ORD,dep,1970-01-01T16:51:00Z,342,AA/ ORD,2024
AA,ORD,dep,1970-01-01T17:01:00Z,318,AA/ ORD,2024
AA,ORD,dep,1970-01-01T17:11:00Z,241,AA/ ORD,2024
AA,ORD,dep,1970-01-01T17:21:00Z,169,AA/ ORD,2024
AA,ORD,dep,1970-01-01T17:31:00Z,118,AA/ ORD,2024
AA,ORD,dep,1970-01-01T17:41:00Z,118,AA/ ORD,2024
AA,ORD,dep,1970-01-01T17:51:00Z,84,AA/ ORD,2024
AA,ORD,dep,1970-01-01T18:01:00Z,66,AA/ ORD,2024
AA,ORD,dep,1970-01-01T18:11:00Z,175,AA/ ORD,2024
AA,ORD,dep,1970-01-01T18:21:00Z,411,AA/ ORD,2024
AA,ORD,dep,1970-01-01T18:31:00Z,469,AA/ ORD,2024
AA,ORD,dep,1970-01-01T18:41:00Z,536,AA/ ORD,2024
AA,ORD,dep,1970-01-01T18:51:00Z,395,AA/ ORD,2024
AA,ORD,dep,1970-01-01T19:01:00Z,296,AA/ ORD,2024
AA,ORD,dep,1970-01-01T19:11:00Z,244,AA/ ORD,2024
AA,ORD,dep,1970-01-01T19:21:00Z,184,AA/ ORD,2024
AA,ORD,dep,1970-01-01T19:31:00Z,137,AA/ ORD,2024
AA,ORD,dep,1970-01-01T19:41:00Z,126,AA/ ORD,2024
AA,ORD,dep,1970-01-01T19:51:00Z,114,AA/ ORD,2024
AA,ORD,dep,1970-01-01T20:01:00Z,137,AA/ ORD,2024
AA,ORD,dep,1970-01-01T20:11:00Z,296,AA/ ORD,2024
AA,ORD,dep,1970-01-01T20:21:00Z,452,AA/ ORD,2024
AA,ORD,dep,1970-01-01T20:31:00Z,561,AA/ ORD,2024
AA,ORD,dep,1970-01-01T20:41:00Z,497,AA/ ORD,2024
AA,ORD,dep,1970-01-01T20:51:00Z,368,AA/ ORD,2024
AA,ORD,dep,1970-01-01T21:01:00Z,236,AA/ ORD,2024
AA,ORD,dep,1970-01-01T21:11:00Z,208,AA/ ORD,2024
AA,ORD,dep,1970-01-01T21:21:00Z,177,AA/ ORD,2024
AA,ORD,dep,1970-01-01T21:31:00Z,131,AA/ ORD,2024
AA,ORD,dep,1970-01-01T21:41:00Z,126,AA/ ORD,2024
AA,ORD,dep,1970-01-01T21:51:00Z,114,AA/ ORD,2024
AA,ORD,dep,1970-01-01T22:01:00Z,78,AA/ ORD,2024
AA,ORD,dep,1970-01-01T22:11:00Z,80,AA/ ORD,2024
AA,ORD,dep,1970-01-01T22:21:00Z,64,AA/ ORD,2024
AA,ORD,dep,1970-01-01T22:31:00Z,55,AA/ ORD,2024
AA,ORD,dep,1970-01-01T22:41:00Z,29,AA/ ORD,2024
AA,ORD,dep,1970-01-01T22:51:00Z,24,AA/ ORD,2024
AA,ORD,dep,1970-01-01T23:01:00Z,38,AA/ ORD,2024
AA,ORD,dep,1970-01-01T23:11:00Z,20,AA/ ORD,2024
AA,ORD,dep,1970-01-01T23:21:00Z,17,AA/ ORD,2024
AA,ORD,dep,1970-01-01T23:31:00Z,11,AA/ ORD,2024
AA,ORD,dep,1970-01-01T23:41:00Z,10,AA/ ORD,2024
AA,ORD,dep,1970-01-01T23:51:00Z,10,AA/ ORD,2024
UA,ORD,arr,1970-01-01T00:01:00Z,-119,UA/ ORD,2024
UA,ORD,arr,1970-01-01T00:11:00Z,-91,UA/ ORD,2024
UA,ORD,arr,1970-01-01T00:21:00Z,-74,UA/ ORD,2024
UA,ORD,arr,1970-01-01T00:31:00Z,-63,UA/ ORD,2024
UA,ORD,arr,1970-01-01T00:41:00Z,-60,UA/ ORD,2024
UA,ORD,arr,1970-01-01T00:51:00Z,-49,UA/ ORD,2024
UA,ORD,arr,1970-01-01T01:01:00Z,-44,UA/ ORD,2024
UA,ORD,arr,1970-01-01T01:11:00Z,-21,UA/ ORD,2024
UA,ORD,arr,1970-01-01T01:21:00Z,-21,UA/ ORD,2024
UA,ORD,arr,1970-01-01T01:31:00Z,-24,UA/ ORD,2024
UA,ORD,arr,1970-01-01T01:41:00Z,-19,UA/ ORD,2024
UA,ORD,arr,1970-01-01T01:51:00Z,-12,UA/ ORD,2024
UA,ORD,arr,1970-01-01T02:01:00Z,-4,UA/ ORD,2024
UA,ORD,arr,1970-01-01T02:11:00Z,-5,UA/ ORD,2024
UA,ORD,arr,1970-01-01T02:21:00Z,-7,UA/ ORD,2024
UA,ORD,arr,1970-01-01T02:31:00Z,-12,UA/ ORD,2024
UA,ORD,arr,1970-01-01T02:41:00Z,-3,UA/ ORD,2024
UA,ORD,arr,1970-01-01T02:51:00Z,-3,UA/ ORD,2024
UA,ORD,arr,1970-01-01T03:01:00Z,-4,UA/ ORD,2024
UA,ORD,arr,1970-01-01T03:11:00Z,-3,UA/ ORD,2024
UA,ORD,arr,1970-01-01T03:21:00Z,-2,UA/ ORD,2024
UA,ORD,arr,1970-01-01T03:31:00Z,-5,UA/ ORD,2024
UA,ORD,arr,1970-01-01T03:41:00Z,-16,UA/ ORD,2024
UA,ORD,arr,1970-01-01T03:51:00Z,-21,UA/ ORD,2024
UA,ORD,arr,1970-01-01T04:01:00Z,-41,UA/ ORD,2024
UA,ORD,arr,1970-01-01T04:11:00Z,-51,UA/ ORD,2024
UA,ORD,arr,1970-01-01T04:21:00Z,-60,UA/ ORD,2024
UA,ORD,arr,1970-01-01T04:31:00Z,-47,UA/ ORD,2024
UA,ORD,arr,1970-01-01T04:41:00Z,-82,UA/ ORD,2024
UA,ORD,arr,1970-01-01T04:51:00Z,-115,UA/ ORD,2024
UA,ORD,arr,1970-01-01T05:01:00Z,-164,UA/ ORD,2024
UA,ORD,arr,1970-01-01T05:11:00Z,-191,UA/ ORD,2024
UA,ORD,arr,1970-01-01T05:21:00Z,-251,UA/ ORD,2024
UA,ORD,arr,1970-01-01T05:31:00Z,-267,UA/ ORD,2024
UA,ORD,arr,1970-01-01T05:41:00Z,-269,UA/ ORD,2024
UA,ORD,arr,1970-01-01T05:51:00Z,-225,UA/ ORD,2024
UA,ORD,arr,1970-01-01T06:01:00Z,-183,UA/ ORD,2024
UA,ORD,arr,1970-01-01T06:11:00Z,-172,UA/ ORD,2024
UA,ORD,arr,1970-01-01T06:21:00Z,-122,UA/ ORD,2024
UA,ORD,arr,1970-01-01T06:31:00Z,-79,UA/ ORD,2024
UA,ORD,arr,1970-01-01T06:41:00Z,-72,UA/ ORD,2024
UA,ORD,arr,1970-01-01T06:51:00Z,-127,UA/ ORD,2024
UA,ORD,arr,1970-01-01T07:01:00Z,-208,UA/ ORD,2024
UA,ORD,arr,1970-01-01T07:11:00Z,-559,UA/ ORD,2024
UA,ORD,arr,1970-01-01T07:21:00Z,-922,UA/ ORD,2024
UA,ORD,arr,1970-01-01T07:31:00Z,-1124,UA/ ORD,2024
UA,ORD,arr,1970-01-01T07:41:00Z,-1003,UA/ ORD,2024
UA,ORD,arr,1970-01-01T07:51:00Z,-671,UA/ ORD,2024
UA,ORD,arr,1970-01-01T08:01:00Z,-324,UA/ ORD,2024
UA,ORD,arr,1970-01-01T08:11:00Z,-162,UA/ ORD,2024
UA,ORD,arr,1970-01-01T08:21:00Z,-107,UA/ ORD,2024
UA,ORD,arr,1970-01-01T08:31:00Z,-97,UA/ ORD,2024
UA,ORD,arr,1970-01-01T08:41:00Z,-101,UA/ ORD,2024
UA,ORD,arr,1970-01-01T08:51:00Z,-172,UA/ ORD,2024
UA,ORD,arr,1970-01-01T09:01:00Z,-370,UA/ ORD,2024
UA,ORD,arr,1970-01-01T09:11:00Z,-706,UA/ ORD,2024
UA,ORD,arr,1970-01-01T09:21:00Z,-935,UA/ ORD,2024
UA,ORD,arr,1970-01-01T09:31:00Z,-952,UA/ ORD,2024
UA,ORD,arr,1970-01-01T09:41:00Z,-615,UA/ ORD,2024
UA,ORD,arr,1970-01-01T09:51:00Z,-270,UA/ ORD,2024
UA,ORD,arr,1970-01-01T10:01:00Z,-149,UA/ ORD,2024
UA,ORD,arr,1970-01-01T10:11:00Z,-141,UA/ ORD,2024
UA,ORD,arr,1970-01-01T10:21:00Z,-177,UA/ ORD,2024
UA,ORD,arr,1970-01-01T10:31:00Z,-138,UA/ ORD,2024
UA,ORD,arr,1970-01-01T10:41:00Z,-115,UA/ ORD,2024
UA,ORD,arr,1970-01-01T10:51:00Z,-192,UA/ ORD,2024
UA,ORD,arr,1970-01-01T11:01:00Z,-339,UA/ ORD,2024
UA,ORD,arr,1970-01-01T11:11:00Z,-559,UA/ ORD,2024
UA,ORD,arr,1970-01-01T11:21:00Z,-558,UA/ ORD,2024
UA,ORD,arr,1970-01-01T11:31:00Z,-479,UA/ ORD,2024
UA,ORD,arr,1970-01-01T11:41:00Z,-400,UA/ ORD,2024
UA,ORD,arr,1970-01-01T11:51:00Z,-298,UA/ ORD,2024
UA,ORD,arr,1970-01-01T12:01:00Z,-209,UA/ ORD,2024
UA,ORD,arr,1970-01-01T12:11:00Z,-249,UA/ ORD,2024
UA,ORD,arr,1970-01-01T12:21:00Z,-501,UA/ ORD,2024
UA,ORD,arr,1970-01-01T12:31:00Z,-635,UA/ ORD,2024
UA,ORD,arr,1970-01-01T12:41:00Z,-699,UA/ ORD,2024
UA,ORD,arr,1970-01-01T12:51:00Z,-809,UA/ ORD,2024
UA,ORD,arr,1970-01-01T13:01:00Z,-659,UA/ ORD,2024
UA,ORD,arr,1970-01-01T13:11:00Z,-392,UA/ ORD,2024
UA,ORD,arr,1970-01-01T13:21:00Z,-185,UA/ ORD,2024
UA,ORD,arr,1970-01-01T13:31:00Z,-162,UA/ ORD,2024
UA,ORD,arr,1970-01-01T13:41:00Z,-174,UA/ ORD,2024
UA,ORD,arr,1970-01-01T13:51:00Z,-193,UA/ ORD,2024
UA,ORD,arr,1970-01-01T14:01:00Z,-271,UA/ ORD,2024
UA,ORD,arr,1970-01-01T14:11:00Z,-388,UA/ ORD,2024
UA,ORD,arr,1970-01-01T14:21:00Z,-507,UA/ ORD,2024
UA,ORD,arr,1970-01-01T14:31:00Z,-648,UA/ ORD,2024
UA,ORD,arr,1970-01-01T14:41:00Z,-592,UA/ ORD,2024
UA,ORD,arr,1970-01-01T14:51:00Z,-300,UA/ ORD,2024
UA,ORD,arr,1970-01-01T15:01:00Z,-143,UA/ ORD,2024
UA,ORD,arr,1970-01-01T15:11:00Z,-97,UA/ ORD,2024
UA,ORD,arr,1970-01-01T15:21:00Z,-62,UA/ ORD,2024
UA,ORD,arr,1970-01-01T15:31:00Z,-99,UA/ ORD,2024
UA,ORD,arr,1970-01-01T15:41:00Z,-105,UA/ ORD,2024
UA,ORD,arr,1970-01-01T15:51:00Z,-166,UA/ ORD,2024
UA,ORD,arr,1970-01-01T16:01:00Z,-239,UA/ ORD,2024
UA,ORD,arr,1970-01-01T16:11:00Z,-378,UA/ ORD,2024
UA,ORD,arr,1970-01-01T16:21:00Z,-512,UA/ ORD,2024
UA,ORD,arr,1970-01-01T16:31:00Z,-703,UA/ ORD,2024
UA,ORD,arr,1970-01-01T16:41:00Z,-870,UA/ ORD,2024
UA,ORD,arr,1970-01-01T16:51:00Z,-878,UA/ ORD,2024
UA,ORD,arr,1970-01-01T17:01:00Z,-679,UA/ ORD,2024
UA,ORD,arr,1970-01-01T17:11:00Z,-367,UA/ ORD,2024
UA,ORD,arr,1970-01-01T17:21:00Z,-259,UA/ ORD,2024
UA,ORD,arr,1970-01-01T17:31:00Z,-182,UA/ ORD,2024
UA,ORD,arr,1970-01-01T17:41:00Z,-212,UA/ ORD,2024
UA,ORD,arr,1970-01-01T17:51:00Z,-291,UA/ ORD,2024
UA,ORD,arr,1970-01-01T18:01:00Z,-408,UA/ ORD,2024
UA,ORD,arr,1970-01-01T18:11:00Z,-553,UA/ ORD,2024
UA,ORD,arr,1970-01-01T18:21:00Z,-661,UA/ ORD,2024
UA,ORD,arr,1970-01-01T18:31:00Z,-818,UA/ ORD,2024
UA,ORD,arr,1970-01-01T18:41:00Z,-857,UA/ ORD,2024
UA,ORD,arr,1970-01-01T18:51:00Z,-727,UA/ ORD,2024
UA,ORD,arr,1970-01-01T19:01:00Z,-568,UA/ ORD,2024
UA,ORD,arr,1970-01-01T19:11:00Z,-382,UA/ ORD,2024
UA,ORD,arr,1970-01-01T19:21:00Z,-298,UA/ ORD,2024
UA,ORD,arr,1970-01-01T19:31:00Z,-262,UA/ ORD,2024
UA,ORD,arr,1970-01-01T19:41:00Z,-335,UA/ ORD,2024
UA,ORD,arr,1970-01-01T19:51:00Z,-479,UA/ ORD,2024
UA,ORD,arr,1970-01-01T20:01:00Z,-611,UA/ ORD,2024
UA,ORD,arr,1970-01-01T20:11:00Z,-652,UA/ ORD,2024
UA,ORD,arr,1970-01-01T20:21:00Z,-529,UA/ ORD,2024
UA,ORD,arr,1970-01-01T20:31:00Z,-366,UA/ ORD,2024
UA,ORD,arr,1970-01-01T20:41:00Z,-275,UA/ ORD,2024
UA,ORD,arr,1970-01-01T20:51:00Z,-224,UA/ ORD,2024
UA,ORD,arr,1970-01-01T21:01:00Z,-223,UA/ ORD,2024
UA,ORD,arr,1970-01-01T21:11:00Z,-194,UA/ ORD,2024
UA,ORD,arr,1970-01-01T21:21:00Z,-164,UA/ ORD,2024
UA,ORD,arr,1970-01-01T21:31:00Z,-161,UA/ ORD,2024
UA,ORD,arr,1970-01-01T21:41:00Z,-166,UA/ ORD,2024
UA,ORD,arr,1970-01-01T21:51:00Z,-152,UA/ ORD,2024
UA,ORD,arr,1970-01-01T22:01:00Z,-158,UA/ ORD,2024
UA,ORD,arr,1970-01-01T22:11:00Z,-190,UA/ ORD,2024
UA,ORD,arr,1970-01-01T22:21:00Z,-214,UA/ ORD,2024
UA,ORD,arr,1970-01-01T22:31:00Z,-258,UA/ ORD,2024
UA,ORD,arr,1970-01-01T22:41:00Z,-278,UA/ ORD,2024
UA,ORD,arr,1970-01-01T22:51:00Z,-247,UA/ ORD,2024
UA,ORD,arr,1970-01-01T23:01:00Z,-228,UA/ ORD,2024
UA,ORD,arr,1970-01-01T23:11:00Z,-182,UA/ ORD,2024
UA,ORD,arr,1970-01-01T23:21:00Z,-154,UA/ ORD,2024
UA,ORD,arr,1970-01-01T23:31:00Z,-146,UA/ ORD,2024
UA,ORD,arr,1970-01-01T23:41:00Z,-161,UA/ ORD,2024
UA,ORD,arr,1970-01-01T23:51:00Z,-138,UA/ ORD,2024
UA,ORD,dep,1970-01-01T00:01:00Z,19,UA/ ORD,2024
UA,ORD,dep,1970-01-01T00:11:00Z,14,UA/ ORD,2024
UA,ORD,dep,1970-01-01T00:21:00Z,15,UA/ ORD,2024
UA,ORD,dep,1970-01-01T00:31:00Z,14,UA/ ORD,2024
UA,ORD,dep,1970-01-01T00:41:00Z,5,UA/ ORD,2024
UA,ORD,dep,1970-01-01T00:51:00Z,5,UA/ ORD,2024
UA,ORD,dep,1970-01-01T01:01:00Z,2,UA/ ORD,2024
UA,ORD,dep,1970-01-01T01:11:00Z,2,UA/ ORD,2024
UA,ORD,dep,1970-01-01T01:21:00Z,2,UA/ ORD,2024
UA,ORD,dep,1970-01-01T01:31:00Z,4,UA/ ORD,2024
UA,ORD,dep,1970-01-01T01:41:00Z,3,UA/ ORD,2024
UA,ORD,dep,1970-01-01T01:51:00Z,1,UA/ ORD,2024
UA,ORD,dep,1970-01-01T02:01:00Z,2,UA/ ORD,2024
UA,ORD,dep,1970-01-01T02:11:00Z,2,UA/ ORD,2024
UA,ORD,dep,1970-01-01T02:21:00Z,1,UA/ ORD,2024
UA,ORD,dep,1970-01-01T04:41:00Z,3,UA/ ORD,2024
UA,ORD,dep,1970-01-01T04:51:00Z,92,UA/ ORD,2024
UA,ORD,dep,1970-01-01T05:01:00Z,18,UA/ ORD,2024
UA,ORD,dep,1970-01-01T05:11:00Z,8,UA/ ORD,2024
UA,ORD,dep,1970-01-01T05:21:00Z,6,UA/ ORD,2024
UA,ORD,dep,1970-01-01T05:31:00Z,40,UA/ ORD,2024
UA,ORD,dep,1970-01-01T05:41:00Z,92,UA/ ORD,2024
UA,ORD,dep,1970-01-01T05:51:00Z,649,UA/ ORD,2024
UA,ORD,dep,1970-01-01T06:01:00Z,163,UA/ ORD,2024
UA,ORD,dep,1970-01-01T06:11:00Z,77,UA/ ORD,2024
UA,ORD,dep,1970-01-01T06:21:00Z,126,UA/ ORD,2024
UA,ORD,dep,1970-01-01T06:31:00Z,39,UA/ ORD,2024
UA,ORD,dep,1970-01-01T06:41:00Z,37,UA/ ORD,2024
UA,ORD,dep,1970-01-01T06:51:00Z,514,UA/ ORD,2024
UA,ORD,dep,1970-01-01T07:01:00Z,1984,UA/ ORD,2024
UA,ORD,dep,1970-01-01T07:11:00Z,897,UA/ ORD,2024
UA,ORD,dep,1970-01-01T07:21:00Z,616,UA/ ORD,2024
UA,ORD,dep,1970-01-01T07:31:00Z,345,UA/ ORD,2024
UA,ORD,dep,1970-01-01T07:41:00Z,193,UA/ ORD,2024
UA,ORD,dep,1970-01-01T07:51:00Z,218,UA/ ORD,2024
UA,ORD,dep,1970-01-01T08:01:00Z,82,UA/ ORD,2024
UA,ORD,dep,1970-01-01T08:11:00Z,64,UA/ ORD,2024
UA,ORD,dep,1970-01-01T08:21:00Z,55,UA/ ORD,2024
UA,ORD,dep,1970-01-01T08:31:00Z,257,UA/ ORD,2024
UA,ORD,dep,1970-01-01T08:41:00Z,957,UA/ ORD,2024
UA,ORD,dep,1970-01-01T08:51:00Z,1249,UA/ ORD,2024
UA,ORD,dep,1970-01-01T09:01:00Z,1131,UA/ ORD,2024
UA,ORD,dep,1970-01-01T09:11:00Z,836,UA/ ORD,2024
UA,ORD,dep,1970-01-01T09:21:00Z,600,UA/ ORD,2024
UA,ORD,dep,1970-01-01T09:31:00Z,249,UA/ ORD,2024
UA,ORD,dep,1970-01-01T09:41:00Z,195,UA/ ORD,2024
UA,ORD,dep,1970-01-01T09:51:00Z,217,UA/ ORD,2024
UA,ORD,dep,1970-01-01T10:01:00Z,123,UA/ ORD,2024
UA,ORD,dep,1970-01-01T10:11:00Z,102,UA/ ORD,2024
UA,ORD,dep,1970-01-01T10:21:00Z,286,UA/ ORD,2024
UA,ORD,dep,1970-01-01T10:31:00Z,844,UA/ ORD,2024
UA,ORD,dep,1970-01-01T10:41:00Z,991,UA/ ORD,2024
UA,ORD,dep,1970-01-01T10:51:00Z,1098,UA/ ORD,2024
UA,ORD,dep,1970-01-01T11:01:00Z,508,UA/ ORD,2024
UA,ORD,dep,1970-01-01T11:11:00Z,321,UA/ ORD,2024
UA,ORD,dep,1970-01-01T11:21:00Z,154,UA/ ORD,2024
UA,ORD,dep,1970-01-01T11:31:00Z,116,UA/ ORD,2024
UA,ORD,dep,1970-01-01T11:41:00Z,153,UA/ ORD,2024
UA,ORD,dep,1970-01-01T11:51:00Z,151,UA/ ORD,2024
UA,ORD,dep,1970-01-01T12:01:00Z,101,UA/ ORD,2024
UA,ORD,dep,1970-01-01T12:11:00Z,94,UA/ ORD,2024
UA,ORD,dep,1970-01-01T12:21:00Z,85,UA/ ORD,2024
UA,ORD,dep,1970-01-01T12:31:00Z,294,UA/ ORD,2024
UA,ORD,dep,1970-01-01T12:41:00Z,775,UA/ ORD,2024
UA,ORD,dep,1970-01-01T12:51:00Z,646,UA/ ORD,2024
UA,ORD,dep,1970-01-01T13:01:00Z,473,UA/ ORD,2024
UA,ORD,dep,1970-01-01T13:11:00Z,310,UA/ ORD,2024
UA,ORD,dep,1970-01-01T13:21:00Z,253,UA/ ORD,2024
UA,ORD,dep,1970-01-01T13:31:00Z,188,UA/ ORD,2024
UA,ORD,dep,1970-01-01T13:41:00Z,296,UA/ ORD,2024
UA,ORD,dep,1970-01-01T13:51:00Z,727,UA/ ORD,2024
UA,ORD,dep,1970-01-01T14:01:00Z,714,UA/ ORD,2024
UA,ORD,dep,1970-01-01T14:11:00Z,925,UA/ ORD,2024
UA,ORD,dep,1970-01-01T14:21:00Z,771,UA/ ORD,2024
UA,ORD,dep,1970-01-01T14:31:00Z,487,UA/ ORD,2024
UA,ORD,dep,1970-01-01T14:41:00Z,249,UA/ ORD,2024
UA,ORD,dep,1970-01-01T14:51:00Z,245,UA/ ORD,2024
UA,ORD,dep,1970-01-01T15:01:00Z,160,UA/ ORD,2024
UA,ORD,dep,1970-01-01T15:11:00Z,91,UA/ ORD,2024
UA,ORD,dep,1970-01-01T15:21:00Z,137,UA/ ORD,2024
UA,ORD,dep,1970-01-01T15:31:00Z,266,UA/ ORD,2024
UA,ORD,dep,1970-01-01T15:41:00Z,422,UA/ ORD,2024
UA,ORD,dep,1970-01-01T15:51:00Z,711,UA/ ORD,2024
UA,ORD,dep,1970-01-01T16:01:00Z,746,UA/ ORD,2024
UA,ORD,dep,1970-01-01T16:11:00Z,374,UA/ ORD,2024
UA,ORD,dep,1970-01-01T16:21:00Z,232,UA/ ORD,2024
UA,ORD,dep,1970-01-01T16:31:00Z,152,UA/ ORD,2024
UA,ORD,dep,1970-01-01T16:41:00Z,95,UA/ ORD,2024
UA,ORD,dep,1970-01-01T16:51:00Z,113,UA/ ORD,2024
UA,ORD,dep,1970-01-01T17:01:00Z,93,UA/ ORD,2024
UA,ORD,dep,1970-01-01T17:11:00Z,70,UA/ ORD,2024
UA,ORD,dep,1970-01-01T17:21:00Z,106,UA/ ORD,2024
UA,ORD,dep,1970-01-01T17:31:00Z,67,UA/ ORD,2024
UA,ORD,dep,1970-01-01T17:41:00Z,248,UA/ ORD,2024
UA,ORD,dep,1970-01-01T17:51:00Z,582,UA/ ORD,2024
UA,ORD,dep,1970-01-01T18:01:00Z,821,UA/ ORD,2024
UA,ORD,dep,1970-01-01T18:11:00Z,1189,UA/ ORD,2024
UA,ORD,dep,1970-01-01T18:21:00Z,1076,UA/ ORD,2024
UA,ORD,dep,1970-01-01T18:31:00Z,618,UA/ ORD,2024
UA,ORD,dep,1970-01-01T18:41:00Z,339,UA/ ORD,2024
UA,ORD,dep,1970-01-01T18:51:00Z,220,UA/ ORD,2024
UA,ORD,dep,1970-01-01T19:01:00Z,149,UA/ ORD,2024
UA,ORD,dep,1970-01-01T19:11:00Z,115,UA/ ORD,2024
UA,ORD,dep,1970-01-01T19:21:00Z,107,UA/ ORD,2024
UA,ORD,dep,1970-01-01T19:31:00Z,390,UA/ ORD,2024
UA,ORD,dep,1970-01-01T19:41:00Z,749,UA/ ORD,2024
UA,ORD,dep,1970-01-01T19:51:00Z,1146,UA/ ORD,2024
UA,ORD,dep,1970-01-01T20:01:00Z,1089,UA/ ORD,2024
UA,ORD,dep,1970-01-01T20:11:00Z,842,UA/ ORD,2024
UA,ORD,dep,1970-01-01T20:21:00Z,495,UA/ ORD,2024
UA,ORD,dep,1970-01-01T20:31:00Z,298,UA/ ORD,2024
UA,ORD,dep,1970-01-01T20:41:00Z,236,UA/ ORD,2024
UA,ORD,dep,1970-01-01T20:51:00Z,233,UA/ ORD,2024
UA,ORD,dep,1970-01-01T21:01:00Z,340,UA/ ORD,2024
UA,ORD,dep,1970-01-01T21:11:00Z,395,UA/ ORD,2024
UA,ORD,dep,1970-01-01T21:21:00Z,558,UA/ ORD,2024
UA,ORD,dep,1970-01-01T21:31:00Z,505,UA/ ORD,2024
UA,ORD,dep,1970-01-01T21:41:00Z,305,UA/ ORD,2024
UA,ORD,dep,1970-01-01T21:51:00Z,191,UA/ ORD,2024
UA,ORD,dep,1970-01-01T22:01:00Z,144,UA/ ORD,2024
UA,ORD,dep,1970-01-01T22:11:00Z,116,UA/ ORD,2024
UA,ORD,dep,1970-01-01T22:21:00Z,79,UA/ ORD,2024
UA,ORD,dep,1970-01-01T22:31:00Z,61,UA/ ORD,2024
UA,ORD,dep,1970-01-01T22:41:00Z,63,UA/ ORD,2024
UA,ORD,dep,1970-01-01T22:51:00Z,56,UA/ ORD,2024
UA,ORD,dep,1970-01-01T23:01:00Z,44,UA/ ORD,2024
UA,ORD,dep,1970-01-01T23:11:00Z,33,UA/ ORD,2024
UA,ORD,dep,1970-01-01T23:21:00Z,37,UA/ ORD,2024
UA,ORD,dep,1970-01-01T23:31:00Z,28,UA/ ORD,2024
UA,ORD,dep,1970-01-01T23:41:00Z,24,UA/ ORD,2024
UA,ORD,dep,1970-01-01T23:51:00Z,13,UA/ ORD,2024
