airline,airport,type,block,n,airline_airport
AA,ALB,Arrival,2017-01-01T00:01:00Z,-59,American / Albany International Airport (ALB)
AA,ALB,Arrival,2017-01-01T00:11:00Z,-20,American / Albany International Airport (ALB)
AA,ALB,Arrival,2017-01-01T00:21:00Z,-16,American / Albany International Airport (ALB)
AA,ALB,Arrival,2017-01-01T00:31:00Z,-9,American / Albany International Airport (ALB)
AA,ALB,Arrival,2017-01-01T00:41:00Z,-7,American / Albany International Airport (ALB)
AA,ALB,Arrival,2017-01-01T00:51:00Z,-4,American / Albany International Airport (ALB)
AA,ALB,Arrival,2017-01-01T01:01:00Z,-3,American / Albany International Airport (ALB)
AA,ALB,Arrival,2017-01-01T01:11:00Z,-2,American / Albany International Airport (ALB)
AA,ALB,Arrival,2017-01-01T01:31:00Z,-4,American / Albany International Airport (ALB)
AA,ALB,Arrival,2017-01-01T01:41:00Z,-1,American / Albany International Airport (ALB)
AA,ALB,Arrival,2017-01-01T01:51:00Z,-1,American / Albany International Airport (ALB)
AA,ALB,Arrival,2017-01-01T02:21:00Z,-2,American / Albany International Airport (ALB)
AA,ALB,Arrival,2017-01-01T02:51:00Z,-1,American / Albany International Airport (ALB)
AA,ALB,Arrival,2017-01-01T11:41:00Z,-1,American / Albany International Airport (ALB)
AA,ALB,Arrival,2017-01-01T11:51:00Z,-1,American / Albany International Airport (ALB)
AA,ALB,Arrival,2017-01-01T12:01:00Z,-1,American / Albany International Airport (ALB)
AA,ALB,Arrival,2017-01-01T12:11:00Z,-1,American / Albany International Airport (ALB)
AA,ALB,Arrival,2017-01-01T13:21:00Z,-8,American / Albany International Airport (ALB)
AA,ALB,Arrival,2017-01-01T13:31:00Z,-76,American / Albany International Airport (ALB)
AA,ALB,Arrival,2017-01-01T13:41:00Z,-130,American / Albany International Airport (ALB)
AA,ALB,Arrival,2017-01-01T13:51:00Z,-76,American / Albany International Airport (ALB)
AA,ALB,Arrival,2017-01-01T14:01:00Z,-27,American / Albany International Airport (ALB)
AA,ALB,Arrival,2017-01-01T14:11:00Z,-9,American / Albany International Airport (ALB)
AA,ALB,Arrival,2017-01-01T14:21:00Z,-6,American / Albany International Airport (ALB)
AA,ALB,Arrival,2017-01-01T14:31:00Z,-4,American / Albany International Airport (ALB)
AA,ALB,Arrival,2017-01-01T14:41:00Z,-2,American / Albany International Airport (ALB)
AA,ALB,Arrival,2017-01-01T14:51:00Z,-1,American / Albany International Airport (ALB)
AA,ALB,Arrival,2017-01-01T15:11:00Z,-2,American / Albany International Airport (ALB)
AA,ALB,Arrival,2017-01-01T15:31:00Z,-2,American / Albany International Airport (ALB)
AA,ALB,Arrival,2017-01-01T15:41:00Z,-1,American / Albany International Airport (ALB)
AA,ALB,Arrival,2017-01-01T15:51:00Z,-1,American / Albany International Airport (ALB)
AA,ALB,Arrival,2017-01-01T16:01:00Z,-14,American / Albany International Airport (ALB)
AA,ALB,Arrival,2017-01-01T16:11:00Z,-17,American / Albany International Airport (ALB)
AA,ALB,Arrival,2017-01-01T16:21:00Z,-9,American / Albany International Airport (ALB)
AA,ALB,Arrival,2017-01-01T16:31:00Z,-1,American / Albany International Airport (ALB)
AA,ALB,Arrival,2017-01-01T16:41:00Z,-1,American / Albany International Airport (ALB)
AA,ALB,Arrival,2017-01-01T16:51:00Z,-1,American / Albany International Airport (ALB)
AA,ALB,Arrival,2017-01-01T17:11:00Z,-2,American / Albany International Airport (ALB)
AA,ALB,Arrival,2017-01-01T17:31:00Z,-1,American / Albany International Airport (ALB)
AA,ALB,Arrival,2017-01-01T17:41:00Z,-2,American / Albany International Airport (ALB)
AA,ALB,Arrival,2017-01-01T17:51:00Z,-9,American / Albany International Airport (ALB)
AA,ALB,Arrival,2017-01-01T18:01:00Z,-34,American / Albany International Airport (ALB)
AA,ALB,Arrival,2017-01-01T18:11:00Z,-50,American / Albany International Airport (ALB)
AA,ALB,Arrival,2017-01-01T18:21:00Z,-43,American / Albany International Airport (ALB)
AA,ALB,Arrival,2017-01-01T18:31:00Z,-66,American / Albany International Airport (ALB)
AA,ALB,Arrival,2017-01-01T18:41:00Z,-43,American / Albany International Airport (ALB)
AA,ALB,Arrival,2017-01-01T18:51:00Z,-33,American / Albany International Airport (ALB)
AA,ALB,Arrival,2017-01-01T19:01:00Z,-11,American / Albany International Airport (ALB)
AA,ALB,Arrival,2017-01-01T19:11:00Z,-6,American / Albany International Airport (ALB)
AA,ALB,Arrival,2017-01-01T19:21:00Z,-5,American / Albany International Airport (ALB)
AA,ALB,Arrival,2017-01-01T19:31:00Z,-3,American / Albany International Airport (ALB)
AA,ALB,Arrival,2017-01-01T19:41:00Z,-4,American / Albany International Airport (ALB)
AA,ALB,Arrival,2017-01-01T20:01:00Z,-2,American / Albany International Airport (ALB)
AA,ALB,Arrival,2017-01-01T20:11:00Z,-1,American / Albany International Airport (ALB)
AA,ALB,Arrival,2017-01-01T20:41:00Z,-2,American / Albany International Airport (ALB)
AA,ALB,Arrival,2017-01-01T20:51:00Z,-1,American / Albany International Airport (ALB)
AA,ALB,Arrival,2017-01-01T21:01:00Z,-1,American / Albany International Airport (ALB)
AA,ALB,Arrival,2017-01-01T22:11:00Z,-1,American / Albany International Airport (ALB)
AA,ALB,Arrival,2017-01-01T22:31:00Z,-1,American / Albany International Airport (ALB)
AA,ALB,Arrival,2017-01-01T23:31:00Z,-6,American / Albany International Airport (ALB)
AA,ALB,Arrival,2017-01-01T23:41:00Z,-74,American / Albany International Airport (ALB)
AA,ALB,Arrival,2017-01-01T23:51:00Z,-104,American / Albany International Airport (ALB)
AA,ALB,Departure,2017-01-01T00:01:00Z,1,American / Albany International Airport (ALB)
AA,ALB,Departure,2017-01-01T05:41:00Z,5,American / Albany International Airport (ALB)
AA,ALB,Departure,2017-01-01T05:51:00Z,43,American / Albany International Airport (ALB)
AA,ALB,Departure,2017-01-01T06:01:00Z,8,American / Albany International Airport (ALB)
AA,ALB,Departure,2017-01-01T06:11:00Z,66,American / Albany International Airport (ALB)
AA,ALB,Departure,2017-01-01T06:21:00Z,87,American / Albany International Airport (ALB)
AA,ALB,Departure,2017-01-01T06:31:00Z,11,American / Albany International Airport (ALB)
AA,ALB,Departure,2017-01-01T06:41:00Z,1,American / Albany International Airport (ALB)
AA,ALB,Departure,2017-01-01T06:51:00Z,1,American / Albany International Airport (ALB)
AA,ALB,Departure,2017-01-01T07:01:00Z,1,American / Albany International Airport (ALB)
AA,ALB,Departure,2017-01-01T07:31:00Z,1,American / Albany International Airport (ALB)
AA,ALB,Departure,2017-01-01T07:41:00Z,8,American / Albany International Airport (ALB)
AA,ALB,Departure,2017-01-01T07:51:00Z,93,American / Albany International Airport (ALB)
AA,ALB,Departure,2017-01-01T08:01:00Z,14,American / Albany International Airport (ALB)
AA,ALB,Departure,2017-01-01T08:11:00Z,8,American / Albany International Airport (ALB)
AA,ALB,Departure,2017-01-01T08:21:00Z,3,American / Albany International Airport (ALB)
AA,ALB,Departure,2017-01-01T08:31:00Z,1,American / Albany International Airport (ALB)
AA,ALB,Departure,2017-01-01T08:41:00Z,1,American / Albany International Airport (ALB)
AA,ALB,Departure,2017-01-01T08:51:00Z,1,American / Albany International Airport (ALB)
AA,ALB,Departure,2017-01-01T09:01:00Z,1,American / Albany International Airport (ALB)
AA,ALB,Departure,2017-01-01T10:01:00Z,1,American / Albany International Airport (ALB)
AA,ALB,Departure,2017-01-01T12:41:00Z,1,American / Albany International Airport (ALB)
AA,ALB,Departure,2017-01-01T12:51:00Z,3,American / Albany International Airport (ALB)
AA,ALB,Departure,2017-01-01T13:01:00Z,1,American / Albany International Airport (ALB)
AA,ALB,Departure,2017-01-01T14:11:00Z,1,American / Albany International Airport (ALB)
AA,ALB,Departure,2017-01-01T14:21:00Z,44,American / Albany International Airport (ALB)
AA,ALB,Departure,2017-01-01T14:31:00Z,145,American / Albany International Airport (ALB)
AA,ALB,Departure,2017-01-01T14:41:00Z,116,American / Albany International Airport (ALB)
AA,ALB,Departure,2017-01-01T14:51:00Z,11,American / Albany International Airport (ALB)
AA,ALB,Departure,2017-01-01T15:01:00Z,5,American / Albany International Airport (ALB)
AA,ALB,Departure,2017-01-01T15:11:00Z,6,American / Albany International Airport (ALB)
AA,ALB,Departure,2017-01-01T15:21:00Z,3,American / Albany International Airport (ALB)
AA,ALB,Departure,2017-01-01T15:41:00Z,3,American / Albany International Airport (ALB)
AA,ALB,Departure,2017-01-01T15:51:00Z,1,American / Albany International Airport (ALB)
AA,ALB,Departure,2017-01-01T16:01:00Z,1,American / Albany International Airport (ALB)
AA,ALB,Departure,2017-01-01T16:11:00Z,3,American / Albany International Airport (ALB)
AA,ALB,Departure,2017-01-01T16:21:00Z,1,American / Albany International Airport (ALB)
AA,ALB,Departure,2017-01-01T16:31:00Z,2,American / Albany International Airport (ALB)
AA,ALB,Departure,2017-01-01T16:41:00Z,13,American / Albany International Airport (ALB)
AA,ALB,Departure,2017-01-01T16:51:00Z,15,American / Albany International Airport (ALB)
AA,ALB,Departure,2017-01-01T17:01:00Z,5,American / Albany International Airport (ALB)
AA,ALB,Departure,2017-01-01T17:11:00Z,3,American / Albany International Airport (ALB)
AA,ALB,Departure,2017-01-01T17:21:00Z,3,American / Albany International Airport (ALB)
AA,ALB,Departure,2017-01-01T17:51:00Z,3,American / Albany International Airport (ALB)
AA,ALB,Departure,2017-01-01T18:01:00Z,2,American / Albany International Airport (ALB)
AA,ALB,Departure,2017-01-01T18:21:00Z,1,American / Albany International Airport (ALB)
AA,ALB,Departure,2017-01-01T18:51:00Z,23,American / Albany International Airport (ALB)
AA,ALB,Departure,2017-01-01T19:01:00Z,56,American / Albany International Airport (ALB)
AA,ALB,Departure,2017-01-01T19:11:00Z,83,American / Albany International Airport (ALB)
AA,ALB,Departure,2017-01-01T19:21:00Z,55,American / Albany International Airport (ALB)
AA,ALB,Departure,2017-01-01T19:31:00Z,19,American / Albany International Airport (ALB)
AA,ALB,Departure,2017-01-01T19:41:00Z,7,American / Albany International Airport (ALB)
AA,ALB,Departure,2017-01-01T19:51:00Z,5,American / Albany International Airport (ALB)
AA,ALB,Departure,2017-01-01T20:01:00Z,7,American / Albany International Airport (ALB)
AA,ALB,Departure,2017-01-01T20:11:00Z,5,American / Albany International Airport (ALB)
AA,ALB,Departure,2017-01-01T20:21:00Z,2,American / Albany International Airport (ALB)
AA,ALB,Departure,2017-01-01T20:31:00Z,1,American / Albany International Airport (ALB)
AA,ALB,Departure,2017-01-01T20:41:00Z,2,American / Albany International Airport (ALB)
AA,ALB,Departure,2017-01-01T20:51:00Z,1,American / Albany International Airport (ALB)
AA,ALB,Departure,2017-01-01T21:01:00Z,1,American / Albany International Airport (ALB)
AA,ALB,Departure,2017-01-01T21:11:00Z,1,American / Albany International Airport (ALB)
AA,ALB,Departure,2017-01-01T21:21:00Z,2,American / Albany International Airport (ALB)
AA,ALB,Departure,2017-01-01T21:31:00Z,1,American / Albany International Airport (ALB)
AA,ALB,Departure,2017-01-01T22:41:00Z,2,American / Albany International Airport (ALB)
AA,ALB,Departure,2017-01-01T23:01:00Z,1,American / Albany International Airport (ALB)
AA,AMA,Arrival,2017-01-01T01:01:00Z,-1,American / Rick Husband Amarillo International Airport (AMA)
AA,AMA,Arrival,2017-01-01T01:21:00Z,-1,American / Rick Husband Amarillo International Airport (AMA)
AA,AMA,Arrival,2017-01-01T13:11:00Z,-1,American / Rick Husband Amarillo International Airport (AMA)
AA,AMA,Arrival,2017-01-01T15:41:00Z,-1,American / Rick Husband Amarillo International Airport (AMA)
AA,AMA,Arrival,2017-01-01T16:11:00Z,-1,American / Rick Husband Amarillo International Airport (AMA)
AA,AMA,Arrival,2017-01-01T17:21:00Z,-12,American / Rick Husband Amarillo International Airport (AMA)
AA,AMA,Arrival,2017-01-01T17:31:00Z,-4,American / Rick Husband Amarillo International Airport (AMA)
AA,AMA,Arrival,2017-01-01T17:41:00Z,-1,American / Rick Husband Amarillo International Airport (AMA)
AA,AMA,Arrival,2017-01-01T19:31:00Z,-1,American / Rick Husband Amarillo International Airport (AMA)
AA,AMA,Arrival,2017-01-01T19:41:00Z,-35,American / Rick Husband Amarillo International Airport (AMA)
AA,AMA,Arrival,2017-01-01T19:51:00Z,-29,American / Rick Husband Amarillo International Airport (AMA)
AA,AMA,Arrival,2017-01-01T20:01:00Z,-37,American / Rick Husband Amarillo International Airport (AMA)
AA,AMA,Arrival,2017-01-01T20:11:00Z,-35,American / Rick Husband Amarillo International Airport (AMA)
AA,AMA,Arrival,2017-01-01T20:21:00Z,-21,American / Rick Husband Amarillo International Airport (AMA)
AA,AMA,Arrival,2017-01-01T20:31:00Z,-9,American / Rick Husband Amarillo International Airport (AMA)
AA,AMA,Arrival,2017-01-01T20:41:00Z,-6,American / Rick Husband Amarillo International Airport (AMA)
AA,AMA,Arrival,2017-01-01T20:51:00Z,-4,American / Rick Husband Amarillo International Airport (AMA)
AA,AMA,Arrival,2017-01-01T21:01:00Z,-2,American / Rick Husband Amarillo International Airport (AMA)
AA,AMA,Arrival,2017-01-01T21:11:00Z,-4,American / Rick Husband Amarillo International Airport (AMA)
AA,AMA,Arrival,2017-01-01T21:21:00Z,-1,American / Rick Husband Amarillo International Airport (AMA)
AA,AMA,Arrival,2017-01-01T21:41:00Z,-2,American / Rick Husband Amarillo International Airport (AMA)
AA,AMA,Arrival,2017-01-01T22:01:00Z,-1,American / Rick Husband Amarillo International Airport (AMA)
AA,AMA,Arrival,2017-01-01T22:11:00Z,-2,American / Rick Husband Amarillo International Airport (AMA)
AA,AMA,Arrival,2017-01-01T22:51:00Z,-1,American / Rick Husband Amarillo International Airport (AMA)
AA,AMA,Arrival,2017-01-01T23:41:00Z,-1,American / Rick Husband Amarillo International Airport (AMA)
AA,AMA,Departure,2017-01-01T07:21:00Z,1,American / Rick Husband Amarillo International Airport (AMA)
AA,AMA,Departure,2017-01-01T07:41:00Z,38,American / Rick Husband Amarillo International Airport (AMA)
AA,AMA,Departure,2017-01-01T07:51:00Z,115,American / Rick Husband Amarillo International Airport (AMA)
AA,AMA,Departure,2017-01-01T08:01:00Z,22,American / Rick Husband Amarillo International Airport (AMA)
AA,AMA,Departure,2017-01-01T08:11:00Z,6,American / Rick Husband Amarillo International Airport (AMA)
AA,AMA,Departure,2017-01-01T08:21:00Z,5,American / Rick Husband Amarillo International Airport (AMA)
AA,AMA,Departure,2017-01-01T08:31:00Z,3,American / Rick Husband Amarillo International Airport (AMA)
AA,AMA,Departure,2017-01-01T08:41:00Z,3,American / Rick Husband Amarillo International Airport (AMA)
AA,AMA,Departure,2017-01-01T08:51:00Z,1,American / Rick Husband Amarillo International Airport (AMA)
AA,AMA,Departure,2017-01-01T09:01:00Z,2,American / Rick Husband Amarillo International Airport (AMA)
AA,AMA,Departure,2017-01-01T09:21:00Z,2,American / Rick Husband Amarillo International Airport (AMA)
AA,AMA,Departure,2017-01-01T09:31:00Z,1,American / Rick Husband Amarillo International Airport (AMA)
AA,AMA,Departure,2017-01-01T09:41:00Z,1,American / Rick Husband Amarillo International Airport (AMA)
AA,AMA,Departure,2017-01-01T09:51:00Z,2,American / Rick Husband Amarillo International Airport (AMA)
AA,AMA,Departure,2017-01-01T10:21:00Z,1,American / Rick Husband Amarillo International Airport (AMA)
AA,AMA,Departure,2017-01-01T10:31:00Z,1,American / Rick Husband Amarillo International Airport (AMA)
AA,AMA,Departure,2017-01-01T12:01:00Z,1,American / Rick Husband Amarillo International Airport (AMA)
AA,AMA,Departure,2017-01-01T14:21:00Z,1,American / Rick Husband Amarillo International Airport (AMA)
AA,AMA,Departure,2017-01-01T15:41:00Z,1,American / Rick Husband Amarillo International Airport (AMA)
AA,AMA,Departure,2017-01-01T16:31:00Z,2,American / Rick Husband Amarillo International Airport (AMA)
AA,AMA,Departure,2017-01-01T18:01:00Z,1,American / Rick Husband Amarillo International Airport (AMA)
AA,AMA,Departure,2017-01-01T20:51:00Z,1,American / Rick Husband Amarillo International Airport (AMA)
AA,AMA,Departure,2017-01-01T21:01:00Z,1,American / Rick Husband Amarillo International Airport (AMA)
AA,AMA,Departure,2017-01-01T21:11:00Z,1,American / Rick Husband Amarillo International Airport (AMA)
AA,ATL,Arrival,2017-01-01T00:01:00Z,-90,American / Hartsfield-Jackson Atlanta International Airport (ATL)
AA,ATL,Arrival,2017-01-01T00:11:00Z,-74,American / Hartsfield-Jackson Atlanta International Airport (ATL)
AA,ATL,Arrival,2017-01-01T00:21:00Z,-38,American / Hartsfield-Jackson Atlanta International Airport (ATL)
AA,ATL,Arrival,2017-01-01T00:31:00Z,-50,American / Hartsfield-Jackson Atlanta International Airport (ATL)
AA,ATL,Arrival,2017-01-01T00:41:00Z,-29,American / Hartsfield-Jackson Atlanta International Airport (ATL)
AA,ATL,Arrival,2017-01-01T00:51:00Z,-23,American / Hartsfield-Jackson Atlanta International Airport (ATL)
AA,ATL,Arrival,2017-01-01T01:01:00Z,-17,American / Hartsfield-Jackson Atlanta International Airport (ATL)
AA,ATL,Arrival,2017-01-01T01:11:00Z,-15,American / Hartsfield-Jackson Atlanta International Airport (ATL)
AA,ATL,Arrival,2017-01-01T01:21:00Z,-12,American / Hartsfield-Jackson Atlanta International Airport (ATL)
AA,ATL,Arrival,2017-01-01T01:31:00Z,-10,American / Hartsfield-Jackson Atlanta International Airport (ATL)
AA,ATL,Arrival,2017-01-01T01:41:00Z,-9,American / Hartsfield-Jackson Atlanta International Airport (ATL)
AA,ATL,Arrival,2017-01-01T01:51:00Z,-4,American / Hartsfield-Jackson Atlanta International Airport (ATL)
AA,ATL,Arrival,2017-01-01T02:01:00Z,-5,American / Hartsfield-Jackson Atlanta International Airport (ATL)
AA,ATL,Arrival,2017-01-01T02:11:00Z,-6,American / Hartsfield-Jackson Atlanta International Airport (ATL)
AA,ATL,Arrival,2017-01-01T02:21:00Z,-5,American / Hartsfield-Jackson Atlanta International Airport (ATL)
AA,ATL,Arrival,2017-01-01T02:31:00Z,-7,American / Hartsfield-Jackson Atlanta International Airport (ATL)
AA,ATL,Arrival,2017-01-01T02:41:00Z,-7,American / Hartsfield-Jackson Atlanta International Airport (ATL)
AA,ATL,Arrival,2017-01-01T02:51:00Z,-4,American / Hartsfield-Jackson Atlanta International Airport (ATL)
AA,ATL,Arrival,2017-01-01T03:01:00Z,-3,American / Hartsfield-Jackson Atlanta International Airport (ATL)
AA,ATL,Arrival,2017-01-01T03:11:00Z,-3,American / Hartsfield-Jackson Atlanta International Airport (ATL)
AA,ATL,Arrival,2017-01-01T03:31:00Z,-3,American / Hartsfield-Jackson Atlanta International Airport (ATL)
AA,ATL,Arrival,2017-01-01T04:01:00Z,-1,American / Hartsfield-Jackson Atlanta International Airport (ATL)
AA,ATL,Arrival,2017-01-01T04:11:00Z,-1,American / Hartsfield-Jackson Atlanta International Airport (ATL)
AA,ATL,Arrival,2017-01-01T04:31:00Z,-5,American / Hartsfield-Jackson Atlanta International Airport (ATL)
AA,ATL,Arrival,2017-01-01T04:41:00Z,-19,American / Hartsfield-Jackson Atlanta International Airport (ATL)
AA,ATL,Arrival,2017-01-01T04:51:00Z,-38,American / Hartsfield-Jackson Atlanta International Airport (ATL)
AA,ATL,Arrival,2017-01-01T05:01:00Z,-63,American / Hartsfield-Jackson Atlanta International Airport (ATL)
AA,ATL,Arrival,2017-01-01T05:11:00Z,-88,American / Hartsfield-Jackson Atlanta International Airport (ATL)
AA,ATL,Arrival,2017-01-01T05:21:00Z,-56,American / Hartsfield-Jackson Atlanta International Airport (ATL)
AA,ATL,Arrival,2017-01-01T05:31:00Z,-21,American / Hartsfield-Jackson Atlanta International Airport (ATL)
AA,ATL,Arrival,2017-01-01T05:41:00Z,-21,American / Hartsfield-Jackson Atlanta International Airport (ATL)
AA,ATL,Arrival,2017-01-01T05:51:00Z,-12,American / Hartsfield-Jackson Atlanta International Airport (ATL)
AA,ATL,Arrival,2017-01-01T06:01:00Z,-26,American / Hartsfield-Jackson Atlanta International Airport (ATL)
AA,ATL,Arrival,2017-01-01T06:11:00Z,-7,American / Hartsfield-Jackson Atlanta International Airport (ATL)
AA,ATL,Arrival,2017-01-01T06:21:00Z,-7,American / Hartsfield-Jackson Atlanta International Airport (ATL)
AA,ATL,Arrival,2017-01-01T06:31:00Z,-3,American / Hartsfield-Jackson Atlanta International Airport (ATL)
AA,ATL,Arrival,2017-01-01T06:41:00Z,-2,American / Hartsfield-Jackson Atlanta International Airport (ATL)
AA,ATL,Arrival,2017-01-01T06:51:00Z,-6,American / Hartsfield-Jackson Atlanta International Airport (ATL)
AA,ATL,Arrival,2017-01-01T07:01:00Z,-4,American / Hartsfield-Jackson Atlanta International Airport (ATL)
AA,ATL,Arrival,2017-01-01T07:11:00Z,-1,American / Hartsfield-Jackson Atlanta International Airport (ATL)
AA,ATL,Arrival,2017-01-01T07:31:00Z,-2,American / Hartsfield-Jackson Atlanta International Airport (ATL)
AA,ATL,Arrival,2017-01-01T07:41:00Z,-4,American / Hartsfield-Jackson Atlanta International Airport (ATL)
AA,ATL,Arrival,2017-01-01T07:51:00Z,-11,American / Hartsfield-Jackson Atlanta International Airport (ATL)
AA,ATL,Arrival,2017-01-01T08:01:00Z,-13,American / Hartsfield-Jackson Atlanta International Airport (ATL)
AA,ATL,Arrival,2017-01-01T08:11:00Z,-7,American / Hartsfield-Jackson Atlanta International Airport (ATL)
AA,ATL,Arrival,2017-01-01T08:21:00Z,-10,American / Hartsfield-Jackson Atlanta International Airport (ATL)
AA,ATL,Arrival,2017-01-01T08:31:00Z,-2,American / Hartsfield-Jackson Atlanta International Airport (ATL)
AA,ATL,Arrival,2017-01-01T08:41:00Z,-8,American / Hartsfield-Jackson Atlanta International Airport (ATL)
AA,ATL,Arrival,2017-01-01T08:51:00Z,-54,American / Hartsfield-Jackson Atlanta International Airport (ATL)
AA,ATL,Arrival,2017-01-01T09:01:00Z,-166,American / Hartsfield-Jackson Atlanta International Airport (ATL)
AA,ATL,Arrival,2017-01-01T09:11:00Z,-167,American / Hartsfield-Jackson Atlanta International Airport (ATL)
AA,ATL,Arrival,2017-01-01T09:21:00Z,-91,American / Hartsfield-Jackson Atlanta International Airport (ATL)
AA,ATL,Arrival,2017-01-01T09:31:00Z,-19,American / Hartsfield-Jackson Atlanta International Airport (ATL)
AA,ATL,Arrival,2017-01-01T09:41:00Z,-16,American / Hartsfield-Jackson Atlanta International Airport (ATL)
AA,ATL,Arrival,2017-01-01T09:51:00Z,-46,American / Hartsfield-Jackson Atlanta International Airport (ATL)
AA,ATL,Arrival,2017-01-01T10:01:00Z,-137,American / Hartsfield-Jackson Atlanta International Airport (ATL)
AA,ATL,Arrival,2017-01-01T10:11:00Z,-231,American / Hartsfield-Jackson Atlanta International Airport (ATL)
AA,ATL,Arrival,2017-01-01T10:21:00Z,-129,American / Hartsfield-Jackson Atlanta International Airport (ATL)
AA,ATL,Arrival,2017-01-01T10:31:00Z,-95,American / Hartsfield-Jackson Atlanta International Airport (ATL)
AA,ATL,Arrival,2017-01-01T10:41:00Z,-112,American / Hartsfield-Jackson Atlanta International Airport (ATL)
AA,ATL,Arrival,2017-01-01T10:51:00Z,-102,American / Hartsfield-Jackson Atlanta International Airport (ATL)
AA,ATL,Arrival,2017-01-01T11:01:00Z,-34,American / Hartsfield-Jackson Atlanta International Airport (ATL)
AA,ATL,Arrival,2017-01-01T11:11:00Z,-44,American / Hartsfield-Jackson Atlanta International Airport (ATL)
AA,ATL,Arrival,2017-01-01T11:21:00Z,-199,American / Hartsfield-Jackson Atlanta International Airport (ATL)
AA,ATL,Arrival,2017-01-01T11:31:00Z,-286,American / Hartsfield-Jackson Atlanta International Airport (ATL)
AA,ATL,Arrival,2017-01-01T11:41:00Z,-167,American / Hartsfield-Jackson Atlanta International Airport (ATL)
AA,ATL,Arrival,2017-01-01T11:51:00Z,-82,American / Hartsfield-Jackson Atlanta International Airport (ATL)
AA,ATL,Arrival,2017-01-01T12:01:00Z,-75,American / Hartsfield-Jackson Atlanta International Airport (ATL)
AA,ATL,Arrival,2017-01-01T12:11:00Z,-84,American / Hartsfield-Jackson Atlanta International Airport (ATL)
AA,ATL,Arrival,2017-01-01T12:21:00Z,-69,American / Hartsfield-Jackson Atlanta International Airport (ATL)
AA,ATL,Arrival,2017-01-01T12:31:00Z,-55,American / Hartsfield-Jackson Atlanta International Airport (ATL)
AA,ATL,Arrival,2017-01-01T12:41:00Z,-37,American / Hartsfield-Jackson Atlanta International Airport (ATL)
AA,ATL,Arrival,2017-01-01T12:51:00Z,-44,American / Hartsfield-Jackson Atlanta International Airport (ATL)
AA,ATL,Arrival,2017-01-01T13:01:00Z,-29,American / Hartsfield-Jackson Atlanta International Airport (ATL)
AA,ATL,Arrival,2017-01-01T13:11:00Z,-95,American / Hartsfield-Jackson Atlanta International Airport (ATL)
AA,ATL,Arrival,2017-01-01T13:21:00Z,-159,American / Hartsfield-Jackson Atlanta International Airport (ATL)
AA,ATL,Arrival,2017-01-01T13:31:00Z,-77,American / Hartsfield-Jackson Atlanta International Airport (ATL)
AA,ATL,Arrival,2017-01-01T13:41:00Z,-28,American / Hartsfield-Jackson Atlanta International Airport (ATL)
AA,ATL,Arrival,2017-01-01T13:51:00Z,-17,American / Hartsfield-Jackson Atlanta International Airport (ATL)
AA,ATL,Arrival,2017-01-01T14:01:00Z,-13,American / Hartsfield-Jackson Atlanta International Airport (ATL)
AA,ATL,Arrival,2017-01-01T14:11:00Z,-14,American / Hartsfield-Jackson Atlanta International Airport (ATL)
AA,ATL,Arrival,2017-01-01T14:21:00Z,-92,American / Hartsfield-Jackson Atlanta International Airport (ATL)
AA,ATL,Arrival,2017-01-01T14:31:00Z,-152,American / Hartsfield-Jackson Atlanta International Airport (ATL)
AA,ATL,Arrival,2017-01-01T14:41:00Z,-136,American / Hartsfield-Jackson Atlanta International Airport (ATL)
AA,ATL,Arrival,2017-01-01T14:51:00Z,-164,American / Hartsfield-Jackson Atlanta International Airport (ATL)
AA,ATL,Arrival,2017-01-01T15:01:00Z,-194,American / Hartsfield-Jackson Atlanta International Airport (ATL)
AA,ATL,Arrival,2017-01-01T15:11:00Z,-107,American / Hartsfield-Jackson Atlanta International Airport (ATL)
AA,ATL,Arrival,2017-01-01T15:21:00Z,-100,American / Hartsfield-Jackson Atlanta International Airport (ATL)
AA,ATL,Arrival,2017-01-01T15:31:00Z,-86,American / Hartsfield-Jackson Atlanta International Airport (ATL)
AA,ATL,Arrival,2017-01-01T15:41:00Z,-154,American / Hartsfield-Jackson Atlanta International Airport (ATL)
AA,ATL,Arrival,2017-01-01T15:51:00Z,-271,American / Hartsfield-Jackson Atlanta International Airport (ATL)
AA,ATL,Arrival,2017-01-01T16:01:00Z,-215,American / Hartsfield-Jackson Atlanta International Airport (ATL)
AA,ATL,Arrival,2017-01-01T16:11:00Z,-167,American / Hartsfield-Jackson Atlanta International Airport (ATL)
AA,ATL,Arrival,2017-01-01T16:21:00Z,-110,American / Hartsfield-Jackson Atlanta International Airport (ATL)
AA,ATL,Arrival,2017-01-01T16:31:00Z,-69,American / Hartsfield-Jackson Atlanta International Airport (ATL)
AA,ATL,Arrival,2017-01-01T16:41:00Z,-76,American / Hartsfield-Jackson Atlanta International Airport (ATL)
AA,ATL,Arrival,2017-01-01T16:51:00Z,-65,American / Hartsfield-Jackson Atlanta International Airport (ATL)
AA,ATL,Arrival,2017-01-01T17:01:00Z,-95,American / Hartsfield-Jackson Atlanta International Airport (ATL)
AA,ATL,Arrival,2017-01-01T17:11:00Z,-217,American / Hartsfield-Jackson Atlanta International Airport (ATL)
AA,ATL,Arrival,2017-01-01T17:21:00Z,-208,American / Hartsfield-Jackson Atlanta International Airport (ATL)
AA,ATL,Arrival,2017-01-01T17:31:00Z,-166,American / Hartsfield-Jackson Atlanta International Airport (ATL)
AA,ATL,Arrival,2017-01-01T17:41:00Z,-120,American / Hartsfield-Jackson Atlanta International Airport (ATL)
AA,ATL,Arrival,2017-01-01T17:51:00Z,-81,American / Hartsfield-Jackson Atlanta International Airport (ATL)
AA,ATL,Arrival,2017-01-01T18:01:00Z,-61,American / Hartsfield-Jackson Atlanta International Airport (ATL)
AA,ATL,Arrival,2017-01-01T18:11:00Z,-58,American / Hartsfield-Jackson Atlanta International Airport (ATL)
AA,ATL,Arrival,2017-01-01T18:21:00Z,-86,American / Hartsfield-Jackson Atlanta International Airport (ATL)
AA,ATL,Arrival,2017-01-01T18:31:00Z,-138,American / Hartsfield-Jackson Atlanta International Airport (ATL)
AA,ATL,Arrival,2017-01-01T18:41:00Z,-144,American / Hartsfield-Jackson Atlanta International Airport (ATL)
AA,ATL,Arrival,2017-01-01T18:51:00Z,-98,American / Hartsfield-Jackson Atlanta International Airport (ATL)
AA,ATL,Arrival,2017-01-01T19:01:00Z,-78,American / Hartsfield-Jackson Atlanta International Airport (ATL)
AA,ATL,Arrival,2017-01-01T19:11:00Z,-81,American / Hartsfield-Jackson Atlanta International Airport (ATL)
AA,ATL,Arrival,2017-01-01T19:21:00Z,-141,American / Hartsfield-Jackson Atlanta International Airport (ATL)
AA,ATL,Arrival,2017-01-01T19:31:00Z,-190,American / Hartsfield-Jackson Atlanta International Airport (ATL)
AA,ATL,Arrival,2017-01-01T19:41:00Z,-207,American / Hartsfield-Jackson Atlanta International Airport (ATL)
AA,ATL,Arrival,2017-01-01T19:51:00Z,-138,American / Hartsfield-Jackson Atlanta International Airport (ATL)
AA,ATL,Arrival,2017-01-01T20:01:00Z,-94,American / Hartsfield-Jackson Atlanta International Airport (ATL)
AA,ATL,Arrival,2017-01-01T20:11:00Z,-68,American / Hartsfield-Jackson Atlanta International Airport (ATL)
AA,ATL,Arrival,2017-01-01T20:21:00Z,-52,American / Hartsfield-Jackson Atlanta International Airport (ATL)
AA,ATL,Arrival,2017-01-01T20:31:00Z,-51,American / Hartsfield-Jackson Atlanta International Airport (ATL)
AA,ATL,Arrival,2017-01-01T20:41:00Z,-55,American / Hartsfield-Jackson Atlanta International Airport (ATL)
AA,ATL,Arrival,2017-01-01T20:51:00Z,-64,American / Hartsfield-Jackson Atlanta International Airport (ATL)
AA,ATL,Arrival,2017-01-01T21:01:00Z,-64,American / Hartsfield-Jackson Atlanta International Airport (ATL)
AA,ATL,Arrival,2017-01-01T21:11:00Z,-118,American / Hartsfield-Jackson Atlanta International Airport (ATL)
AA,ATL,Arrival,2017-01-01T21:21:00Z,-156,American / Hartsfield-Jackson Atlanta International Airport (ATL)
AA,ATL,Arrival,2017-01-01T21:31:00Z,-191,American / Hartsfield-Jackson Atlanta International Airport (ATL)
AA,ATL,Arrival,2017-01-01T21:41:00Z,-221,American / Hartsfield-Jackson Atlanta International Airport (ATL)
AA,ATL,Arrival,2017-01-01T21:51:00Z,-156,American / Hartsfield-Jackson Atlanta International Airport (ATL)
AA,ATL,Arrival,2017-01-01T22:01:00Z,-163,American / Hartsfield-Jackson Atlanta International Airport (ATL)
AA,ATL,Arrival,2017-01-01T22:11:00Z,-190,American / Hartsfield-Jackson Atlanta International Airport (ATL)
AA,ATL,Arrival,2017-01-01T22:21:00Z,-120,American / Hartsfield-Jackson Atlanta International Airport (ATL)
AA,ATL,Arrival,2017-01-01T22:31:00Z,-161,American / Hartsfield-Jackson Atlanta International Airport (ATL)
AA,ATL,Arrival,2017-01-01T22:41:00Z,-160,American / Hartsfield-Jackson Atlanta International Airport (ATL)
AA,ATL,Arrival,2017-01-01T22:51:00Z,-134,American / Hartsfield-Jackson Atlanta International Airport (ATL)
AA,ATL,Arrival,2017-01-01T23:01:00Z,-122,American / Hartsfield-Jackson Atlanta International Airport (ATL)
AA,ATL,Arrival,2017-01-01T23:11:00Z,-173,American / Hartsfield-Jackson Atlanta International Airport (ATL)
AA,ATL,Arrival,2017-01-01T23:21:00Z,-235,American / Hartsfield-Jackson Atlanta International Airport (ATL)
AA,ATL,Arrival,2017-01-01T23:31:00Z,-259,American / Hartsfield-Jackson Atlanta International Airport (ATL)
AA,ATL,Arrival,2017-01-01T23:41:00Z,-254,American / Hartsfield-Jackson Atlanta International Airport (ATL)
AA,ATL,Arrival,2017-01-01T23:51:00Z,-177,American / Hartsfield-Jackson Atlanta International Airport (ATL)
AA,ATL,Departure,2017-01-01T00:01:00Z,2,American / Hartsfield-Jackson Atlanta International Airport (ATL)
AA,ATL,Departure,2017-01-01T00:11:00Z,2,American / Hartsfield-Jackson Atlanta International Airport (ATL)
AA,ATL,Departure,2017-01-01T00:31:00Z,2,American / Hartsfield-Jackson Atlanta International Airport (ATL)
AA,ATL,Departure,2017-01-01T01:21:00Z,1,American / Hartsfield-Jackson Atlanta International Airport (ATL)
AA,ATL,Departure,2017-01-01T02:11:00Z,1,American / Hartsfield-Jackson Atlanta International Airport (ATL)
AA,ATL,Departure,2017-01-01T05:11:00Z,1,American / Hartsfield-Jackson Atlanta International Airport (ATL)
AA,ATL,Departure,2017-01-01T05:31:00Z,153,American / Hartsfield-Jackson Atlanta International Airport (ATL)
AA,ATL,Departure,2017-01-01T05:41:00Z,151,American / Hartsfield-Jackson Atlanta International Airport (ATL)
AA,ATL,Departure,2017-01-01T05:51:00Z,499,American / Hartsfield-Jackson Atlanta International Airport (ATL)
AA,ATL,Departure,2017-01-01T06:01:00Z,44,American / Hartsfield-Jackson Atlanta International Airport (ATL)
AA,ATL,Departure,2017-01-01T06:11:00Z,227,American / Hartsfield-Jackson Atlanta International Airport (ATL)
AA,ATL,Departure,2017-01-01T06:21:00Z,298,American / Hartsfield-Jackson Atlanta International Airport (ATL)
AA,ATL,Departure,2017-01-01T06:31:00Z,109,American / Hartsfield-Jackson Atlanta International Airport (ATL)
AA,ATL,Departure,2017-01-01T06:41:00Z,197,American / Hartsfield-Jackson Atlanta International Airport (ATL)
AA,ATL,Departure,2017-01-01T06:51:00Z,475,American / Hartsfield-Jackson Atlanta International Airport (ATL)
AA,ATL,Departure,2017-01-01T07:01:00Z,139,American / Hartsfield-Jackson Atlanta International Airport (ATL)
AA,ATL,Departure,2017-01-01T07:11:00Z,26,American / Hartsfield-Jackson Atlanta International Airport (ATL)
AA,ATL,Departure,2017-01-01T07:21:00Z,67,American / Hartsfield-Jackson Atlanta International Airport (ATL)
AA,ATL,Departure,2017-01-01T07:31:00Z,182,American / Hartsfield-Jackson Atlanta International Airport (ATL)
AA,ATL,Departure,2017-01-01T07:41:00Z,180,American / Hartsfield-Jackson Atlanta International Airport (ATL)
AA,ATL,Departure,2017-01-01T07:51:00Z,794,American / Hartsfield-Jackson Atlanta International Airport (ATL)
AA,ATL,Departure,2017-01-01T08:01:00Z,72,American / Hartsfield-Jackson Atlanta International Airport (ATL)
AA,ATL,Departure,2017-01-01T08:11:00Z,33,American / Hartsfield-Jackson Atlanta International Airport (ATL)
AA,ATL,Departure,2017-01-01T08:21:00Z,18,American / Hartsfield-Jackson Atlanta International Airport (ATL)
AA,ATL,Departure,2017-01-01T08:31:00Z,119,American / Hartsfield-Jackson Atlanta International Airport (ATL)
AA,ATL,Departure,2017-01-01T08:41:00Z,203,American / Hartsfield-Jackson Atlanta International Airport (ATL)
AA,ATL,Departure,2017-01-01T08:51:00Z,70,American / Hartsfield-Jackson Atlanta International Airport (ATL)
AA,ATL,Departure,2017-01-01T09:01:00Z,27,American / Hartsfield-Jackson Atlanta International Airport (ATL)
AA,ATL,Departure,2017-01-01T09:11:00Z,27,American / Hartsfield-Jackson Atlanta International Airport (ATL)
AA,ATL,Departure,2017-01-01T09:21:00Z,50,American / Hartsfield-Jackson Atlanta International Airport (ATL)
AA,ATL,Departure,2017-01-01T09:31:00Z,54,American / Hartsfield-Jackson Atlanta International Airport (ATL)
AA,ATL,Departure,2017-01-01T09:41:00Z,139,American / Hartsfield-Jackson Atlanta International Airport (ATL)
AA,ATL,Departure,2017-01-01T09:51:00Z,278,American / Hartsfield-Jackson Atlanta International Airport (ATL)
AA,ATL,Departure,2017-01-01T10:01:00Z,286,American / Hartsfield-Jackson Atlanta International Airport (ATL)
AA,ATL,Departure,2017-01-01T10:11:00Z,49,American / Hartsfield-Jackson Atlanta International Airport (ATL)
AA,ATL,Departure,2017-01-01T10:21:00Z,21,American / Hartsfield-Jackson Atlanta International Airport (ATL)
AA,ATL,Departure,2017-01-01T10:31:00Z,19,American / Hartsfield-Jackson Atlanta International Airport (ATL)
AA,ATL,Departure,2017-01-01T10:41:00Z,64,American / Hartsfield-Jackson Atlanta International Airport (ATL)
AA,ATL,Departure,2017-01-01T10:51:00Z,150,American / Hartsfield-Jackson Atlanta International Airport (ATL)
AA,ATL,Departure,2017-01-01T11:01:00Z,359,American / Hartsfield-Jackson Atlanta International Airport (ATL)
AA,ATL,Departure,2017-01-01T11:11:00Z,112,American / Hartsfield-Jackson Atlanta International Airport (ATL)
AA,ATL,Departure,2017-01-01T11:21:00Z,69,American / Hartsfield-Jackson Atlanta International Airport (ATL)
AA,ATL,Departure,2017-01-01T11:31:00Z,146,American / Hartsfield-Jackson Atlanta International Airport (ATL)
AA,ATL,Departure,2017-01-01T11:41:00Z,159,American / Hartsfield-Jackson Atlanta International Airport (ATL)
AA,ATL,Departure,2017-01-01T11:51:00Z,48,American / Hartsfield-Jackson Atlanta International Airport (ATL)
AA,ATL,Departure,2017-01-01T12:01:00Z,28,American / Hartsfield-Jackson Atlanta International Airport (ATL)
AA,ATL,Departure,2017-01-01T12:11:00Z,93,American / Hartsfield-Jackson Atlanta International Airport (ATL)
AA,ATL,Departure,2017-01-01T12:21:00Z,349,American / Hartsfield-Jackson Atlanta International Airport (ATL)
AA,ATL,Departure,2017-01-01T12:31:00Z,209,American / Hartsfield-Jackson Atlanta International Airport (ATL)
AA,ATL,Departure,2017-01-01T12:41:00Z,93,American / Hartsfield-Jackson Atlanta International Airport (ATL)
AA,ATL,Departure,2017-01-01T12:51:00Z,42,American / Hartsfield-Jackson Atlanta International Airport (ATL)
AA,ATL,Departure,2017-01-01T13:01:00Z,96,American / Hartsfield-Jackson Atlanta International Airport (ATL)
AA,ATL,Departure,2017-01-01T13:11:00Z,111,American / Hartsfield-Jackson Atlanta International Airport (ATL)
AA,ATL,Departure,2017-01-01T13:21:00Z,56,American / Hartsfield-Jackson Atlanta International Airport (ATL)
AA,ATL,Departure,2017-01-01T13:31:00Z,27,American / Hartsfield-Jackson Atlanta International Airport (ATL)
AA,ATL,Departure,2017-01-01T13:41:00Z,41,American / Hartsfield-Jackson Atlanta International Airport (ATL)
AA,ATL,Departure,2017-01-01T13:51:00Z,27,American / Hartsfield-Jackson Atlanta International Airport (ATL)
AA,ATL,Departure,2017-01-01T14:01:00Z,71,American / Hartsfield-Jackson Atlanta International Airport (ATL)
AA,ATL,Departure,2017-01-01T14:11:00Z,178,American / Hartsfield-Jackson Atlanta International Airport (ATL)
AA,ATL,Departure,2017-01-01T14:21:00Z,88,American / Hartsfield-Jackson Atlanta International Airport (ATL)
AA,ATL,Departure,2017-01-01T14:31:00Z,23,American / Hartsfield-Jackson Atlanta International Airport (ATL)
AA,ATL,Departure,2017-01-01T14:41:00Z,22,American / Hartsfield-Jackson Atlanta International Airport (ATL)
AA,ATL,Departure,2017-01-01T14:51:00Z,7,American / Hartsfield-Jackson Atlanta International Airport (ATL)
AA,ATL,Departure,2017-01-01T15:01:00Z,11,American / Hartsfield-Jackson Atlanta International Airport (ATL)
AA,ATL,Departure,2017-01-01T15:11:00Z,149,American / Hartsfield-Jackson Atlanta International Airport (ATL)
AA,ATL,Departure,2017-01-01T15:21:00Z,126,American / Hartsfield-Jackson Atlanta International Airport (ATL)
AA,ATL,Departure,2017-01-01T15:31:00Z,39,American / Hartsfield-Jackson Atlanta International Airport (ATL)
AA,ATL,Departure,2017-01-01T15:41:00Z,223,American / Hartsfield-Jackson Atlanta International Airport (ATL)
AA,ATL,Departure,2017-01-01T15:51:00Z,114,American / Hartsfield-Jackson Atlanta International Airport (ATL)
AA,ATL,Departure,2017-01-01T16:01:00Z,149,American / Hartsfield-Jackson Atlanta International Airport (ATL)
AA,ATL,Departure,2017-01-01T16:11:00Z,131,American / Hartsfield-Jackson Atlanta International Airport (ATL)
AA,ATL,Departure,2017-01-01T16:21:00Z,63,American / Hartsfield-Jackson Atlanta International Airport (ATL)
AA,ATL,Departure,2017-01-01T16:31:00Z,50,American / Hartsfield-Jackson Atlanta International Airport (ATL)
AA,ATL,Departure,2017-01-01T16:41:00Z,88,American / Hartsfield-Jackson Atlanta International Airport (ATL)
AA,ATL,Departure,2017-01-01T16:51:00Z,164,American / Hartsfield-Jackson Atlanta International Airport (ATL)
AA,ATL,Departure,2017-01-01T17:01:00Z,62,American / Hartsfield-Jackson Atlanta International Airport (ATL)
AA,ATL,Departure,2017-01-01T17:11:00Z,102,American / Hartsfield-Jackson Atlanta International Airport (ATL)
AA,ATL,Departure,2017-01-01T17:21:00Z,209,American / Hartsfield-Jackson Atlanta International Airport (ATL)
AA,ATL,Departure,2017-01-01T17:31:00Z,162,American / Hartsfield-Jackson Atlanta International Airport (ATL)
AA,ATL,Departure,2017-01-01T17:41:00Z,209,American / Hartsfield-Jackson Atlanta International Airport (ATL)
AA,ATL,Departure,2017-01-01T17:51:00Z,59,American / Hartsfield-Jackson Atlanta International Airport (ATL)
AA,ATL,Departure,2017-01-01T18:01:00Z,143,American / Hartsfield-Jackson Atlanta International Airport (ATL)
AA,ATL,Departure,2017-01-01T18:11:00Z,278,American / Hartsfield-Jackson Atlanta International Airport (ATL)
AA,ATL,Departure,2017-01-01T18:21:00Z,161,American / Hartsfield-Jackson Atlanta International Airport (ATL)
AA,ATL,Departure,2017-01-01T18:31:00Z,112,American / Hartsfield-Jackson Atlanta International Airport (ATL)
AA,ATL,Departure,2017-01-01T18:41:00Z,83,American / Hartsfield-Jackson Atlanta International Airport (ATL)
AA,ATL,Departure,2017-01-01T18:51:00Z,77,American / Hartsfield-Jackson Atlanta International Airport (ATL)
AA,ATL,Departure,2017-01-01T19:01:00Z,73,American / Hartsfield-Jackson Atlanta International Airport (ATL)
AA,ATL,Departure,2017-01-01T19:11:00Z,34,American / Hartsfield-Jackson Atlanta International Airport (ATL)
AA,ATL,Departure,2017-01-01T19:21:00Z,73,American / Hartsfield-Jackson Atlanta International Airport (ATL)
AA,ATL,Departure,2017-01-01T19:31:00Z,202,American / Hartsfield-Jackson Atlanta International Airport (ATL)
AA,ATL,Departure,2017-01-01T19:41:00Z,134,American / Hartsfield-Jackson Atlanta International Airport (ATL)
AA,ATL,Departure,2017-01-01T19:51:00Z,90,American / Hartsfield-Jackson Atlanta International Airport (ATL)
AA,ATL,Departure,2017-01-01T20:01:00Z,71,American / Hartsfield-Jackson Atlanta International Airport (ATL)
AA,ATL,Departure,2017-01-01T20:11:00Z,52,American / Hartsfield-Jackson Atlanta International Airport (ATL)
AA,ATL,Departure,2017-01-01T20:21:00Z,85,American / Hartsfield-Jackson Atlanta International Airport (ATL)
AA,ATL,Departure,2017-01-01T20:31:00Z,39,American / Hartsfield-Jackson Atlanta International Airport (ATL)
AA,ATL,Departure,2017-01-01T20:41:00Z,33,American / Hartsfield-Jackson Atlanta International Airport (ATL)
AA,ATL,Departure,2017-01-01T20:51:00Z,30,American / Hartsfield-Jackson Atlanta International Airport (ATL)
AA,ATL,Departure,2017-01-01T21:01:00Z,21,American / Hartsfield-Jackson Atlanta International Airport (ATL)
AA,ATL,Departure,2017-01-01T21:11:00Z,22,American / Hartsfield-Jackson Atlanta International Airport (ATL)
AA,ATL,Departure,2017-01-01T21:21:00Z,10,American / Hartsfield-Jackson Atlanta International Airport (ATL)
AA,ATL,Departure,2017-01-01T21:31:00Z,21,American / Hartsfield-Jackson Atlanta International Airport (ATL)
AA,ATL,Departure,2017-01-01T21:41:00Z,7,American / Hartsfield-Jackson Atlanta International Airport (ATL)
AA,ATL,Departure,2017-01-01T21:51:00Z,12,American / Hartsfield-Jackson Atlanta International Airport (ATL)
AA,ATL,Departure,2017-01-01T22:01:00Z,11,American / Hartsfield-Jackson Atlanta International Airport (ATL)
AA,ATL,Departure,2017-01-01T22:11:00Z,7,American / Hartsfield-Jackson Atlanta International Airport (ATL)
AA,ATL,Departure,2017-01-01T22:21:00Z,4,American / Hartsfield-Jackson Atlanta International Airport (ATL)
AA,ATL,Departure,2017-01-01T22:31:00Z,4,American / Hartsfield-Jackson Atlanta International Airport (ATL)
AA,ATL,Departure,2017-01-01T22:41:00Z,4,American / Hartsfield-Jackson Atlanta International Airport (ATL)
AA,ATL,Departure,2017-01-01T22:51:00Z,3,American / Hartsfield-Jackson Atlanta International Airport (ATL)
AA,ATL,Departure,2017-01-01T23:01:00Z,6,American / Hartsfield-Jackson Atlanta International Airport (ATL)
AA,ATL,Departure,2017-01-01T23:11:00Z,2,American / Hartsfield-Jackson Atlanta International Airport (ATL)
AA,ATL,Departure,2017-01-01T23:21:00Z,5,American / Hartsfield-Jackson Atlanta International Airport (ATL)
AA,ATL,Departure,2017-01-01T23:31:00Z,4,American / Hartsfield-Jackson Atlanta International Airport (ATL)
AA,ATL,Departure,2017-01-01T23:41:00Z,3,American / Hartsfield-Jackson Atlanta International Airport (ATL)
AA,AUS,Arrival,2017-01-01T00:01:00Z,-45,American / Austin-Bergstrom International Airport (AUS)
AA,AUS,Arrival,2017-01-01T00:11:00Z,-27,American / Austin-Bergstrom International Airport (AUS)
AA,AUS,Arrival,2017-01-01T00:21:00Z,-14,American / Austin-Bergstrom International Airport (AUS)
AA,AUS,Arrival,2017-01-01T00:31:00Z,-11,American / Austin-Bergstrom International Airport (AUS)
AA,AUS,Arrival,2017-01-01T00:41:00Z,-9,American / Austin-Bergstrom International Airport (AUS)
AA,AUS,Arrival,2017-01-01T00:51:00Z,-11,American / Austin-Bergstrom International Airport (AUS)
AA,AUS,Arrival,2017-01-01T01:01:00Z,-10,American / Austin-Bergstrom International Airport (AUS)
AA,AUS,Arrival,2017-01-01T01:11:00Z,-7,American / Austin-Bergstrom International Airport (AUS)
AA,AUS,Arrival,2017-01-01T01:21:00Z,-3,American / Austin-Bergstrom International Airport (AUS)
AA,AUS,Arrival,2017-01-01T01:31:00Z,-6,American / Austin-Bergstrom International Airport (AUS)
AA,AUS,Arrival,2017-01-01T01:41:00Z,-7,American / Austin-Bergstrom International Airport (AUS)
AA,AUS,Arrival,2017-01-01T01:51:00Z,-13,American / Austin-Bergstrom International Airport (AUS)
AA,AUS,Arrival,2017-01-01T02:01:00Z,-14,American / Austin-Bergstrom International Airport (AUS)
AA,AUS,Arrival,2017-01-01T02:11:00Z,-6,American / Austin-Bergstrom International Airport (AUS)
AA,AUS,Arrival,2017-01-01T02:21:00Z,-4,American / Austin-Bergstrom International Airport (AUS)
AA,AUS,Arrival,2017-01-01T02:31:00Z,-4,American / Austin-Bergstrom International Airport (AUS)
AA,AUS,Arrival,2017-01-01T02:41:00Z,-1,American / Austin-Bergstrom International Airport (AUS)
AA,AUS,Arrival,2017-01-01T02:51:00Z,-1,American / Austin-Bergstrom International Airport (AUS)
AA,AUS,Arrival,2017-01-01T03:01:00Z,-1,American / Austin-Bergstrom International Airport (AUS)
AA,AUS,Arrival,2017-01-01T03:11:00Z,-2,American / Austin-Bergstrom International Airport (AUS)
AA,AUS,Arrival,2017-01-01T03:31:00Z,-1,American / Austin-Bergstrom International Airport (AUS)
AA,AUS,Arrival,2017-01-01T04:01:00Z,-1,American / Austin-Bergstrom International Airport (AUS)
AA,AUS,Arrival,2017-01-01T04:41:00Z,-1,American / Austin-Bergstrom International Airport (AUS)
AA,AUS,Arrival,2017-01-01T04:51:00Z,-1,American / Austin-Bergstrom International Airport (AUS)
AA,AUS,Arrival,2017-01-01T07:21:00Z,-50,American / Austin-Bergstrom International Airport (AUS)
AA,AUS,Arrival,2017-01-01T07:31:00Z,-127,American / Austin-Bergstrom International Airport (AUS)
AA,AUS,Arrival,2017-01-01T07:41:00Z,-44,American / Austin-Bergstrom International Airport (AUS)
AA,AUS,Arrival,2017-01-01T07:51:00Z,-28,American / Austin-Bergstrom International Airport (AUS)
AA,AUS,Arrival,2017-01-01T08:01:00Z,-28,American / Austin-Bergstrom International Airport (AUS)
AA,AUS,Arrival,2017-01-01T08:11:00Z,-23,American / Austin-Bergstrom International Airport (AUS)
AA,AUS,Arrival,2017-01-01T08:21:00Z,-11,American / Austin-Bergstrom International Airport (AUS)
AA,AUS,Arrival,2017-01-01T08:31:00Z,-6,American / Austin-Bergstrom International Airport (AUS)
AA,AUS,Arrival,2017-01-01T08:41:00Z,-3,American / Austin-Bergstrom International Airport (AUS)
AA,AUS,Arrival,2017-01-01T08:51:00Z,-4,American / Austin-Bergstrom International Airport (AUS)
AA,AUS,Arrival,2017-01-01T09:01:00Z,-5,American / Austin-Bergstrom International Airport (AUS)
AA,AUS,Arrival,2017-01-01T09:11:00Z,-32,American / Austin-Bergstrom International Airport (AUS)
AA,AUS,Arrival,2017-01-01T09:21:00Z,-32,American / Austin-Bergstrom International Airport (AUS)
AA,AUS,Arrival,2017-01-01T09:31:00Z,-190,American / Austin-Bergstrom International Airport (AUS)
AA,AUS,Arrival,2017-01-01T09:41:00Z,-154,American / Austin-Bergstrom International Airport (AUS)
AA,AUS,Arrival,2017-01-01T09:51:00Z,-101,American / Austin-Bergstrom International Airport (AUS)
AA,AUS,Arrival,2017-01-01T10:01:00Z,-46,American / Austin-Bergstrom International Airport (AUS)
AA,AUS,Arrival,2017-01-01T10:11:00Z,-30,American / Austin-Bergstrom International Airport (AUS)
AA,AUS,Arrival,2017-01-01T10:21:00Z,-15,American / Austin-Bergstrom International Airport (AUS)
AA,AUS,Arrival,2017-01-01T10:31:00Z,-9,American / Austin-Bergstrom International Airport (AUS)
AA,AUS,Arrival,2017-01-01T10:41:00Z,-42,American / Austin-Bergstrom International Airport (AUS)
AA,AUS,Arrival,2017-01-01T10:51:00Z,-104,American / Austin-Bergstrom International Airport (AUS)
AA,AUS,Arrival,2017-01-01T11:01:00Z,-72,American / Austin-Bergstrom International Airport (AUS)
AA,AUS,Arrival,2017-01-01T11:11:00Z,-34,American / Austin-Bergstrom International Airport (AUS)
AA,AUS,Arrival,2017-01-01T11:21:00Z,-34,American / Austin-Bergstrom International Airport (AUS)
AA,AUS,Arrival,2017-01-01T11:31:00Z,-76,American / Austin-Bergstrom International Airport (AUS)
AA,AUS,Arrival,2017-01-01T11:41:00Z,-156,American / Austin-Bergstrom International Airport (AUS)
AA,AUS,Arrival,2017-01-01T11:51:00Z,-166,American / Austin-Bergstrom International Airport (AUS)
AA,AUS,Arrival,2017-01-01T12:01:00Z,-118,American / Austin-Bergstrom International Airport (AUS)
AA,AUS,Arrival,2017-01-01T12:11:00Z,-103,American / Austin-Bergstrom International Airport (AUS)
AA,AUS,Arrival,2017-01-01T12:21:00Z,-90,American / Austin-Bergstrom International Airport (AUS)
AA,AUS,Arrival,2017-01-01T12:31:00Z,-202,American / Austin-Bergstrom International Airport (AUS)
AA,AUS,Arrival,2017-01-01T12:41:00Z,-188,American / Austin-Bergstrom International Airport (AUS)
AA,AUS,Arrival,2017-01-01T12:51:00Z,-137,American / Austin-Bergstrom International Airport (AUS)
AA,AUS,Arrival,2017-01-01T13:01:00Z,-112,American / Austin-Bergstrom International Airport (AUS)
AA,AUS,Arrival,2017-01-01T13:11:00Z,-152,American / Austin-Bergstrom International Airport (AUS)
AA,AUS,Arrival,2017-01-01T13:21:00Z,-242,American / Austin-Bergstrom International Airport (AUS)
AA,AUS,Arrival,2017-01-01T13:31:00Z,-203,American / Austin-Bergstrom International Airport (AUS)
AA,AUS,Arrival,2017-01-01T13:41:00Z,-92,American / Austin-Bergstrom International Airport (AUS)
AA,AUS,Arrival,2017-01-01T13:51:00Z,-49,American / Austin-Bergstrom International Airport (AUS)
AA,AUS,Arrival,2017-01-01T14:01:00Z,-27,American / Austin-Bergstrom International Airport (AUS)
AA,AUS,Arrival,2017-01-01T14:11:00Z,-13,American / Austin-Bergstrom International Airport (AUS)
AA,AUS,Arrival,2017-01-01T14:21:00Z,-12,American / Austin-Bergstrom International Airport (AUS)
AA,AUS,Arrival,2017-01-01T14:31:00Z,-57,American / Austin-Bergstrom International Airport (AUS)
AA,AUS,Arrival,2017-01-01T14:41:00Z,-97,American / Austin-Bergstrom International Airport (AUS)
AA,AUS,Arrival,2017-01-01T14:51:00Z,-95,American / Austin-Bergstrom International Airport (AUS)
AA,AUS,Arrival,2017-01-01T15:01:00Z,-56,American / Austin-Bergstrom International Airport (AUS)
AA,AUS,Arrival,2017-01-01T15:11:00Z,-34,American / Austin-Bergstrom International Airport (AUS)
AA,AUS,Arrival,2017-01-01T15:21:00Z,-69,American / Austin-Bergstrom International Airport (AUS)
AA,AUS,Arrival,2017-01-01T15:31:00Z,-138,American / Austin-Bergstrom International Airport (AUS)
AA,AUS,Arrival,2017-01-01T15:41:00Z,-87,American / Austin-Bergstrom International Airport (AUS)
AA,AUS,Arrival,2017-01-01T15:51:00Z,-35,American / Austin-Bergstrom International Airport (AUS)
AA,AUS,Arrival,2017-01-01T16:01:00Z,-14,American / Austin-Bergstrom International Airport (AUS)
AA,AUS,Arrival,2017-01-01T16:11:00Z,-74,American / Austin-Bergstrom International Airport (AUS)
AA,AUS,Arrival,2017-01-01T16:21:00Z,-87,American / Austin-Bergstrom International Airport (AUS)
AA,AUS,Arrival,2017-01-01T16:31:00Z,-155,American / Austin-Bergstrom International Airport (AUS)
AA,AUS,Arrival,2017-01-01T16:41:00Z,-208,American / Austin-Bergstrom International Airport (AUS)
AA,AUS,Arrival,2017-01-01T16:51:00Z,-144,American / Austin-Bergstrom International Airport (AUS)
AA,AUS,Arrival,2017-01-01T17:01:00Z,-86,American / Austin-Bergstrom International Airport (AUS)
AA,AUS,Arrival,2017-01-01T17:11:00Z,-91,American / Austin-Bergstrom International Airport (AUS)
AA,AUS,Arrival,2017-01-01T17:21:00Z,-217,American / Austin-Bergstrom International Airport (AUS)
AA,AUS,Arrival,2017-01-01T17:31:00Z,-192,American / Austin-Bergstrom International Airport (AUS)
AA,AUS,Arrival,2017-01-01T17:41:00Z,-200,American / Austin-Bergstrom International Airport (AUS)
AA,AUS,Arrival,2017-01-01T17:51:00Z,-98,American / Austin-Bergstrom International Airport (AUS)
AA,AUS,Arrival,2017-01-01T18:01:00Z,-55,American / Austin-Bergstrom International Airport (AUS)
AA,AUS,Arrival,2017-01-01T18:11:00Z,-34,American / Austin-Bergstrom International Airport (AUS)
AA,AUS,Arrival,2017-01-01T18:21:00Z,-52,American / Austin-Bergstrom International Airport (AUS)
AA,AUS,Arrival,2017-01-01T18:31:00Z,-105,American / Austin-Bergstrom International Airport (AUS)
AA,AUS,Arrival,2017-01-01T18:41:00Z,-88,American / Austin-Bergstrom International Airport (AUS)
AA,AUS,Arrival,2017-01-01T18:51:00Z,-67,American / Austin-Bergstrom International Airport (AUS)
AA,AUS,Arrival,2017-01-01T19:01:00Z,-64,American / Austin-Bergstrom International Airport (AUS)
AA,AUS,Arrival,2017-01-01T19:11:00Z,-79,American / Austin-Bergstrom International Airport (AUS)
AA,AUS,Arrival,2017-01-01T19:21:00Z,-40,American / Austin-Bergstrom International Airport (AUS)
AA,AUS,Arrival,2017-01-01T19:31:00Z,-39,American / Austin-Bergstrom International Airport (AUS)
AA,AUS,Arrival,2017-01-01T19:41:00Z,-58,American / Austin-Bergstrom International Airport (AUS)
AA,AUS,Arrival,2017-01-01T19:51:00Z,-113,American / Austin-Bergstrom International Airport (AUS)
AA,AUS,Arrival,2017-01-01T20:01:00Z,-181,American / Austin-Bergstrom International Airport (AUS)
AA,AUS,Arrival,2017-01-01T20:11:00Z,-218,American / Austin-Bergstrom International Airport (AUS)
AA,AUS,Arrival,2017-01-01T20:21:00Z,-222,American / Austin-Bergstrom International Airport (AUS)
AA,AUS,Arrival,2017-01-01T20:31:00Z,-176,American / Austin-Bergstrom International Airport (AUS)
AA,AUS,Arrival,2017-01-01T20:41:00Z,-116,American / Austin-Bergstrom International Airport (AUS)
AA,AUS,Arrival,2017-01-01T20:51:00Z,-98,American / Austin-Bergstrom International Airport (AUS)
AA,AUS,Arrival,2017-01-01T21:01:00Z,-73,American / Austin-Bergstrom International Airport (AUS)
AA,AUS,Arrival,2017-01-01T21:11:00Z,-51,American / Austin-Bergstrom International Airport (AUS)
AA,AUS,Arrival,2017-01-01T21:21:00Z,-93,American / Austin-Bergstrom International Airport (AUS)
AA,AUS,Arrival,2017-01-01T21:31:00Z,-122,American / Austin-Bergstrom International Airport (AUS)
AA,AUS,Arrival,2017-01-01T21:41:00Z,-109,American / Austin-Bergstrom International Airport (AUS)
AA,AUS,Arrival,2017-01-01T21:51:00Z,-84,American / Austin-Bergstrom International Airport (AUS)
AA,AUS,Arrival,2017-01-01T22:01:00Z,-55,American / Austin-Bergstrom International Airport (AUS)
AA,AUS,Arrival,2017-01-01T22:11:00Z,-43,American / Austin-Bergstrom International Airport (AUS)
AA,AUS,Arrival,2017-01-01T22:21:00Z,-50,American / Austin-Bergstrom International Airport (AUS)
AA,AUS,Arrival,2017-01-01T22:31:00Z,-95,American / Austin-Bergstrom International Airport (AUS)
AA,AUS,Arrival,2017-01-01T22:41:00Z,-131,American / Austin-Bergstrom International Airport (AUS)
AA,AUS,Arrival,2017-01-01T22:51:00Z,-82,American / Austin-Bergstrom International Airport (AUS)
AA,AUS,Arrival,2017-01-01T23:01:00Z,-149,American / Austin-Bergstrom International Airport (AUS)
AA,AUS,Arrival,2017-01-01T23:11:00Z,-138,American / Austin-Bergstrom International Airport (AUS)
AA,AUS,Arrival,2017-01-01T23:21:00Z,-120,American / Austin-Bergstrom International Airport (AUS)
AA,AUS,Arrival,2017-01-01T23:31:00Z,-82,American / Austin-Bergstrom International Airport (AUS)
AA,AUS,Arrival,2017-01-01T23:41:00Z,-96,American / Austin-Bergstrom International Airport (AUS)
AA,AUS,Arrival,2017-01-01T23:51:00Z,-62,American / Austin-Bergstrom International Airport (AUS)
AA,AUS,Departure,2017-01-01T00:01:00Z,1,American / Austin-Bergstrom International Airport (AUS)
AA,AUS,Departure,2017-01-01T00:11:00Z,2,American / Austin-Bergstrom International Airport (AUS)
AA,AUS,Departure,2017-01-01T01:01:00Z,4,American / Austin-Bergstrom International Airport (AUS)
AA,AUS,Departure,2017-01-01T01:11:00Z,10,American / Austin-Bergstrom International Airport (AUS)
AA,AUS,Departure,2017-01-01T01:21:00Z,1,American / Austin-Bergstrom International Airport (AUS)
AA,AUS,Departure,2017-01-01T04:51:00Z,223,American / Austin-Bergstrom International Airport (AUS)
AA,AUS,Departure,2017-01-01T05:01:00Z,88,American / Austin-Bergstrom International Airport (AUS)
AA,AUS,Departure,2017-01-01T05:11:00Z,4,American / Austin-Bergstrom International Airport (AUS)
AA,AUS,Departure,2017-01-01T05:21:00Z,1,American / Austin-Bergstrom International Airport (AUS)
AA,AUS,Departure,2017-01-01T05:31:00Z,1,American / Austin-Bergstrom International Airport (AUS)
AA,AUS,Departure,2017-01-01T05:51:00Z,22,American / Austin-Bergstrom International Airport (AUS)
AA,AUS,Departure,2017-01-01T06:01:00Z,226,American / Austin-Bergstrom International Airport (AUS)
AA,AUS,Departure,2017-01-01T06:11:00Z,169,American / Austin-Bergstrom International Airport (AUS)
AA,AUS,Departure,2017-01-01T06:21:00Z,84,American / Austin-Bergstrom International Airport (AUS)
AA,AUS,Departure,2017-01-01T06:31:00Z,19,American / Austin-Bergstrom International Airport (AUS)
AA,AUS,Departure,2017-01-01T06:41:00Z,33,American / Austin-Bergstrom International Airport (AUS)
AA,AUS,Departure,2017-01-01T06:51:00Z,570,American / Austin-Bergstrom International Airport (AUS)
AA,AUS,Departure,2017-01-01T07:01:00Z,145,American / Austin-Bergstrom International Airport (AUS)
AA,AUS,Departure,2017-01-01T07:11:00Z,48,American / Austin-Bergstrom International Airport (AUS)
AA,AUS,Departure,2017-01-01T07:21:00Z,15,American / Austin-Bergstrom International Airport (AUS)
AA,AUS,Departure,2017-01-01T07:31:00Z,100,American / Austin-Bergstrom International Airport (AUS)
AA,AUS,Departure,2017-01-01T07:41:00Z,80,American / Austin-Bergstrom International Airport (AUS)
AA,AUS,Departure,2017-01-01T07:51:00Z,244,American / Austin-Bergstrom International Airport (AUS)
AA,AUS,Departure,2017-01-01T08:01:00Z,174,American / Austin-Bergstrom International Airport (AUS)
AA,AUS,Departure,2017-01-01T08:11:00Z,131,American / Austin-Bergstrom International Airport (AUS)
AA,AUS,Departure,2017-01-01T08:21:00Z,225,American / Austin-Bergstrom International Airport (AUS)
AA,AUS,Departure,2017-01-01T08:31:00Z,179,American / Austin-Bergstrom International Airport (AUS)
AA,AUS,Departure,2017-01-01T08:41:00Z,122,American / Austin-Bergstrom International Airport (AUS)
AA,AUS,Departure,2017-01-01T08:51:00Z,96,American / Austin-Bergstrom International Airport (AUS)
AA,AUS,Departure,2017-01-01T09:01:00Z,158,American / Austin-Bergstrom International Airport (AUS)
AA,AUS,Departure,2017-01-01T09:11:00Z,74,American / Austin-Bergstrom International Airport (AUS)
AA,AUS,Departure,2017-01-01T09:21:00Z,21,American / Austin-Bergstrom International Airport (AUS)
AA,AUS,Departure,2017-01-01T09:31:00Z,19,American / Austin-Bergstrom International Airport (AUS)
AA,AUS,Departure,2017-01-01T09:41:00Z,8,American / Austin-Bergstrom International Airport (AUS)
AA,AUS,Departure,2017-01-01T09:51:00Z,15,American / Austin-Bergstrom International Airport (AUS)
AA,AUS,Departure,2017-01-01T10:01:00Z,13,American / Austin-Bergstrom International Airport (AUS)
AA,AUS,Departure,2017-01-01T10:11:00Z,58,American / Austin-Bergstrom International Airport (AUS)
AA,AUS,Departure,2017-01-01T10:21:00Z,27,American / Austin-Bergstrom International Airport (AUS)
AA,AUS,Departure,2017-01-01T10:31:00Z,265,American / Austin-Bergstrom International Airport (AUS)
AA,AUS,Departure,2017-01-01T10:41:00Z,103,American / Austin-Bergstrom International Airport (AUS)
AA,AUS,Departure,2017-01-01T10:51:00Z,49,American / Austin-Bergstrom International Airport (AUS)
AA,AUS,Departure,2017-01-01T11:01:00Z,27,American / Austin-Bergstrom International Airport (AUS)
AA,AUS,Departure,2017-01-01T11:11:00Z,74,American / Austin-Bergstrom International Airport (AUS)
AA,AUS,Departure,2017-01-01T11:21:00Z,25,American / Austin-Bergstrom International Airport (AUS)
AA,AUS,Departure,2017-01-01T11:31:00Z,30,American / Austin-Bergstrom International Airport (AUS)
AA,AUS,Departure,2017-01-01T11:41:00Z,104,American / Austin-Bergstrom International Airport (AUS)
AA,AUS,Departure,2017-01-01T11:51:00Z,98,American / Austin-Bergstrom International Airport (AUS)
AA,AUS,Departure,2017-01-01T12:01:00Z,54,American / Austin-Bergstrom International Airport (AUS)
AA,AUS,Departure,2017-01-01T12:11:00Z,10,American / Austin-Bergstrom International Airport (AUS)
AA,AUS,Departure,2017-01-01T12:21:00Z,25,American / Austin-Bergstrom International Airport (AUS)
AA,AUS,Departure,2017-01-01T12:31:00Z,202,American / Austin-Bergstrom International Airport (AUS)
AA,AUS,Departure,2017-01-01T12:41:00Z,162,American / Austin-Bergstrom International Airport (AUS)
AA,AUS,Departure,2017-01-01T12:51:00Z,107,American / Austin-Bergstrom International Airport (AUS)
AA,AUS,Departure,2017-01-01T13:01:00Z,110,American / Austin-Bergstrom International Airport (AUS)
AA,AUS,Departure,2017-01-01T13:11:00Z,105,American / Austin-Bergstrom International Airport (AUS)
AA,AUS,Departure,2017-01-01T13:21:00Z,224,American / Austin-Bergstrom International Airport (AUS)
AA,AUS,Departure,2017-01-01T13:31:00Z,142,American / Austin-Bergstrom International Airport (AUS)
AA,AUS,Departure,2017-01-01T13:41:00Z,136,American / Austin-Bergstrom International Airport (AUS)
AA,AUS,Departure,2017-01-01T13:51:00Z,85,American / Austin-Bergstrom International Airport (AUS)
AA,AUS,Departure,2017-01-01T14:01:00Z,47,American / Austin-Bergstrom International Airport (AUS)
AA,AUS,Departure,2017-01-01T14:11:00Z,133,American / Austin-Bergstrom International Airport (AUS)
AA,AUS,Departure,2017-01-01T14:21:00Z,333,American / Austin-Bergstrom International Airport (AUS)
AA,AUS,Departure,2017-01-01T14:31:00Z,142,American / Austin-Bergstrom International Airport (AUS)
AA,AUS,Departure,2017-01-01T14:41:00Z,81,American / Austin-Bergstrom International Airport (AUS)
AA,AUS,Departure,2017-01-01T14:51:00Z,34,American / Austin-Bergstrom International Airport (AUS)
AA,AUS,Departure,2017-01-01T15:01:00Z,37,American / Austin-Bergstrom International Airport (AUS)
AA,AUS,Departure,2017-01-01T15:11:00Z,11,American / Austin-Bergstrom International Airport (AUS)
AA,AUS,Departure,2017-01-01T15:21:00Z,46,American / Austin-Bergstrom International Airport (AUS)
AA,AUS,Departure,2017-01-01T15:31:00Z,186,American / Austin-Bergstrom International Airport (AUS)
AA,AUS,Departure,2017-01-01T15:41:00Z,72,American / Austin-Bergstrom International Airport (AUS)
AA,AUS,Departure,2017-01-01T15:51:00Z,31,American / Austin-Bergstrom International Airport (AUS)
AA,AUS,Departure,2017-01-01T16:01:00Z,19,American / Austin-Bergstrom International Airport (AUS)
AA,AUS,Departure,2017-01-01T16:11:00Z,14,American / Austin-Bergstrom International Airport (AUS)
AA,AUS,Departure,2017-01-01T16:21:00Z,146,American / Austin-Bergstrom International Airport (AUS)
AA,AUS,Departure,2017-01-01T16:31:00Z,117,American / Austin-Bergstrom International Airport (AUS)
AA,AUS,Departure,2017-01-01T16:41:00Z,41,American / Austin-Bergstrom International Airport (AUS)
AA,AUS,Departure,2017-01-01T16:51:00Z,19,American / Austin-Bergstrom International Airport (AUS)
AA,AUS,Departure,2017-01-01T17:01:00Z,11,American / Austin-Bergstrom International Airport (AUS)
AA,AUS,Departure,2017-01-01T17:11:00Z,14,American / Austin-Bergstrom International Airport (AUS)
AA,AUS,Departure,2017-01-01T17:21:00Z,23,American / Austin-Bergstrom International Airport (AUS)
AA,AUS,Departure,2017-01-01T17:31:00Z,242,American / Austin-Bergstrom International Airport (AUS)
AA,AUS,Departure,2017-01-01T17:41:00Z,188,American / Austin-Bergstrom International Airport (AUS)
AA,AUS,Departure,2017-01-01T17:51:00Z,105,American / Austin-Bergstrom International Airport (AUS)
AA,AUS,Departure,2017-01-01T18:01:00Z,61,American / Austin-Bergstrom International Airport (AUS)
AA,AUS,Departure,2017-01-01T18:11:00Z,164,American / Austin-Bergstrom International Airport (AUS)
AA,AUS,Departure,2017-01-01T18:21:00Z,315,American / Austin-Bergstrom International Airport (AUS)
AA,AUS,Departure,2017-01-01T18:31:00Z,204,American / Austin-Bergstrom International Airport (AUS)
AA,AUS,Departure,2017-01-01T18:41:00Z,118,American / Austin-Bergstrom International Airport (AUS)
AA,AUS,Departure,2017-01-01T18:51:00Z,65,American / Austin-Bergstrom International Airport (AUS)
AA,AUS,Departure,2017-01-01T19:01:00Z,28,American / Austin-Bergstrom International Airport (AUS)
AA,AUS,Departure,2017-01-01T19:11:00Z,28,American / Austin-Bergstrom International Airport (AUS)
AA,AUS,Departure,2017-01-01T19:21:00Z,21,American / Austin-Bergstrom International Airport (AUS)
AA,AUS,Departure,2017-01-01T19:31:00Z,120,American / Austin-Bergstrom International Airport (AUS)
AA,AUS,Departure,2017-01-01T19:41:00Z,107,American / Austin-Bergstrom International Airport (AUS)
AA,AUS,Departure,2017-01-01T19:51:00Z,65,American / Austin-Bergstrom International Airport (AUS)
AA,AUS,Departure,2017-01-01T20:01:00Z,67,American / Austin-Bergstrom International Airport (AUS)
AA,AUS,Departure,2017-01-01T20:11:00Z,31,American / Austin-Bergstrom International Airport (AUS)
AA,AUS,Departure,2017-01-01T20:21:00Z,21,American / Austin-Bergstrom International Airport (AUS)
AA,AUS,Departure,2017-01-01T20:31:00Z,24,American / Austin-Bergstrom International Airport (AUS)
AA,AUS,Departure,2017-01-01T20:41:00Z,21,American / Austin-Bergstrom International Airport (AUS)
AA,AUS,Departure,2017-01-01T20:51:00Z,10,American / Austin-Bergstrom International Airport (AUS)
AA,AUS,Departure,2017-01-01T21:01:00Z,20,American / Austin-Bergstrom International Airport (AUS)
AA,AUS,Departure,2017-01-01T21:11:00Z,14,American / Austin-Bergstrom International Airport (AUS)
AA,AUS,Departure,2017-01-01T21:21:00Z,15,American / Austin-Bergstrom International Airport (AUS)
AA,AUS,Departure,2017-01-01T21:31:00Z,8,American / Austin-Bergstrom International Airport (AUS)
AA,AUS,Departure,2017-01-01T21:41:00Z,9,American / Austin-Bergstrom International Airport (AUS)
AA,AUS,Departure,2017-01-01T21:51:00Z,6,American / Austin-Bergstrom International Airport (AUS)
AA,AUS,Departure,2017-01-01T22:01:00Z,3,American / Austin-Bergstrom International Airport (AUS)
AA,AUS,Departure,2017-01-01T22:11:00Z,5,American / Austin-Bergstrom International Airport (AUS)
AA,AUS,Departure,2017-01-01T22:21:00Z,3,American / Austin-Bergstrom International Airport (AUS)
AA,AUS,Departure,2017-01-01T22:31:00Z,2,American / Austin-Bergstrom International Airport (AUS)
AA,AUS,Departure,2017-01-01T22:41:00Z,4,American / Austin-Bergstrom International Airport (AUS)
AA,AUS,Departure,2017-01-01T22:51:00Z,5,American / Austin-Bergstrom International Airport (AUS)
AA,AUS,Departure,2017-01-01T23:01:00Z,3,American / Austin-Bergstrom International Airport (AUS)
AA,AUS,Departure,2017-01-01T23:11:00Z,1,American / Austin-Bergstrom International Airport (AUS)
AA,CLT,Arrival,2017-01-01T00:01:00Z,-106,American / Charlotte Douglas International Airport (CLT)
AA,CLT,Arrival,2017-01-01T00:11:00Z,-67,American / Charlotte Douglas International Airport (CLT)
AA,CLT,Arrival,2017-01-01T00:21:00Z,-54,American / Charlotte Douglas International Airport (CLT)
AA,CLT,Arrival,2017-01-01T00:31:00Z,-35,American / Charlotte Douglas International Airport (CLT)
AA,CLT,Arrival,2017-01-01T00:41:00Z,-31,American / Charlotte Douglas International Airport (CLT)
AA,CLT,Arrival,2017-01-01T00:51:00Z,-23,American / Charlotte Douglas International Airport (CLT)
AA,CLT,Arrival,2017-01-01T01:01:00Z,-28,American / Charlotte Douglas International Airport (CLT)
AA,CLT,Arrival,2017-01-01T01:11:00Z,-14,American / Charlotte Douglas International Airport (CLT)
AA,CLT,Arrival,2017-01-01T01:21:00Z,-14,American / Charlotte Douglas International Airport (CLT)
AA,CLT,Arrival,2017-01-01T01:31:00Z,-4,American / Charlotte Douglas International Airport (CLT)
AA,CLT,Arrival,2017-01-01T01:41:00Z,-17,American / Charlotte Douglas International Airport (CLT)
AA,CLT,Arrival,2017-01-01T01:51:00Z,-7,American / Charlotte Douglas International Airport (CLT)
AA,CLT,Arrival,2017-01-01T02:01:00Z,-4,American / Charlotte Douglas International Airport (CLT)
AA,CLT,Arrival,2017-01-01T02:11:00Z,-5,American / Charlotte Douglas International Airport (CLT)
AA,CLT,Arrival,2017-01-01T02:21:00Z,-3,American / Charlotte Douglas International Airport (CLT)
AA,CLT,Arrival,2017-01-01T02:31:00Z,-4,American / Charlotte Douglas International Airport (CLT)
AA,CLT,Arrival,2017-01-01T02:41:00Z,-3,American / Charlotte Douglas International Airport (CLT)
AA,CLT,Arrival,2017-01-01T02:51:00Z,-4,American / Charlotte Douglas International Airport (CLT)
AA,CLT,Arrival,2017-01-01T03:01:00Z,-4,American / Charlotte Douglas International Airport (CLT)
AA,CLT,Arrival,2017-01-01T03:11:00Z,-3,American / Charlotte Douglas International Airport (CLT)
AA,CLT,Arrival,2017-01-01T03:21:00Z,-2,American / Charlotte Douglas International Airport (CLT)
AA,CLT,Arrival,2017-01-01T03:31:00Z,-2,American / Charlotte Douglas International Airport (CLT)
AA,CLT,Arrival,2017-01-01T03:41:00Z,-1,American / Charlotte Douglas International Airport (CLT)
AA,CLT,Arrival,2017-01-01T03:51:00Z,-2,American / Charlotte Douglas International Airport (CLT)
AA,CLT,Arrival,2017-01-01T04:01:00Z,-4,American / Charlotte Douglas International Airport (CLT)
AA,CLT,Arrival,2017-01-01T04:11:00Z,-1,American / Charlotte Douglas International Airport (CLT)
AA,CLT,Arrival,2017-01-01T04:31:00Z,-2,American / Charlotte Douglas International Airport (CLT)
AA,CLT,Arrival,2017-01-01T05:11:00Z,-3,American / Charlotte Douglas International Airport (CLT)
AA,CLT,Arrival,2017-01-01T05:21:00Z,-25,American / Charlotte Douglas International Airport (CLT)
AA,CLT,Arrival,2017-01-01T05:31:00Z,-144,American / Charlotte Douglas International Airport (CLT)
AA,CLT,Arrival,2017-01-01T05:41:00Z,-436,American / Charlotte Douglas International Airport (CLT)
AA,CLT,Arrival,2017-01-01T05:51:00Z,-733,American / Charlotte Douglas International Airport (CLT)
AA,CLT,Arrival,2017-01-01T06:01:00Z,-783,American / Charlotte Douglas International Airport (CLT)
AA,CLT,Arrival,2017-01-01T06:11:00Z,-957,American / Charlotte Douglas International Airport (CLT)
AA,CLT,Arrival,2017-01-01T06:21:00Z,-990,American / Charlotte Douglas International Airport (CLT)
AA,CLT,Arrival,2017-01-01T06:31:00Z,-931,American / Charlotte Douglas International Airport (CLT)
AA,CLT,Arrival,2017-01-01T06:41:00Z,-936,American / Charlotte Douglas International Airport (CLT)
AA,CLT,Arrival,2017-01-01T06:51:00Z,-647,American / Charlotte Douglas International Airport (CLT)
AA,CLT,Arrival,2017-01-01T07:01:00Z,-300,American / Charlotte Douglas International Airport (CLT)
AA,CLT,Arrival,2017-01-01T07:11:00Z,-144,American / Charlotte Douglas International Airport (CLT)
AA,CLT,Arrival,2017-01-01T07:21:00Z,-88,American / Charlotte Douglas International Airport (CLT)
AA,CLT,Arrival,2017-01-01T07:31:00Z,-114,American / Charlotte Douglas International Airport (CLT)
AA,CLT,Arrival,2017-01-01T07:41:00Z,-464,American / Charlotte Douglas International Airport (CLT)
AA,CLT,Arrival,2017-01-01T07:51:00Z,-1405,American / Charlotte Douglas International Airport (CLT)
AA,CLT,Arrival,2017-01-01T08:01:00Z,-2090,American / Charlotte Douglas International Airport (CLT)
AA,CLT,Arrival,2017-01-01T08:11:00Z,-2753,American / Charlotte Douglas International Airport (CLT)
AA,CLT,Arrival,2017-01-01T08:21:00Z,-2325,American / Charlotte Douglas International Airport (CLT)
AA,CLT,Arrival,2017-01-01T08:31:00Z,-1674,American / Charlotte Douglas International Airport (CLT)
AA,CLT,Arrival,2017-01-01T08:41:00Z,-1147,American / Charlotte Douglas International Airport (CLT)
AA,CLT,Arrival,2017-01-01T08:51:00Z,-439,American / Charlotte Douglas International Airport (CLT)
AA,CLT,Arrival,2017-01-01T09:01:00Z,-190,American / Charlotte Douglas International Airport (CLT)
AA,CLT,Arrival,2017-01-01T09:11:00Z,-91,American / Charlotte Douglas International Airport (CLT)
AA,CLT,Arrival,2017-01-01T09:21:00Z,-79,American / Charlotte Douglas International Airport (CLT)
AA,CLT,Arrival,2017-01-01T09:31:00Z,-288,American / Charlotte Douglas International Airport (CLT)
AA,CLT,Arrival,2017-01-01T09:41:00Z,-953,American / Charlotte Douglas International Airport (CLT)
AA,CLT,Arrival,2017-01-01T09:51:00Z,-1709,American / Charlotte Douglas International Airport (CLT)
AA,CLT,Arrival,2017-01-01T10:01:00Z,-2060,American / Charlotte Douglas International Airport (CLT)
AA,CLT,Arrival,2017-01-01T10:11:00Z,-2495,American / Charlotte Douglas International Airport (CLT)
AA,CLT,Arrival,2017-01-01T10:21:00Z,-2134,American / Charlotte Douglas International Airport (CLT)
AA,CLT,Arrival,2017-01-01T10:31:00Z,-1691,American / Charlotte Douglas International Airport (CLT)
AA,CLT,Arrival,2017-01-01T10:41:00Z,-1110,American / Charlotte Douglas International Airport (CLT)
AA,CLT,Arrival,2017-01-01T10:51:00Z,-462,American / Charlotte Douglas International Airport (CLT)
AA,CLT,Arrival,2017-01-01T11:01:00Z,-157,American / Charlotte Douglas International Airport (CLT)
AA,CLT,Arrival,2017-01-01T11:11:00Z,-102,American / Charlotte Douglas International Airport (CLT)
AA,CLT,Arrival,2017-01-01T11:21:00Z,-130,American / Charlotte Douglas International Airport (CLT)
AA,CLT,Arrival,2017-01-01T11:31:00Z,-376,American / Charlotte Douglas International Airport (CLT)
AA,CLT,Arrival,2017-01-01T11:41:00Z,-1068,American / Charlotte Douglas International Airport (CLT)
AA,CLT,Arrival,2017-01-01T11:51:00Z,-1403,American / Charlotte Douglas International Airport (CLT)
AA,CLT,Arrival,2017-01-01T12:01:00Z,-1951,American / Charlotte Douglas International Airport (CLT)
AA,CLT,Arrival,2017-01-01T12:11:00Z,-1665,American / Charlotte Douglas International Airport (CLT)
AA,CLT,Arrival,2017-01-01T12:21:00Z,-971,American / Charlotte Douglas International Airport (CLT)
AA,CLT,Arrival,2017-01-01T12:31:00Z,-435,American / Charlotte Douglas International Airport (CLT)
AA,CLT,Arrival,2017-01-01T12:41:00Z,-219,American / Charlotte Douglas International Airport (CLT)
AA,CLT,Arrival,2017-01-01T12:51:00Z,-306,American / Charlotte Douglas International Airport (CLT)
AA,CLT,Arrival,2017-01-01T13:01:00Z,-714,American / Charlotte Douglas International Airport (CLT)
AA,CLT,Arrival,2017-01-01T13:11:00Z,-1153,American / Charlotte Douglas International Airport (CLT)
AA,CLT,Arrival,2017-01-01T13:21:00Z,-1472,American / Charlotte Douglas International Airport (CLT)
AA,CLT,Arrival,2017-01-01T13:31:00Z,-1878,American / Charlotte Douglas International Airport (CLT)
AA,CLT,Arrival,2017-01-01T13:41:00Z,-1871,American / Charlotte Douglas International Airport (CLT)
AA,CLT,Arrival,2017-01-01T13:51:00Z,-1440,American / Charlotte Douglas International Airport (CLT)
AA,CLT,Arrival,2017-01-01T14:01:00Z,-616,American / Charlotte Douglas International Airport (CLT)
AA,CLT,Arrival,2017-01-01T14:11:00Z,-242,American / Charlotte Douglas International Airport (CLT)
AA,CLT,Arrival,2017-01-01T14:21:00Z,-145,American / Charlotte Douglas International Airport (CLT)
AA,CLT,Arrival,2017-01-01T14:31:00Z,-273,American / Charlotte Douglas International Airport (CLT)
AA,CLT,Arrival,2017-01-01T14:41:00Z,-566,American / Charlotte Douglas International Airport (CLT)
AA,CLT,Arrival,2017-01-01T14:51:00Z,-966,American / Charlotte Douglas International Airport (CLT)
AA,CLT,Arrival,2017-01-01T15:01:00Z,-1296,American / Charlotte Douglas International Airport (CLT)
AA,CLT,Arrival,2017-01-01T15:11:00Z,-1569,American / Charlotte Douglas International Airport (CLT)
AA,CLT,Arrival,2017-01-01T15:21:00Z,-1759,American / Charlotte Douglas International Airport (CLT)
AA,CLT,Arrival,2017-01-01T15:31:00Z,-1666,American / Charlotte Douglas International Airport (CLT)
AA,CLT,Arrival,2017-01-01T15:41:00Z,-953,American / Charlotte Douglas International Airport (CLT)
AA,CLT,Arrival,2017-01-01T15:51:00Z,-404,American / Charlotte Douglas International Airport (CLT)
AA,CLT,Arrival,2017-01-01T16:01:00Z,-276,American / Charlotte Douglas International Airport (CLT)
AA,CLT,Arrival,2017-01-01T16:11:00Z,-332,American / Charlotte Douglas International Airport (CLT)
AA,CLT,Arrival,2017-01-01T16:21:00Z,-625,American / Charlotte Douglas International Airport (CLT)
AA,CLT,Arrival,2017-01-01T16:31:00Z,-791,American / Charlotte Douglas International Airport (CLT)
AA,CLT,Arrival,2017-01-01T16:41:00Z,-1019,American / Charlotte Douglas International Airport (CLT)
AA,CLT,Arrival,2017-01-01T16:51:00Z,-1551,American / Charlotte Douglas International Airport (CLT)
AA,CLT,Arrival,2017-01-01T17:01:00Z,-1839,American / Charlotte Douglas International Airport (CLT)
AA,CLT,Arrival,2017-01-01T17:11:00Z,-1474,American / Charlotte Douglas International Airport (CLT)
AA,CLT,Arrival,2017-01-01T17:21:00Z,-876,American / Charlotte Douglas International Airport (CLT)
AA,CLT,Arrival,2017-01-01T17:31:00Z,-482,American / Charlotte Douglas International Airport (CLT)
AA,CLT,Arrival,2017-01-01T17:41:00Z,-350,American / Charlotte Douglas International Airport (CLT)
AA,CLT,Arrival,2017-01-01T17:51:00Z,-337,American / Charlotte Douglas International Airport (CLT)
AA,CLT,Arrival,2017-01-01T18:01:00Z,-310,American / Charlotte Douglas International Airport (CLT)
AA,CLT,Arrival,2017-01-01T18:11:00Z,-405,American / Charlotte Douglas International Airport (CLT)
AA,CLT,Arrival,2017-01-01T18:21:00Z,-590,American / Charlotte Douglas International Airport (CLT)
AA,CLT,Arrival,2017-01-01T18:31:00Z,-916,American / Charlotte Douglas International Airport (CLT)
AA,CLT,Arrival,2017-01-01T18:41:00Z,-1385,American / Charlotte Douglas International Airport (CLT)
AA,CLT,Arrival,2017-01-01T18:51:00Z,-1820,American / Charlotte Douglas International Airport (CLT)
AA,CLT,Arrival,2017-01-01T19:01:00Z,-1831,American / Charlotte Douglas International Airport (CLT)
AA,CLT,Arrival,2017-01-01T19:11:00Z,-1526,American / Charlotte Douglas International Airport (CLT)
AA,CLT,Arrival,2017-01-01T19:21:00Z,-1006,American / Charlotte Douglas International Airport (CLT)
AA,CLT,Arrival,2017-01-01T19:31:00Z,-595,American / Charlotte Douglas International Airport (CLT)
AA,CLT,Arrival,2017-01-01T19:41:00Z,-351,American / Charlotte Douglas International Airport (CLT)
AA,CLT,Arrival,2017-01-01T19:51:00Z,-322,American / Charlotte Douglas International Airport (CLT)
AA,CLT,Arrival,2017-01-01T20:01:00Z,-281,American / Charlotte Douglas International Airport (CLT)
AA,CLT,Arrival,2017-01-01T20:11:00Z,-283,American / Charlotte Douglas International Airport (CLT)
AA,CLT,Arrival,2017-01-01T20:21:00Z,-370,American / Charlotte Douglas International Airport (CLT)
AA,CLT,Arrival,2017-01-01T20:31:00Z,-587,American / Charlotte Douglas International Airport (CLT)
AA,CLT,Arrival,2017-01-01T20:41:00Z,-1113,American / Charlotte Douglas International Airport (CLT)
AA,CLT,Arrival,2017-01-01T20:51:00Z,-1468,American / Charlotte Douglas International Airport (CLT)
AA,CLT,Arrival,2017-01-01T21:01:00Z,-1703,American / Charlotte Douglas International Airport (CLT)
AA,CLT,Arrival,2017-01-01T21:11:00Z,-1630,American / Charlotte Douglas International Airport (CLT)
AA,CLT,Arrival,2017-01-01T21:21:00Z,-1367,American / Charlotte Douglas International Airport (CLT)
AA,CLT,Arrival,2017-01-01T21:31:00Z,-991,American / Charlotte Douglas International Airport (CLT)
AA,CLT,Arrival,2017-01-01T21:41:00Z,-602,American / Charlotte Douglas International Airport (CLT)
AA,CLT,Arrival,2017-01-01T21:51:00Z,-382,American / Charlotte Douglas International Airport (CLT)
AA,CLT,Arrival,2017-01-01T22:01:00Z,-252,American / Charlotte Douglas International Airport (CLT)
AA,CLT,Arrival,2017-01-01T22:11:00Z,-214,American / Charlotte Douglas International Airport (CLT)
AA,CLT,Arrival,2017-01-01T22:21:00Z,-208,American / Charlotte Douglas International Airport (CLT)
AA,CLT,Arrival,2017-01-01T22:31:00Z,-185,American / Charlotte Douglas International Airport (CLT)
AA,CLT,Arrival,2017-01-01T22:41:00Z,-154,American / Charlotte Douglas International Airport (CLT)
AA,CLT,Arrival,2017-01-01T22:51:00Z,-143,American / Charlotte Douglas International Airport (CLT)
AA,CLT,Arrival,2017-01-01T23:01:00Z,-136,American / Charlotte Douglas International Airport (CLT)
AA,CLT,Arrival,2017-01-01T23:11:00Z,-138,American / Charlotte Douglas International Airport (CLT)
AA,CLT,Arrival,2017-01-01T23:21:00Z,-127,American / Charlotte Douglas International Airport (CLT)
AA,CLT,Arrival,2017-01-01T23:31:00Z,-173,American / Charlotte Douglas International Airport (CLT)
AA,CLT,Arrival,2017-01-01T23:41:00Z,-217,American / Charlotte Douglas International Airport (CLT)
AA,CLT,Arrival,2017-01-01T23:51:00Z,-147,American / Charlotte Douglas International Airport (CLT)
AA,CLT,Departure,2017-01-01T00:01:00Z,78,American / Charlotte Douglas International Airport (CLT)
AA,CLT,Departure,2017-01-01T00:11:00Z,127,American / Charlotte Douglas International Airport (CLT)
AA,CLT,Departure,2017-01-01T00:21:00Z,107,American / Charlotte Douglas International Airport (CLT)
AA,CLT,Departure,2017-01-01T00:31:00Z,65,American / Charlotte Douglas International Airport (CLT)
AA,CLT,Departure,2017-01-01T00:41:00Z,36,American / Charlotte Douglas International Airport (CLT)
AA,CLT,Departure,2017-01-01T00:51:00Z,34,American / Charlotte Douglas International Airport (CLT)
AA,CLT,Departure,2017-01-01T01:01:00Z,30,American / Charlotte Douglas International Airport (CLT)
AA,CLT,Departure,2017-01-01T01:11:00Z,13,American / Charlotte Douglas International Airport (CLT)
AA,CLT,Departure,2017-01-01T01:21:00Z,13,American / Charlotte Douglas International Airport (CLT)
AA,CLT,Departure,2017-01-01T01:31:00Z,12,American / Charlotte Douglas International Airport (CLT)
AA,CLT,Departure,2017-01-01T01:41:00Z,11,American / Charlotte Douglas International Airport (CLT)
AA,CLT,Departure,2017-01-01T01:51:00Z,3,American / Charlotte Douglas International Airport (CLT)
AA,CLT,Departure,2017-01-01T02:01:00Z,3,American / Charlotte Douglas International Airport (CLT)
AA,CLT,Departure,2017-01-01T02:11:00Z,3,American / Charlotte Douglas International Airport (CLT)
AA,CLT,Departure,2017-01-01T02:21:00Z,5,American / Charlotte Douglas International Airport (CLT)
AA,CLT,Departure,2017-01-01T02:31:00Z,5,American / Charlotte Douglas International Airport (CLT)
AA,CLT,Departure,2017-01-01T02:41:00Z,2,American / Charlotte Douglas International Airport (CLT)
AA,CLT,Departure,2017-01-01T02:51:00Z,1,American / Charlotte Douglas International Airport (CLT)
AA,CLT,Departure,2017-01-01T03:01:00Z,1,American / Charlotte Douglas International Airport (CLT)
AA,CLT,Departure,2017-01-01T03:21:00Z,1,American / Charlotte Douglas International Airport (CLT)
AA,CLT,Departure,2017-01-01T03:31:00Z,2,American / Charlotte Douglas International Airport (CLT)
AA,CLT,Departure,2017-01-01T03:41:00Z,1,American / Charlotte Douglas International Airport (CLT)
AA,CLT,Departure,2017-01-01T03:51:00Z,1,American / Charlotte Douglas International Airport (CLT)
AA,CLT,Departure,2017-01-01T04:51:00Z,1,American / Charlotte Douglas International Airport (CLT)
AA,CLT,Departure,2017-01-01T05:31:00Z,1,American / Charlotte Douglas International Airport (CLT)
AA,CLT,Departure,2017-01-01T05:41:00Z,3,American / Charlotte Douglas International Airport (CLT)
AA,CLT,Departure,2017-01-01T05:51:00Z,444,American / Charlotte Douglas International Airport (CLT)
AA,CLT,Departure,2017-01-01T06:01:00Z,60,American / Charlotte Douglas International Airport (CLT)
AA,CLT,Departure,2017-01-01T06:11:00Z,20,American / Charlotte Douglas International Airport (CLT)
AA,CLT,Departure,2017-01-01T06:21:00Z,47,American / Charlotte Douglas International Airport (CLT)
AA,CLT,Departure,2017-01-01T06:31:00Z,8,American / Charlotte Douglas International Airport (CLT)
AA,CLT,Departure,2017-01-01T06:41:00Z,7,American / Charlotte Douglas International Airport (CLT)
AA,CLT,Departure,2017-01-01T06:51:00Z,250,American / Charlotte Douglas International Airport (CLT)
AA,CLT,Departure,2017-01-01T07:01:00Z,44,American / Charlotte Douglas International Airport (CLT)
AA,CLT,Departure,2017-01-01T07:11:00Z,29,American / Charlotte Douglas International Airport (CLT)
AA,CLT,Departure,2017-01-01T07:21:00Z,2466,American / Charlotte Douglas International Airport (CLT)
AA,CLT,Departure,2017-01-01T07:31:00Z,2052,American / Charlotte Douglas International Airport (CLT)
AA,CLT,Departure,2017-01-01T07:41:00Z,1874,American / Charlotte Douglas International Airport (CLT)
AA,CLT,Departure,2017-01-01T07:51:00Z,1674,American / Charlotte Douglas International Airport (CLT)
AA,CLT,Departure,2017-01-01T08:01:00Z,418,American / Charlotte Douglas International Airport (CLT)
AA,CLT,Departure,2017-01-01T08:11:00Z,127,American / Charlotte Douglas International Airport (CLT)
AA,CLT,Departure,2017-01-01T08:21:00Z,75,American / Charlotte Douglas International Airport (CLT)
AA,CLT,Departure,2017-01-01T08:31:00Z,58,American / Charlotte Douglas International Airport (CLT)
AA,CLT,Departure,2017-01-01T08:41:00Z,38,American / Charlotte Douglas International Airport (CLT)
AA,CLT,Departure,2017-01-01T08:51:00Z,24,American / Charlotte Douglas International Airport (CLT)
AA,CLT,Departure,2017-01-01T09:01:00Z,79,American / Charlotte Douglas International Airport (CLT)
AA,CLT,Departure,2017-01-01T09:11:00Z,2275,American / Charlotte Douglas International Airport (CLT)
AA,CLT,Departure,2017-01-01T09:21:00Z,2708,American / Charlotte Douglas International Airport (CLT)
AA,CLT,Departure,2017-01-01T09:31:00Z,2052,American / Charlotte Douglas International Airport (CLT)
AA,CLT,Departure,2017-01-01T09:41:00Z,1753,American / Charlotte Douglas International Airport (CLT)
AA,CLT,Departure,2017-01-01T09:51:00Z,922,American / Charlotte Douglas International Airport (CLT)
AA,CLT,Departure,2017-01-01T10:01:00Z,397,American / Charlotte Douglas International Airport (CLT)
AA,CLT,Departure,2017-01-01T10:11:00Z,136,American / Charlotte Douglas International Airport (CLT)
AA,CLT,Departure,2017-01-01T10:21:00Z,90,American / Charlotte Douglas International Airport (CLT)
AA,CLT,Departure,2017-01-01T10:31:00Z,65,American / Charlotte Douglas International Airport (CLT)
AA,CLT,Departure,2017-01-01T10:41:00Z,54,American / Charlotte Douglas International Airport (CLT)
AA,CLT,Departure,2017-01-01T10:51:00Z,85,American / Charlotte Douglas International Airport (CLT)
AA,CLT,Departure,2017-01-01T11:01:00Z,393,American / Charlotte Douglas International Airport (CLT)
AA,CLT,Departure,2017-01-01T11:11:00Z,2423,American / Charlotte Douglas International Airport (CLT)
AA,CLT,Departure,2017-01-01T11:21:00Z,2123,American / Charlotte Douglas International Airport (CLT)
AA,CLT,Departure,2017-01-01T11:31:00Z,2255,American / Charlotte Douglas International Airport (CLT)
AA,CLT,Departure,2017-01-01T11:41:00Z,1806,American / Charlotte Douglas International Airport (CLT)
AA,CLT,Departure,2017-01-01T11:51:00Z,642,American / Charlotte Douglas International Airport (CLT)
AA,CLT,Departure,2017-01-01T12:01:00Z,201,American / Charlotte Douglas International Airport (CLT)
AA,CLT,Departure,2017-01-01T12:11:00Z,127,American / Charlotte Douglas International Airport (CLT)
AA,CLT,Departure,2017-01-01T12:21:00Z,80,American / Charlotte Douglas International Airport (CLT)
AA,CLT,Departure,2017-01-01T12:31:00Z,83,American / Charlotte Douglas International Airport (CLT)
AA,CLT,Departure,2017-01-01T12:41:00Z,315,American / Charlotte Douglas International Airport (CLT)
AA,CLT,Departure,2017-01-01T12:51:00Z,1771,American / Charlotte Douglas International Airport (CLT)
AA,CLT,Departure,2017-01-01T13:01:00Z,1953,American / Charlotte Douglas International Airport (CLT)
AA,CLT,Departure,2017-01-01T13:11:00Z,1881,American / Charlotte Douglas International Airport (CLT)
AA,CLT,Departure,2017-01-01T13:21:00Z,1015,American / Charlotte Douglas International Airport (CLT)
AA,CLT,Departure,2017-01-01T13:31:00Z,329,American / Charlotte Douglas International Airport (CLT)
AA,CLT,Departure,2017-01-01T13:41:00Z,175,American / Charlotte Douglas International Airport (CLT)
AA,CLT,Departure,2017-01-01T13:51:00Z,160,American / Charlotte Douglas International Airport (CLT)
AA,CLT,Departure,2017-01-01T14:01:00Z,138,American / Charlotte Douglas International Airport (CLT)
AA,CLT,Departure,2017-01-01T14:11:00Z,495,American / Charlotte Douglas International Airport (CLT)
AA,CLT,Departure,2017-01-01T14:21:00Z,1791,American / Charlotte Douglas International Airport (CLT)
AA,CLT,Departure,2017-01-01T14:31:00Z,1956,American / Charlotte Douglas International Airport (CLT)
AA,CLT,Departure,2017-01-01T14:41:00Z,2342,American / Charlotte Douglas International Airport (CLT)
AA,CLT,Departure,2017-01-01T14:51:00Z,1742,American / Charlotte Douglas International Airport (CLT)
AA,CLT,Departure,2017-01-01T15:01:00Z,664,American / Charlotte Douglas International Airport (CLT)
AA,CLT,Departure,2017-01-01T15:11:00Z,320,American / Charlotte Douglas International Airport (CLT)
AA,CLT,Departure,2017-01-01T15:21:00Z,186,American / Charlotte Douglas International Airport (CLT)
AA,CLT,Departure,2017-01-01T15:31:00Z,133,American / Charlotte Douglas International Airport (CLT)
AA,CLT,Departure,2017-01-01T15:41:00Z,141,American / Charlotte Douglas International Airport (CLT)
AA,CLT,Departure,2017-01-01T15:51:00Z,343,American / Charlotte Douglas International Airport (CLT)
AA,CLT,Departure,2017-01-01T16:01:00Z,1459,American / Charlotte Douglas International Airport (CLT)
AA,CLT,Departure,2017-01-01T16:11:00Z,1796,American / Charlotte Douglas International Airport (CLT)
AA,CLT,Departure,2017-01-01T16:21:00Z,2334,American / Charlotte Douglas International Airport (CLT)
AA,CLT,Departure,2017-01-01T16:31:00Z,2332,American / Charlotte Douglas International Airport (CLT)
AA,CLT,Departure,2017-01-01T16:41:00Z,1332,American / Charlotte Douglas International Airport (CLT)
AA,CLT,Departure,2017-01-01T16:51:00Z,483,American / Charlotte Douglas International Airport (CLT)
AA,CLT,Departure,2017-01-01T17:01:00Z,304,American / Charlotte Douglas International Airport (CLT)
AA,CLT,Departure,2017-01-01T17:11:00Z,209,American / Charlotte Douglas International Airport (CLT)
AA,CLT,Departure,2017-01-01T17:21:00Z,153,American / Charlotte Douglas International Airport (CLT)
AA,CLT,Departure,2017-01-01T17:31:00Z,227,American / Charlotte Douglas International Airport (CLT)
AA,CLT,Departure,2017-01-01T17:41:00Z,1091,American / Charlotte Douglas International Airport (CLT)
AA,CLT,Departure,2017-01-01T17:51:00Z,1966,American / Charlotte Douglas International Airport (CLT)
AA,CLT,Departure,2017-01-01T18:01:00Z,2151,American / Charlotte Douglas International Airport (CLT)
AA,CLT,Departure,2017-01-01T18:11:00Z,2142,American / Charlotte Douglas International Airport (CLT)
AA,CLT,Departure,2017-01-01T18:21:00Z,1610,American / Charlotte Douglas International Airport (CLT)
AA,CLT,Departure,2017-01-01T18:31:00Z,618,American / Charlotte Douglas International Airport (CLT)
AA,CLT,Departure,2017-01-01T18:41:00Z,417,American / Charlotte Douglas International Airport (CLT)
AA,CLT,Departure,2017-01-01T18:51:00Z,405,American / Charlotte Douglas International Airport (CLT)
AA,CLT,Departure,2017-01-01T19:01:00Z,313,American / Charlotte Douglas International Airport (CLT)
AA,CLT,Departure,2017-01-01T19:11:00Z,258,American / Charlotte Douglas International Airport (CLT)
AA,CLT,Departure,2017-01-01T19:21:00Z,188,American / Charlotte Douglas International Airport (CLT)
AA,CLT,Departure,2017-01-01T19:31:00Z,248,American / Charlotte Douglas International Airport (CLT)
AA,CLT,Departure,2017-01-01T19:41:00Z,1079,American / Charlotte Douglas International Airport (CLT)
AA,CLT,Departure,2017-01-01T19:51:00Z,1784,American / Charlotte Douglas International Airport (CLT)
AA,CLT,Departure,2017-01-01T20:01:00Z,2303,American / Charlotte Douglas International Airport (CLT)
AA,CLT,Departure,2017-01-01T20:11:00Z,2621,American / Charlotte Douglas International Airport (CLT)
AA,CLT,Departure,2017-01-01T20:21:00Z,2246,American / Charlotte Douglas International Airport (CLT)
AA,CLT,Departure,2017-01-01T20:31:00Z,1018,American / Charlotte Douglas International Airport (CLT)
AA,CLT,Departure,2017-01-01T20:41:00Z,598,American / Charlotte Douglas International Airport (CLT)
AA,CLT,Departure,2017-01-01T20:51:00Z,390,American / Charlotte Douglas International Airport (CLT)
AA,CLT,Departure,2017-01-01T21:01:00Z,274,American / Charlotte Douglas International Airport (CLT)
AA,CLT,Departure,2017-01-01T21:11:00Z,259,American / Charlotte Douglas International Airport (CLT)
AA,CLT,Departure,2017-01-01T21:21:00Z,197,American / Charlotte Douglas International Airport (CLT)
AA,CLT,Departure,2017-01-01T21:31:00Z,166,American / Charlotte Douglas International Airport (CLT)
AA,CLT,Departure,2017-01-01T21:41:00Z,152,American / Charlotte Douglas International Airport (CLT)
AA,CLT,Departure,2017-01-01T21:51:00Z,366,American / Charlotte Douglas International Airport (CLT)
AA,CLT,Departure,2017-01-01T22:01:00Z,2451,American / Charlotte Douglas International Airport (CLT)
AA,CLT,Departure,2017-01-01T22:11:00Z,2450,American / Charlotte Douglas International Airport (CLT)
AA,CLT,Departure,2017-01-01T22:21:00Z,2099,American / Charlotte Douglas International Airport (CLT)
AA,CLT,Departure,2017-01-01T22:31:00Z,1642,American / Charlotte Douglas International Airport (CLT)
AA,CLT,Departure,2017-01-01T22:41:00Z,749,American / Charlotte Douglas International Airport (CLT)
AA,CLT,Departure,2017-01-01T22:51:00Z,353,American / Charlotte Douglas International Airport (CLT)
AA,CLT,Departure,2017-01-01T23:01:00Z,239,American / Charlotte Douglas International Airport (CLT)
AA,CLT,Departure,2017-01-01T23:11:00Z,177,American / Charlotte Douglas International Airport (CLT)
AA,CLT,Departure,2017-01-01T23:21:00Z,158,American / Charlotte Douglas International Airport (CLT)
AA,CLT,Departure,2017-01-01T23:31:00Z,131,American / Charlotte Douglas International Airport (CLT)
AA,CLT,Departure,2017-01-01T23:41:00Z,102,American / Charlotte Douglas International Airport (CLT)
AA,CLT,Departure,2017-01-01T23:51:00Z,105,American / Charlotte Douglas International Airport (CLT)
AA,DCA,Arrival,2017-01-01T00:01:00Z,-142,American / Ronald Reagan Washington National Airport (DCA)
AA,DCA,Arrival,2017-01-01T00:11:00Z,-112,American / Ronald Reagan Washington National Airport (DCA)
AA,DCA,Arrival,2017-01-01T00:21:00Z,-64,American / Ronald Reagan Washington National Airport (DCA)
AA,DCA,Arrival,2017-01-01T00:31:00Z,-50,American / Ronald Reagan Washington National Airport (DCA)
AA,DCA,Arrival,2017-01-01T00:41:00Z,-42,American / Ronald Reagan Washington National Airport (DCA)
AA,DCA,Arrival,2017-01-01T00:51:00Z,-28,American / Ronald Reagan Washington National Airport (DCA)
AA,DCA,Arrival,2017-01-01T01:01:00Z,-24,American / Ronald Reagan Washington National Airport (DCA)
AA,DCA,Arrival,2017-01-01T01:11:00Z,-12,American / Ronald Reagan Washington National Airport (DCA)
AA,DCA,Arrival,2017-01-01T01:21:00Z,-14,American / Ronald Reagan Washington National Airport (DCA)
AA,DCA,Arrival,2017-01-01T01:31:00Z,-12,American / Ronald Reagan Washington National Airport (DCA)
AA,DCA,Arrival,2017-01-01T01:41:00Z,-13,American / Ronald Reagan Washington National Airport (DCA)
AA,DCA,Arrival,2017-01-01T01:51:00Z,-12,American / Ronald Reagan Washington National Airport (DCA)
AA,DCA,Arrival,2017-01-01T02:01:00Z,-2,American / Ronald Reagan Washington National Airport (DCA)
AA,DCA,Arrival,2017-01-01T02:11:00Z,-5,American / Ronald Reagan Washington National Airport (DCA)
AA,DCA,Arrival,2017-01-01T02:21:00Z,-2,American / Ronald Reagan Washington National Airport (DCA)
AA,DCA,Arrival,2017-01-01T02:31:00Z,-2,American / Ronald Reagan Washington National Airport (DCA)
AA,DCA,Arrival,2017-01-01T02:41:00Z,-2,American / Ronald Reagan Washington National Airport (DCA)
AA,DCA,Arrival,2017-01-01T02:51:00Z,-3,American / Ronald Reagan Washington National Airport (DCA)
AA,DCA,Arrival,2017-01-01T03:11:00Z,-1,American / Ronald Reagan Washington National Airport (DCA)
AA,DCA,Arrival,2017-01-01T03:21:00Z,-1,American / Ronald Reagan Washington National Airport (DCA)
AA,DCA,Arrival,2017-01-01T03:31:00Z,-3,American / Ronald Reagan Washington National Airport (DCA)
AA,DCA,Arrival,2017-01-01T03:41:00Z,-2,American / Ronald Reagan Washington National Airport (DCA)
AA,DCA,Arrival,2017-01-01T03:51:00Z,-2,American / Ronald Reagan Washington National Airport (DCA)
AA,DCA,Arrival,2017-01-01T04:21:00Z,-1,American / Ronald Reagan Washington National Airport (DCA)
AA,DCA,Arrival,2017-01-01T05:01:00Z,-2,American / Ronald Reagan Washington National Airport (DCA)
AA,DCA,Arrival,2017-01-01T05:11:00Z,-1,American / Ronald Reagan Washington National Airport (DCA)
AA,DCA,Arrival,2017-01-01T05:31:00Z,-1,American / Ronald Reagan Washington National Airport (DCA)
AA,DCA,Arrival,2017-01-01T06:01:00Z,-1,American / Ronald Reagan Washington National Airport (DCA)
AA,DCA,Arrival,2017-01-01T06:11:00Z,-2,American / Ronald Reagan Washington National Airport (DCA)
AA,DCA,Arrival,2017-01-01T06:21:00Z,-12,American / Ronald Reagan Washington National Airport (DCA)
AA,DCA,Arrival,2017-01-01T06:31:00Z,-40,American / Ronald Reagan Washington National Airport (DCA)
AA,DCA,Arrival,2017-01-01T06:41:00Z,-78,American / Ronald Reagan Washington National Airport (DCA)
AA,DCA,Arrival,2017-01-01T06:51:00Z,-140,American / Ronald Reagan Washington National Airport (DCA)
AA,DCA,Arrival,2017-01-01T07:01:00Z,-132,American / Ronald Reagan Washington National Airport (DCA)
AA,DCA,Arrival,2017-01-01T07:11:00Z,-109,American / Ronald Reagan Washington National Airport (DCA)
AA,DCA,Arrival,2017-01-01T07:21:00Z,-102,American / Ronald Reagan Washington National Airport (DCA)
AA,DCA,Arrival,2017-01-01T07:31:00Z,-89,American / Ronald Reagan Washington National Airport (DCA)
AA,DCA,Arrival,2017-01-01T07:41:00Z,-44,American / Ronald Reagan Washington National Airport (DCA)
AA,DCA,Arrival,2017-01-01T07:51:00Z,-38,American / Ronald Reagan Washington National Airport (DCA)
AA,DCA,Arrival,2017-01-01T08:01:00Z,-70,American / Ronald Reagan Washington National Airport (DCA)
AA,DCA,Arrival,2017-01-01T08:11:00Z,-61,American / Ronald Reagan Washington National Airport (DCA)
AA,DCA,Arrival,2017-01-01T08:21:00Z,-83,American / Ronald Reagan Washington National Airport (DCA)
AA,DCA,Arrival,2017-01-01T08:31:00Z,-126,American / Ronald Reagan Washington National Airport (DCA)
AA,DCA,Arrival,2017-01-01T08:41:00Z,-123,American / Ronald Reagan Washington National Airport (DCA)
AA,DCA,Arrival,2017-01-01T08:51:00Z,-80,American / Ronald Reagan Washington National Airport (DCA)
AA,DCA,Arrival,2017-01-01T09:01:00Z,-148,American / Ronald Reagan Washington National Airport (DCA)
AA,DCA,Arrival,2017-01-01T09:11:00Z,-262,American / Ronald Reagan Washington National Airport (DCA)
AA,DCA,Arrival,2017-01-01T09:21:00Z,-373,American / Ronald Reagan Washington National Airport (DCA)
AA,DCA,Arrival,2017-01-01T09:31:00Z,-411,American / Ronald Reagan Washington National Airport (DCA)
AA,DCA,Arrival,2017-01-01T09:41:00Z,-211,American / Ronald Reagan Washington National Airport (DCA)
AA,DCA,Arrival,2017-01-01T09:51:00Z,-87,American / Ronald Reagan Washington National Airport (DCA)
AA,DCA,Arrival,2017-01-01T10:01:00Z,-66,American / Ronald Reagan Washington National Airport (DCA)
AA,DCA,Arrival,2017-01-01T10:11:00Z,-182,American / Ronald Reagan Washington National Airport (DCA)
AA,DCA,Arrival,2017-01-01T10:21:00Z,-350,American / Ronald Reagan Washington National Airport (DCA)
AA,DCA,Arrival,2017-01-01T10:31:00Z,-466,American / Ronald Reagan Washington National Airport (DCA)
AA,DCA,Arrival,2017-01-01T10:41:00Z,-447,American / Ronald Reagan Washington National Airport (DCA)
AA,DCA,Arrival,2017-01-01T10:51:00Z,-437,American / Ronald Reagan Washington National Airport (DCA)
AA,DCA,Arrival,2017-01-01T11:01:00Z,-322,American / Ronald Reagan Washington National Airport (DCA)
AA,DCA,Arrival,2017-01-01T11:11:00Z,-255,American / Ronald Reagan Washington National Airport (DCA)
AA,DCA,Arrival,2017-01-01T11:21:00Z,-158,American / Ronald Reagan Washington National Airport (DCA)
AA,DCA,Arrival,2017-01-01T11:31:00Z,-190,American / Ronald Reagan Washington National Airport (DCA)
AA,DCA,Arrival,2017-01-01T11:41:00Z,-177,American / Ronald Reagan Washington National Airport (DCA)
AA,DCA,Arrival,2017-01-01T11:51:00Z,-121,American / Ronald Reagan Washington National Airport (DCA)
AA,DCA,Arrival,2017-01-01T12:01:00Z,-94,American / Ronald Reagan Washington National Airport (DCA)
AA,DCA,Arrival,2017-01-01T12:11:00Z,-98,American / Ronald Reagan Washington National Airport (DCA)
AA,DCA,Arrival,2017-01-01T12:21:00Z,-205,American / Ronald Reagan Washington National Airport (DCA)
AA,DCA,Arrival,2017-01-01T12:31:00Z,-405,American / Ronald Reagan Washington National Airport (DCA)
AA,DCA,Arrival,2017-01-01T12:41:00Z,-398,American / Ronald Reagan Washington National Airport (DCA)
AA,DCA,Arrival,2017-01-01T12:51:00Z,-323,American / Ronald Reagan Washington National Airport (DCA)
AA,DCA,Arrival,2017-01-01T13:01:00Z,-204,American / Ronald Reagan Washington National Airport (DCA)
AA,DCA,Arrival,2017-01-01T13:11:00Z,-139,American / Ronald Reagan Washington National Airport (DCA)
AA,DCA,Arrival,2017-01-01T13:21:00Z,-218,American / Ronald Reagan Washington National Airport (DCA)
AA,DCA,Arrival,2017-01-01T13:31:00Z,-245,American / Ronald Reagan Washington National Airport (DCA)
AA,DCA,Arrival,2017-01-01T13:41:00Z,-219,American / Ronald Reagan Washington National Airport (DCA)
AA,DCA,Arrival,2017-01-01T13:51:00Z,-165,American / Ronald Reagan Washington National Airport (DCA)
AA,DCA,Arrival,2017-01-01T14:01:00Z,-173,American / Ronald Reagan Washington National Airport (DCA)
AA,DCA,Arrival,2017-01-01T14:11:00Z,-244,American / Ronald Reagan Washington National Airport (DCA)
AA,DCA,Arrival,2017-01-01T14:21:00Z,-406,American / Ronald Reagan Washington National Airport (DCA)
AA,DCA,Arrival,2017-01-01T14:31:00Z,-429,American / Ronald Reagan Washington National Airport (DCA)
AA,DCA,Arrival,2017-01-01T14:41:00Z,-196,American / Ronald Reagan Washington National Airport (DCA)
AA,DCA,Arrival,2017-01-01T14:51:00Z,-143,American / Ronald Reagan Washington National Airport (DCA)
AA,DCA,Arrival,2017-01-01T15:01:00Z,-93,American / Ronald Reagan Washington National Airport (DCA)
AA,DCA,Arrival,2017-01-01T15:11:00Z,-99,American / Ronald Reagan Washington National Airport (DCA)
AA,DCA,Arrival,2017-01-01T15:21:00Z,-183,American / Ronald Reagan Washington National Airport (DCA)
AA,DCA,Arrival,2017-01-01T15:31:00Z,-239,American / Ronald Reagan Washington National Airport (DCA)
AA,DCA,Arrival,2017-01-01T15:41:00Z,-253,American / Ronald Reagan Washington National Airport (DCA)
AA,DCA,Arrival,2017-01-01T15:51:00Z,-243,American / Ronald Reagan Washington National Airport (DCA)
AA,DCA,Arrival,2017-01-01T16:01:00Z,-315,American / Ronald Reagan Washington National Airport (DCA)
AA,DCA,Arrival,2017-01-01T16:11:00Z,-373,American / Ronald Reagan Washington National Airport (DCA)
AA,DCA,Arrival,2017-01-01T16:21:00Z,-375,American / Ronald Reagan Washington National Airport (DCA)
AA,DCA,Arrival,2017-01-01T16:31:00Z,-481,American / Ronald Reagan Washington National Airport (DCA)
AA,DCA,Arrival,2017-01-01T16:41:00Z,-373,American / Ronald Reagan Washington National Airport (DCA)
AA,DCA,Arrival,2017-01-01T16:51:00Z,-253,American / Ronald Reagan Washington National Airport (DCA)
AA,DCA,Arrival,2017-01-01T17:01:00Z,-309,American / Ronald Reagan Washington National Airport (DCA)
AA,DCA,Arrival,2017-01-01T17:11:00Z,-242,American / Ronald Reagan Washington National Airport (DCA)
AA,DCA,Arrival,2017-01-01T17:21:00Z,-196,American / Ronald Reagan Washington National Airport (DCA)
AA,DCA,Arrival,2017-01-01T17:31:00Z,-195,American / Ronald Reagan Washington National Airport (DCA)
AA,DCA,Arrival,2017-01-01T17:41:00Z,-230,American / Ronald Reagan Washington National Airport (DCA)
AA,DCA,Arrival,2017-01-01T17:51:00Z,-305,American / Ronald Reagan Washington National Airport (DCA)
AA,DCA,Arrival,2017-01-01T18:01:00Z,-265,American / Ronald Reagan Washington National Airport (DCA)
AA,DCA,Arrival,2017-01-01T18:11:00Z,-206,American / Ronald Reagan Washington National Airport (DCA)
AA,DCA,Arrival,2017-01-01T18:21:00Z,-175,American / Ronald Reagan Washington National Airport (DCA)
AA,DCA,Arrival,2017-01-01T18:31:00Z,-218,American / Ronald Reagan Washington National Airport (DCA)
AA,DCA,Arrival,2017-01-01T18:41:00Z,-261,American / Ronald Reagan Washington National Airport (DCA)
AA,DCA,Arrival,2017-01-01T18:51:00Z,-259,American / Ronald Reagan Washington National Airport (DCA)
AA,DCA,Arrival,2017-01-01T19:01:00Z,-296,American / Ronald Reagan Washington National Airport (DCA)
AA,DCA,Arrival,2017-01-01T19:11:00Z,-324,American / Ronald Reagan Washington National Airport (DCA)
AA,DCA,Arrival,2017-01-01T19:21:00Z,-243,American / Ronald Reagan Washington National Airport (DCA)
AA,DCA,Arrival,2017-01-01T19:31:00Z,-267,American / Ronald Reagan Washington National Airport (DCA)
AA,DCA,Arrival,2017-01-01T19:41:00Z,-241,American / Ronald Reagan Washington National Airport (DCA)
AA,DCA,Arrival,2017-01-01T19:51:00Z,-269,American / Ronald Reagan Washington National Airport (DCA)
AA,DCA,Arrival,2017-01-01T20:01:00Z,-245,American / Ronald Reagan Washington National Airport (DCA)
AA,DCA,Arrival,2017-01-01T20:11:00Z,-343,American / Ronald Reagan Washington National Airport (DCA)
AA,DCA,Arrival,2017-01-01T20:21:00Z,-439,American / Ronald Reagan Washington National Airport (DCA)
AA,DCA,Arrival,2017-01-01T20:31:00Z,-390,American / Ronald Reagan Washington National Airport (DCA)
AA,DCA,Arrival,2017-01-01T20:41:00Z,-344,American / Ronald Reagan Washington National Airport (DCA)
AA,DCA,Arrival,2017-01-01T20:51:00Z,-279,American / Ronald Reagan Washington National Airport (DCA)
AA,DCA,Arrival,2017-01-01T21:01:00Z,-209,American / Ronald Reagan Washington National Airport (DCA)
AA,DCA,Arrival,2017-01-01T21:11:00Z,-287,American / Ronald Reagan Washington National Airport (DCA)
AA,DCA,Arrival,2017-01-01T21:21:00Z,-266,American / Ronald Reagan Washington National Airport (DCA)
AA,DCA,Arrival,2017-01-01T21:31:00Z,-179,American / Ronald Reagan Washington National Airport (DCA)
AA,DCA,Arrival,2017-01-01T21:41:00Z,-148,American / Ronald Reagan Washington National Airport (DCA)
AA,DCA,Arrival,2017-01-01T21:51:00Z,-150,American / Ronald Reagan Washington National Airport (DCA)
AA,DCA,Arrival,2017-01-01T22:01:00Z,-281,American / Ronald Reagan Washington National Airport (DCA)
AA,DCA,Arrival,2017-01-01T22:11:00Z,-342,American / Ronald Reagan Washington National Airport (DCA)
AA,DCA,Arrival,2017-01-01T22:21:00Z,-406,American / Ronald Reagan Washington National Airport (DCA)
AA,DCA,Arrival,2017-01-01T22:31:00Z,-283,American / Ronald Reagan Washington National Airport (DCA)
AA,DCA,Arrival,2017-01-01T22:41:00Z,-303,American / Ronald Reagan Washington National Airport (DCA)
AA,DCA,Arrival,2017-01-01T22:51:00Z,-241,American / Ronald Reagan Washington National Airport (DCA)
AA,DCA,Arrival,2017-01-01T23:01:00Z,-167,American / Ronald Reagan Washington National Airport (DCA)
AA,DCA,Arrival,2017-01-01T23:11:00Z,-146,American / Ronald Reagan Washington National Airport (DCA)
AA,DCA,Arrival,2017-01-01T23:21:00Z,-189,American / Ronald Reagan Washington National Airport (DCA)
AA,DCA,Arrival,2017-01-01T23:31:00Z,-190,American / Ronald Reagan Washington National Airport (DCA)
AA,DCA,Arrival,2017-01-01T23:41:00Z,-209,American / Ronald Reagan Washington National Airport (DCA)
AA,DCA,Arrival,2017-01-01T23:51:00Z,-174,American / Ronald Reagan Washington National Airport (DCA)
AA,DCA,Departure,2017-01-01T00:01:00Z,5,American / Ronald Reagan Washington National Airport (DCA)
AA,DCA,Departure,2017-01-01T00:11:00Z,4,American / Ronald Reagan Washington National Airport (DCA)
AA,DCA,Departure,2017-01-01T00:21:00Z,3,American / Ronald Reagan Washington National Airport (DCA)
AA,DCA,Departure,2017-01-01T00:41:00Z,2,American / Ronald Reagan Washington National Airport (DCA)
AA,DCA,Departure,2017-01-01T00:51:00Z,2,American / Ronald Reagan Washington National Airport (DCA)
AA,DCA,Departure,2017-01-01T01:21:00Z,2,American / Ronald Reagan Washington National Airport (DCA)
AA,DCA,Departure,2017-01-01T05:11:00Z,64,American / Ronald Reagan Washington National Airport (DCA)
AA,DCA,Departure,2017-01-01T05:21:00Z,223,American / Ronald Reagan Washington National Airport (DCA)
AA,DCA,Departure,2017-01-01T05:31:00Z,180,American / Ronald Reagan Washington National Airport (DCA)
AA,DCA,Departure,2017-01-01T05:41:00Z,51,American / Ronald Reagan Washington National Airport (DCA)
AA,DCA,Departure,2017-01-01T05:51:00Z,196,American / Ronald Reagan Washington National Airport (DCA)
AA,DCA,Departure,2017-01-01T06:01:00Z,104,American / Ronald Reagan Washington National Airport (DCA)
AA,DCA,Departure,2017-01-01T06:11:00Z,113,American / Ronald Reagan Washington National Airport (DCA)
AA,DCA,Departure,2017-01-01T06:21:00Z,641,American / Ronald Reagan Washington National Airport (DCA)
AA,DCA,Departure,2017-01-01T06:31:00Z,155,American / Ronald Reagan Washington National Airport (DCA)
AA,DCA,Departure,2017-01-01T06:41:00Z,332,American / Ronald Reagan Washington National Airport (DCA)
AA,DCA,Departure,2017-01-01T06:51:00Z,1375,American / Ronald Reagan Washington National Airport (DCA)
AA,DCA,Departure,2017-01-01T07:01:00Z,305,American / Ronald Reagan Washington National Airport (DCA)
AA,DCA,Departure,2017-01-01T07:11:00Z,258,American / Ronald Reagan Washington National Airport (DCA)
AA,DCA,Departure,2017-01-01T07:21:00Z,351,American / Ronald Reagan Washington National Airport (DCA)
AA,DCA,Departure,2017-01-01T07:31:00Z,239,American / Ronald Reagan Washington National Airport (DCA)
AA,DCA,Departure,2017-01-01T07:41:00Z,173,American / Ronald Reagan Washington National Airport (DCA)
AA,DCA,Departure,2017-01-01T07:51:00Z,575,American / Ronald Reagan Washington National Airport (DCA)
AA,DCA,Departure,2017-01-01T08:01:00Z,60,American / Ronald Reagan Washington National Airport (DCA)
AA,DCA,Departure,2017-01-01T08:11:00Z,109,American / Ronald Reagan Washington National Airport (DCA)
AA,DCA,Departure,2017-01-01T08:21:00Z,467,American / Ronald Reagan Washington National Airport (DCA)
AA,DCA,Departure,2017-01-01T08:31:00Z,275,American / Ronald Reagan Washington National Airport (DCA)
AA,DCA,Departure,2017-01-01T08:41:00Z,273,American / Ronald Reagan Washington National Airport (DCA)
AA,DCA,Departure,2017-01-01T08:51:00Z,433,American / Ronald Reagan Washington National Airport (DCA)
AA,DCA,Departure,2017-01-01T09:01:00Z,69,American / Ronald Reagan Washington National Airport (DCA)
AA,DCA,Departure,2017-01-01T09:11:00Z,47,American / Ronald Reagan Washington National Airport (DCA)
AA,DCA,Departure,2017-01-01T09:21:00Z,304,American / Ronald Reagan Washington National Airport (DCA)
AA,DCA,Departure,2017-01-01T09:31:00Z,130,American / Ronald Reagan Washington National Airport (DCA)
AA,DCA,Departure,2017-01-01T09:41:00Z,87,American / Ronald Reagan Washington National Airport (DCA)
AA,DCA,Departure,2017-01-01T09:51:00Z,174,American / Ronald Reagan Washington National Airport (DCA)
AA,DCA,Departure,2017-01-01T10:01:00Z,99,American / Ronald Reagan Washington National Airport (DCA)
AA,DCA,Departure,2017-01-01T10:11:00Z,266,American / Ronald Reagan Washington National Airport (DCA)
AA,DCA,Departure,2017-01-01T10:21:00Z,680,American / Ronald Reagan Washington National Airport (DCA)
AA,DCA,Departure,2017-01-01T10:31:00Z,208,American / Ronald Reagan Washington National Airport (DCA)
AA,DCA,Departure,2017-01-01T10:41:00Z,143,American / Ronald Reagan Washington National Airport (DCA)
AA,DCA,Departure,2017-01-01T10:51:00Z,178,American / Ronald Reagan Washington National Airport (DCA)
AA,DCA,Departure,2017-01-01T11:01:00Z,133,American / Ronald Reagan Washington National Airport (DCA)
AA,DCA,Departure,2017-01-01T11:11:00Z,36,American / Ronald Reagan Washington National Airport (DCA)
AA,DCA,Departure,2017-01-01T11:21:00Z,696,American / Ronald Reagan Washington National Airport (DCA)
AA,DCA,Departure,2017-01-01T11:31:00Z,262,American / Ronald Reagan Washington National Airport (DCA)
AA,DCA,Departure,2017-01-01T11:41:00Z,460,American / Ronald Reagan Washington National Airport (DCA)
AA,DCA,Departure,2017-01-01T11:51:00Z,656,American / Ronald Reagan Washington National Airport (DCA)
AA,DCA,Departure,2017-01-01T12:01:00Z,177,American / Ronald Reagan Washington National Airport (DCA)
AA,DCA,Departure,2017-01-01T12:11:00Z,109,American / Ronald Reagan Washington National Airport (DCA)
AA,DCA,Departure,2017-01-01T12:21:00Z,279,American / Ronald Reagan Washington National Airport (DCA)
AA,DCA,Departure,2017-01-01T12:31:00Z,81,American / Ronald Reagan Washington National Airport (DCA)
AA,DCA,Departure,2017-01-01T12:41:00Z,416,American / Ronald Reagan Washington National Airport (DCA)
AA,DCA,Departure,2017-01-01T12:51:00Z,168,American / Ronald Reagan Washington National Airport (DCA)
AA,DCA,Departure,2017-01-01T13:01:00Z,57,American / Ronald Reagan Washington National Airport (DCA)
AA,DCA,Departure,2017-01-01T13:11:00Z,46,American / Ronald Reagan Washington National Airport (DCA)
AA,DCA,Departure,2017-01-01T13:21:00Z,240,American / Ronald Reagan Washington National Airport (DCA)
AA,DCA,Departure,2017-01-01T13:31:00Z,173,American / Ronald Reagan Washington National Airport (DCA)
AA,DCA,Departure,2017-01-01T13:41:00Z,525,American / Ronald Reagan Washington National Airport (DCA)
AA,DCA,Departure,2017-01-01T13:51:00Z,441,American / Ronald Reagan Washington National Airport (DCA)
AA,DCA,Departure,2017-01-01T14:01:00Z,165,American / Ronald Reagan Washington National Airport (DCA)
AA,DCA,Departure,2017-01-01T14:11:00Z,116,American / Ronald Reagan Washington National Airport (DCA)
AA,DCA,Departure,2017-01-01T14:21:00Z,273,American / Ronald Reagan Washington National Airport (DCA)
AA,DCA,Departure,2017-01-01T14:31:00Z,100,American / Ronald Reagan Washington National Airport (DCA)
AA,DCA,Departure,2017-01-01T14:41:00Z,245,American / Ronald Reagan Washington National Airport (DCA)
AA,DCA,Departure,2017-01-01T14:51:00Z,358,American / Ronald Reagan Washington National Airport (DCA)
AA,DCA,Departure,2017-01-01T15:01:00Z,122,American / Ronald Reagan Washington National Airport (DCA)
AA,DCA,Departure,2017-01-01T15:11:00Z,185,American / Ronald Reagan Washington National Airport (DCA)
AA,DCA,Departure,2017-01-01T15:21:00Z,517,American / Ronald Reagan Washington National Airport (DCA)
AA,DCA,Departure,2017-01-01T15:31:00Z,175,American / Ronald Reagan Washington National Airport (DCA)
AA,DCA,Departure,2017-01-01T15:41:00Z,88,American / Ronald Reagan Washington National Airport (DCA)
AA,DCA,Departure,2017-01-01T15:51:00Z,159,American / Ronald Reagan Washington National Airport (DCA)
AA,DCA,Departure,2017-01-01T16:01:00Z,68,American / Ronald Reagan Washington National Airport (DCA)
AA,DCA,Departure,2017-01-01T16:11:00Z,48,American / Ronald Reagan Washington National Airport (DCA)
AA,DCA,Departure,2017-01-01T16:21:00Z,524,American / Ronald Reagan Washington National Airport (DCA)
AA,DCA,Departure,2017-01-01T16:31:00Z,87,American / Ronald Reagan Washington National Airport (DCA)
AA,DCA,Departure,2017-01-01T16:41:00Z,65,American / Ronald Reagan Washington National Airport (DCA)
AA,DCA,Departure,2017-01-01T16:51:00Z,411,American / Ronald Reagan Washington National Airport (DCA)
AA,DCA,Departure,2017-01-01T17:01:00Z,236,American / Ronald Reagan Washington National Airport (DCA)
AA,DCA,Departure,2017-01-01T17:11:00Z,251,American / Ronald Reagan Washington National Airport (DCA)
AA,DCA,Departure,2017-01-01T17:21:00Z,641,American / Ronald Reagan Washington National Airport (DCA)
AA,DCA,Departure,2017-01-01T17:31:00Z,457,American / Ronald Reagan Washington National Airport (DCA)
AA,DCA,Departure,2017-01-01T17:41:00Z,334,American / Ronald Reagan Washington National Airport (DCA)
AA,DCA,Departure,2017-01-01T17:51:00Z,305,American / Ronald Reagan Washington National Airport (DCA)
AA,DCA,Departure,2017-01-01T18:01:00Z,210,American / Ronald Reagan Washington National Airport (DCA)
AA,DCA,Departure,2017-01-01T18:11:00Z,277,American / Ronald Reagan Washington National Airport (DCA)
AA,DCA,Departure,2017-01-01T18:21:00Z,363,American / Ronald Reagan Washington National Airport (DCA)
AA,DCA,Departure,2017-01-01T18:31:00Z,141,American / Ronald Reagan Washington National Airport (DCA)
AA,DCA,Departure,2017-01-01T18:41:00Z,106,American / Ronald Reagan Washington National Airport (DCA)
AA,DCA,Departure,2017-01-01T18:51:00Z,290,American / Ronald Reagan Washington National Airport (DCA)
AA,DCA,Departure,2017-01-01T19:01:00Z,115,American / Ronald Reagan Washington National Airport (DCA)
AA,DCA,Departure,2017-01-01T19:11:00Z,130,American / Ronald Reagan Washington National Airport (DCA)
AA,DCA,Departure,2017-01-01T19:21:00Z,452,American / Ronald Reagan Washington National Airport (DCA)
AA,DCA,Departure,2017-01-01T19:31:00Z,173,American / Ronald Reagan Washington National Airport (DCA)
AA,DCA,Departure,2017-01-01T19:41:00Z,151,American / Ronald Reagan Washington National Airport (DCA)
AA,DCA,Departure,2017-01-01T19:51:00Z,298,American / Ronald Reagan Washington National Airport (DCA)
AA,DCA,Departure,2017-01-01T20:01:00Z,366,American / Ronald Reagan Washington National Airport (DCA)
AA,DCA,Departure,2017-01-01T20:11:00Z,150,American / Ronald Reagan Washington National Airport (DCA)
AA,DCA,Departure,2017-01-01T20:21:00Z,197,American / Ronald Reagan Washington National Airport (DCA)
AA,DCA,Departure,2017-01-01T20:31:00Z,122,American / Ronald Reagan Washington National Airport (DCA)
AA,DCA,Departure,2017-01-01T20:41:00Z,82,American / Ronald Reagan Washington National Airport (DCA)
AA,DCA,Departure,2017-01-01T20:51:00Z,215,American / Ronald Reagan Washington National Airport (DCA)
AA,DCA,Departure,2017-01-01T21:01:00Z,69,American / Ronald Reagan Washington National Airport (DCA)
AA,DCA,Departure,2017-01-01T21:11:00Z,36,American / Ronald Reagan Washington National Airport (DCA)
AA,DCA,Departure,2017-01-01T21:21:00Z,31,American / Ronald Reagan Washington National Airport (DCA)
AA,DCA,Departure,2017-01-01T21:31:00Z,25,American / Ronald Reagan Washington National Airport (DCA)
AA,DCA,Departure,2017-01-01T21:41:00Z,31,American / Ronald Reagan Washington National Airport (DCA)
AA,DCA,Departure,2017-01-01T21:51:00Z,319,American / Ronald Reagan Washington National Airport (DCA)
AA,DCA,Departure,2017-01-01T22:01:00Z,61,American / Ronald Reagan Washington National Airport (DCA)
AA,DCA,Departure,2017-01-01T22:11:00Z,44,American / Ronald Reagan Washington National Airport (DCA)
AA,DCA,Departure,2017-01-01T22:21:00Z,28,American / Ronald Reagan Washington National Airport (DCA)
AA,DCA,Departure,2017-01-01T22:31:00Z,26,American / Ronald Reagan Washington National Airport (DCA)
AA,DCA,Departure,2017-01-01T22:41:00Z,17,American / Ronald Reagan Washington National Airport (DCA)
AA,DCA,Departure,2017-01-01T22:51:00Z,22,American / Ronald Reagan Washington National Airport (DCA)
AA,DCA,Departure,2017-01-01T23:01:00Z,17,American / Ronald Reagan Washington National Airport (DCA)
AA,DCA,Departure,2017-01-01T23:11:00Z,10,American / Ronald Reagan Washington National Airport (DCA)
AA,DCA,Departure,2017-01-01T23:21:00Z,10,American / Ronald Reagan Washington National Airport (DCA)
AA,DCA,Departure,2017-01-01T23:31:00Z,3,American / Ronald Reagan Washington National Airport (DCA)
AA,DCA,Departure,2017-01-01T23:41:00Z,6,American / Ronald Reagan Washington National Airport (DCA)
AA,DCA,Departure,2017-01-01T23:51:00Z,7,American / Ronald Reagan Washington National Airport (DCA)
AA,DFW,Arrival,2017-01-01T00:01:00Z,-215,American / Dallas/Fort Worth International Airport (DFW)
AA,DFW,Arrival,2017-01-01T00:11:00Z,-172,American / Dallas/Fort Worth International Airport (DFW)
AA,DFW,Arrival,2017-01-01T00:21:00Z,-156,American / Dallas/Fort Worth International Airport (DFW)
AA,DFW,Arrival,2017-01-01T00:31:00Z,-129,American / Dallas/Fort Worth International Airport (DFW)
AA,DFW,Arrival,2017-01-01T00:41:00Z,-100,American / Dallas/Fort Worth International Airport (DFW)
AA,DFW,Arrival,2017-01-01T00:51:00Z,-73,American / Dallas/Fort Worth International Airport (DFW)
AA,DFW,Arrival,2017-01-01T01:01:00Z,-48,American / Dallas/Fort Worth International Airport (DFW)
AA,DFW,Arrival,2017-01-01T01:11:00Z,-59,American / Dallas/Fort Worth International Airport (DFW)
AA,DFW,Arrival,2017-01-01T01:21:00Z,-49,American / Dallas/Fort Worth International Airport (DFW)
AA,DFW,Arrival,2017-01-01T01:31:00Z,-57,American / Dallas/Fort Worth International Airport (DFW)
AA,DFW,Arrival,2017-01-01T01:41:00Z,-91,American / Dallas/Fort Worth International Airport (DFW)
AA,DFW,Arrival,2017-01-01T01:51:00Z,-70,American / Dallas/Fort Worth International Airport (DFW)
AA,DFW,Arrival,2017-01-01T02:01:00Z,-54,American / Dallas/Fort Worth International Airport (DFW)
AA,DFW,Arrival,2017-01-01T02:11:00Z,-23,American / Dallas/Fort Worth International Airport (DFW)
AA,DFW,Arrival,2017-01-01T02:21:00Z,-24,American / Dallas/Fort Worth International Airport (DFW)
AA,DFW,Arrival,2017-01-01T02:31:00Z,-12,American / Dallas/Fort Worth International Airport (DFW)
AA,DFW,Arrival,2017-01-01T02:41:00Z,-12,American / Dallas/Fort Worth International Airport (DFW)
AA,DFW,Arrival,2017-01-01T02:51:00Z,-12,American / Dallas/Fort Worth International Airport (DFW)
AA,DFW,Arrival,2017-01-01T03:01:00Z,-9,American / Dallas/Fort Worth International Airport (DFW)
AA,DFW,Arrival,2017-01-01T03:11:00Z,-8,American / Dallas/Fort Worth International Airport (DFW)
AA,DFW,Arrival,2017-01-01T03:21:00Z,-6,American / Dallas/Fort Worth International Airport (DFW)
AA,DFW,Arrival,2017-01-01T03:31:00Z,-4,American / Dallas/Fort Worth International Airport (DFW)
AA,DFW,Arrival,2017-01-01T03:41:00Z,-6,American / Dallas/Fort Worth International Airport (DFW)
AA,DFW,Arrival,2017-01-01T03:51:00Z,-2,American / Dallas/Fort Worth International Airport (DFW)
AA,DFW,Arrival,2017-01-01T04:01:00Z,-3,American / Dallas/Fort Worth International Airport (DFW)
AA,DFW,Arrival,2017-01-01T04:11:00Z,-4,American / Dallas/Fort Worth International Airport (DFW)
AA,DFW,Arrival,2017-01-01T04:21:00Z,-3,American / Dallas/Fort Worth International Airport (DFW)
AA,DFW,Arrival,2017-01-01T04:31:00Z,-13,American / Dallas/Fort Worth International Airport (DFW)
AA,DFW,Arrival,2017-01-01T04:41:00Z,-67,American / Dallas/Fort Worth International Airport (DFW)
AA,DFW,Arrival,2017-01-01T04:51:00Z,-52,American / Dallas/Fort Worth International Airport (DFW)
AA,DFW,Arrival,2017-01-01T05:01:00Z,-50,American / Dallas/Fort Worth International Airport (DFW)
AA,DFW,Arrival,2017-01-01T05:11:00Z,-56,American / Dallas/Fort Worth International Airport (DFW)
AA,DFW,Arrival,2017-01-01T05:21:00Z,-105,American / Dallas/Fort Worth International Airport (DFW)
AA,DFW,Arrival,2017-01-01T05:31:00Z,-337,American / Dallas/Fort Worth International Airport (DFW)
AA,DFW,Arrival,2017-01-01T05:41:00Z,-634,American / Dallas/Fort Worth International Airport (DFW)
AA,DFW,Arrival,2017-01-01T05:51:00Z,-945,American / Dallas/Fort Worth International Airport (DFW)
AA,DFW,Arrival,2017-01-01T06:01:00Z,-913,American / Dallas/Fort Worth International Airport (DFW)
AA,DFW,Arrival,2017-01-01T06:11:00Z,-313,American / Dallas/Fort Worth International Airport (DFW)
AA,DFW,Arrival,2017-01-01T06:21:00Z,-104,American / Dallas/Fort Worth International Airport (DFW)
AA,DFW,Arrival,2017-01-01T06:31:00Z,-60,American / Dallas/Fort Worth International Airport (DFW)
AA,DFW,Arrival,2017-01-01T06:41:00Z,-34,American / Dallas/Fort Worth International Airport (DFW)
AA,DFW,Arrival,2017-01-01T06:51:00Z,-27,American / Dallas/Fort Worth International Airport (DFW)
AA,DFW,Arrival,2017-01-01T07:01:00Z,-155,American / Dallas/Fort Worth International Airport (DFW)
AA,DFW,Arrival,2017-01-01T07:11:00Z,-480,American / Dallas/Fort Worth International Airport (DFW)
AA,DFW,Arrival,2017-01-01T07:21:00Z,-1044,American / Dallas/Fort Worth International Airport (DFW)
AA,DFW,Arrival,2017-01-01T07:31:00Z,-1955,American / Dallas/Fort Worth International Airport (DFW)
AA,DFW,Arrival,2017-01-01T07:41:00Z,-2328,American / Dallas/Fort Worth International Airport (DFW)
AA,DFW,Arrival,2017-01-01T07:51:00Z,-2086,American / Dallas/Fort Worth International Airport (DFW)
AA,DFW,Arrival,2017-01-01T08:01:00Z,-1069,American / Dallas/Fort Worth International Airport (DFW)
AA,DFW,Arrival,2017-01-01T08:11:00Z,-342,American / Dallas/Fort Worth International Airport (DFW)
AA,DFW,Arrival,2017-01-01T08:21:00Z,-264,American / Dallas/Fort Worth International Airport (DFW)
AA,DFW,Arrival,2017-01-01T08:31:00Z,-342,American / Dallas/Fort Worth International Airport (DFW)
AA,DFW,Arrival,2017-01-01T08:41:00Z,-460,American / Dallas/Fort Worth International Airport (DFW)
AA,DFW,Arrival,2017-01-01T08:51:00Z,-804,American / Dallas/Fort Worth International Airport (DFW)
AA,DFW,Arrival,2017-01-01T09:01:00Z,-1415,American / Dallas/Fort Worth International Airport (DFW)
AA,DFW,Arrival,2017-01-01T09:11:00Z,-2595,American / Dallas/Fort Worth International Airport (DFW)
AA,DFW,Arrival,2017-01-01T09:21:00Z,-3473,American / Dallas/Fort Worth International Airport (DFW)
AA,DFW,Arrival,2017-01-01T09:31:00Z,-3350,American / Dallas/Fort Worth International Airport (DFW)
AA,DFW,Arrival,2017-01-01T09:41:00Z,-2545,American / Dallas/Fort Worth International Airport (DFW)
AA,DFW,Arrival,2017-01-01T09:51:00Z,-1276,American / Dallas/Fort Worth International Airport (DFW)
AA,DFW,Arrival,2017-01-01T10:01:00Z,-657,American / Dallas/Fort Worth International Airport (DFW)
AA,DFW,Arrival,2017-01-01T10:11:00Z,-371,American / Dallas/Fort Worth International Airport (DFW)
AA,DFW,Arrival,2017-01-01T10:21:00Z,-462,American / Dallas/Fort Worth International Airport (DFW)
AA,DFW,Arrival,2017-01-01T10:31:00Z,-444,American / Dallas/Fort Worth International Airport (DFW)
AA,DFW,Arrival,2017-01-01T10:41:00Z,-633,American / Dallas/Fort Worth International Airport (DFW)
AA,DFW,Arrival,2017-01-01T10:51:00Z,-1232,American / Dallas/Fort Worth International Airport (DFW)
AA,DFW,Arrival,2017-01-01T11:01:00Z,-2057,American / Dallas/Fort Worth International Airport (DFW)
AA,DFW,Arrival,2017-01-01T11:11:00Z,-2491,American / Dallas/Fort Worth International Airport (DFW)
AA,DFW,Arrival,2017-01-01T11:21:00Z,-2542,American / Dallas/Fort Worth International Airport (DFW)
AA,DFW,Arrival,2017-01-01T11:31:00Z,-2521,American / Dallas/Fort Worth International Airport (DFW)
AA,DFW,Arrival,2017-01-01T11:41:00Z,-2291,American / Dallas/Fort Worth International Airport (DFW)
AA,DFW,Arrival,2017-01-01T11:51:00Z,-1529,American / Dallas/Fort Worth International Airport (DFW)
AA,DFW,Arrival,2017-01-01T12:01:00Z,-844,American / Dallas/Fort Worth International Airport (DFW)
AA,DFW,Arrival,2017-01-01T12:11:00Z,-591,American / Dallas/Fort Worth International Airport (DFW)
AA,DFW,Arrival,2017-01-01T12:21:00Z,-551,American / Dallas/Fort Worth International Airport (DFW)
AA,DFW,Arrival,2017-01-01T12:31:00Z,-527,American / Dallas/Fort Worth International Airport (DFW)
AA,DFW,Arrival,2017-01-01T12:41:00Z,-735,American / Dallas/Fort Worth International Airport (DFW)
AA,DFW,Arrival,2017-01-01T12:51:00Z,-1139,American / Dallas/Fort Worth International Airport (DFW)
AA,DFW,Arrival,2017-01-01T13:01:00Z,-1623,American / Dallas/Fort Worth International Airport (DFW)
AA,DFW,Arrival,2017-01-01T13:11:00Z,-2180,American / Dallas/Fort Worth International Airport (DFW)
AA,DFW,Arrival,2017-01-01T13:21:00Z,-2447,American / Dallas/Fort Worth International Airport (DFW)
AA,DFW,Arrival,2017-01-01T13:31:00Z,-2299,American / Dallas/Fort Worth International Airport (DFW)
AA,DFW,Arrival,2017-01-01T13:41:00Z,-1753,American / Dallas/Fort Worth International Airport (DFW)
AA,DFW,Arrival,2017-01-01T13:51:00Z,-1271,American / Dallas/Fort Worth International Airport (DFW)
AA,DFW,Arrival,2017-01-01T14:01:00Z,-940,American / Dallas/Fort Worth International Airport (DFW)
AA,DFW,Arrival,2017-01-01T14:11:00Z,-646,American / Dallas/Fort Worth International Airport (DFW)
AA,DFW,Arrival,2017-01-01T14:21:00Z,-428,American / Dallas/Fort Worth International Airport (DFW)
AA,DFW,Arrival,2017-01-01T14:31:00Z,-323,American / Dallas/Fort Worth International Airport (DFW)
AA,DFW,Arrival,2017-01-01T14:41:00Z,-345,American / Dallas/Fort Worth International Airport (DFW)
AA,DFW,Arrival,2017-01-01T14:51:00Z,-615,American / Dallas/Fort Worth International Airport (DFW)
AA,DFW,Arrival,2017-01-01T15:01:00Z,-1191,American / Dallas/Fort Worth International Airport (DFW)
AA,DFW,Arrival,2017-01-01T15:11:00Z,-1754,American / Dallas/Fort Worth International Airport (DFW)
AA,DFW,Arrival,2017-01-01T15:21:00Z,-2069,American / Dallas/Fort Worth International Airport (DFW)
AA,DFW,Arrival,2017-01-01T15:31:00Z,-2187,American / Dallas/Fort Worth International Airport (DFW)
AA,DFW,Arrival,2017-01-01T15:41:00Z,-1772,American / Dallas/Fort Worth International Airport (DFW)
AA,DFW,Arrival,2017-01-01T15:51:00Z,-1114,American / Dallas/Fort Worth International Airport (DFW)
AA,DFW,Arrival,2017-01-01T16:01:00Z,-818,American / Dallas/Fort Worth International Airport (DFW)
AA,DFW,Arrival,2017-01-01T16:11:00Z,-750,American / Dallas/Fort Worth International Airport (DFW)
AA,DFW,Arrival,2017-01-01T16:21:00Z,-762,American / Dallas/Fort Worth International Airport (DFW)
AA,DFW,Arrival,2017-01-01T16:31:00Z,-808,American / Dallas/Fort Worth International Airport (DFW)
AA,DFW,Arrival,2017-01-01T16:41:00Z,-930,American / Dallas/Fort Worth International Airport (DFW)
AA,DFW,Arrival,2017-01-01T16:51:00Z,-1318,American / Dallas/Fort Worth International Airport (DFW)
AA,DFW,Arrival,2017-01-01T17:01:00Z,-1923,American / Dallas/Fort Worth International Airport (DFW)
AA,DFW,Arrival,2017-01-01T17:11:00Z,-2311,American / Dallas/Fort Worth International Airport (DFW)
AA,DFW,Arrival,2017-01-01T17:21:00Z,-2820,American / Dallas/Fort Worth International Airport (DFW)
AA,DFW,Arrival,2017-01-01T17:31:00Z,-2777,American / Dallas/Fort Worth International Airport (DFW)
AA,DFW,Arrival,2017-01-01T17:41:00Z,-2655,American / Dallas/Fort Worth International Airport (DFW)
AA,DFW,Arrival,2017-01-01T17:51:00Z,-1982,American / Dallas/Fort Worth International Airport (DFW)
AA,DFW,Arrival,2017-01-01T18:01:00Z,-1287,American / Dallas/Fort Worth International Airport (DFW)
AA,DFW,Arrival,2017-01-01T18:11:00Z,-766,American / Dallas/Fort Worth International Airport (DFW)
AA,DFW,Arrival,2017-01-01T18:21:00Z,-569,American / Dallas/Fort Worth International Airport (DFW)
AA,DFW,Arrival,2017-01-01T18:31:00Z,-762,American / Dallas/Fort Worth International Airport (DFW)
AA,DFW,Arrival,2017-01-01T18:41:00Z,-1060,American / Dallas/Fort Worth International Airport (DFW)
AA,DFW,Arrival,2017-01-01T18:51:00Z,-1701,American / Dallas/Fort Worth International Airport (DFW)
AA,DFW,Arrival,2017-01-01T19:01:00Z,-2505,American / Dallas/Fort Worth International Airport (DFW)
AA,DFW,Arrival,2017-01-01T19:11:00Z,-2961,American / Dallas/Fort Worth International Airport (DFW)
AA,DFW,Arrival,2017-01-01T19:21:00Z,-2706,American / Dallas/Fort Worth International Airport (DFW)
AA,DFW,Arrival,2017-01-01T19:31:00Z,-1992,American / Dallas/Fort Worth International Airport (DFW)
AA,DFW,Arrival,2017-01-01T19:41:00Z,-1091,American / Dallas/Fort Worth International Airport (DFW)
AA,DFW,Arrival,2017-01-01T19:51:00Z,-704,American / Dallas/Fort Worth International Airport (DFW)
AA,DFW,Arrival,2017-01-01T20:01:00Z,-479,American / Dallas/Fort Worth International Airport (DFW)
AA,DFW,Arrival,2017-01-01T20:11:00Z,-507,American / Dallas/Fort Worth International Airport (DFW)
AA,DFW,Arrival,2017-01-01T20:21:00Z,-711,American / Dallas/Fort Worth International Airport (DFW)
AA,DFW,Arrival,2017-01-01T20:31:00Z,-1159,American / Dallas/Fort Worth International Airport (DFW)
AA,DFW,Arrival,2017-01-01T20:41:00Z,-1805,American / Dallas/Fort Worth International Airport (DFW)
AA,DFW,Arrival,2017-01-01T20:51:00Z,-2508,American / Dallas/Fort Worth International Airport (DFW)
AA,DFW,Arrival,2017-01-01T21:01:00Z,-2483,American / Dallas/Fort Worth International Airport (DFW)
AA,DFW,Arrival,2017-01-01T21:11:00Z,-1918,American / Dallas/Fort Worth International Airport (DFW)
AA,DFW,Arrival,2017-01-01T21:21:00Z,-1181,American / Dallas/Fort Worth International Airport (DFW)
AA,DFW,Arrival,2017-01-01T21:31:00Z,-772,American / Dallas/Fort Worth International Airport (DFW)
AA,DFW,Arrival,2017-01-01T21:41:00Z,-540,American / Dallas/Fort Worth International Airport (DFW)
AA,DFW,Arrival,2017-01-01T21:51:00Z,-431,American / Dallas/Fort Worth International Airport (DFW)
AA,DFW,Arrival,2017-01-01T22:01:00Z,-472,American / Dallas/Fort Worth International Airport (DFW)
AA,DFW,Arrival,2017-01-01T22:11:00Z,-597,American / Dallas/Fort Worth International Airport (DFW)
AA,DFW,Arrival,2017-01-01T22:21:00Z,-590,American / Dallas/Fort Worth International Airport (DFW)
AA,DFW,Arrival,2017-01-01T22:31:00Z,-584,American / Dallas/Fort Worth International Airport (DFW)
AA,DFW,Arrival,2017-01-01T22:41:00Z,-593,American / Dallas/Fort Worth International Airport (DFW)
AA,DFW,Arrival,2017-01-01T22:51:00Z,-457,American / Dallas/Fort Worth International Airport (DFW)
AA,DFW,Arrival,2017-01-01T23:01:00Z,-467,American / Dallas/Fort Worth International Airport (DFW)
AA,DFW,Arrival,2017-01-01T23:11:00Z,-473,American / Dallas/Fort Worth International Airport (DFW)
AA,DFW,Arrival,2017-01-01T23:21:00Z,-393,American / Dallas/Fort Worth International Airport (DFW)
AA,DFW,Arrival,2017-01-01T23:31:00Z,-408,American / Dallas/Fort Worth International Airport (DFW)
AA,DFW,Arrival,2017-01-01T23:41:00Z,-385,American / Dallas/Fort Worth International Airport (DFW)
AA,DFW,Arrival,2017-01-01T23:51:00Z,-257,American / Dallas/Fort Worth International Airport (DFW)
AA,DFW,Departure,2017-01-01T00:01:00Z,105,American / Dallas/Fort Worth International Airport (DFW)
AA,DFW,Departure,2017-01-01T00:11:00Z,70,American / Dallas/Fort Worth International Airport (DFW)
AA,DFW,Departure,2017-01-01T00:21:00Z,51,American / Dallas/Fort Worth International Airport (DFW)
AA,DFW,Departure,2017-01-01T00:31:00Z,37,American / Dallas/Fort Worth International Airport (DFW)
AA,DFW,Departure,2017-01-01T00:41:00Z,23,American / Dallas/Fort Worth International Airport (DFW)
AA,DFW,Departure,2017-01-01T00:51:00Z,27,American / Dallas/Fort Worth International Airport (DFW)
AA,DFW,Departure,2017-01-01T01:01:00Z,9,American / Dallas/Fort Worth International Airport (DFW)
AA,DFW,Departure,2017-01-01T01:11:00Z,9,American / Dallas/Fort Worth International Airport (DFW)
AA,DFW,Departure,2017-01-01T01:21:00Z,10,American / Dallas/Fort Worth International Airport (DFW)
AA,DFW,Departure,2017-01-01T01:31:00Z,19,American / Dallas/Fort Worth International Airport (DFW)
AA,DFW,Departure,2017-01-01T01:41:00Z,10,American / Dallas/Fort Worth International Airport (DFW)
AA,DFW,Departure,2017-01-01T01:51:00Z,12,American / Dallas/Fort Worth International Airport (DFW)
AA,DFW,Departure,2017-01-01T02:01:00Z,10,American / Dallas/Fort Worth International Airport (DFW)
AA,DFW,Departure,2017-01-01T02:11:00Z,7,American / Dallas/Fort Worth International Airport (DFW)
AA,DFW,Departure,2017-01-01T02:21:00Z,4,American / Dallas/Fort Worth International Airport (DFW)
AA,DFW,Departure,2017-01-01T02:31:00Z,2,American / Dallas/Fort Worth International Airport (DFW)
AA,DFW,Departure,2017-01-01T02:41:00Z,1,American / Dallas/Fort Worth International Airport (DFW)
AA,DFW,Departure,2017-01-01T02:51:00Z,6,American / Dallas/Fort Worth International Airport (DFW)
AA,DFW,Departure,2017-01-01T03:01:00Z,2,American / Dallas/Fort Worth International Airport (DFW)
AA,DFW,Departure,2017-01-01T03:41:00Z,1,American / Dallas/Fort Worth International Airport (DFW)
AA,DFW,Departure,2017-01-01T04:21:00Z,1,American / Dallas/Fort Worth International Airport (DFW)
AA,DFW,Departure,2017-01-01T04:41:00Z,1,American / Dallas/Fort Worth International Airport (DFW)
AA,DFW,Departure,2017-01-01T04:51:00Z,254,American / Dallas/Fort Worth International Airport (DFW)
AA,DFW,Departure,2017-01-01T05:01:00Z,144,American / Dallas/Fort Worth International Airport (DFW)
AA,DFW,Departure,2017-01-01T05:11:00Z,183,American / Dallas/Fort Worth International Airport (DFW)
AA,DFW,Departure,2017-01-01T05:21:00Z,201,American / Dallas/Fort Worth International Airport (DFW)
AA,DFW,Departure,2017-01-01T05:31:00Z,48,American / Dallas/Fort Worth International Airport (DFW)
AA,DFW,Departure,2017-01-01T05:41:00Z,28,American / Dallas/Fort Worth International Airport (DFW)
AA,DFW,Departure,2017-01-01T05:51:00Z,714,American / Dallas/Fort Worth International Airport (DFW)
AA,DFW,Departure,2017-01-01T06:01:00Z,288,American / Dallas/Fort Worth International Airport (DFW)
AA,DFW,Departure,2017-01-01T06:11:00Z,174,American / Dallas/Fort Worth International Airport (DFW)
AA,DFW,Departure,2017-01-01T06:21:00Z,306,American / Dallas/Fort Worth International Airport (DFW)
AA,DFW,Departure,2017-01-01T06:31:00Z,242,American / Dallas/Fort Worth International Airport (DFW)
AA,DFW,Departure,2017-01-01T06:41:00Z,688,American / Dallas/Fort Worth International Airport (DFW)
AA,DFW,Departure,2017-01-01T06:51:00Z,2991,American / Dallas/Fort Worth International Airport (DFW)
AA,DFW,Departure,2017-01-01T07:01:00Z,3561,American / Dallas/Fort Worth International Airport (DFW)
AA,DFW,Departure,2017-01-01T07:11:00Z,2091,American / Dallas/Fort Worth International Airport (DFW)
AA,DFW,Departure,2017-01-01T07:21:00Z,1233,American / Dallas/Fort Worth International Airport (DFW)
AA,DFW,Departure,2017-01-01T07:31:00Z,363,American / Dallas/Fort Worth International Airport (DFW)
AA,DFW,Departure,2017-01-01T07:41:00Z,211,American / Dallas/Fort Worth International Airport (DFW)
AA,DFW,Departure,2017-01-01T07:51:00Z,257,American / Dallas/Fort Worth International Airport (DFW)
AA,DFW,Departure,2017-01-01T08:01:00Z,155,American / Dallas/Fort Worth International Airport (DFW)
AA,DFW,Departure,2017-01-01T08:11:00Z,84,American / Dallas/Fort Worth International Airport (DFW)
AA,DFW,Departure,2017-01-01T08:21:00Z,86,American / Dallas/Fort Worth International Airport (DFW)
AA,DFW,Departure,2017-01-01T08:31:00Z,673,American / Dallas/Fort Worth International Airport (DFW)
AA,DFW,Departure,2017-01-01T08:41:00Z,2839,American / Dallas/Fort Worth International Airport (DFW)
AA,DFW,Departure,2017-01-01T08:51:00Z,3575,American / Dallas/Fort Worth International Airport (DFW)
AA,DFW,Departure,2017-01-01T09:01:00Z,3412,American / Dallas/Fort Worth International Airport (DFW)
AA,DFW,Departure,2017-01-01T09:11:00Z,1365,American / Dallas/Fort Worth International Airport (DFW)
AA,DFW,Departure,2017-01-01T09:21:00Z,426,American / Dallas/Fort Worth International Airport (DFW)
AA,DFW,Departure,2017-01-01T09:31:00Z,303,American / Dallas/Fort Worth International Airport (DFW)
AA,DFW,Departure,2017-01-01T09:41:00Z,310,American / Dallas/Fort Worth International Airport (DFW)
AA,DFW,Departure,2017-01-01T09:51:00Z,297,American / Dallas/Fort Worth International Airport (DFW)
AA,DFW,Departure,2017-01-01T10:01:00Z,221,American / Dallas/Fort Worth International Airport (DFW)
AA,DFW,Departure,2017-01-01T10:11:00Z,1605,American / Dallas/Fort Worth International Airport (DFW)
AA,DFW,Departure,2017-01-01T10:21:00Z,3165,American / Dallas/Fort Worth International Airport (DFW)
AA,DFW,Departure,2017-01-01T10:31:00Z,2032,American / Dallas/Fort Worth International Airport (DFW)
AA,DFW,Departure,2017-01-01T10:41:00Z,2283,American / Dallas/Fort Worth International Airport (DFW)
AA,DFW,Departure,2017-01-01T10:51:00Z,2961,American / Dallas/Fort Worth International Airport (DFW)
AA,DFW,Departure,2017-01-01T11:01:00Z,2548,American / Dallas/Fort Worth International Airport (DFW)
AA,DFW,Departure,2017-01-01T11:11:00Z,1157,American / Dallas/Fort Worth International Airport (DFW)
AA,DFW,Departure,2017-01-01T11:21:00Z,770,American / Dallas/Fort Worth International Airport (DFW)
AA,DFW,Departure,2017-01-01T11:31:00Z,564,American / Dallas/Fort Worth International Airport (DFW)
AA,DFW,Departure,2017-01-01T11:41:00Z,521,American / Dallas/Fort Worth International Airport (DFW)
AA,DFW,Departure,2017-01-01T11:51:00Z,391,American / Dallas/Fort Worth International Airport (DFW)
AA,DFW,Departure,2017-01-01T12:01:00Z,797,American / Dallas/Fort Worth International Airport (DFW)
AA,DFW,Departure,2017-01-01T12:11:00Z,2157,American / Dallas/Fort Worth International Airport (DFW)
AA,DFW,Departure,2017-01-01T12:21:00Z,2829,American / Dallas/Fort Worth International Airport (DFW)
AA,DFW,Departure,2017-01-01T12:31:00Z,2926,American / Dallas/Fort Worth International Airport (DFW)
AA,DFW,Departure,2017-01-01T12:41:00Z,2665,American / Dallas/Fort Worth International Airport (DFW)
AA,DFW,Departure,2017-01-01T12:51:00Z,2168,American / Dallas/Fort Worth International Airport (DFW)
AA,DFW,Departure,2017-01-01T13:01:00Z,1339,American / Dallas/Fort Worth International Airport (DFW)
AA,DFW,Departure,2017-01-01T13:11:00Z,1011,American / Dallas/Fort Worth International Airport (DFW)
AA,DFW,Departure,2017-01-01T13:21:00Z,929,American / Dallas/Fort Worth International Airport (DFW)
AA,DFW,Departure,2017-01-01T13:31:00Z,469,American / Dallas/Fort Worth International Airport (DFW)
AA,DFW,Departure,2017-01-01T13:41:00Z,617,American / Dallas/Fort Worth International Airport (DFW)
AA,DFW,Departure,2017-01-01T13:51:00Z,552,American / Dallas/Fort Worth International Airport (DFW)
AA,DFW,Departure,2017-01-01T14:01:00Z,540,American / Dallas/Fort Worth International Airport (DFW)
AA,DFW,Departure,2017-01-01T14:11:00Z,663,American / Dallas/Fort Worth International Airport (DFW)
AA,DFW,Departure,2017-01-01T14:21:00Z,2710,American / Dallas/Fort Worth International Airport (DFW)
AA,DFW,Departure,2017-01-01T14:31:00Z,2692,American / Dallas/Fort Worth International Airport (DFW)
AA,DFW,Departure,2017-01-01T14:41:00Z,2404,American / Dallas/Fort Worth International Airport (DFW)
AA,DFW,Departure,2017-01-01T14:51:00Z,2061,American / Dallas/Fort Worth International Airport (DFW)
AA,DFW,Departure,2017-01-01T15:01:00Z,1159,American / Dallas/Fort Worth International Airport (DFW)
AA,DFW,Departure,2017-01-01T15:11:00Z,946,American / Dallas/Fort Worth International Airport (DFW)
AA,DFW,Departure,2017-01-01T15:21:00Z,1023,American / Dallas/Fort Worth International Airport (DFW)
AA,DFW,Departure,2017-01-01T15:31:00Z,513,American / Dallas/Fort Worth International Airport (DFW)
AA,DFW,Departure,2017-01-01T15:41:00Z,351,American / Dallas/Fort Worth International Airport (DFW)
AA,DFW,Departure,2017-01-01T15:51:00Z,491,American / Dallas/Fort Worth International Airport (DFW)
AA,DFW,Departure,2017-01-01T16:01:00Z,344,American / Dallas/Fort Worth International Airport (DFW)
AA,DFW,Departure,2017-01-01T16:11:00Z,530,American / Dallas/Fort Worth International Airport (DFW)
AA,DFW,Departure,2017-01-01T16:21:00Z,1625,American / Dallas/Fort Worth International Airport (DFW)
AA,DFW,Departure,2017-01-01T16:31:00Z,2376,American / Dallas/Fort Worth International Airport (DFW)
AA,DFW,Departure,2017-01-01T16:41:00Z,2284,American / Dallas/Fort Worth International Airport (DFW)
AA,DFW,Departure,2017-01-01T16:51:00Z,2084,American / Dallas/Fort Worth International Airport (DFW)
AA,DFW,Departure,2017-01-01T17:01:00Z,1175,American / Dallas/Fort Worth International Airport (DFW)
AA,DFW,Departure,2017-01-01T17:11:00Z,883,American / Dallas/Fort Worth International Airport (DFW)
AA,DFW,Departure,2017-01-01T17:21:00Z,1054,American / Dallas/Fort Worth International Airport (DFW)
AA,DFW,Departure,2017-01-01T17:31:00Z,1013,American / Dallas/Fort Worth International Airport (DFW)
AA,DFW,Departure,2017-01-01T17:41:00Z,880,American / Dallas/Fort Worth International Airport (DFW)
AA,DFW,Departure,2017-01-01T17:51:00Z,608,American / Dallas/Fort Worth International Airport (DFW)
AA,DFW,Departure,2017-01-01T18:01:00Z,419,American / Dallas/Fort Worth International Airport (DFW)
AA,DFW,Departure,2017-01-01T18:11:00Z,653,American / Dallas/Fort Worth International Airport (DFW)
AA,DFW,Departure,2017-01-01T18:21:00Z,3374,American / Dallas/Fort Worth International Airport (DFW)
AA,DFW,Departure,2017-01-01T18:31:00Z,3042,American / Dallas/Fort Worth International Airport (DFW)
AA,DFW,Departure,2017-01-01T18:41:00Z,3726,American / Dallas/Fort Worth International Airport (DFW)
AA,DFW,Departure,2017-01-01T18:51:00Z,3169,American / Dallas/Fort Worth International Airport (DFW)
AA,DFW,Departure,2017-01-01T19:01:00Z,1730,American / Dallas/Fort Worth International Airport (DFW)
AA,DFW,Departure,2017-01-01T19:11:00Z,1025,American / Dallas/Fort Worth International Airport (DFW)
AA,DFW,Departure,2017-01-01T19:21:00Z,720,American / Dallas/Fort Worth International Airport (DFW)
AA,DFW,Departure,2017-01-01T19:31:00Z,558,American / Dallas/Fort Worth International Airport (DFW)
AA,DFW,Departure,2017-01-01T19:41:00Z,429,American / Dallas/Fort Worth International Airport (DFW)
AA,DFW,Departure,2017-01-01T19:51:00Z,370,American / Dallas/Fort Worth International Airport (DFW)
AA,DFW,Departure,2017-01-01T20:01:00Z,1020,American / Dallas/Fort Worth International Airport (DFW)
AA,DFW,Departure,2017-01-01T20:11:00Z,2481,American / Dallas/Fort Worth International Airport (DFW)
AA,DFW,Departure,2017-01-01T20:21:00Z,3449,American / Dallas/Fort Worth International Airport (DFW)
AA,DFW,Departure,2017-01-01T20:31:00Z,3035,American / Dallas/Fort Worth International Airport (DFW)
AA,DFW,Departure,2017-01-01T20:41:00Z,1893,American / Dallas/Fort Worth International Airport (DFW)
AA,DFW,Departure,2017-01-01T20:51:00Z,984,American / Dallas/Fort Worth International Airport (DFW)
AA,DFW,Departure,2017-01-01T21:01:00Z,586,American / Dallas/Fort Worth International Airport (DFW)
AA,DFW,Departure,2017-01-01T21:11:00Z,466,American / Dallas/Fort Worth International Airport (DFW)
AA,DFW,Departure,2017-01-01T21:21:00Z,375,American / Dallas/Fort Worth International Airport (DFW)
AA,DFW,Departure,2017-01-01T21:31:00Z,298,American / Dallas/Fort Worth International Airport (DFW)
AA,DFW,Departure,2017-01-01T21:41:00Z,278,American / Dallas/Fort Worth International Airport (DFW)
AA,DFW,Departure,2017-01-01T21:51:00Z,649,American / Dallas/Fort Worth International Airport (DFW)
AA,DFW,Departure,2017-01-01T22:01:00Z,1663,American / Dallas/Fort Worth International Airport (DFW)
AA,DFW,Departure,2017-01-01T22:11:00Z,1543,American / Dallas/Fort Worth International Airport (DFW)
AA,DFW,Departure,2017-01-01T22:21:00Z,1138,American / Dallas/Fort Worth International Airport (DFW)
AA,DFW,Departure,2017-01-01T22:31:00Z,507,American / Dallas/Fort Worth International Airport (DFW)
AA,DFW,Departure,2017-01-01T22:41:00Z,327,American / Dallas/Fort Worth International Airport (DFW)
AA,DFW,Departure,2017-01-01T22:51:00Z,215,American / Dallas/Fort Worth International Airport (DFW)
AA,DFW,Departure,2017-01-01T23:01:00Z,179,American / Dallas/Fort Worth International Airport (DFW)
AA,DFW,Departure,2017-01-01T23:11:00Z,141,American / Dallas/Fort Worth International Airport (DFW)
AA,DFW,Departure,2017-01-01T23:21:00Z,126,American / Dallas/Fort Worth International Airport (DFW)
AA,DFW,Departure,2017-01-01T23:31:00Z,87,American / Dallas/Fort Worth International Airport (DFW)
AA,DFW,Departure,2017-01-01T23:41:00Z,138,American / Dallas/Fort Worth International Airport (DFW)
AA,DFW,Departure,2017-01-01T23:51:00Z,139,American / Dallas/Fort Worth International Airport (DFW)
AA,EGE,Arrival,2017-01-01T00:21:00Z,-1,American / Eagle County Regional Airport (EGE)
AA,EGE,Arrival,2017-01-01T08:01:00Z,-1,American / Eagle County Regional Airport (EGE)
AA,EGE,Arrival,2017-01-01T08:41:00Z,-2,American / Eagle County Regional Airport (EGE)
AA,EGE,Arrival,2017-01-01T09:01:00Z,-1,American / Eagle County Regional Airport (EGE)
AA,EGE,Arrival,2017-01-01T09:11:00Z,-2,American / Eagle County Regional Airport (EGE)
AA,EGE,Arrival,2017-01-01T09:21:00Z,-2,American / Eagle County Regional Airport (EGE)
AA,EGE,Arrival,2017-01-01T09:31:00Z,-1,American / Eagle County Regional Airport (EGE)
AA,EGE,Arrival,2017-01-01T09:41:00Z,-6,American / Eagle County Regional Airport (EGE)
AA,EGE,Arrival,2017-01-01T09:51:00Z,-2,American / Eagle County Regional Airport (EGE)
AA,EGE,Arrival,2017-01-01T10:01:00Z,-12,American / Eagle County Regional Airport (EGE)
AA,EGE,Arrival,2017-01-01T10:11:00Z,-10,American / Eagle County Regional Airport (EGE)
AA,EGE,Arrival,2017-01-01T10:21:00Z,-6,American / Eagle County Regional Airport (EGE)
AA,EGE,Arrival,2017-01-01T10:31:00Z,-8,American / Eagle County Regional Airport (EGE)
AA,EGE,Arrival,2017-01-01T10:41:00Z,-6,American / Eagle County Regional Airport (EGE)
AA,EGE,Arrival,2017-01-01T10:51:00Z,-6,American / Eagle County Regional Airport (EGE)
AA,EGE,Arrival,2017-01-01T11:01:00Z,-8,American / Eagle County Regional Airport (EGE)
AA,EGE,Arrival,2017-01-01T11:11:00Z,-7,American / Eagle County Regional Airport (EGE)
AA,EGE,Arrival,2017-01-01T11:21:00Z,-9,American / Eagle County Regional Airport (EGE)
AA,EGE,Arrival,2017-01-01T11:31:00Z,-33,American / Eagle County Regional Airport (EGE)
AA,EGE,Arrival,2017-01-01T11:41:00Z,-49,American / Eagle County Regional Airport (EGE)
AA,EGE,Arrival,2017-01-01T11:51:00Z,-44,American / Eagle County Regional Airport (EGE)
AA,EGE,Arrival,2017-01-01T12:01:00Z,-37,American / Eagle County Regional Airport (EGE)
AA,EGE,Arrival,2017-01-01T12:11:00Z,-24,American / Eagle County Regional Airport (EGE)
AA,EGE,Arrival,2017-01-01T12:21:00Z,-24,American / Eagle County Regional Airport (EGE)
AA,EGE,Arrival,2017-01-01T12:31:00Z,-8,American / Eagle County Regional Airport (EGE)
AA,EGE,Arrival,2017-01-01T12:41:00Z,-16,American / Eagle County Regional Airport (EGE)
AA,EGE,Arrival,2017-01-01T12:51:00Z,-15,American / Eagle County Regional Airport (EGE)
AA,EGE,Arrival,2017-01-01T13:01:00Z,-24,American / Eagle County Regional Airport (EGE)
AA,EGE,Arrival,2017-01-01T13:11:00Z,-37,American / Eagle County Regional Airport (EGE)
AA,EGE,Arrival,2017-01-01T13:21:00Z,-15,American / Eagle County Regional Airport (EGE)
AA,EGE,Arrival,2017-01-01T13:31:00Z,-14,American / Eagle County Regional Airport (EGE)
AA,EGE,Arrival,2017-01-01T13:41:00Z,-9,American / Eagle County Regional Airport (EGE)
AA,EGE,Arrival,2017-01-01T13:51:00Z,-8,American / Eagle County Regional Airport (EGE)
AA,EGE,Arrival,2017-01-01T14:01:00Z,-6,American / Eagle County Regional Airport (EGE)
AA,EGE,Arrival,2017-01-01T14:11:00Z,-6,American / Eagle County Regional Airport (EGE)
AA,EGE,Arrival,2017-01-01T14:21:00Z,-8,American / Eagle County Regional Airport (EGE)
AA,EGE,Arrival,2017-01-01T14:31:00Z,-27,American / Eagle County Regional Airport (EGE)
AA,EGE,Arrival,2017-01-01T14:41:00Z,-18,American / Eagle County Regional Airport (EGE)
AA,EGE,Arrival,2017-01-01T14:51:00Z,-18,American / Eagle County Regional Airport (EGE)
AA,EGE,Arrival,2017-01-01T15:01:00Z,-7,American / Eagle County Regional Airport (EGE)
AA,EGE,Arrival,2017-01-01T15:11:00Z,-4,American / Eagle County Regional Airport (EGE)
AA,EGE,Arrival,2017-01-01T15:21:00Z,-2,American / Eagle County Regional Airport (EGE)
AA,EGE,Arrival,2017-01-01T15:31:00Z,-1,American / Eagle County Regional Airport (EGE)
AA,EGE,Arrival,2017-01-01T15:41:00Z,-4,American / Eagle County Regional Airport (EGE)
AA,EGE,Arrival,2017-01-01T15:51:00Z,-3,American / Eagle County Regional Airport (EGE)
AA,EGE,Arrival,2017-01-01T16:11:00Z,-1,American / Eagle County Regional Airport (EGE)
AA,EGE,Arrival,2017-01-01T16:21:00Z,-1,American / Eagle County Regional Airport (EGE)
AA,EGE,Arrival,2017-01-01T16:41:00Z,-2,American / Eagle County Regional Airport (EGE)
AA,EGE,Arrival,2017-01-01T16:51:00Z,-3,American / Eagle County Regional Airport (EGE)
AA,EGE,Arrival,2017-01-01T17:11:00Z,-1,American / Eagle County Regional Airport (EGE)
AA,EGE,Arrival,2017-01-01T17:21:00Z,-2,American / Eagle County Regional Airport (EGE)
AA,EGE,Arrival,2017-01-01T17:31:00Z,-8,American / Eagle County Regional Airport (EGE)
AA,EGE,Arrival,2017-01-01T17:41:00Z,-29,American / Eagle County Regional Airport (EGE)
AA,EGE,Arrival,2017-01-01T17:51:00Z,-40,American / Eagle County Regional Airport (EGE)
AA,EGE,Arrival,2017-01-01T18:01:00Z,-28,American / Eagle County Regional Airport (EGE)
AA,EGE,Arrival,2017-01-01T18:11:00Z,-49,American / Eagle County Regional Airport (EGE)
AA,EGE,Arrival,2017-01-01T18:21:00Z,-22,American / Eagle County Regional Airport (EGE)
AA,EGE,Arrival,2017-01-01T18:31:00Z,-19,American / Eagle County Regional Airport (EGE)
AA,EGE,Arrival,2017-01-01T18:41:00Z,-10,American / Eagle County Regional Airport (EGE)
AA,EGE,Arrival,2017-01-01T18:51:00Z,-8,American / Eagle County Regional Airport (EGE)
AA,EGE,Arrival,2017-01-01T19:01:00Z,-8,American / Eagle County Regional Airport (EGE)
AA,EGE,Arrival,2017-01-01T19:11:00Z,-6,American / Eagle County Regional Airport (EGE)
AA,EGE,Arrival,2017-01-01T19:21:00Z,-5,American / Eagle County Regional Airport (EGE)
AA,EGE,Arrival,2017-01-01T19:31:00Z,-11,American / Eagle County Regional Airport (EGE)
AA,EGE,Arrival,2017-01-01T19:41:00Z,-18,American / Eagle County Regional Airport (EGE)
AA,EGE,Arrival,2017-01-01T19:51:00Z,-19,American / Eagle County Regional Airport (EGE)
AA,EGE,Arrival,2017-01-01T20:01:00Z,-20,American / Eagle County Regional Airport (EGE)
AA,EGE,Arrival,2017-01-01T20:11:00Z,-7,American / Eagle County Regional Airport (EGE)
AA,EGE,Arrival,2017-01-01T20:21:00Z,-10,American / Eagle County Regional Airport (EGE)
AA,EGE,Arrival,2017-01-01T20:31:00Z,-5,American / Eagle County Regional Airport (EGE)
AA,EGE,Arrival,2017-01-01T20:41:00Z,-5,American / Eagle County Regional Airport (EGE)
AA,EGE,Arrival,2017-01-01T20:51:00Z,-3,American / Eagle County Regional Airport (EGE)
AA,EGE,Arrival,2017-01-01T21:21:00Z,-2,American / Eagle County Regional Airport (EGE)
AA,EGE,Arrival,2017-01-01T21:31:00Z,-1,American / Eagle County Regional Airport (EGE)
AA,EGE,Arrival,2017-01-01T21:41:00Z,-2,American / Eagle County Regional Airport (EGE)
AA,EGE,Arrival,2017-01-01T21:51:00Z,-2,American / Eagle County Regional Airport (EGE)
AA,EGE,Arrival,2017-01-01T22:01:00Z,-2,American / Eagle County Regional Airport (EGE)
AA,EGE,Arrival,2017-01-01T22:21:00Z,-1,American / Eagle County Regional Airport (EGE)
AA,EGE,Arrival,2017-01-01T22:41:00Z,-1,American / Eagle County Regional Airport (EGE)
AA,EGE,Arrival,2017-01-01T22:51:00Z,-2,American / Eagle County Regional Airport (EGE)
AA,EGE,Departure,2017-01-01T07:01:00Z,1,American / Eagle County Regional Airport (EGE)
AA,EGE,Departure,2017-01-01T07:41:00Z,1,American / Eagle County Regional Airport (EGE)
AA,EGE,Departure,2017-01-01T07:51:00Z,18,American / Eagle County Regional Airport (EGE)
AA,EGE,Departure,2017-01-01T08:01:00Z,82,American / Eagle County Regional Airport (EGE)
AA,EGE,Departure,2017-01-01T08:11:00Z,20,American / Eagle County Regional Airport (EGE)
AA,EGE,Departure,2017-01-01T08:21:00Z,6,American / Eagle County Regional Airport (EGE)
AA,EGE,Departure,2017-01-01T08:31:00Z,6,American / Eagle County Regional Airport (EGE)
AA,EGE,Departure,2017-01-01T08:41:00Z,31,American / Eagle County Regional Airport (EGE)
AA,EGE,Departure,2017-01-01T08:51:00Z,32,American / Eagle County Regional Airport (EGE)
AA,EGE,Departure,2017-01-01T09:01:00Z,5,American / Eagle County Regional Airport (EGE)
AA,EGE,Departure,2017-01-01T09:11:00Z,6,American / Eagle County Regional Airport (EGE)
AA,EGE,Departure,2017-01-01T09:21:00Z,3,American / Eagle County Regional Airport (EGE)
AA,EGE,Departure,2017-01-01T09:31:00Z,14,American / Eagle County Regional Airport (EGE)
AA,EGE,Departure,2017-01-01T09:41:00Z,2,American / Eagle County Regional Airport (EGE)
AA,EGE,Departure,2017-01-01T09:51:00Z,4,American / Eagle County Regional Airport (EGE)
AA,EGE,Departure,2017-01-01T10:01:00Z,1,American / Eagle County Regional Airport (EGE)
AA,EGE,Departure,2017-01-01T10:11:00Z,3,American / Eagle County Regional Airport (EGE)
AA,EGE,Departure,2017-01-01T10:21:00Z,2,American / Eagle County Regional Airport (EGE)
AA,EGE,Departure,2017-01-01T10:31:00Z,4,American / Eagle County Regional Airport (EGE)
AA,EGE,Departure,2017-01-01T10:41:00Z,10,American / Eagle County Regional Airport (EGE)
AA,EGE,Departure,2017-01-01T10:51:00Z,20,American / Eagle County Regional Airport (EGE)
AA,EGE,Departure,2017-01-01T11:01:00Z,5,American / Eagle County Regional Airport (EGE)
AA,EGE,Departure,2017-01-01T11:11:00Z,7,American / Eagle County Regional Airport (EGE)
AA,EGE,Departure,2017-01-01T11:21:00Z,4,American / Eagle County Regional Airport (EGE)
AA,EGE,Departure,2017-01-01T11:31:00Z,10,American / Eagle County Regional Airport (EGE)
AA,EGE,Departure,2017-01-01T11:41:00Z,4,American / Eagle County Regional Airport (EGE)
AA,EGE,Departure,2017-01-01T11:51:00Z,4,American / Eagle County Regional Airport (EGE)
AA,EGE,Departure,2017-01-01T12:01:00Z,5,American / Eagle County Regional Airport (EGE)
AA,EGE,Departure,2017-01-01T12:11:00Z,11,American / Eagle County Regional Airport (EGE)
AA,EGE,Departure,2017-01-01T12:21:00Z,29,American / Eagle County Regional Airport (EGE)
AA,EGE,Departure,2017-01-01T12:31:00Z,45,American / Eagle County Regional Airport (EGE)
AA,EGE,Departure,2017-01-01T12:41:00Z,15,American / Eagle County Regional Airport (EGE)
AA,EGE,Departure,2017-01-01T12:51:00Z,44,American / Eagle County Regional Airport (EGE)
AA,EGE,Departure,2017-01-01T13:01:00Z,22,American / Eagle County Regional Airport (EGE)
AA,EGE,Departure,2017-01-01T13:11:00Z,7,American / Eagle County Regional Airport (EGE)
AA,EGE,Departure,2017-01-01T13:21:00Z,13,American / Eagle County Regional Airport (EGE)
AA,EGE,Departure,2017-01-01T13:31:00Z,54,American / Eagle County Regional Airport (EGE)
AA,EGE,Departure,2017-01-01T13:41:00Z,13,American / Eagle County Regional Airport (EGE)
AA,EGE,Departure,2017-01-01T13:51:00Z,42,American / Eagle County Regional Airport (EGE)
AA,EGE,Departure,2017-01-01T14:01:00Z,35,American / Eagle County Regional Airport (EGE)
AA,EGE,Departure,2017-01-01T14:11:00Z,16,American / Eagle County Regional Airport (EGE)
AA,EGE,Departure,2017-01-01T14:21:00Z,11,American / Eagle County Regional Airport (EGE)
AA,EGE,Departure,2017-01-01T14:31:00Z,7,American / Eagle County Regional Airport (EGE)
AA,EGE,Departure,2017-01-01T14:41:00Z,4,American / Eagle County Regional Airport (EGE)
AA,EGE,Departure,2017-01-01T14:51:00Z,5,American / Eagle County Regional Airport (EGE)
AA,EGE,Departure,2017-01-01T15:01:00Z,3,American / Eagle County Regional Airport (EGE)
AA,EGE,Departure,2017-01-01T15:11:00Z,7,American / Eagle County Regional Airport (EGE)
AA,EGE,Departure,2017-01-01T15:21:00Z,3,American / Eagle County Regional Airport (EGE)
AA,EGE,Departure,2017-01-01T15:31:00Z,13,American / Eagle County Regional Airport (EGE)
AA,EGE,Departure,2017-01-01T15:41:00Z,35,American / Eagle County Regional Airport (EGE)
AA,EGE,Departure,2017-01-01T15:51:00Z,23,American / Eagle County Regional Airport (EGE)
AA,EGE,Departure,2017-01-01T16:01:00Z,5,American / Eagle County Regional Airport (EGE)
AA,EGE,Departure,2017-01-01T16:11:00Z,2,American / Eagle County Regional Airport (EGE)
AA,EGE,Departure,2017-01-01T16:21:00Z,4,American / Eagle County Regional Airport (EGE)
AA,EGE,Departure,2017-01-01T16:31:00Z,3,American / Eagle County Regional Airport (EGE)
AA,EGE,Departure,2017-01-01T17:01:00Z,1,American / Eagle County Regional Airport (EGE)
AA,EGE,Departure,2017-01-01T17:11:00Z,1,American / Eagle County Regional Airport (EGE)
AA,EGE,Departure,2017-01-01T17:21:00Z,2,American / Eagle County Regional Airport (EGE)
AA,EGE,Departure,2017-01-01T17:31:00Z,1,American / Eagle County Regional Airport (EGE)
AA,EGE,Departure,2017-01-01T17:41:00Z,2,American / Eagle County Regional Airport (EGE)
AA,EGE,Departure,2017-01-01T18:01:00Z,2,American / Eagle County Regional Airport (EGE)
AA,EGE,Departure,2017-01-01T18:11:00Z,3,American / Eagle County Regional Airport (EGE)
AA,EGE,Departure,2017-01-01T18:21:00Z,17,American / Eagle County Regional Airport (EGE)
AA,EGE,Departure,2017-01-01T18:31:00Z,40,American / Eagle County Regional Airport (EGE)
AA,EGE,Departure,2017-01-01T18:41:00Z,10,American / Eagle County Regional Airport (EGE)
AA,EGE,Departure,2017-01-01T18:51:00Z,10,American / Eagle County Regional Airport (EGE)
AA,EGE,Departure,2017-01-01T19:01:00Z,3,American / Eagle County Regional Airport (EGE)
AA,EGE,Departure,2017-01-01T19:11:00Z,6,American / Eagle County Regional Airport (EGE)
AA,EGE,Departure,2017-01-01T19:21:00Z,3,American / Eagle County Regional Airport (EGE)
AA,EGE,Departure,2017-01-01T19:31:00Z,5,American / Eagle County Regional Airport (EGE)
AA,EGE,Departure,2017-01-01T19:41:00Z,5,American / Eagle County Regional Airport (EGE)
AA,EGE,Departure,2017-01-01T19:51:00Z,1,American / Eagle County Regional Airport (EGE)
AA,EGE,Departure,2017-01-01T20:01:00Z,1,American / Eagle County Regional Airport (EGE)
AA,EGE,Departure,2017-01-01T20:11:00Z,1,American / Eagle County Regional Airport (EGE)
AA,EGE,Departure,2017-01-01T20:21:00Z,1,American / Eagle County Regional Airport (EGE)
AA,EGE,Departure,2017-01-01T20:31:00Z,3,American / Eagle County Regional Airport (EGE)
AA,EGE,Departure,2017-01-01T20:51:00Z,3,American / Eagle County Regional Airport (EGE)
AA,EGE,Departure,2017-01-01T23:21:00Z,1,American / Eagle County Regional Airport (EGE)
AA,LAX,Arrival,2017-01-01T00:01:00Z,-306,American / Los Angeles International Airport (LAX)
AA,LAX,Arrival,2017-01-01T00:11:00Z,-277,American / Los Angeles International Airport (LAX)
AA,LAX,Arrival,2017-01-01T00:21:00Z,-240,American / Los Angeles International Airport (LAX)
AA,LAX,Arrival,2017-01-01T00:31:00Z,-163,American / Los Angeles International Airport (LAX)
AA,LAX,Arrival,2017-01-01T00:41:00Z,-138,American / Los Angeles International Airport (LAX)
AA,LAX,Arrival,2017-01-01T00:51:00Z,-110,American / Los Angeles International Airport (LAX)
AA,LAX,Arrival,2017-01-01T01:01:00Z,-70,American / Los Angeles International Airport (LAX)
AA,LAX,Arrival,2017-01-01T01:11:00Z,-62,American / Los Angeles International Airport (LAX)
AA,LAX,Arrival,2017-01-01T01:21:00Z,-64,American / Los Angeles International Airport (LAX)
AA,LAX,Arrival,2017-01-01T01:31:00Z,-40,American / Los Angeles International Airport (LAX)
AA,LAX,Arrival,2017-01-01T01:41:00Z,-29,American / Los Angeles International Airport (LAX)
AA,LAX,Arrival,2017-01-01T01:51:00Z,-37,American / Los Angeles International Airport (LAX)
AA,LAX,Arrival,2017-01-01T02:01:00Z,-18,American / Los Angeles International Airport (LAX)
AA,LAX,Arrival,2017-01-01T02:11:00Z,-12,American / Los Angeles International Airport (LAX)
AA,LAX,Arrival,2017-01-01T02:21:00Z,-17,American / Los Angeles International Airport (LAX)
AA,LAX,Arrival,2017-01-01T02:31:00Z,-11,American / Los Angeles International Airport (LAX)
AA,LAX,Arrival,2017-01-01T02:41:00Z,-10,American / Los Angeles International Airport (LAX)
AA,LAX,Arrival,2017-01-01T02:51:00Z,-4,American / Los Angeles International Airport (LAX)
AA,LAX,Arrival,2017-01-01T03:01:00Z,-7,American / Los Angeles International Airport (LAX)
AA,LAX,Arrival,2017-01-01T03:11:00Z,-2,American / Los Angeles International Airport (LAX)
AA,LAX,Arrival,2017-01-01T03:21:00Z,-2,American / Los Angeles International Airport (LAX)
AA,LAX,Arrival,2017-01-01T03:31:00Z,-5,American / Los Angeles International Airport (LAX)
AA,LAX,Arrival,2017-01-01T03:51:00Z,-2,American / Los Angeles International Airport (LAX)
AA,LAX,Arrival,2017-01-01T04:01:00Z,-2,American / Los Angeles International Airport (LAX)
AA,LAX,Arrival,2017-01-01T04:21:00Z,-2,American / Los Angeles International Airport (LAX)
AA,LAX,Arrival,2017-01-01T04:41:00Z,-1,American / Los Angeles International Airport (LAX)
AA,LAX,Arrival,2017-01-01T04:51:00Z,-1,American / Los Angeles International Airport (LAX)
AA,LAX,Arrival,2017-01-01T05:01:00Z,-1,American / Los Angeles International Airport (LAX)
AA,LAX,Arrival,2017-01-01T05:21:00Z,-1,American / Los Angeles International Airport (LAX)
AA,LAX,Arrival,2017-01-01T06:11:00Z,-1,American / Los Angeles International Airport (LAX)
AA,LAX,Arrival,2017-01-01T06:41:00Z,-1,American / Los Angeles International Airport (LAX)
AA,LAX,Arrival,2017-01-01T06:51:00Z,-16,American / Los Angeles International Airport (LAX)
AA,LAX,Arrival,2017-01-01T07:01:00Z,-68,American / Los Angeles International Airport (LAX)
AA,LAX,Arrival,2017-01-01T07:11:00Z,-120,American / Los Angeles International Airport (LAX)
AA,LAX,Arrival,2017-01-01T07:21:00Z,-54,American / Los Angeles International Airport (LAX)
AA,LAX,Arrival,2017-01-01T07:31:00Z,-34,American / Los Angeles International Airport (LAX)
AA,LAX,Arrival,2017-01-01T07:41:00Z,-26,American / Los Angeles International Airport (LAX)
AA,LAX,Arrival,2017-01-01T07:51:00Z,-62,American / Los Angeles International Airport (LAX)
AA,LAX,Arrival,2017-01-01T08:01:00Z,-149,American / Los Angeles International Airport (LAX)
AA,LAX,Arrival,2017-01-01T08:11:00Z,-230,American / Los Angeles International Airport (LAX)
AA,LAX,Arrival,2017-01-01T08:21:00Z,-279,American / Los Angeles International Airport (LAX)
AA,LAX,Arrival,2017-01-01T08:31:00Z,-512,American / Los Angeles International Airport (LAX)
AA,LAX,Arrival,2017-01-01T08:41:00Z,-585,American / Los Angeles International Airport (LAX)
AA,LAX,Arrival,2017-01-01T08:51:00Z,-499,American / Los Angeles International Airport (LAX)
AA,LAX,Arrival,2017-01-01T09:01:00Z,-416,American / Los Angeles International Airport (LAX)
AA,LAX,Arrival,2017-01-01T09:11:00Z,-297,American / Los Angeles International Airport (LAX)
AA,LAX,Arrival,2017-01-01T09:21:00Z,-180,American / Los Angeles International Airport (LAX)
AA,LAX,Arrival,2017-01-01T09:31:00Z,-160,American / Los Angeles International Airport (LAX)
AA,LAX,Arrival,2017-01-01T09:41:00Z,-245,American / Los Angeles International Airport (LAX)
AA,LAX,Arrival,2017-01-01T09:51:00Z,-501,American / Los Angeles International Airport (LAX)
AA,LAX,Arrival,2017-01-01T10:01:00Z,-621,American / Los Angeles International Airport (LAX)
AA,LAX,Arrival,2017-01-01T10:11:00Z,-626,American / Los Angeles International Airport (LAX)
AA,LAX,Arrival,2017-01-01T10:21:00Z,-528,American / Los Angeles International Airport (LAX)
AA,LAX,Arrival,2017-01-01T10:31:00Z,-404,American / Los Angeles International Airport (LAX)
AA,LAX,Arrival,2017-01-01T10:41:00Z,-320,American / Los Angeles International Airport (LAX)
AA,LAX,Arrival,2017-01-01T10:51:00Z,-258,American / Los Angeles International Airport (LAX)
AA,LAX,Arrival,2017-01-01T11:01:00Z,-195,American / Los Angeles International Airport (LAX)
AA,LAX,Arrival,2017-01-01T11:11:00Z,-331,American / Los Angeles International Airport (LAX)
AA,LAX,Arrival,2017-01-01T11:21:00Z,-386,American / Los Angeles International Airport (LAX)
AA,LAX,Arrival,2017-01-01T11:31:00Z,-438,American / Los Angeles International Airport (LAX)
AA,LAX,Arrival,2017-01-01T11:41:00Z,-437,American / Los Angeles International Airport (LAX)
AA,LAX,Arrival,2017-01-01T11:51:00Z,-374,American / Los Angeles International Airport (LAX)
AA,LAX,Arrival,2017-01-01T12:01:00Z,-365,American / Los Angeles International Airport (LAX)
AA,LAX,Arrival,2017-01-01T12:11:00Z,-311,American / Los Angeles International Airport (LAX)
AA,LAX,Arrival,2017-01-01T12:21:00Z,-257,American / Los Angeles International Airport (LAX)
AA,LAX,Arrival,2017-01-01T12:31:00Z,-269,American / Los Angeles International Airport (LAX)
AA,LAX,Arrival,2017-01-01T12:41:00Z,-305,American / Los Angeles International Airport (LAX)
AA,LAX,Arrival,2017-01-01T12:51:00Z,-322,American / Los Angeles International Airport (LAX)
AA,LAX,Arrival,2017-01-01T13:01:00Z,-299,American / Los Angeles International Airport (LAX)
AA,LAX,Arrival,2017-01-01T13:11:00Z,-245,American / Los Angeles International Airport (LAX)
AA,LAX,Arrival,2017-01-01T13:21:00Z,-217,American / Los Angeles International Airport (LAX)
AA,LAX,Arrival,2017-01-01T13:31:00Z,-186,American / Los Angeles International Airport (LAX)
AA,LAX,Arrival,2017-01-01T13:41:00Z,-195,American / Los Angeles International Airport (LAX)
AA,LAX,Arrival,2017-01-01T13:51:00Z,-162,American / Los Angeles International Airport (LAX)
AA,LAX,Arrival,2017-01-01T14:01:00Z,-228,American / Los Angeles International Airport (LAX)
AA,LAX,Arrival,2017-01-01T14:11:00Z,-339,American / Los Angeles International Airport (LAX)
AA,LAX,Arrival,2017-01-01T14:21:00Z,-256,American / Los Angeles International Airport (LAX)
AA,LAX,Arrival,2017-01-01T14:31:00Z,-215,American / Los Angeles International Airport (LAX)
AA,LAX,Arrival,2017-01-01T14:41:00Z,-211,American / Los Angeles International Airport (LAX)
AA,LAX,Arrival,2017-01-01T14:51:00Z,-206,American / Los Angeles International Airport (LAX)
AA,LAX,Arrival,2017-01-01T15:01:00Z,-291,American / Los Angeles International Airport (LAX)
AA,LAX,Arrival,2017-01-01T15:11:00Z,-299,American / Los Angeles International Airport (LAX)
AA,LAX,Arrival,2017-01-01T15:21:00Z,-300,American / Los Angeles International Airport (LAX)
AA,LAX,Arrival,2017-01-01T15:31:00Z,-371,American / Los Angeles International Airport (LAX)
AA,LAX,Arrival,2017-01-01T15:41:00Z,-516,American / Los Angeles International Airport (LAX)
AA,LAX,Arrival,2017-01-01T15:51:00Z,-368,American / Los Angeles International Airport (LAX)
AA,LAX,Arrival,2017-01-01T16:01:00Z,-252,American / Los Angeles International Airport (LAX)
AA,LAX,Arrival,2017-01-01T16:11:00Z,-213,American / Los Angeles International Airport (LAX)
AA,LAX,Arrival,2017-01-01T16:21:00Z,-164,American / Los Angeles International Airport (LAX)
AA,LAX,Arrival,2017-01-01T16:31:00Z,-139,American / Los Angeles International Airport (LAX)
AA,LAX,Arrival,2017-01-01T16:41:00Z,-122,American / Los Angeles International Airport (LAX)
AA,LAX,Arrival,2017-01-01T16:51:00Z,-159,American / Los Angeles International Airport (LAX)
AA,LAX,Arrival,2017-01-01T17:01:00Z,-280,American / Los Angeles International Airport (LAX)
AA,LAX,Arrival,2017-01-01T17:11:00Z,-319,American / Los Angeles International Airport (LAX)
AA,LAX,Arrival,2017-01-01T17:21:00Z,-254,American / Los Angeles International Airport (LAX)
AA,LAX,Arrival,2017-01-01T17:31:00Z,-299,American / Los Angeles International Airport (LAX)
AA,LAX,Arrival,2017-01-01T17:41:00Z,-316,American / Los Angeles International Airport (LAX)
AA,LAX,Arrival,2017-01-01T17:51:00Z,-440,American / Los Angeles International Airport (LAX)
AA,LAX,Arrival,2017-01-01T18:01:00Z,-515,American / Los Angeles International Airport (LAX)
AA,LAX,Arrival,2017-01-01T18:11:00Z,-548,American / Los Angeles International Airport (LAX)
AA,LAX,Arrival,2017-01-01T18:21:00Z,-631,American / Los Angeles International Airport (LAX)
AA,LAX,Arrival,2017-01-01T18:31:00Z,-552,American / Los Angeles International Airport (LAX)
AA,LAX,Arrival,2017-01-01T18:41:00Z,-514,American / Los Angeles International Airport (LAX)
AA,LAX,Arrival,2017-01-01T18:51:00Z,-369,American / Los Angeles International Airport (LAX)
AA,LAX,Arrival,2017-01-01T19:01:00Z,-304,American / Los Angeles International Airport (LAX)
AA,LAX,Arrival,2017-01-01T19:11:00Z,-221,American / Los Angeles International Airport (LAX)
AA,LAX,Arrival,2017-01-01T19:21:00Z,-191,American / Los Angeles International Airport (LAX)
AA,LAX,Arrival,2017-01-01T19:31:00Z,-259,American / Los Angeles International Airport (LAX)
AA,LAX,Arrival,2017-01-01T19:41:00Z,-311,American / Los Angeles International Airport (LAX)
AA,LAX,Arrival,2017-01-01T19:51:00Z,-479,American / Los Angeles International Airport (LAX)
AA,LAX,Arrival,2017-01-01T20:01:00Z,-560,American / Los Angeles International Airport (LAX)
AA,LAX,Arrival,2017-01-01T20:11:00Z,-560,American / Los Angeles International Airport (LAX)
AA,LAX,Arrival,2017-01-01T20:21:00Z,-436,American / Los Angeles International Airport (LAX)
AA,LAX,Arrival,2017-01-01T20:31:00Z,-379,American / Los Angeles International Airport (LAX)
AA,LAX,Arrival,2017-01-01T20:41:00Z,-309,American / Los Angeles International Airport (LAX)
AA,LAX,Arrival,2017-01-01T20:51:00Z,-311,American / Los Angeles International Airport (LAX)
AA,LAX,Arrival,2017-01-01T21:01:00Z,-341,American / Los Angeles International Airport (LAX)
AA,LAX,Arrival,2017-01-01T21:11:00Z,-451,American / Los Angeles International Airport (LAX)
AA,LAX,Arrival,2017-01-01T21:21:00Z,-515,American / Los Angeles International Airport (LAX)
AA,LAX,Arrival,2017-01-01T21:31:00Z,-423,American / Los Angeles International Airport (LAX)
AA,LAX,Arrival,2017-01-01T21:41:00Z,-359,American / Los Angeles International Airport (LAX)
AA,LAX,Arrival,2017-01-01T21:51:00Z,-402,American / Los Angeles International Airport (LAX)
AA,LAX,Arrival,2017-01-01T22:01:00Z,-494,American / Los Angeles International Airport (LAX)
AA,LAX,Arrival,2017-01-01T22:11:00Z,-463,American / Los Angeles International Airport (LAX)
AA,LAX,Arrival,2017-01-01T22:21:00Z,-397,American / Los Angeles International Airport (LAX)
AA,LAX,Arrival,2017-01-01T22:31:00Z,-334,American / Los Angeles International Airport (LAX)
AA,LAX,Arrival,2017-01-01T22:41:00Z,-260,American / Los Angeles International Airport (LAX)
AA,LAX,Arrival,2017-01-01T22:51:00Z,-232,American / Los Angeles International Airport (LAX)
AA,LAX,Arrival,2017-01-01T23:01:00Z,-285,American / Los Angeles International Airport (LAX)
AA,LAX,Arrival,2017-01-01T23:11:00Z,-265,American / Los Angeles International Airport (LAX)
AA,LAX,Arrival,2017-01-01T23:21:00Z,-262,American / Los Angeles International Airport (LAX)
AA,LAX,Arrival,2017-01-01T23:31:00Z,-269,American / Los Angeles International Airport (LAX)
AA,LAX,Arrival,2017-01-01T23:41:00Z,-217,American / Los Angeles International Airport (LAX)
AA,LAX,Arrival,2017-01-01T23:51:00Z,-248,American / Los Angeles International Airport (LAX)
AA,LAX,Departure,2017-01-01T00:01:00Z,167,American / Los Angeles International Airport (LAX)
AA,LAX,Departure,2017-01-01T00:11:00Z,173,American / Los Angeles International Airport (LAX)
AA,LAX,Departure,2017-01-01T00:21:00Z,468,American / Los Angeles International Airport (LAX)
AA,LAX,Departure,2017-01-01T00:31:00Z,264,American / Los Angeles International Airport (LAX)
AA,LAX,Departure,2017-01-01T00:41:00Z,244,American / Los Angeles International Airport (LAX)
AA,LAX,Departure,2017-01-01T00:51:00Z,190,American / Los Angeles International Airport (LAX)
AA,LAX,Departure,2017-01-01T01:01:00Z,297,American / Los Angeles International Airport (LAX)
AA,LAX,Departure,2017-01-01T01:11:00Z,127,American / Los Angeles International Airport (LAX)
AA,LAX,Departure,2017-01-01T01:21:00Z,46,American / Los Angeles International Airport (LAX)
AA,LAX,Departure,2017-01-01T01:31:00Z,42,American / Los Angeles International Airport (LAX)
AA,LAX,Departure,2017-01-01T01:41:00Z,22,American / Los Angeles International Airport (LAX)
AA,LAX,Departure,2017-01-01T01:51:00Z,10,American / Los Angeles International Airport (LAX)
AA,LAX,Departure,2017-01-01T02:01:00Z,9,American / Los Angeles International Airport (LAX)
AA,LAX,Departure,2017-01-01T02:11:00Z,10,American / Los Angeles International Airport (LAX)
AA,LAX,Departure,2017-01-01T02:21:00Z,6,American / Los Angeles International Airport (LAX)
AA,LAX,Departure,2017-01-01T02:31:00Z,8,American / Los Angeles International Airport (LAX)
AA,LAX,Departure,2017-01-01T02:41:00Z,3,American / Los Angeles International Airport (LAX)
AA,LAX,Departure,2017-01-01T02:51:00Z,1,American / Los Angeles International Airport (LAX)
AA,LAX,Departure,2017-01-01T03:01:00Z,4,American / Los Angeles International Airport (LAX)
AA,LAX,Departure,2017-01-01T03:11:00Z,2,American / Los Angeles International Airport (LAX)
AA,LAX,Departure,2017-01-01T03:21:00Z,2,American / Los Angeles International Airport (LAX)
AA,LAX,Departure,2017-01-01T03:31:00Z,1,American / Los Angeles International Airport (LAX)
AA,LAX,Departure,2017-01-01T03:41:00Z,1,American / Los Angeles International Airport (LAX)
AA,LAX,Departure,2017-01-01T04:51:00Z,29,American / Los Angeles International Airport (LAX)
AA,LAX,Departure,2017-01-01T05:01:00Z,2,American / Los Angeles International Airport (LAX)
AA,LAX,Departure,2017-01-01T05:21:00Z,1,American / Los Angeles International Airport (LAX)
AA,LAX,Departure,2017-01-01T05:31:00Z,1,American / Los Angeles International Airport (LAX)
AA,LAX,Departure,2017-01-01T05:41:00Z,36,American / Los Angeles International Airport (LAX)
AA,LAX,Departure,2017-01-01T05:51:00Z,1331,American / Los Angeles International Airport (LAX)
AA,LAX,Departure,2017-01-01T06:01:00Z,399,American / Los Angeles International Airport (LAX)
AA,LAX,Departure,2017-01-01T06:11:00Z,370,American / Los Angeles International Airport (LAX)
AA,LAX,Departure,2017-01-01T06:21:00Z,45,American / Los Angeles International Airport (LAX)
AA,LAX,Departure,2017-01-01T06:31:00Z,31,American / Los Angeles International Airport (LAX)
AA,LAX,Departure,2017-01-01T06:41:00Z,62,American / Los Angeles International Airport (LAX)
AA,LAX,Departure,2017-01-01T06:51:00Z,566,American / Los Angeles International Airport (LAX)
AA,LAX,Departure,2017-01-01T07:01:00Z,79,American / Los Angeles International Airport (LAX)
AA,LAX,Departure,2017-01-01T07:11:00Z,59,American / Los Angeles International Airport (LAX)
AA,LAX,Departure,2017-01-01T07:21:00Z,174,American / Los Angeles International Airport (LAX)
AA,LAX,Departure,2017-01-01T07:31:00Z,133,American / Los Angeles International Airport (LAX)
AA,LAX,Departure,2017-01-01T07:41:00Z,204,American / Los Angeles International Airport (LAX)
AA,LAX,Departure,2017-01-01T07:51:00Z,610,American / Los Angeles International Airport (LAX)
AA,LAX,Departure,2017-01-01T08:01:00Z,206,American / Los Angeles International Airport (LAX)
AA,LAX,Departure,2017-01-01T08:11:00Z,1062,American / Los Angeles International Airport (LAX)
AA,LAX,Departure,2017-01-01T08:21:00Z,764,American / Los Angeles International Airport (LAX)
AA,LAX,Departure,2017-01-01T08:31:00Z,486,American / Los Angeles International Airport (LAX)
AA,LAX,Departure,2017-01-01T08:41:00Z,241,American / Los Angeles International Airport (LAX)
AA,LAX,Departure,2017-01-01T08:51:00Z,288,American / Los Angeles International Airport (LAX)
AA,LAX,Departure,2017-01-01T09:01:00Z,92,American / Los Angeles International Airport (LAX)
AA,LAX,Departure,2017-01-01T09:11:00Z,78,American / Los Angeles International Airport (LAX)
AA,LAX,Departure,2017-01-01T09:21:00Z,147,American / Los Angeles International Airport (LAX)
AA,LAX,Departure,2017-01-01T09:31:00Z,511,American / Los Angeles International Airport (LAX)
AA,LAX,Departure,2017-01-01T09:41:00Z,998,American / Los Angeles International Airport (LAX)
AA,LAX,Departure,2017-01-01T09:51:00Z,1103,American / Los Angeles International Airport (LAX)
AA,LAX,Departure,2017-01-01T10:01:00Z,584,American / Los Angeles International Airport (LAX)
AA,LAX,Departure,2017-01-01T10:11:00Z,263,American / Los Angeles International Airport (LAX)
AA,LAX,Departure,2017-01-01T10:21:00Z,287,American / Los Angeles International Airport (LAX)
AA,LAX,Departure,2017-01-01T10:31:00Z,220,American / Los Angeles International Airport (LAX)
AA,LAX,Departure,2017-01-01T10:41:00Z,202,American / Los Angeles International Airport (LAX)
AA,LAX,Departure,2017-01-01T10:51:00Z,155,American / Los Angeles International Airport (LAX)
AA,LAX,Departure,2017-01-01T11:01:00Z,474,American / Los Angeles International Airport (LAX)
AA,LAX,Departure,2017-01-01T11:11:00Z,655,American / Los Angeles International Airport (LAX)
AA,LAX,Departure,2017-01-01T11:21:00Z,762,American / Los Angeles International Airport (LAX)
AA,LAX,Departure,2017-01-01T11:31:00Z,411,American / Los Angeles International Airport (LAX)
AA,LAX,Departure,2017-01-01T11:41:00Z,293,American / Los Angeles International Airport (LAX)
AA,LAX,Departure,2017-01-01T11:51:00Z,158,American / Los Angeles International Airport (LAX)
AA,LAX,Departure,2017-01-01T12:01:00Z,85,American / Los Angeles International Airport (LAX)
AA,LAX,Departure,2017-01-01T12:11:00Z,56,American / Los Angeles International Airport (LAX)
AA,LAX,Departure,2017-01-01T12:21:00Z,392,American / Los Angeles International Airport (LAX)
AA,LAX,Departure,2017-01-01T12:31:00Z,655,American / Los Angeles International Airport (LAX)
AA,LAX,Departure,2017-01-01T12:41:00Z,703,American / Los Angeles International Airport (LAX)
AA,LAX,Departure,2017-01-01T12:51:00Z,484,American / Los Angeles International Airport (LAX)
AA,LAX,Departure,2017-01-01T13:01:00Z,337,American / Los Angeles International Airport (LAX)
AA,LAX,Departure,2017-01-01T13:11:00Z,291,American / Los Angeles International Airport (LAX)
AA,LAX,Departure,2017-01-01T13:21:00Z,284,American / Los Angeles International Airport (LAX)
AA,LAX,Departure,2017-01-01T13:31:00Z,151,American / Los Angeles International Airport (LAX)
AA,LAX,Departure,2017-01-01T13:41:00Z,158,American / Los Angeles International Airport (LAX)
AA,LAX,Departure,2017-01-01T13:51:00Z,450,American / Los Angeles International Airport (LAX)
AA,LAX,Departure,2017-01-01T14:01:00Z,320,American / Los Angeles International Airport (LAX)
AA,LAX,Departure,2017-01-01T14:11:00Z,190,American / Los Angeles International Airport (LAX)
AA,LAX,Departure,2017-01-01T14:21:00Z,369,American / Los Angeles International Airport (LAX)
AA,LAX,Departure,2017-01-01T14:31:00Z,134,American / Los Angeles International Airport (LAX)
AA,LAX,Departure,2017-01-01T14:41:00Z,157,American / Los Angeles International Airport (LAX)
AA,LAX,Departure,2017-01-01T14:51:00Z,71,American / Los Angeles International Airport (LAX)
AA,LAX,Departure,2017-01-01T15:01:00Z,78,American / Los Angeles International Airport (LAX)
AA,LAX,Departure,2017-01-01T15:11:00Z,179,American / Los Angeles International Airport (LAX)
AA,LAX,Departure,2017-01-01T15:21:00Z,593,American / Los Angeles International Airport (LAX)
AA,LAX,Departure,2017-01-01T15:31:00Z,433,American / Los Angeles International Airport (LAX)
AA,LAX,Departure,2017-01-01T15:41:00Z,282,American / Los Angeles International Airport (LAX)
AA,LAX,Departure,2017-01-01T15:51:00Z,309,American / Los Angeles International Airport (LAX)
AA,LAX,Departure,2017-01-01T16:01:00Z,243,American / Los Angeles International Airport (LAX)
AA,LAX,Departure,2017-01-01T16:11:00Z,252,American / Los Angeles International Airport (LAX)
AA,LAX,Departure,2017-01-01T16:21:00Z,322,American / Los Angeles International Airport (LAX)
AA,LAX,Departure,2017-01-01T16:31:00Z,232,American / Los Angeles International Airport (LAX)
AA,LAX,Departure,2017-01-01T16:41:00Z,472,American / Los Angeles International Airport (LAX)
AA,LAX,Departure,2017-01-01T16:51:00Z,235,American / Los Angeles International Airport (LAX)
AA,LAX,Departure,2017-01-01T17:01:00Z,192,American / Los Angeles International Airport (LAX)
AA,LAX,Departure,2017-01-01T17:11:00Z,283,American / Los Angeles International Airport (LAX)
AA,LAX,Departure,2017-01-01T17:21:00Z,154,American / Los Angeles International Airport (LAX)
AA,LAX,Departure,2017-01-01T17:31:00Z,74,American / Los Angeles International Airport (LAX)
AA,LAX,Departure,2017-01-01T17:41:00Z,163,American / Los Angeles International Airport (LAX)
AA,LAX,Departure,2017-01-01T17:51:00Z,55,American / Los Angeles International Airport (LAX)
AA,LAX,Departure,2017-01-01T18:01:00Z,172,American / Los Angeles International Airport (LAX)
AA,LAX,Departure,2017-01-01T18:11:00Z,340,American / Los Angeles International Airport (LAX)
AA,LAX,Departure,2017-01-01T18:21:00Z,338,American / Los Angeles International Airport (LAX)
AA,LAX,Departure,2017-01-01T18:31:00Z,205,American / Los Angeles International Airport (LAX)
AA,LAX,Departure,2017-01-01T18:41:00Z,262,American / Los Angeles International Airport (LAX)
AA,LAX,Departure,2017-01-01T18:51:00Z,115,American / Los Angeles International Airport (LAX)
AA,LAX,Departure,2017-01-01T19:01:00Z,72,American / Los Angeles International Airport (LAX)
AA,LAX,Departure,2017-01-01T19:11:00Z,116,American / Los Angeles International Airport (LAX)
AA,LAX,Departure,2017-01-01T19:21:00Z,88,American / Los Angeles International Airport (LAX)
AA,LAX,Departure,2017-01-01T19:31:00Z,418,American / Los Angeles International Airport (LAX)
AA,LAX,Departure,2017-01-01T19:41:00Z,150,American / Los Angeles International Airport (LAX)
AA,LAX,Departure,2017-01-01T19:51:00Z,113,American / Los Angeles International Airport (LAX)
AA,LAX,Departure,2017-01-01T20:01:00Z,71,American / Los Angeles International Airport (LAX)
AA,LAX,Departure,2017-01-01T20:11:00Z,32,American / Los Angeles International Airport (LAX)
AA,LAX,Departure,2017-01-01T20:21:00Z,26,American / Los Angeles International Airport (LAX)
AA,LAX,Departure,2017-01-01T20:31:00Z,32,American / Los Angeles International Airport (LAX)
AA,LAX,Departure,2017-01-01T20:41:00Z,86,American / Los Angeles International Airport (LAX)
AA,LAX,Departure,2017-01-01T20:51:00Z,449,American / Los Angeles International Airport (LAX)
AA,LAX,Departure,2017-01-01T21:01:00Z,416,American / Los Angeles International Airport (LAX)
AA,LAX,Departure,2017-01-01T21:11:00Z,399,American / Los Angeles International Airport (LAX)
AA,LAX,Departure,2017-01-01T21:21:00Z,218,American / Los Angeles International Airport (LAX)
AA,LAX,Departure,2017-01-01T21:31:00Z,241,American / Los Angeles International Airport (LAX)
AA,LAX,Departure,2017-01-01T21:41:00Z,315,American / Los Angeles International Airport (LAX)
AA,LAX,Departure,2017-01-01T21:51:00Z,324,American / Los Angeles International Airport (LAX)
AA,LAX,Departure,2017-01-01T22:01:00Z,293,American / Los Angeles International Airport (LAX)
AA,LAX,Departure,2017-01-01T22:11:00Z,160,American / Los Angeles International Airport (LAX)
AA,LAX,Departure,2017-01-01T22:21:00Z,152,American / Los Angeles International Airport (LAX)
AA,LAX,Departure,2017-01-01T22:31:00Z,289,American / Los Angeles International Airport (LAX)
AA,LAX,Departure,2017-01-01T22:41:00Z,290,American / Los Angeles International Airport (LAX)
AA,LAX,Departure,2017-01-01T22:51:00Z,145,American / Los Angeles International Airport (LAX)
AA,LAX,Departure,2017-01-01T23:01:00Z,98,American / Los Angeles International Airport (LAX)
AA,LAX,Departure,2017-01-01T23:11:00Z,187,American / Los Angeles International Airport (LAX)
AA,LAX,Departure,2017-01-01T23:21:00Z,83,American / Los Angeles International Airport (LAX)
AA,LAX,Departure,2017-01-01T23:31:00Z,140,American / Los Angeles International Airport (LAX)
AA,LAX,Departure,2017-01-01T23:41:00Z,597,American / Los Angeles International Airport (LAX)
AA,LAX,Departure,2017-01-01T23:51:00Z,405,American / Los Angeles International Airport (LAX)
AA,LGA,Arrival,2017-01-01T00:01:00Z,-101,American / LaGuardia Airport (LGA)
AA,LGA,Arrival,2017-01-01T00:11:00Z,-66,American / LaGuardia Airport (LGA)
AA,LGA,Arrival,2017-01-01T00:21:00Z,-54,American / LaGuardia Airport (LGA)
AA,LGA,Arrival,2017-01-01T00:31:00Z,-39,American / LaGuardia Airport (LGA)
AA,LGA,Arrival,2017-01-01T00:41:00Z,-31,American / LaGuardia Airport (LGA)
AA,LGA,Arrival,2017-01-01T00:51:00Z,-33,American / LaGuardia Airport (LGA)
AA,LGA,Arrival,2017-01-01T01:01:00Z,-15,American / LaGuardia Airport (LGA)
AA,LGA,Arrival,2017-01-01T01:11:00Z,-13,American / LaGuardia Airport (LGA)
AA,LGA,Arrival,2017-01-01T01:21:00Z,-6,American / LaGuardia Airport (LGA)
AA,LGA,Arrival,2017-01-01T01:31:00Z,-10,American / LaGuardia Airport (LGA)
AA,LGA,Arrival,2017-01-01T01:41:00Z,-4,American / LaGuardia Airport (LGA)
AA,LGA,Arrival,2017-01-01T01:51:00Z,-8,American / LaGuardia Airport (LGA)
AA,LGA,Arrival,2017-01-01T02:01:00Z,-5,American / LaGuardia Airport (LGA)
AA,LGA,Arrival,2017-01-01T02:11:00Z,-6,American / LaGuardia Airport (LGA)
AA,LGA,Arrival,2017-01-01T02:21:00Z,-1,American / LaGuardia Airport (LGA)
AA,LGA,Arrival,2017-01-01T02:31:00Z,-1,American / LaGuardia Airport (LGA)
AA,LGA,Arrival,2017-01-01T05:41:00Z,-2,American / LaGuardia Airport (LGA)
AA,LGA,Arrival,2017-01-01T05:51:00Z,-3,American / LaGuardia Airport (LGA)
AA,LGA,Arrival,2017-01-01T06:01:00Z,-2,American / LaGuardia Airport (LGA)
AA,LGA,Arrival,2017-01-01T06:11:00Z,-1,American / LaGuardia Airport (LGA)
AA,LGA,Arrival,2017-01-01T06:31:00Z,-12,American / LaGuardia Airport (LGA)
AA,LGA,Arrival,2017-01-01T06:41:00Z,-6,American / LaGuardia Airport (LGA)
AA,LGA,Arrival,2017-01-01T06:51:00Z,-15,American / LaGuardia Airport (LGA)
AA,LGA,Arrival,2017-01-01T07:01:00Z,-24,American / LaGuardia Airport (LGA)
AA,LGA,Arrival,2017-01-01T07:11:00Z,-12,American / LaGuardia Airport (LGA)
AA,LGA,Arrival,2017-01-01T07:21:00Z,-99,American / LaGuardia Airport (LGA)
AA,LGA,Arrival,2017-01-01T07:31:00Z,-174,American / LaGuardia Airport (LGA)
AA,LGA,Arrival,2017-01-01T07:41:00Z,-94,American / LaGuardia Airport (LGA)
AA,LGA,Arrival,2017-01-01T07:51:00Z,-47,American / LaGuardia Airport (LGA)
AA,LGA,Arrival,2017-01-01T08:01:00Z,-85,American / LaGuardia Airport (LGA)
AA,LGA,Arrival,2017-01-01T08:11:00Z,-90,American / LaGuardia Airport (LGA)
AA,LGA,Arrival,2017-01-01T08:21:00Z,-46,American / LaGuardia Airport (LGA)
AA,LGA,Arrival,2017-01-01T08:31:00Z,-25,American / LaGuardia Airport (LGA)
AA,LGA,Arrival,2017-01-01T08:41:00Z,-93,American / LaGuardia Airport (LGA)
AA,LGA,Arrival,2017-01-01T08:51:00Z,-225,American / LaGuardia Airport (LGA)
AA,LGA,Arrival,2017-01-01T09:01:00Z,-267,American / LaGuardia Airport (LGA)
AA,LGA,Arrival,2017-01-01T09:11:00Z,-258,American / LaGuardia Airport (LGA)
AA,LGA,Arrival,2017-01-01T09:21:00Z,-181,American / LaGuardia Airport (LGA)
AA,LGA,Arrival,2017-01-01T09:31:00Z,-162,American / LaGuardia Airport (LGA)
AA,LGA,Arrival,2017-01-01T09:41:00Z,-217,American / LaGuardia Airport (LGA)
AA,LGA,Arrival,2017-01-01T09:51:00Z,-253,American / LaGuardia Airport (LGA)
AA,LGA,Arrival,2017-01-01T10:01:00Z,-230,American / LaGuardia Airport (LGA)
AA,LGA,Arrival,2017-01-01T10:11:00Z,-194,American / LaGuardia Airport (LGA)
AA,LGA,Arrival,2017-01-01T10:21:00Z,-206,American / LaGuardia Airport (LGA)
AA,LGA,Arrival,2017-01-01T10:31:00Z,-159,American / LaGuardia Airport (LGA)
AA,LGA,Arrival,2017-01-01T10:41:00Z,-145,American / LaGuardia Airport (LGA)
AA,LGA,Arrival,2017-01-01T10:51:00Z,-114,American / LaGuardia Airport (LGA)
AA,LGA,Arrival,2017-01-01T11:01:00Z,-105,American / LaGuardia Airport (LGA)
AA,LGA,Arrival,2017-01-01T11:11:00Z,-169,American / LaGuardia Airport (LGA)
AA,LGA,Arrival,2017-01-01T11:21:00Z,-178,American / LaGuardia Airport (LGA)
AA,LGA,Arrival,2017-01-01T11:31:00Z,-161,American / LaGuardia Airport (LGA)
AA,LGA,Arrival,2017-01-01T11:41:00Z,-247,American / LaGuardia Airport (LGA)
AA,LGA,Arrival,2017-01-01T11:51:00Z,-234,American / LaGuardia Airport (LGA)
AA,LGA,Arrival,2017-01-01T12:01:00Z,-200,American / LaGuardia Airport (LGA)
AA,LGA,Arrival,2017-01-01T12:11:00Z,-273,American / LaGuardia Airport (LGA)
AA,LGA,Arrival,2017-01-01T12:21:00Z,-261,American / LaGuardia Airport (LGA)
AA,LGA,Arrival,2017-01-01T12:31:00Z,-230,American / LaGuardia Airport (LGA)
AA,LGA,Arrival,2017-01-01T12:41:00Z,-189,American / LaGuardia Airport (LGA)
AA,LGA,Arrival,2017-01-01T12:51:00Z,-157,American / LaGuardia Airport (LGA)
AA,LGA,Arrival,2017-01-01T13:01:00Z,-253,American / LaGuardia Airport (LGA)
AA,LGA,Arrival,2017-01-01T13:11:00Z,-310,American / LaGuardia Airport (LGA)
AA,LGA,Arrival,2017-01-01T13:21:00Z,-363,American / LaGuardia Airport (LGA)
AA,LGA,Arrival,2017-01-01T13:31:00Z,-270,American / LaGuardia Airport (LGA)
AA,LGA,Arrival,2017-01-01T13:41:00Z,-194,American / LaGuardia Airport (LGA)
AA,LGA,Arrival,2017-01-01T13:51:00Z,-134,American / LaGuardia Airport (LGA)
AA,LGA,Arrival,2017-01-01T14:01:00Z,-182,American / LaGuardia Airport (LGA)
AA,LGA,Arrival,2017-01-01T14:11:00Z,-192,American / LaGuardia Airport (LGA)
AA,LGA,Arrival,2017-01-01T14:21:00Z,-144,American / LaGuardia Airport (LGA)
AA,LGA,Arrival,2017-01-01T14:31:00Z,-135,American / LaGuardia Airport (LGA)
AA,LGA,Arrival,2017-01-01T14:41:00Z,-287,American / LaGuardia Airport (LGA)
AA,LGA,Arrival,2017-01-01T14:51:00Z,-278,American / LaGuardia Airport (LGA)
AA,LGA,Arrival,2017-01-01T15:01:00Z,-226,American / LaGuardia Airport (LGA)
AA,LGA,Arrival,2017-01-01T15:11:00Z,-198,American / LaGuardia Airport (LGA)
AA,LGA,Arrival,2017-01-01T15:21:00Z,-146,American / LaGuardia Airport (LGA)
AA,LGA,Arrival,2017-01-01T15:31:00Z,-157,American / LaGuardia Airport (LGA)
AA,LGA,Arrival,2017-01-01T15:41:00Z,-180,American / LaGuardia Airport (LGA)
AA,LGA,Arrival,2017-01-01T15:51:00Z,-242,American / LaGuardia Airport (LGA)
AA,LGA,Arrival,2017-01-01T16:01:00Z,-253,American / LaGuardia Airport (LGA)
AA,LGA,Arrival,2017-01-01T16:11:00Z,-321,American / LaGuardia Airport (LGA)
AA,LGA,Arrival,2017-01-01T16:21:00Z,-281,American / LaGuardia Airport (LGA)
AA,LGA,Arrival,2017-01-01T16:31:00Z,-201,American / LaGuardia Airport (LGA)
AA,LGA,Arrival,2017-01-01T16:41:00Z,-225,American / LaGuardia Airport (LGA)
AA,LGA,Arrival,2017-01-01T16:51:00Z,-209,American / LaGuardia Airport (LGA)
AA,LGA,Arrival,2017-01-01T17:01:00Z,-238,American / LaGuardia Airport (LGA)
AA,LGA,Arrival,2017-01-01T17:11:00Z,-248,American / LaGuardia Airport (LGA)
AA,LGA,Arrival,2017-01-01T17:21:00Z,-167,American / LaGuardia Airport (LGA)
AA,LGA,Arrival,2017-01-01T17:31:00Z,-135,American / LaGuardia Airport (LGA)
AA,LGA,Arrival,2017-01-01T17:41:00Z,-175,American / LaGuardia Airport (LGA)
AA,LGA,Arrival,2017-01-01T17:51:00Z,-176,American / LaGuardia Airport (LGA)
AA,LGA,Arrival,2017-01-01T18:01:00Z,-223,American / LaGuardia Airport (LGA)
AA,LGA,Arrival,2017-01-01T18:11:00Z,-265,American / LaGuardia Airport (LGA)
AA,LGA,Arrival,2017-01-01T18:21:00Z,-204,American / LaGuardia Airport (LGA)
AA,LGA,Arrival,2017-01-01T18:31:00Z,-168,American / LaGuardia Airport (LGA)
AA,LGA,Arrival,2017-01-01T18:41:00Z,-177,American / LaGuardia Airport (LGA)
AA,LGA,Arrival,2017-01-01T18:51:00Z,-191,American / LaGuardia Airport (LGA)
AA,LGA,Arrival,2017-01-01T19:01:00Z,-174,American / LaGuardia Airport (LGA)
AA,LGA,Arrival,2017-01-01T19:11:00Z,-250,American / LaGuardia Airport (LGA)
AA,LGA,Arrival,2017-01-01T19:21:00Z,-222,American / LaGuardia Airport (LGA)
AA,LGA,Arrival,2017-01-01T19:31:00Z,-244,American / LaGuardia Airport (LGA)
AA,LGA,Arrival,2017-01-01T19:41:00Z,-237,American / LaGuardia Airport (LGA)
AA,LGA,Arrival,2017-01-01T19:51:00Z,-237,American / LaGuardia Airport (LGA)
AA,LGA,Arrival,2017-01-01T20:01:00Z,-225,American / LaGuardia Airport (LGA)
AA,LGA,Arrival,2017-01-01T20:11:00Z,-226,American / LaGuardia Airport (LGA)
AA,LGA,Arrival,2017-01-01T20:21:00Z,-247,American / LaGuardia Airport (LGA)
AA,LGA,Arrival,2017-01-01T20:31:00Z,-252,American / LaGuardia Airport (LGA)
AA,LGA,Arrival,2017-01-01T20:41:00Z,-282,American / LaGuardia Airport (LGA)
AA,LGA,Arrival,2017-01-01T20:51:00Z,-264,American / LaGuardia Airport (LGA)
AA,LGA,Arrival,2017-01-01T21:01:00Z,-252,American / LaGuardia Airport (LGA)
AA,LGA,Arrival,2017-01-01T21:11:00Z,-252,American / LaGuardia Airport (LGA)
AA,LGA,Arrival,2017-01-01T21:21:00Z,-262,American / LaGuardia Airport (LGA)
AA,LGA,Arrival,2017-01-01T21:31:00Z,-240,American / LaGuardia Airport (LGA)
AA,LGA,Arrival,2017-01-01T21:41:00Z,-274,American / LaGuardia Airport (LGA)
AA,LGA,Arrival,2017-01-01T21:51:00Z,-257,American / LaGuardia Airport (LGA)
AA,LGA,Arrival,2017-01-01T22:01:00Z,-227,American / LaGuardia Airport (LGA)
AA,LGA,Arrival,2017-01-01T22:11:00Z,-285,American / LaGuardia Airport (LGA)
AA,LGA,Arrival,2017-01-01T22:21:00Z,-263,American / LaGuardia Airport (LGA)
AA,LGA,Arrival,2017-01-01T22:31:00Z,-294,American / LaGuardia Airport (LGA)
AA,LGA,Arrival,2017-01-01T22:41:00Z,-267,American / LaGuardia Airport (LGA)
AA,LGA,Arrival,2017-01-01T22:51:00Z,-282,American / LaGuardia Airport (LGA)
AA,LGA,Arrival,2017-01-01T23:01:00Z,-290,American / LaGuardia Airport (LGA)
AA,LGA,Arrival,2017-01-01T23:11:00Z,-248,American / LaGuardia Airport (LGA)
AA,LGA,Arrival,2017-01-01T23:21:00Z,-276,American / LaGuardia Airport (LGA)
AA,LGA,Arrival,2017-01-01T23:31:00Z,-289,American / LaGuardia Airport (LGA)
AA,LGA,Arrival,2017-01-01T23:41:00Z,-192,American / LaGuardia Airport (LGA)
AA,LGA,Arrival,2017-01-01T23:51:00Z,-136,American / LaGuardia Airport (LGA)
AA,LGA,Departure,2017-01-01T00:01:00Z,3,American / LaGuardia Airport (LGA)
AA,LGA,Departure,2017-01-01T00:11:00Z,3,American / LaGuardia Airport (LGA)
AA,LGA,Departure,2017-01-01T00:41:00Z,1,American / LaGuardia Airport (LGA)
AA,LGA,Departure,2017-01-01T00:51:00Z,2,American / LaGuardia Airport (LGA)
AA,LGA,Departure,2017-01-01T01:11:00Z,1,American / LaGuardia Airport (LGA)
AA,LGA,Departure,2017-01-01T01:31:00Z,1,American / LaGuardia Airport (LGA)
AA,LGA,Departure,2017-01-01T05:31:00Z,70,American / LaGuardia Airport (LGA)
AA,LGA,Departure,2017-01-01T05:41:00Z,61,American / LaGuardia Airport (LGA)
AA,LGA,Departure,2017-01-01T05:51:00Z,977,American / LaGuardia Airport (LGA)
AA,LGA,Departure,2017-01-01T06:01:00Z,261,American / LaGuardia Airport (LGA)
AA,LGA,Departure,2017-01-01T06:11:00Z,228,American / LaGuardia Airport (LGA)
AA,LGA,Departure,2017-01-01T06:21:00Z,478,American / LaGuardia Airport (LGA)
AA,LGA,Departure,2017-01-01T06:31:00Z,46,American / LaGuardia Airport (LGA)
AA,LGA,Departure,2017-01-01T06:41:00Z,161,American / LaGuardia Airport (LGA)
AA,LGA,Departure,2017-01-01T06:51:00Z,887,American / LaGuardia Airport (LGA)
AA,LGA,Departure,2017-01-01T07:01:00Z,107,American / LaGuardia Airport (LGA)
AA,LGA,Departure,2017-01-01T07:11:00Z,69,American / LaGuardia Airport (LGA)
AA,LGA,Departure,2017-01-01T07:21:00Z,506,American / LaGuardia Airport (LGA)
AA,LGA,Departure,2017-01-01T07:31:00Z,106,American / LaGuardia Airport (LGA)
AA,LGA,Departure,2017-01-01T07:41:00Z,372,American / LaGuardia Airport (LGA)
AA,LGA,Departure,2017-01-01T07:51:00Z,635,American / LaGuardia Airport (LGA)
AA,LGA,Departure,2017-01-01T08:01:00Z,116,American / LaGuardia Airport (LGA)
AA,LGA,Departure,2017-01-01T08:11:00Z,54,American / LaGuardia Airport (LGA)
AA,LGA,Departure,2017-01-01T08:21:00Z,426,American / LaGuardia Airport (LGA)
AA,LGA,Departure,2017-01-01T08:31:00Z,320,American / LaGuardia Airport (LGA)
AA,LGA,Departure,2017-01-01T08:41:00Z,126,American / LaGuardia Airport (LGA)
AA,LGA,Departure,2017-01-01T08:51:00Z,469,American / LaGuardia Airport (LGA)
AA,LGA,Departure,2017-01-01T09:01:00Z,68,American / LaGuardia Airport (LGA)
AA,LGA,Departure,2017-01-01T09:11:00Z,53,American / LaGuardia Airport (LGA)
AA,LGA,Departure,2017-01-01T09:21:00Z,227,American / LaGuardia Airport (LGA)
AA,LGA,Departure,2017-01-01T09:31:00Z,76,American / LaGuardia Airport (LGA)
AA,LGA,Departure,2017-01-01T09:41:00Z,120,American / LaGuardia Airport (LGA)
AA,LGA,Departure,2017-01-01T09:51:00Z,442,American / LaGuardia Airport (LGA)
AA,LGA,Departure,2017-01-01T10:01:00Z,230,American / LaGuardia Airport (LGA)
AA,LGA,Departure,2017-01-01T10:11:00Z,202,American / LaGuardia Airport (LGA)
AA,LGA,Departure,2017-01-01T10:21:00Z,433,American / LaGuardia Airport (LGA)
AA,LGA,Departure,2017-01-01T10:31:00Z,112,American / LaGuardia Airport (LGA)
AA,LGA,Departure,2017-01-01T10:41:00Z,60,American / LaGuardia Airport (LGA)
AA,LGA,Departure,2017-01-01T10:51:00Z,427,American / LaGuardia Airport (LGA)
AA,LGA,Departure,2017-01-01T11:01:00Z,111,American / LaGuardia Airport (LGA)
AA,LGA,Departure,2017-01-01T11:11:00Z,90,American / LaGuardia Airport (LGA)
AA,LGA,Departure,2017-01-01T11:21:00Z,452,American / LaGuardia Airport (LGA)
AA,LGA,Departure,2017-01-01T11:31:00Z,73,American / LaGuardia Airport (LGA)
AA,LGA,Departure,2017-01-01T11:41:00Z,61,American / LaGuardia Airport (LGA)
AA,LGA,Departure,2017-01-01T11:51:00Z,146,American / LaGuardia Airport (LGA)
AA,LGA,Departure,2017-01-01T12:01:00Z,32,American / LaGuardia Airport (LGA)
AA,LGA,Departure,2017-01-01T12:11:00Z,104,American / LaGuardia Airport (LGA)
AA,LGA,Departure,2017-01-01T12:21:00Z,509,American / LaGuardia Airport (LGA)
AA,LGA,Departure,2017-01-01T12:31:00Z,122,American / LaGuardia Airport (LGA)
AA,LGA,Departure,2017-01-01T12:41:00Z,130,American / LaGuardia Airport (LGA)
AA,LGA,Departure,2017-01-01T12:51:00Z,598,American / LaGuardia Airport (LGA)
AA,LGA,Departure,2017-01-01T13:01:00Z,155,American / LaGuardia Airport (LGA)
AA,LGA,Departure,2017-01-01T13:11:00Z,100,American / LaGuardia Airport (LGA)
AA,LGA,Departure,2017-01-01T13:21:00Z,459,American / LaGuardia Airport (LGA)
AA,LGA,Departure,2017-01-01T13:31:00Z,168,American / LaGuardia Airport (LGA)
AA,LGA,Departure,2017-01-01T13:41:00Z,100,American / LaGuardia Airport (LGA)
AA,LGA,Departure,2017-01-01T13:51:00Z,402,American / LaGuardia Airport (LGA)
AA,LGA,Departure,2017-01-01T14:01:00Z,80,American / LaGuardia Airport (LGA)
AA,LGA,Departure,2017-01-01T14:11:00Z,57,American / LaGuardia Airport (LGA)
AA,LGA,Departure,2017-01-01T14:21:00Z,455,American / LaGuardia Airport (LGA)
AA,LGA,Departure,2017-01-01T14:31:00Z,224,American / LaGuardia Airport (LGA)
AA,LGA,Departure,2017-01-01T14:41:00Z,207,American / LaGuardia Airport (LGA)
AA,LGA,Departure,2017-01-01T14:51:00Z,552,American / LaGuardia Airport (LGA)
AA,LGA,Departure,2017-01-01T15:01:00Z,78,American / LaGuardia Airport (LGA)
AA,LGA,Departure,2017-01-01T15:11:00Z,67,American / LaGuardia Airport (LGA)
AA,LGA,Departure,2017-01-01T15:21:00Z,217,American / LaGuardia Airport (LGA)
AA,LGA,Departure,2017-01-01T15:31:00Z,68,American / LaGuardia Airport (LGA)
AA,LGA,Departure,2017-01-01T15:41:00Z,247,American / LaGuardia Airport (LGA)
AA,LGA,Departure,2017-01-01T15:51:00Z,406,American / LaGuardia Airport (LGA)
AA,LGA,Departure,2017-01-01T16:01:00Z,132,American / LaGuardia Airport (LGA)
AA,LGA,Departure,2017-01-01T16:11:00Z,70,American / LaGuardia Airport (LGA)
AA,LGA,Departure,2017-01-01T16:21:00Z,198,American / LaGuardia Airport (LGA)
AA,LGA,Departure,2017-01-01T16:31:00Z,75,American / LaGuardia Airport (LGA)
AA,LGA,Departure,2017-01-01T16:41:00Z,153,American / LaGuardia Airport (LGA)
AA,LGA,Departure,2017-01-01T16:51:00Z,527,American / LaGuardia Airport (LGA)
AA,LGA,Departure,2017-01-01T17:01:00Z,215,American / LaGuardia Airport (LGA)
AA,LGA,Departure,2017-01-01T17:11:00Z,215,American / LaGuardia Airport (LGA)
AA,LGA,Departure,2017-01-01T17:21:00Z,309,American / LaGuardia Airport (LGA)
AA,LGA,Departure,2017-01-01T17:31:00Z,98,American / LaGuardia Airport (LGA)
AA,LGA,Departure,2017-01-01T17:41:00Z,201,American / LaGuardia Airport (LGA)
AA,LGA,Departure,2017-01-01T17:51:00Z,473,American / LaGuardia Airport (LGA)
AA,LGA,Departure,2017-01-01T18:01:00Z,209,American / LaGuardia Airport (LGA)
AA,LGA,Departure,2017-01-01T18:11:00Z,166,American / LaGuardia Airport (LGA)
AA,LGA,Departure,2017-01-01T18:21:00Z,203,American / LaGuardia Airport (LGA)
AA,LGA,Departure,2017-01-01T18:31:00Z,82,American / LaGuardia Airport (LGA)
AA,LGA,Departure,2017-01-01T18:41:00Z,112,American / LaGuardia Airport (LGA)
AA,LGA,Departure,2017-01-01T18:51:00Z,494,American / LaGuardia Airport (LGA)
AA,LGA,Departure,2017-01-01T19:01:00Z,112,American / LaGuardia Airport (LGA)
AA,LGA,Departure,2017-01-01T19:11:00Z,146,American / LaGuardia Airport (LGA)
AA,LGA,Departure,2017-01-01T19:21:00Z,251,American / LaGuardia Airport (LGA)
AA,LGA,Departure,2017-01-01T19:31:00Z,69,American / LaGuardia Airport (LGA)
AA,LGA,Departure,2017-01-01T19:41:00Z,89,American / LaGuardia Airport (LGA)
AA,LGA,Departure,2017-01-01T19:51:00Z,266,American / LaGuardia Airport (LGA)
AA,LGA,Departure,2017-01-01T20:01:00Z,86,American / LaGuardia Airport (LGA)
AA,LGA,Departure,2017-01-01T20:11:00Z,116,American / LaGuardia Airport (LGA)
AA,LGA,Departure,2017-01-01T20:21:00Z,199,American / LaGuardia Airport (LGA)
AA,LGA,Departure,2017-01-01T20:31:00Z,61,American / LaGuardia Airport (LGA)
AA,LGA,Departure,2017-01-01T20:41:00Z,67,American / LaGuardia Airport (LGA)
AA,LGA,Departure,2017-01-01T20:51:00Z,171,American / LaGuardia Airport (LGA)
AA,LGA,Departure,2017-01-01T21:01:00Z,78,American / LaGuardia Airport (LGA)
AA,LGA,Departure,2017-01-01T21:11:00Z,54,American / LaGuardia Airport (LGA)
AA,LGA,Departure,2017-01-01T21:21:00Z,95,American / LaGuardia Airport (LGA)
AA,LGA,Departure,2017-01-01T21:31:00Z,49,American / LaGuardia Airport (LGA)
AA,LGA,Departure,2017-01-01T21:41:00Z,38,American / LaGuardia Airport (LGA)
AA,LGA,Departure,2017-01-01T21:51:00Z,25,American / LaGuardia Airport (LGA)
AA,LGA,Departure,2017-01-01T22:01:00Z,35,American / LaGuardia Airport (LGA)
AA,LGA,Departure,2017-01-01T22:11:00Z,20,American / LaGuardia Airport (LGA)
AA,LGA,Departure,2017-01-01T22:21:00Z,17,American / LaGuardia Airport (LGA)
AA,LGA,Departure,2017-01-01T22:31:00Z,21,American / LaGuardia Airport (LGA)
AA,LGA,Departure,2017-01-01T22:41:00Z,6,American / LaGuardia Airport (LGA)
AA,LGA,Departure,2017-01-01T22:51:00Z,11,American / LaGuardia Airport (LGA)
AA,LGA,Departure,2017-01-01T23:01:00Z,2,American / LaGuardia Airport (LGA)
AA,LGA,Departure,2017-01-01T23:11:00Z,18,American / LaGuardia Airport (LGA)
AA,LGA,Departure,2017-01-01T23:21:00Z,4,American / LaGuardia Airport (LGA)
AA,LGA,Departure,2017-01-01T23:31:00Z,5,American / LaGuardia Airport (LGA)
AA,LGA,Departure,2017-01-01T23:41:00Z,5,American / LaGuardia Airport (LGA)
AA,LGA,Departure,2017-01-01T23:51:00Z,3,American / LaGuardia Airport (LGA)
AA,OAK,Arrival,2017-01-01T00:01:00Z,-2,American / Oakland International Airport (OAK)
AA,OAK,Arrival,2017-01-01T00:11:00Z,-1,American / Oakland International Airport (OAK)
AA,OAK,Arrival,2017-01-01T09:01:00Z,-4,American / Oakland International Airport (OAK)
AA,OAK,Arrival,2017-01-01T09:11:00Z,-1,American / Oakland International Airport (OAK)
AA,OAK,Arrival,2017-01-01T11:21:00Z,-2,American / Oakland International Airport (OAK)
AA,OAK,Arrival,2017-01-01T11:31:00Z,-30,American / Oakland International Airport (OAK)
AA,OAK,Arrival,2017-01-01T11:41:00Z,-107,American / Oakland International Airport (OAK)
AA,OAK,Arrival,2017-01-01T11:51:00Z,-92,American / Oakland International Airport (OAK)
AA,OAK,Arrival,2017-01-01T12:01:00Z,-57,American / Oakland International Airport (OAK)
AA,OAK,Arrival,2017-01-01T12:11:00Z,-22,American / Oakland International Airport (OAK)
AA,OAK,Arrival,2017-01-01T12:21:00Z,-8,American / Oakland International Airport (OAK)
AA,OAK,Arrival,2017-01-01T12:31:00Z,-7,American / Oakland International Airport (OAK)
AA,OAK,Arrival,2017-01-01T12:41:00Z,-1,American / Oakland International Airport (OAK)
AA,OAK,Arrival,2017-01-01T12:51:00Z,-1,American / Oakland International Airport (OAK)
AA,OAK,Arrival,2017-01-01T13:01:00Z,-1,American / Oakland International Airport (OAK)
AA,OAK,Arrival,2017-01-01T13:11:00Z,-1,American / Oakland International Airport (OAK)
AA,OAK,Arrival,2017-01-01T13:21:00Z,-1,American / Oakland International Airport (OAK)
AA,OAK,Arrival,2017-01-01T13:31:00Z,-1,American / Oakland International Airport (OAK)
AA,OAK,Arrival,2017-01-01T14:11:00Z,-2,American / Oakland International Airport (OAK)
AA,OAK,Arrival,2017-01-01T14:21:00Z,-2,American / Oakland International Airport (OAK)
AA,OAK,Arrival,2017-01-01T15:11:00Z,-1,American / Oakland International Airport (OAK)
AA,OAK,Arrival,2017-01-01T15:21:00Z,-1,American / Oakland International Airport (OAK)
AA,OAK,Arrival,2017-01-01T15:31:00Z,-2,American / Oakland International Airport (OAK)
AA,OAK,Arrival,2017-01-01T16:11:00Z,-1,American / Oakland International Airport (OAK)
AA,OAK,Arrival,2017-01-01T16:21:00Z,-1,American / Oakland International Airport (OAK)
AA,OAK,Arrival,2017-01-01T18:11:00Z,-11,American / Oakland International Airport (OAK)
AA,OAK,Arrival,2017-01-01T18:21:00Z,-148,American / Oakland International Airport (OAK)
AA,OAK,Arrival,2017-01-01T18:31:00Z,-112,American / Oakland International Airport (OAK)
AA,OAK,Arrival,2017-01-01T18:41:00Z,-48,American / Oakland International Airport (OAK)
AA,OAK,Arrival,2017-01-01T18:51:00Z,-16,American / Oakland International Airport (OAK)
AA,OAK,Arrival,2017-01-01T19:01:00Z,-3,American / Oakland International Airport (OAK)
AA,OAK,Arrival,2017-01-01T19:11:00Z,-4,American / Oakland International Airport (OAK)
AA,OAK,Arrival,2017-01-01T19:21:00Z,-3,American / Oakland International Airport (OAK)
AA,OAK,Arrival,2017-01-01T19:31:00Z,-3,American / Oakland International Airport (OAK)
AA,OAK,Arrival,2017-01-01T19:41:00Z,-1,American / Oakland International Airport (OAK)
AA,OAK,Arrival,2017-01-01T19:51:00Z,-1,American / Oakland International Airport (OAK)
AA,OAK,Arrival,2017-01-01T20:01:00Z,-2,American / Oakland International Airport (OAK)
AA,OAK,Arrival,2017-01-01T20:11:00Z,-1,American / Oakland International Airport (OAK)
AA,OAK,Arrival,2017-01-01T20:31:00Z,-1,American / Oakland International Airport (OAK)
AA,OAK,Arrival,2017-01-01T21:51:00Z,-19,American / Oakland International Airport (OAK)
AA,OAK,Arrival,2017-01-01T22:01:00Z,-86,American / Oakland International Airport (OAK)
AA,OAK,Arrival,2017-01-01T22:11:00Z,-91,American / Oakland International Airport (OAK)
AA,OAK,Arrival,2017-01-01T22:21:00Z,-49,American / Oakland International Airport (OAK)
AA,OAK,Arrival,2017-01-01T22:31:00Z,-25,American / Oakland International Airport (OAK)
AA,OAK,Arrival,2017-01-01T22:41:00Z,-11,American / Oakland International Airport (OAK)
AA,OAK,Arrival,2017-01-01T22:51:00Z,-8,American / Oakland International Airport (OAK)
AA,OAK,Arrival,2017-01-01T23:01:00Z,-5,American / Oakland International Airport (OAK)
AA,OAK,Arrival,2017-01-01T23:11:00Z,-2,American / Oakland International Airport (OAK)
AA,OAK,Arrival,2017-01-01T23:21:00Z,-2,American / Oakland International Airport (OAK)
AA,OAK,Arrival,2017-01-01T23:31:00Z,-1,American / Oakland International Airport (OAK)
AA,OAK,Departure,2017-01-01T05:41:00Z,38,American / Oakland International Airport (OAK)
AA,OAK,Departure,2017-01-01T05:51:00Z,259,American / Oakland International Airport (OAK)
AA,OAK,Departure,2017-01-01T06:01:00Z,22,American / Oakland International Airport (OAK)
AA,OAK,Departure,2017-01-01T06:11:00Z,7,American / Oakland International Airport (OAK)
AA,OAK,Departure,2017-01-01T06:21:00Z,3,American / Oakland International Airport (OAK)
AA,OAK,Departure,2017-01-01T06:31:00Z,3,American / Oakland International Airport (OAK)
AA,OAK,Departure,2017-01-01T06:41:00Z,2,American / Oakland International Airport (OAK)
AA,OAK,Departure,2017-01-01T06:51:00Z,1,American / Oakland International Airport (OAK)
AA,OAK,Departure,2017-01-01T07:21:00Z,1,American / Oakland International Airport (OAK)
AA,OAK,Departure,2017-01-01T08:21:00Z,1,American / Oakland International Airport (OAK)
AA,OAK,Departure,2017-01-01T09:01:00Z,1,American / Oakland International Airport (OAK)
AA,OAK,Departure,2017-01-01T09:11:00Z,1,American / Oakland International Airport (OAK)
AA,OAK,Departure,2017-01-01T09:41:00Z,1,American / Oakland International Airport (OAK)
AA,OAK,Departure,2017-01-01T09:51:00Z,5,American / Oakland International Airport (OAK)
AA,OAK,Departure,2017-01-01T12:11:00Z,4,American / Oakland International Airport (OAK)
AA,OAK,Departure,2017-01-01T12:21:00Z,118,American / Oakland International Airport (OAK)
AA,OAK,Departure,2017-01-01T12:31:00Z,121,American / Oakland International Airport (OAK)
AA,OAK,Departure,2017-01-01T12:41:00Z,52,American / Oakland International Airport (OAK)
AA,OAK,Departure,2017-01-01T12:51:00Z,12,American / Oakland International Airport (OAK)
AA,OAK,Departure,2017-01-01T13:01:00Z,7,American / Oakland International Airport (OAK)
AA,OAK,Departure,2017-01-01T13:11:00Z,4,American / Oakland International Airport (OAK)
AA,OAK,Departure,2017-01-01T13:21:00Z,2,American / Oakland International Airport (OAK)
AA,OAK,Departure,2017-01-01T13:31:00Z,2,American / Oakland International Airport (OAK)
AA,OAK,Departure,2017-01-01T13:41:00Z,1,American / Oakland International Airport (OAK)
AA,OAK,Departure,2017-01-01T13:51:00Z,2,American / Oakland International Airport (OAK)
AA,OAK,Departure,2017-01-01T14:01:00Z,1,American / Oakland International Airport (OAK)
AA,OAK,Departure,2017-01-01T14:31:00Z,1,American / Oakland International Airport (OAK)
AA,OAK,Departure,2017-01-01T14:41:00Z,1,American / Oakland International Airport (OAK)
AA,OAK,Departure,2017-01-01T14:51:00Z,3,American / Oakland International Airport (OAK)
AA,OAK,Departure,2017-01-01T15:51:00Z,1,American / Oakland International Airport (OAK)
AA,OAK,Departure,2017-01-01T16:01:00Z,3,American / Oakland International Airport (OAK)
AA,OAK,Departure,2017-01-01T16:11:00Z,1,American / Oakland International Airport (OAK)
AA,OAK,Departure,2017-01-01T16:41:00Z,1,American / Oakland International Airport (OAK)
AA,OAK,Departure,2017-01-01T17:01:00Z,1,American / Oakland International Airport (OAK)
AA,OAK,Departure,2017-01-01T19:01:00Z,90,American / Oakland International Airport (OAK)
AA,OAK,Departure,2017-01-01T19:11:00Z,164,American / Oakland International Airport (OAK)
AA,OAK,Departure,2017-01-01T19:21:00Z,32,American / Oakland International Airport (OAK)
AA,OAK,Departure,2017-01-01T19:31:00Z,8,American / Oakland International Airport (OAK)
AA,OAK,Departure,2017-01-01T19:41:00Z,10,American / Oakland International Airport (OAK)
AA,OAK,Departure,2017-01-01T20:01:00Z,6,American / Oakland International Airport (OAK)
AA,OAK,Departure,2017-01-01T20:11:00Z,1,American / Oakland International Airport (OAK)
AA,OAK,Departure,2017-01-01T20:31:00Z,1,American / Oakland International Airport (OAK)
AA,OAK,Departure,2017-01-01T20:41:00Z,4,American / Oakland International Airport (OAK)
AA,OAK,Departure,2017-01-01T21:01:00Z,1,American / Oakland International Airport (OAK)
AA,OAK,Departure,2017-01-01T21:21:00Z,1,American / Oakland International Airport (OAK)
AA,ORD,Arrival,2017-01-01T00:01:00Z,-241,American / Chicago O'Hare International Airport (ORD)
AA,ORD,Arrival,2017-01-01T00:11:00Z,-254,American / Chicago O'Hare International Airport (ORD)
AA,ORD,Arrival,2017-01-01T00:21:00Z,-144,American / Chicago O'Hare International Airport (ORD)
AA,ORD,Arrival,2017-01-01T00:31:00Z,-102,American / Chicago O'Hare International Airport (ORD)
AA,ORD,Arrival,2017-01-01T00:41:00Z,-56,American / Chicago O'Hare International Airport (ORD)
AA,ORD,Arrival,2017-01-01T00:51:00Z,-40,American / Chicago O'Hare International Airport (ORD)
AA,ORD,Arrival,2017-01-01T01:01:00Z,-51,American / Chicago O'Hare International Airport (ORD)
AA,ORD,Arrival,2017-01-01T01:11:00Z,-27,American / Chicago O'Hare International Airport (ORD)
AA,ORD,Arrival,2017-01-01T01:21:00Z,-22,American / Chicago O'Hare International Airport (ORD)
AA,ORD,Arrival,2017-01-01T01:31:00Z,-19,American / Chicago O'Hare International Airport (ORD)
AA,ORD,Arrival,2017-01-01T01:41:00Z,-20,American / Chicago O'Hare International Airport (ORD)
AA,ORD,Arrival,2017-01-01T01:51:00Z,-13,American / Chicago O'Hare International Airport (ORD)
AA,ORD,Arrival,2017-01-01T02:01:00Z,-14,American / Chicago O'Hare International Airport (ORD)
AA,ORD,Arrival,2017-01-01T02:11:00Z,-10,American / Chicago O'Hare International Airport (ORD)
AA,ORD,Arrival,2017-01-01T02:21:00Z,-5,American / Chicago O'Hare International Airport (ORD)
AA,ORD,Arrival,2017-01-01T02:31:00Z,-6,American / Chicago O'Hare International Airport (ORD)
AA,ORD,Arrival,2017-01-01T02:41:00Z,-5,American / Chicago O'Hare International Airport (ORD)
AA,ORD,Arrival,2017-01-01T02:51:00Z,-7,American / Chicago O'Hare International Airport (ORD)
AA,ORD,Arrival,2017-01-01T03:01:00Z,-5,American / Chicago O'Hare International Airport (ORD)
AA,ORD,Arrival,2017-01-01T03:11:00Z,-2,American / Chicago O'Hare International Airport (ORD)
AA,ORD,Arrival,2017-01-01T03:21:00Z,-4,American / Chicago O'Hare International Airport (ORD)
AA,ORD,Arrival,2017-01-01T03:31:00Z,-4,American / Chicago O'Hare International Airport (ORD)
AA,ORD,Arrival,2017-01-01T03:41:00Z,-1,American / Chicago O'Hare International Airport (ORD)
AA,ORD,Arrival,2017-01-01T03:51:00Z,-4,American / Chicago O'Hare International Airport (ORD)
AA,ORD,Arrival,2017-01-01T04:01:00Z,-8,American / Chicago O'Hare International Airport (ORD)
AA,ORD,Arrival,2017-01-01T04:11:00Z,-33,American / Chicago O'Hare International Airport (ORD)
AA,ORD,Arrival,2017-01-01T04:21:00Z,-91,American / Chicago O'Hare International Airport (ORD)
AA,ORD,Arrival,2017-01-01T04:31:00Z,-136,American / Chicago O'Hare International Airport (ORD)
AA,ORD,Arrival,2017-01-01T04:41:00Z,-92,American / Chicago O'Hare International Airport (ORD)
AA,ORD,Arrival,2017-01-01T04:51:00Z,-49,American / Chicago O'Hare International Airport (ORD)
AA,ORD,Arrival,2017-01-01T05:01:00Z,-40,American / Chicago O'Hare International Airport (ORD)
AA,ORD,Arrival,2017-01-01T05:11:00Z,-93,American / Chicago O'Hare International Airport (ORD)
AA,ORD,Arrival,2017-01-01T05:21:00Z,-239,American / Chicago O'Hare International Airport (ORD)
AA,ORD,Arrival,2017-01-01T05:31:00Z,-401,American / Chicago O'Hare International Airport (ORD)
AA,ORD,Arrival,2017-01-01T05:41:00Z,-459,American / Chicago O'Hare International Airport (ORD)
AA,ORD,Arrival,2017-01-01T05:51:00Z,-505,American / Chicago O'Hare International Airport (ORD)
AA,ORD,Arrival,2017-01-01T06:01:00Z,-480,American / Chicago O'Hare International Airport (ORD)
AA,ORD,Arrival,2017-01-01T06:11:00Z,-295,American / Chicago O'Hare International Airport (ORD)
AA,ORD,Arrival,2017-01-01T06:21:00Z,-200,American / Chicago O'Hare International Airport (ORD)
AA,ORD,Arrival,2017-01-01T06:31:00Z,-178,American / Chicago O'Hare International Airport (ORD)
AA,ORD,Arrival,2017-01-01T06:41:00Z,-126,American / Chicago O'Hare International Airport (ORD)
AA,ORD,Arrival,2017-01-01T06:51:00Z,-103,American / Chicago O'Hare International Airport (ORD)
AA,ORD,Arrival,2017-01-01T07:01:00Z,-230,American / Chicago O'Hare International Airport (ORD)
AA,ORD,Arrival,2017-01-01T07:11:00Z,-517,American / Chicago O'Hare International Airport (ORD)
AA,ORD,Arrival,2017-01-01T07:21:00Z,-816,American / Chicago O'Hare International Airport (ORD)
AA,ORD,Arrival,2017-01-01T07:31:00Z,-547,American / Chicago O'Hare International Airport (ORD)
AA,ORD,Arrival,2017-01-01T07:41:00Z,-270,American / Chicago O'Hare International Airport (ORD)
AA,ORD,Arrival,2017-01-01T07:51:00Z,-167,American / Chicago O'Hare International Airport (ORD)
AA,ORD,Arrival,2017-01-01T08:01:00Z,-182,American / Chicago O'Hare International Airport (ORD)
AA,ORD,Arrival,2017-01-01T08:11:00Z,-230,American / Chicago O'Hare International Airport (ORD)
AA,ORD,Arrival,2017-01-01T08:21:00Z,-339,American / Chicago O'Hare International Airport (ORD)
AA,ORD,Arrival,2017-01-01T08:31:00Z,-528,American / Chicago O'Hare International Airport (ORD)
AA,ORD,Arrival,2017-01-01T08:41:00Z,-897,American / Chicago O'Hare International Airport (ORD)
AA,ORD,Arrival,2017-01-01T08:51:00Z,-1221,American / Chicago O'Hare International Airport (ORD)
AA,ORD,Arrival,2017-01-01T09:01:00Z,-1077,American / Chicago O'Hare International Airport (ORD)
AA,ORD,Arrival,2017-01-01T09:11:00Z,-785,American / Chicago O'Hare International Airport (ORD)
AA,ORD,Arrival,2017-01-01T09:21:00Z,-348,American / Chicago O'Hare International Airport (ORD)
AA,ORD,Arrival,2017-01-01T09:31:00Z,-220,American / Chicago O'Hare International Airport (ORD)
AA,ORD,Arrival,2017-01-01T09:41:00Z,-181,American / Chicago O'Hare International Airport (ORD)
AA,ORD,Arrival,2017-01-01T09:51:00Z,-169,American / Chicago O'Hare International Airport (ORD)
AA,ORD,Arrival,2017-01-01T10:01:00Z,-202,American / Chicago O'Hare International Airport (ORD)
AA,ORD,Arrival,2017-01-01T10:11:00Z,-250,American / Chicago O'Hare International Airport (ORD)
AA,ORD,Arrival,2017-01-01T10:21:00Z,-612,American / Chicago O'Hare International Airport (ORD)
AA,ORD,Arrival,2017-01-01T10:31:00Z,-1336,American / Chicago O'Hare International Airport (ORD)
AA,ORD,Arrival,2017-01-01T10:41:00Z,-1418,American / Chicago O'Hare International Airport (ORD)
AA,ORD,Arrival,2017-01-01T10:51:00Z,-1049,American / Chicago O'Hare International Airport (ORD)
AA,ORD,Arrival,2017-01-01T11:01:00Z,-678,American / Chicago O'Hare International Airport (ORD)
AA,ORD,Arrival,2017-01-01T11:11:00Z,-473,American / Chicago O'Hare International Airport (ORD)
AA,ORD,Arrival,2017-01-01T11:21:00Z,-334,American / Chicago O'Hare International Airport (ORD)
AA,ORD,Arrival,2017-01-01T11:31:00Z,-278,American / Chicago O'Hare International Airport (ORD)
AA,ORD,Arrival,2017-01-01T11:41:00Z,-218,American / Chicago O'Hare International Airport (ORD)
AA,ORD,Arrival,2017-01-01T11:51:00Z,-375,American / Chicago O'Hare International Airport (ORD)
AA,ORD,Arrival,2017-01-01T12:01:00Z,-583,American / Chicago O'Hare International Airport (ORD)
AA,ORD,Arrival,2017-01-01T12:11:00Z,-785,American / Chicago O'Hare International Airport (ORD)
AA,ORD,Arrival,2017-01-01T12:21:00Z,-830,American / Chicago O'Hare International Airport (ORD)
AA,ORD,Arrival,2017-01-01T12:31:00Z,-750,American / Chicago O'Hare International Airport (ORD)
AA,ORD,Arrival,2017-01-01T12:41:00Z,-639,American / Chicago O'Hare International Airport (ORD)
AA,ORD,Arrival,2017-01-01T12:51:00Z,-565,American / Chicago O'Hare International Airport (ORD)
AA,ORD,Arrival,2017-01-01T13:01:00Z,-428,American / Chicago O'Hare International Airport (ORD)
AA,ORD,Arrival,2017-01-01T13:11:00Z,-359,American / Chicago O'Hare International Airport (ORD)
AA,ORD,Arrival,2017-01-01T13:21:00Z,-354,American / Chicago O'Hare International Airport (ORD)
AA,ORD,Arrival,2017-01-01T13:31:00Z,-464,American / Chicago O'Hare International Airport (ORD)
AA,ORD,Arrival,2017-01-01T13:41:00Z,-813,American / Chicago O'Hare International Airport (ORD)
AA,ORD,Arrival,2017-01-01T13:51:00Z,-1079,American / Chicago O'Hare International Airport (ORD)
AA,ORD,Arrival,2017-01-01T14:01:00Z,-991,American / Chicago O'Hare International Airport (ORD)
AA,ORD,Arrival,2017-01-01T14:11:00Z,-769,American / Chicago O'Hare International Airport (ORD)
AA,ORD,Arrival,2017-01-01T14:21:00Z,-513,American / Chicago O'Hare International Airport (ORD)
AA,ORD,Arrival,2017-01-01T14:31:00Z,-323,American / Chicago O'Hare International Airport (ORD)
AA,ORD,Arrival,2017-01-01T14:41:00Z,-315,American / Chicago O'Hare International Airport (ORD)
AA,ORD,Arrival,2017-01-01T14:51:00Z,-274,American / Chicago O'Hare International Airport (ORD)
AA,ORD,Arrival,2017-01-01T15:01:00Z,-285,American / Chicago O'Hare International Airport (ORD)
AA,ORD,Arrival,2017-01-01T15:11:00Z,-463,American / Chicago O'Hare International Airport (ORD)
AA,ORD,Arrival,2017-01-01T15:21:00Z,-544,American / Chicago O'Hare International Airport (ORD)
AA,ORD,Arrival,2017-01-01T15:31:00Z,-807,American / Chicago O'Hare International Airport (ORD)
AA,ORD,Arrival,2017-01-01T15:41:00Z,-1076,American / Chicago O'Hare International Airport (ORD)
AA,ORD,Arrival,2017-01-01T15:51:00Z,-1028,American / Chicago O'Hare International Airport (ORD)
AA,ORD,Arrival,2017-01-01T16:01:00Z,-813,American / Chicago O'Hare International Airport (ORD)
AA,ORD,Arrival,2017-01-01T16:11:00Z,-544,American / Chicago O'Hare International Airport (ORD)
AA,ORD,Arrival,2017-01-01T16:21:00Z,-365,American / Chicago O'Hare International Airport (ORD)
AA,ORD,Arrival,2017-01-01T16:31:00Z,-336,American / Chicago O'Hare International Airport (ORD)
AA,ORD,Arrival,2017-01-01T16:41:00Z,-381,American / Chicago O'Hare International Airport (ORD)
AA,ORD,Arrival,2017-01-01T16:51:00Z,-462,American / Chicago O'Hare International Airport (ORD)
AA,ORD,Arrival,2017-01-01T17:01:00Z,-699,American / Chicago O'Hare International Airport (ORD)
AA,ORD,Arrival,2017-01-01T17:11:00Z,-921,American / Chicago O'Hare International Airport (ORD)
AA,ORD,Arrival,2017-01-01T17:21:00Z,-1215,American / Chicago O'Hare International Airport (ORD)
AA,ORD,Arrival,2017-01-01T17:31:00Z,-1203,American / Chicago O'Hare International Airport (ORD)
AA,ORD,Arrival,2017-01-01T17:41:00Z,-856,American / Chicago O'Hare International Airport (ORD)
AA,ORD,Arrival,2017-01-01T17:51:00Z,-605,American / Chicago O'Hare International Airport (ORD)
AA,ORD,Arrival,2017-01-01T18:01:00Z,-470,American / Chicago O'Hare International Airport (ORD)
AA,ORD,Arrival,2017-01-01T18:11:00Z,-354,American / Chicago O'Hare International Airport (ORD)
AA,ORD,Arrival,2017-01-01T18:21:00Z,-309,American / Chicago O'Hare International Airport (ORD)
AA,ORD,Arrival,2017-01-01T18:31:00Z,-502,American / Chicago O'Hare International Airport (ORD)
AA,ORD,Arrival,2017-01-01T18:41:00Z,-722,American / Chicago O'Hare International Airport (ORD)
AA,ORD,Arrival,2017-01-01T18:51:00Z,-974,American / Chicago O'Hare International Airport (ORD)
AA,ORD,Arrival,2017-01-01T19:01:00Z,-1190,American / Chicago O'Hare International Airport (ORD)
AA,ORD,Arrival,2017-01-01T19:11:00Z,-1278,American / Chicago O'Hare International Airport (ORD)
AA,ORD,Arrival,2017-01-01T19:21:00Z,-803,American / Chicago O'Hare International Airport (ORD)
AA,ORD,Arrival,2017-01-01T19:31:00Z,-623,American / Chicago O'Hare International Airport (ORD)
AA,ORD,Arrival,2017-01-01T19:41:00Z,-484,American / Chicago O'Hare International Airport (ORD)
AA,ORD,Arrival,2017-01-01T19:51:00Z,-369,American / Chicago O'Hare International Airport (ORD)
AA,ORD,Arrival,2017-01-01T20:01:00Z,-400,American / Chicago O'Hare International Airport (ORD)
AA,ORD,Arrival,2017-01-01T20:11:00Z,-579,American / Chicago O'Hare International Airport (ORD)
AA,ORD,Arrival,2017-01-01T20:21:00Z,-718,American / Chicago O'Hare International Airport (ORD)
AA,ORD,Arrival,2017-01-01T20:31:00Z,-839,American / Chicago O'Hare International Airport (ORD)
AA,ORD,Arrival,2017-01-01T20:41:00Z,-1183,American / Chicago O'Hare International Airport (ORD)
AA,ORD,Arrival,2017-01-01T20:51:00Z,-1143,American / Chicago O'Hare International Airport (ORD)
AA,ORD,Arrival,2017-01-01T21:01:00Z,-752,American / Chicago O'Hare International Airport (ORD)
AA,ORD,Arrival,2017-01-01T21:11:00Z,-477,American / Chicago O'Hare International Airport (ORD)
AA,ORD,Arrival,2017-01-01T21:21:00Z,-404,American / Chicago O'Hare International Airport (ORD)
AA,ORD,Arrival,2017-01-01T21:31:00Z,-351,American / Chicago O'Hare International Airport (ORD)
AA,ORD,Arrival,2017-01-01T21:41:00Z,-353,American / Chicago O'Hare International Airport (ORD)
AA,ORD,Arrival,2017-01-01T21:51:00Z,-300,American / Chicago O'Hare International Airport (ORD)
AA,ORD,Arrival,2017-01-01T22:01:00Z,-272,American / Chicago O'Hare International Airport (ORD)
AA,ORD,Arrival,2017-01-01T22:11:00Z,-222,American / Chicago O'Hare International Airport (ORD)
AA,ORD,Arrival,2017-01-01T22:21:00Z,-286,American / Chicago O'Hare International Airport (ORD)
AA,ORD,Arrival,2017-01-01T22:31:00Z,-357,American / Chicago O'Hare International Airport (ORD)
AA,ORD,Arrival,2017-01-01T22:41:00Z,-318,American / Chicago O'Hare International Airport (ORD)
AA,ORD,Arrival,2017-01-01T22:51:00Z,-308,American / Chicago O'Hare International Airport (ORD)
AA,ORD,Arrival,2017-01-01T23:01:00Z,-239,American / Chicago O'Hare International Airport (ORD)
AA,ORD,Arrival,2017-01-01T23:11:00Z,-196,American / Chicago O'Hare International Airport (ORD)
AA,ORD,Arrival,2017-01-01T23:21:00Z,-173,American / Chicago O'Hare International Airport (ORD)
AA,ORD,Arrival,2017-01-01T23:31:00Z,-238,American / Chicago O'Hare International Airport (ORD)
AA,ORD,Arrival,2017-01-01T23:41:00Z,-221,American / Chicago O'Hare International Airport (ORD)
AA,ORD,Arrival,2017-01-01T23:51:00Z,-223,American / Chicago O'Hare International Airport (ORD)
AA,ORD,Departure,2017-01-01T00:01:00Z,11,American / Chicago O'Hare International Airport (ORD)
AA,ORD,Departure,2017-01-01T00:11:00Z,6,American / Chicago O'Hare International Airport (ORD)
AA,ORD,Departure,2017-01-01T00:21:00Z,6,American / Chicago O'Hare International Airport (ORD)
AA,ORD,Departure,2017-01-01T00:31:00Z,4,American / Chicago O'Hare International Airport (ORD)
AA,ORD,Departure,2017-01-01T00:41:00Z,6,American / Chicago O'Hare International Airport (ORD)
AA,ORD,Departure,2017-01-01T00:51:00Z,1,American / Chicago O'Hare International Airport (ORD)
AA,ORD,Departure,2017-01-01T01:01:00Z,2,American / Chicago O'Hare International Airport (ORD)
AA,ORD,Departure,2017-01-01T01:11:00Z,1,American / Chicago O'Hare International Airport (ORD)
AA,ORD,Departure,2017-01-01T01:21:00Z,2,American / Chicago O'Hare International Airport (ORD)
AA,ORD,Departure,2017-01-01T01:51:00Z,2,American / Chicago O'Hare International Airport (ORD)
AA,ORD,Departure,2017-01-01T02:01:00Z,1,American / Chicago O'Hare International Airport (ORD)
AA,ORD,Departure,2017-01-01T02:11:00Z,1,American / Chicago O'Hare International Airport (ORD)
AA,ORD,Departure,2017-01-01T02:21:00Z,1,American / Chicago O'Hare International Airport (ORD)
AA,ORD,Departure,2017-01-01T02:51:00Z,1,American / Chicago O'Hare International Airport (ORD)
AA,ORD,Departure,2017-01-01T04:41:00Z,42,American / Chicago O'Hare International Airport (ORD)
AA,ORD,Departure,2017-01-01T04:51:00Z,600,American / Chicago O'Hare International Airport (ORD)
AA,ORD,Departure,2017-01-01T05:01:00Z,149,American / Chicago O'Hare International Airport (ORD)
AA,ORD,Departure,2017-01-01T05:11:00Z,237,American / Chicago O'Hare International Airport (ORD)
AA,ORD,Departure,2017-01-01T05:21:00Z,498,American / Chicago O'Hare International Airport (ORD)
AA,ORD,Departure,2017-01-01T05:31:00Z,56,American / Chicago O'Hare International Airport (ORD)
AA,ORD,Departure,2017-01-01T05:41:00Z,43,American / Chicago O'Hare International Airport (ORD)
AA,ORD,Departure,2017-01-01T05:51:00Z,542,American / Chicago O'Hare International Airport (ORD)
AA,ORD,Departure,2017-01-01T06:01:00Z,46,American / Chicago O'Hare International Airport (ORD)
AA,ORD,Departure,2017-01-01T06:11:00Z,21,American / Chicago O'Hare International Airport (ORD)
AA,ORD,Departure,2017-01-01T06:21:00Z,186,American / Chicago O'Hare International Airport (ORD)
AA,ORD,Departure,2017-01-01T06:31:00Z,23,American / Chicago O'Hare International Airport (ORD)
AA,ORD,Departure,2017-01-01T06:41:00Z,145,American / Chicago O'Hare International Airport (ORD)
AA,ORD,Departure,2017-01-01T06:51:00Z,958,American / Chicago O'Hare International Airport (ORD)
AA,ORD,Departure,2017-01-01T07:01:00Z,1809,American / Chicago O'Hare International Airport (ORD)
AA,ORD,Departure,2017-01-01T07:11:00Z,1482,American / Chicago O'Hare International Airport (ORD)
AA,ORD,Departure,2017-01-01T07:21:00Z,816,American / Chicago O'Hare International Airport (ORD)
AA,ORD,Departure,2017-01-01T07:31:00Z,201,American / Chicago O'Hare International Airport (ORD)
AA,ORD,Departure,2017-01-01T07:41:00Z,134,American / Chicago O'Hare International Airport (ORD)
AA,ORD,Departure,2017-01-01T07:51:00Z,72,American / Chicago O'Hare International Airport (ORD)
AA,ORD,Departure,2017-01-01T08:01:00Z,55,American / Chicago O'Hare International Airport (ORD)
AA,ORD,Departure,2017-01-01T08:11:00Z,305,American / Chicago O'Hare International Airport (ORD)
AA,ORD,Departure,2017-01-01T08:21:00Z,836,American / Chicago O'Hare International Airport (ORD)
AA,ORD,Departure,2017-01-01T08:31:00Z,1338,American / Chicago O'Hare International Airport (ORD)
AA,ORD,Departure,2017-01-01T08:41:00Z,1332,American / Chicago O'Hare International Airport (ORD)
AA,ORD,Departure,2017-01-01T08:51:00Z,889,American / Chicago O'Hare International Airport (ORD)
AA,ORD,Departure,2017-01-01T09:01:00Z,464,American / Chicago O'Hare International Airport (ORD)
AA,ORD,Departure,2017-01-01T09:11:00Z,253,American / Chicago O'Hare International Airport (ORD)
AA,ORD,Departure,2017-01-01T09:21:00Z,419,American / Chicago O'Hare International Airport (ORD)
AA,ORD,Departure,2017-01-01T09:31:00Z,232,American / Chicago O'Hare International Airport (ORD)
AA,ORD,Departure,2017-01-01T09:41:00Z,637,American / Chicago O'Hare International Airport (ORD)
AA,ORD,Departure,2017-01-01T09:51:00Z,1245,American / Chicago O'Hare International Airport (ORD)
AA,ORD,Departure,2017-01-01T10:01:00Z,1038,American / Chicago O'Hare International Airport (ORD)
AA,ORD,Departure,2017-01-01T10:11:00Z,1281,American / Chicago O'Hare International Airport (ORD)
AA,ORD,Departure,2017-01-01T10:21:00Z,1440,American / Chicago O'Hare International Airport (ORD)
AA,ORD,Departure,2017-01-01T10:31:00Z,443,American / Chicago O'Hare International Airport (ORD)
AA,ORD,Departure,2017-01-01T10:41:00Z,543,American / Chicago O'Hare International Airport (ORD)
AA,ORD,Departure,2017-01-01T10:51:00Z,308,American / Chicago O'Hare International Airport (ORD)
AA,ORD,Departure,2017-01-01T11:01:00Z,129,American / Chicago O'Hare International Airport (ORD)
AA,ORD,Departure,2017-01-01T11:11:00Z,100,American / Chicago O'Hare International Airport (ORD)
AA,ORD,Departure,2017-01-01T11:21:00Z,188,American / Chicago O'Hare International Airport (ORD)
AA,ORD,Departure,2017-01-01T11:31:00Z,214,American / Chicago O'Hare International Airport (ORD)
AA,ORD,Departure,2017-01-01T11:41:00Z,1007,American / Chicago O'Hare International Airport (ORD)
AA,ORD,Departure,2017-01-01T11:51:00Z,1865,American / Chicago O'Hare International Airport (ORD)
AA,ORD,Departure,2017-01-01T12:01:00Z,1307,American / Chicago O'Hare International Airport (ORD)
AA,ORD,Departure,2017-01-01T12:11:00Z,1364,American / Chicago O'Hare International Airport (ORD)
AA,ORD,Departure,2017-01-01T12:21:00Z,726,American / Chicago O'Hare International Airport (ORD)
AA,ORD,Departure,2017-01-01T12:31:00Z,286,American / Chicago O'Hare International Airport (ORD)
AA,ORD,Departure,2017-01-01T12:41:00Z,179,American / Chicago O'Hare International Airport (ORD)
AA,ORD,Departure,2017-01-01T12:51:00Z,185,American / Chicago O'Hare International Airport (ORD)
AA,ORD,Departure,2017-01-01T13:01:00Z,176,American / Chicago O'Hare International Airport (ORD)
AA,ORD,Departure,2017-01-01T13:11:00Z,616,American / Chicago O'Hare International Airport (ORD)
AA,ORD,Departure,2017-01-01T13:21:00Z,986,American / Chicago O'Hare International Airport (ORD)
AA,ORD,Departure,2017-01-01T13:31:00Z,1307,American / Chicago O'Hare International Airport (ORD)
AA,ORD,Departure,2017-01-01T13:41:00Z,952,American / Chicago O'Hare International Airport (ORD)
AA,ORD,Departure,2017-01-01T13:51:00Z,616,American / Chicago O'Hare International Airport (ORD)
AA,ORD,Departure,2017-01-01T14:01:00Z,420,American / Chicago O'Hare International Airport (ORD)
AA,ORD,Departure,2017-01-01T14:11:00Z,257,American / Chicago O'Hare International Airport (ORD)
AA,ORD,Departure,2017-01-01T14:21:00Z,398,American / Chicago O'Hare International Airport (ORD)
AA,ORD,Departure,2017-01-01T14:31:00Z,183,American / Chicago O'Hare International Airport (ORD)
AA,ORD,Departure,2017-01-01T14:41:00Z,207,American / Chicago O'Hare International Airport (ORD)
AA,ORD,Departure,2017-01-01T14:51:00Z,1132,American / Chicago O'Hare International Airport (ORD)
AA,ORD,Departure,2017-01-01T15:01:00Z,1210,American / Chicago O'Hare International Airport (ORD)
AA,ORD,Departure,2017-01-01T15:11:00Z,755,American / Chicago O'Hare International Airport (ORD)
AA,ORD,Departure,2017-01-01T15:21:00Z,624,American / Chicago O'Hare International Airport (ORD)
AA,ORD,Departure,2017-01-01T15:31:00Z,363,American / Chicago O'Hare International Airport (ORD)
AA,ORD,Departure,2017-01-01T15:41:00Z,283,American / Chicago O'Hare International Airport (ORD)
AA,ORD,Departure,2017-01-01T15:51:00Z,292,American / Chicago O'Hare International Airport (ORD)
AA,ORD,Departure,2017-01-01T16:01:00Z,254,American / Chicago O'Hare International Airport (ORD)
AA,ORD,Departure,2017-01-01T16:11:00Z,170,American / Chicago O'Hare International Airport (ORD)
AA,ORD,Departure,2017-01-01T16:21:00Z,271,American / Chicago O'Hare International Airport (ORD)
AA,ORD,Departure,2017-01-01T16:31:00Z,572,American / Chicago O'Hare International Airport (ORD)
AA,ORD,Departure,2017-01-01T16:41:00Z,688,American / Chicago O'Hare International Airport (ORD)
AA,ORD,Departure,2017-01-01T16:51:00Z,1162,American / Chicago O'Hare International Airport (ORD)
AA,ORD,Departure,2017-01-01T17:01:00Z,1116,American / Chicago O'Hare International Airport (ORD)
AA,ORD,Departure,2017-01-01T17:11:00Z,1133,American / Chicago O'Hare International Airport (ORD)
AA,ORD,Departure,2017-01-01T17:21:00Z,706,American / Chicago O'Hare International Airport (ORD)
AA,ORD,Departure,2017-01-01T17:31:00Z,525,American / Chicago O'Hare International Airport (ORD)
AA,ORD,Departure,2017-01-01T17:41:00Z,355,American / Chicago O'Hare International Airport (ORD)
AA,ORD,Departure,2017-01-01T17:51:00Z,345,American / Chicago O'Hare International Airport (ORD)
AA,ORD,Departure,2017-01-01T18:01:00Z,227,American / Chicago O'Hare International Airport (ORD)
AA,ORD,Departure,2017-01-01T18:11:00Z,383,American / Chicago O'Hare International Airport (ORD)
AA,ORD,Departure,2017-01-01T18:21:00Z,1302,American / Chicago O'Hare International Airport (ORD)
AA,ORD,Departure,2017-01-01T18:31:00Z,1286,American / Chicago O'Hare International Airport (ORD)
AA,ORD,Departure,2017-01-01T18:41:00Z,1497,American / Chicago O'Hare International Airport (ORD)
AA,ORD,Departure,2017-01-01T18:51:00Z,948,American / Chicago O'Hare International Airport (ORD)
AA,ORD,Departure,2017-01-01T19:01:00Z,479,American / Chicago O'Hare International Airport (ORD)
AA,ORD,Departure,2017-01-01T19:11:00Z,322,American / Chicago O'Hare International Airport (ORD)
AA,ORD,Departure,2017-01-01T19:21:00Z,339,American / Chicago O'Hare International Airport (ORD)
AA,ORD,Departure,2017-01-01T19:31:00Z,240,American / Chicago O'Hare International Airport (ORD)
AA,ORD,Departure,2017-01-01T19:41:00Z,184,American / Chicago O'Hare International Airport (ORD)
AA,ORD,Departure,2017-01-01T19:51:00Z,448,American / Chicago O'Hare International Airport (ORD)
AA,ORD,Departure,2017-01-01T20:01:00Z,1173,American / Chicago O'Hare International Airport (ORD)
AA,ORD,Departure,2017-01-01T20:11:00Z,1066,American / Chicago O'Hare International Airport (ORD)
AA,ORD,Departure,2017-01-01T20:21:00Z,1242,American / Chicago O'Hare International Airport (ORD)
AA,ORD,Departure,2017-01-01T20:31:00Z,937,American / Chicago O'Hare International Airport (ORD)
AA,ORD,Departure,2017-01-01T20:41:00Z,519,American / Chicago O'Hare International Airport (ORD)
AA,ORD,Departure,2017-01-01T20:51:00Z,328,American / Chicago O'Hare International Airport (ORD)
AA,ORD,Departure,2017-01-01T21:01:00Z,264,American / Chicago O'Hare International Airport (ORD)
AA,ORD,Departure,2017-01-01T21:11:00Z,181,American / Chicago O'Hare International Airport (ORD)
AA,ORD,Departure,2017-01-01T21:21:00Z,160,American / Chicago O'Hare International Airport (ORD)
AA,ORD,Departure,2017-01-01T21:31:00Z,476,American / Chicago O'Hare International Airport (ORD)
AA,ORD,Departure,2017-01-01T21:41:00Z,778,American / Chicago O'Hare International Airport (ORD)
AA,ORD,Departure,2017-01-01T21:51:00Z,352,American / Chicago O'Hare International Airport (ORD)
AA,ORD,Departure,2017-01-01T22:01:00Z,160,American / Chicago O'Hare International Airport (ORD)
AA,ORD,Departure,2017-01-01T22:11:00Z,128,American / Chicago O'Hare International Airport (ORD)
AA,ORD,Departure,2017-01-01T22:21:00Z,90,American / Chicago O'Hare International Airport (ORD)
AA,ORD,Departure,2017-01-01T22:31:00Z,62,American / Chicago O'Hare International Airport (ORD)
AA,ORD,Departure,2017-01-01T22:41:00Z,50,American / Chicago O'Hare International Airport (ORD)
AA,ORD,Departure,2017-01-01T22:51:00Z,54,American / Chicago O'Hare International Airport (ORD)
AA,ORD,Departure,2017-01-01T23:01:00Z,33,American / Chicago O'Hare International Airport (ORD)
AA,ORD,Departure,2017-01-01T23:11:00Z,32,American / Chicago O'Hare International Airport (ORD)
AA,ORD,Departure,2017-01-01T23:21:00Z,26,American / Chicago O'Hare International Airport (ORD)
AA,ORD,Departure,2017-01-01T23:31:00Z,18,American / Chicago O'Hare International Airport (ORD)
AA,ORD,Departure,2017-01-01T23:41:00Z,16,American / Chicago O'Hare International Airport (ORD)
AA,ORD,Departure,2017-01-01T23:51:00Z,12,American / Chicago O'Hare International Airport (ORD)
AA,PDX,Arrival,2017-01-01T00:01:00Z,-32,American / Portland International Airport (PDX)
AA,PDX,Arrival,2017-01-01T00:11:00Z,-56,American / Portland International Airport (PDX)
AA,PDX,Arrival,2017-01-01T00:21:00Z,-48,American / Portland International Airport (PDX)
AA,PDX,Arrival,2017-01-01T00:31:00Z,-38,American / Portland International Airport (PDX)
AA,PDX,Arrival,2017-01-01T00:41:00Z,-27,American / Portland International Airport (PDX)
AA,PDX,Arrival,2017-01-01T00:51:00Z,-15,American / Portland International Airport (PDX)
AA,PDX,Arrival,2017-01-01T01:01:00Z,-18,American / Portland International Airport (PDX)
AA,PDX,Arrival,2017-01-01T01:11:00Z,-18,American / Portland International Airport (PDX)
AA,PDX,Arrival,2017-01-01T01:21:00Z,-14,American / Portland International Airport (PDX)
AA,PDX,Arrival,2017-01-01T01:31:00Z,-7,American / Portland International Airport (PDX)
AA,PDX,Arrival,2017-01-01T01:41:00Z,-15,American / Portland International Airport (PDX)
AA,PDX,Arrival,2017-01-01T01:51:00Z,-8,American / Portland International Airport (PDX)
AA,PDX,Arrival,2017-01-01T02:01:00Z,-5,American / Portland International Airport (PDX)
AA,PDX,Arrival,2017-01-01T02:11:00Z,-8,American / Portland International Airport (PDX)
AA,PDX,Arrival,2017-01-01T02:21:00Z,-5,American / Portland International Airport (PDX)
AA,PDX,Arrival,2017-01-01T02:31:00Z,-1,American / Portland International Airport (PDX)
AA,PDX,Arrival,2017-01-01T02:41:00Z,-4,American / Portland International Airport (PDX)
AA,PDX,Arrival,2017-01-01T02:51:00Z,-1,American / Portland International Airport (PDX)
AA,PDX,Arrival,2017-01-01T03:21:00Z,-1,American / Portland International Airport (PDX)
AA,PDX,Arrival,2017-01-01T03:31:00Z,-1,American / Portland International Airport (PDX)
AA,PDX,Arrival,2017-01-01T03:51:00Z,-1,American / Portland International Airport (PDX)
AA,PDX,Arrival,2017-01-01T09:11:00Z,-1,American / Portland International Airport (PDX)
AA,PDX,Arrival,2017-01-01T09:21:00Z,-1,American / Portland International Airport (PDX)
AA,PDX,Arrival,2017-01-01T09:31:00Z,-30,American / Portland International Airport (PDX)
AA,PDX,Arrival,2017-01-01T09:41:00Z,-30,American / Portland International Airport (PDX)
AA,PDX,Arrival,2017-01-01T09:51:00Z,-41,American / Portland International Airport (PDX)
AA,PDX,Arrival,2017-01-01T10:01:00Z,-22,American / Portland International Airport (PDX)
AA,PDX,Arrival,2017-01-01T10:11:00Z,-13,American / Portland International Airport (PDX)
AA,PDX,Arrival,2017-01-01T10:21:00Z,-8,American / Portland International Airport (PDX)
AA,PDX,Arrival,2017-01-01T10:31:00Z,-17,American / Portland International Airport (PDX)
AA,PDX,Arrival,2017-01-01T10:41:00Z,-47,American / Portland International Airport (PDX)
AA,PDX,Arrival,2017-01-01T10:51:00Z,-68,American / Portland International Airport (PDX)
AA,PDX,Arrival,2017-01-01T11:01:00Z,-75,American / Portland International Airport (PDX)
AA,PDX,Arrival,2017-01-01T11:11:00Z,-65,American / Portland International Airport (PDX)
AA,PDX,Arrival,2017-01-01T11:21:00Z,-38,American / Portland International Airport (PDX)
AA,PDX,Arrival,2017-01-01T11:31:00Z,-14,American / Portland International Airport (PDX)
AA,PDX,Arrival,2017-01-01T11:41:00Z,-11,American / Portland International Airport (PDX)
AA,PDX,Arrival,2017-01-01T11:51:00Z,-13,American / Portland International Airport (PDX)
AA,PDX,Arrival,2017-01-01T12:01:00Z,-30,American / Portland International Airport (PDX)
AA,PDX,Arrival,2017-01-01T12:11:00Z,-45,American / Portland International Airport (PDX)
AA,PDX,Arrival,2017-01-01T12:21:00Z,-33,American / Portland International Airport (PDX)
AA,PDX,Arrival,2017-01-01T12:31:00Z,-40,American / Portland International Airport (PDX)
AA,PDX,Arrival,2017-01-01T12:41:00Z,-50,American / Portland International Airport (PDX)
AA,PDX,Arrival,2017-01-01T12:51:00Z,-131,American / Portland International Airport (PDX)
AA,PDX,Arrival,2017-01-01T13:01:00Z,-103,American / Portland International Airport (PDX)
AA,PDX,Arrival,2017-01-01T13:11:00Z,-60,American / Portland International Airport (PDX)
AA,PDX,Arrival,2017-01-01T13:21:00Z,-25,American / Portland International Airport (PDX)
AA,PDX,Arrival,2017-01-01T13:31:00Z,-10,American / Portland International Airport (PDX)
AA,PDX,Arrival,2017-01-01T13:41:00Z,-7,American / Portland International Airport (PDX)
AA,PDX,Arrival,2017-01-01T13:51:00Z,-1,American / Portland International Airport (PDX)
AA,PDX,Arrival,2017-01-01T14:01:00Z,-11,American / Portland International Airport (PDX)
AA,PDX,Arrival,2017-01-01T14:11:00Z,-25,American / Portland International Airport (PDX)
AA,PDX,Arrival,2017-01-01T14:21:00Z,-58,American / Portland International Airport (PDX)
AA,PDX,Arrival,2017-01-01T14:31:00Z,-112,American / Portland International Airport (PDX)
AA,PDX,Arrival,2017-01-01T14:41:00Z,-90,American / Portland International Airport (PDX)
AA,PDX,Arrival,2017-01-01T14:51:00Z,-28,American / Portland International Airport (PDX)
AA,PDX,Arrival,2017-01-01T15:01:00Z,-25,American / Portland International Airport (PDX)
AA,PDX,Arrival,2017-01-01T15:11:00Z,-8,American / Portland International Airport (PDX)
AA,PDX,Arrival,2017-01-01T15:21:00Z,-5,American / Portland International Airport (PDX)
AA,PDX,Arrival,2017-01-01T15:31:00Z,-2,American / Portland International Airport (PDX)
AA,PDX,Arrival,2017-01-01T15:41:00Z,-1,American / Portland International Airport (PDX)
AA,PDX,Arrival,2017-01-01T15:51:00Z,-1,American / Portland International Airport (PDX)
AA,PDX,Arrival,2017-01-01T16:01:00Z,-3,American / Portland International Airport (PDX)
AA,PDX,Arrival,2017-01-01T16:21:00Z,-4,American / Portland International Airport (PDX)
AA,PDX,Arrival,2017-01-01T16:31:00Z,-34,American / Portland International Airport (PDX)
AA,PDX,Arrival,2017-01-01T16:41:00Z,-92,American / Portland International Airport (PDX)
AA,PDX,Arrival,2017-01-01T16:51:00Z,-79,American / Portland International Airport (PDX)
AA,PDX,Arrival,2017-01-01T17:01:00Z,-54,American / Portland International Airport (PDX)
AA,PDX,Arrival,2017-01-01T17:11:00Z,-24,American / Portland International Airport (PDX)
AA,PDX,Arrival,2017-01-01T17:21:00Z,-15,American / Portland International Airport (PDX)
AA,PDX,Arrival,2017-01-01T17:31:00Z,-9,American / Portland International Airport (PDX)
AA,PDX,Arrival,2017-01-01T17:41:00Z,-9,American / Portland International Airport (PDX)
AA,PDX,Arrival,2017-01-01T17:51:00Z,-4,American / Portland International Airport (PDX)
AA,PDX,Arrival,2017-01-01T18:01:00Z,-5,American / Portland International Airport (PDX)
AA,PDX,Arrival,2017-01-01T18:11:00Z,-8,American / Portland International Airport (PDX)
AA,PDX,Arrival,2017-01-01T18:21:00Z,-38,American / Portland International Airport (PDX)
AA,PDX,Arrival,2017-01-01T18:31:00Z,-46,American / Portland International Airport (PDX)
AA,PDX,Arrival,2017-01-01T18:41:00Z,-46,American / Portland International Airport (PDX)
AA,PDX,Arrival,2017-01-01T18:51:00Z,-41,American / Portland International Airport (PDX)
AA,PDX,Arrival,2017-01-01T19:01:00Z,-40,American / Portland International Airport (PDX)
AA,PDX,Arrival,2017-01-01T19:11:00Z,-70,American / Portland International Airport (PDX)
AA,PDX,Arrival,2017-01-01T19:21:00Z,-77,American / Portland International Airport (PDX)
AA,PDX,Arrival,2017-01-01T19:31:00Z,-151,American / Portland International Airport (PDX)
AA,PDX,Arrival,2017-01-01T19:41:00Z,-147,American / Portland International Airport (PDX)
AA,PDX,Arrival,2017-01-01T19:51:00Z,-89,American / Portland International Airport (PDX)
AA,PDX,Arrival,2017-01-01T20:01:00Z,-48,American / Portland International Airport (PDX)
AA,PDX,Arrival,2017-01-01T20:11:00Z,-24,American / Portland International Airport (PDX)
AA,PDX,Arrival,2017-01-01T20:21:00Z,-29,American / Portland International Airport (PDX)
AA,PDX,Arrival,2017-01-01T20:31:00Z,-31,American / Portland International Airport (PDX)
AA,PDX,Arrival,2017-01-01T20:41:00Z,-48,American / Portland International Airport (PDX)
AA,PDX,Arrival,2017-01-01T20:51:00Z,-82,American / Portland International Airport (PDX)
AA,PDX,Arrival,2017-01-01T21:01:00Z,-99,American / Portland International Airport (PDX)
AA,PDX,Arrival,2017-01-01T21:11:00Z,-57,American / Portland International Airport (PDX)
AA,PDX,Arrival,2017-01-01T21:21:00Z,-50,American / Portland International Airport (PDX)
AA,PDX,Arrival,2017-01-01T21:31:00Z,-29,American / Portland International Airport (PDX)
AA,PDX,Arrival,2017-01-01T21:41:00Z,-28,American / Portland International Airport (PDX)
AA,PDX,Arrival,2017-01-01T21:51:00Z,-19,American / Portland International Airport (PDX)
AA,PDX,Arrival,2017-01-01T22:01:00Z,-16,American / Portland International Airport (PDX)
AA,PDX,Arrival,2017-01-01T22:11:00Z,-29,American / Portland International Airport (PDX)
AA,PDX,Arrival,2017-01-01T22:21:00Z,-59,American / Portland International Airport (PDX)
AA,PDX,Arrival,2017-01-01T22:31:00Z,-124,American / Portland International Airport (PDX)
AA,PDX,Arrival,2017-01-01T22:41:00Z,-186,American / Portland International Airport (PDX)
AA,PDX,Arrival,2017-01-01T22:51:00Z,-165,American / Portland International Airport (PDX)
AA,PDX,Arrival,2017-01-01T23:01:00Z,-95,American / Portland International Airport (PDX)
AA,PDX,Arrival,2017-01-01T23:11:00Z,-62,American / Portland International Airport (PDX)
AA,PDX,Arrival,2017-01-01T23:21:00Z,-41,American / Portland International Airport (PDX)
AA,PDX,Arrival,2017-01-01T23:31:00Z,-33,American / Portland International Airport (PDX)
AA,PDX,Arrival,2017-01-01T23:41:00Z,-20,American / Portland International Airport (PDX)
AA,PDX,Arrival,2017-01-01T23:51:00Z,-15,American / Portland International Airport (PDX)
AA,PDX,Departure,2017-01-01T00:01:00Z,79,American / Portland International Airport (PDX)
AA,PDX,Departure,2017-01-01T00:11:00Z,105,American / Portland International Airport (PDX)
AA,PDX,Departure,2017-01-01T00:21:00Z,46,American / Portland International Airport (PDX)
AA,PDX,Departure,2017-01-01T00:31:00Z,21,American / Portland International Airport (PDX)
AA,PDX,Departure,2017-01-01T00:41:00Z,13,American / Portland International Airport (PDX)
AA,PDX,Departure,2017-01-01T00:51:00Z,6,American / Portland International Airport (PDX)
AA,PDX,Departure,2017-01-01T01:01:00Z,5,American / Portland International Airport (PDX)
AA,PDX,Departure,2017-01-01T01:11:00Z,6,American / Portland International Airport (PDX)
AA,PDX,Departure,2017-01-01T01:21:00Z,5,American / Portland International Airport (PDX)
AA,PDX,Departure,2017-01-01T01:41:00Z,1,American / Portland International Airport (PDX)
AA,PDX,Departure,2017-01-01T02:01:00Z,2,American / Portland International Airport (PDX)
AA,PDX,Departure,2017-01-01T02:21:00Z,2,American / Portland International Airport (PDX)
AA,PDX,Departure,2017-01-01T04:41:00Z,5,American / Portland International Airport (PDX)
AA,PDX,Departure,2017-01-01T04:51:00Z,172,American / Portland International Airport (PDX)
AA,PDX,Departure,2017-01-01T05:01:00Z,157,American / Portland International Airport (PDX)
AA,PDX,Departure,2017-01-01T05:11:00Z,13,American / Portland International Airport (PDX)
AA,PDX,Departure,2017-01-01T05:21:00Z,2,American / Portland International Airport (PDX)
AA,PDX,Departure,2017-01-01T05:31:00Z,29,American / Portland International Airport (PDX)
AA,PDX,Departure,2017-01-01T05:41:00Z,55,American / Portland International Airport (PDX)
AA,PDX,Departure,2017-01-01T05:51:00Z,95,American / Portland International Airport (PDX)
AA,PDX,Departure,2017-01-01T06:01:00Z,12,American / Portland International Airport (PDX)
AA,PDX,Departure,2017-01-01T06:11:00Z,7,American / Portland International Airport (PDX)
AA,PDX,Departure,2017-01-01T06:21:00Z,2,American / Portland International Airport (PDX)
AA,PDX,Departure,2017-01-01T06:41:00Z,1,American / Portland International Airport (PDX)
AA,PDX,Departure,2017-01-01T06:51:00Z,94,American / Portland International Airport (PDX)
AA,PDX,Departure,2017-01-01T07:01:00Z,27,American / Portland International Airport (PDX)
AA,PDX,Departure,2017-01-01T07:11:00Z,70,American / Portland International Airport (PDX)
AA,PDX,Departure,2017-01-01T07:21:00Z,176,American / Portland International Airport (PDX)
AA,PDX,Departure,2017-01-01T07:31:00Z,88,American / Portland International Airport (PDX)
AA,PDX,Departure,2017-01-01T07:41:00Z,39,American / Portland International Airport (PDX)
AA,PDX,Departure,2017-01-01T07:51:00Z,100,American / Portland International Airport (PDX)
AA,PDX,Departure,2017-01-01T08:01:00Z,65,American / Portland International Airport (PDX)
AA,PDX,Departure,2017-01-01T08:11:00Z,18,American / Portland International Airport (PDX)
AA,PDX,Departure,2017-01-01T08:21:00Z,130,American / Portland International Airport (PDX)
AA,PDX,Departure,2017-01-01T08:31:00Z,170,American / Portland International Airport (PDX)
AA,PDX,Departure,2017-01-01T08:41:00Z,20,American / Portland International Airport (PDX)
AA,PDX,Departure,2017-01-01T08:51:00Z,14,American / Portland International Airport (PDX)
AA,PDX,Departure,2017-01-01T09:01:00Z,11,American / Portland International Airport (PDX)
AA,PDX,Departure,2017-01-01T09:11:00Z,8,American / Portland International Airport (PDX)
AA,PDX,Departure,2017-01-01T09:21:00Z,11,American / Portland International Airport (PDX)
AA,PDX,Departure,2017-01-01T09:31:00Z,6,American / Portland International Airport (PDX)
AA,PDX,Departure,2017-01-01T09:41:00Z,6,American / Portland International Airport (PDX)
AA,PDX,Departure,2017-01-01T09:51:00Z,3,American / Portland International Airport (PDX)
AA,PDX,Departure,2017-01-01T10:01:00Z,3,American / Portland International Airport (PDX)
AA,PDX,Departure,2017-01-01T10:11:00Z,3,American / Portland International Airport (PDX)
AA,PDX,Departure,2017-01-01T10:21:00Z,3,American / Portland International Airport (PDX)
AA,PDX,Departure,2017-01-01T10:31:00Z,1,American / Portland International Airport (PDX)
AA,PDX,Departure,2017-01-01T10:41:00Z,1,American / Portland International Airport (PDX)
AA,PDX,Departure,2017-01-01T10:51:00Z,73,American / Portland International Airport (PDX)
AA,PDX,Departure,2017-01-01T11:01:00Z,72,American / Portland International Airport (PDX)
AA,PDX,Departure,2017-01-01T11:11:00Z,16,American / Portland International Airport (PDX)
AA,PDX,Departure,2017-01-01T11:21:00Z,3,American / Portland International Airport (PDX)
AA,PDX,Departure,2017-01-01T11:31:00Z,8,American / Portland International Airport (PDX)
AA,PDX,Departure,2017-01-01T11:41:00Z,20,American / Portland International Airport (PDX)
AA,PDX,Departure,2017-01-01T11:51:00Z,174,American / Portland International Airport (PDX)
AA,PDX,Departure,2017-01-01T12:01:00Z,99,American / Portland International Airport (PDX)
AA,PDX,Departure,2017-01-01T12:11:00Z,26,American / Portland International Airport (PDX)
AA,PDX,Departure,2017-01-01T12:21:00Z,18,American / Portland International Airport (PDX)
AA,PDX,Departure,2017-01-01T12:31:00Z,5,American / Portland International Airport (PDX)
AA,PDX,Departure,2017-01-01T12:41:00Z,6,American / Portland International Airport (PDX)
AA,PDX,Departure,2017-01-01T12:51:00Z,3,American / Portland International Airport (PDX)
AA,PDX,Departure,2017-01-01T13:01:00Z,11,American / Portland International Airport (PDX)
AA,PDX,Departure,2017-01-01T13:11:00Z,81,American / Portland International Airport (PDX)
AA,PDX,Departure,2017-01-01T13:21:00Z,54,American / Portland International Airport (PDX)
AA,PDX,Departure,2017-01-01T13:31:00Z,53,American / Portland International Airport (PDX)
AA,PDX,Departure,2017-01-01T13:41:00Z,86,American / Portland International Airport (PDX)
AA,PDX,Departure,2017-01-01T13:51:00Z,50,American / Portland International Airport (PDX)
AA,PDX,Departure,2017-01-01T14:01:00Z,17,American / Portland International Airport (PDX)
AA,PDX,Departure,2017-01-01T14:11:00Z,8,American / Portland International Airport (PDX)
AA,PDX,Departure,2017-01-01T14:21:00Z,96,American / Portland International Airport (PDX)
AA,PDX,Departure,2017-01-01T14:31:00Z,78,American / Portland International Airport (PDX)
AA,PDX,Departure,2017-01-01T14:41:00Z,8,American / Portland International Airport (PDX)
AA,PDX,Departure,2017-01-01T14:51:00Z,3,American / Portland International Airport (PDX)
AA,PDX,Departure,2017-01-01T15:01:00Z,5,American / Portland International Airport (PDX)
AA,PDX,Departure,2017-01-01T15:11:00Z,9,American / Portland International Airport (PDX)
AA,PDX,Departure,2017-01-01T15:21:00Z,153,American / Portland International Airport (PDX)
AA,PDX,Departure,2017-01-01T15:31:00Z,104,American / Portland International Airport (PDX)
AA,PDX,Departure,2017-01-01T15:41:00Z,42,American / Portland International Airport (PDX)
AA,PDX,Departure,2017-01-01T15:51:00Z,21,American / Portland International Airport (PDX)
AA,PDX,Departure,2017-01-01T16:01:00Z,7,American / Portland International Airport (PDX)
AA,PDX,Departure,2017-01-01T16:11:00Z,5,American / Portland International Airport (PDX)
AA,PDX,Departure,2017-01-01T16:21:00Z,3,American / Portland International Airport (PDX)
AA,PDX,Departure,2017-01-01T16:31:00Z,1,American / Portland International Airport (PDX)
AA,PDX,Departure,2017-01-01T16:41:00Z,4,American / Portland International Airport (PDX)
AA,PDX,Departure,2017-01-01T16:51:00Z,1,American / Portland International Airport (PDX)
AA,PDX,Departure,2017-01-01T17:21:00Z,4,American / Portland International Airport (PDX)
AA,PDX,Departure,2017-01-01T17:31:00Z,1,American / Portland International Airport (PDX)
AA,PDX,Departure,2017-01-01T17:41:00Z,1,American / Portland International Airport (PDX)
AA,PDX,Departure,2017-01-01T17:51:00Z,9,American / Portland International Airport (PDX)
AA,PDX,Departure,2017-01-01T18:01:00Z,187,American / Portland International Airport (PDX)
AA,PDX,Departure,2017-01-01T18:11:00Z,76,American / Portland International Airport (PDX)
AA,PDX,Departure,2017-01-01T18:21:00Z,9,American / Portland International Airport (PDX)
AA,PDX,Departure,2017-01-01T18:31:00Z,7,American / Portland International Airport (PDX)
AA,PDX,Departure,2017-01-01T18:41:00Z,3,American / Portland International Airport (PDX)
AA,PDX,Departure,2017-01-01T18:51:00Z,6,American / Portland International Airport (PDX)
AA,PDX,Departure,2017-01-01T19:01:00Z,2,American / Portland International Airport (PDX)
AA,PDX,Departure,2017-01-01T19:11:00Z,4,American / Portland International Airport (PDX)
AA,PDX,Departure,2017-01-01T19:21:00Z,2,American / Portland International Airport (PDX)
AA,PDX,Departure,2017-01-01T19:31:00Z,8,American / Portland International Airport (PDX)
AA,PDX,Departure,2017-01-01T19:41:00Z,5,American / Portland International Airport (PDX)
AA,PDX,Departure,2017-01-01T19:51:00Z,2,American / Portland International Airport (PDX)
AA,PDX,Departure,2017-01-01T20:01:00Z,5,American / Portland International Airport (PDX)
AA,PDX,Departure,2017-01-01T20:11:00Z,8,American / Portland International Airport (PDX)
AA,PDX,Departure,2017-01-01T20:21:00Z,18,American / Portland International Airport (PDX)
AA,PDX,Departure,2017-01-01T20:31:00Z,8,American / Portland International Airport (PDX)
AA,PDX,Departure,2017-01-01T20:41:00Z,4,American / Portland International Airport (PDX)
AA,PDX,Departure,2017-01-01T20:51:00Z,2,American / Portland International Airport (PDX)
AA,PDX,Departure,2017-01-01T21:01:00Z,1,American / Portland International Airport (PDX)
AA,PDX,Departure,2017-01-01T21:11:00Z,3,American / Portland International Airport (PDX)
AA,PDX,Departure,2017-01-01T21:21:00Z,1,American / Portland International Airport (PDX)
AA,PDX,Departure,2017-01-01T22:01:00Z,19,American / Portland International Airport (PDX)
AA,PDX,Departure,2017-01-01T22:11:00Z,85,American / Portland International Airport (PDX)
AA,PDX,Departure,2017-01-01T22:21:00Z,91,American / Portland International Airport (PDX)
AA,PDX,Departure,2017-01-01T22:31:00Z,93,American / Portland International Airport (PDX)
AA,PDX,Departure,2017-01-01T22:41:00Z,27,American / Portland International Airport (PDX)
AA,PDX,Departure,2017-01-01T22:51:00Z,13,American / Portland International Airport (PDX)
AA,PDX,Departure,2017-01-01T23:01:00Z,16,American / Portland International Airport (PDX)
AA,PDX,Departure,2017-01-01T23:11:00Z,13,American / Portland International Airport (PDX)
AA,PDX,Departure,2017-01-01T23:21:00Z,2,American / Portland International Airport (PDX)
AA,PDX,Departure,2017-01-01T23:31:00Z,21,American / Portland International Airport (PDX)
AA,PDX,Departure,2017-01-01T23:41:00Z,37,American / Portland International Airport (PDX)
AA,PDX,Departure,2017-01-01T23:51:00Z,63,American / Portland International Airport (PDX)
AA,PHL,Arrival,2017-01-01T00:01:00Z,-129,American / Philadelphia International Airport (PHL)
AA,PHL,Arrival,2017-01-01T00:11:00Z,-174,American / Philadelphia International Airport (PHL)
AA,PHL,Arrival,2017-01-01T00:21:00Z,-254,American / Philadelphia International Airport (PHL)
AA,PHL,Arrival,2017-01-01T00:31:00Z,-207,American / Philadelphia International Airport (PHL)
AA,PHL,Arrival,2017-01-01T00:41:00Z,-118,American / Philadelphia International Airport (PHL)
AA,PHL,Arrival,2017-01-01T00:51:00Z,-67,American / Philadelphia International Airport (PHL)
AA,PHL,Arrival,2017-01-01T01:01:00Z,-50,American / Philadelphia International Airport (PHL)
AA,PHL,Arrival,2017-01-01T01:11:00Z,-37,American / Philadelphia International Airport (PHL)
AA,PHL,Arrival,2017-01-01T01:21:00Z,-29,American / Philadelphia International Airport (PHL)
AA,PHL,Arrival,2017-01-01T01:31:00Z,-22,American / Philadelphia International Airport (PHL)
AA,PHL,Arrival,2017-01-01T01:41:00Z,-21,American / Philadelphia International Airport (PHL)
AA,PHL,Arrival,2017-01-01T01:51:00Z,-27,American / Philadelphia International Airport (PHL)
AA,PHL,Arrival,2017-01-01T02:01:00Z,-17,American / Philadelphia International Airport (PHL)
AA,PHL,Arrival,2017-01-01T02:11:00Z,-12,American / Philadelphia International Airport (PHL)
AA,PHL,Arrival,2017-01-01T02:21:00Z,-10,American / Philadelphia International Airport (PHL)
AA,PHL,Arrival,2017-01-01T02:31:00Z,-10,American / Philadelphia International Airport (PHL)
AA,PHL,Arrival,2017-01-01T02:41:00Z,-8,American / Philadelphia International Airport (PHL)
AA,PHL,Arrival,2017-01-01T02:51:00Z,-5,American / Philadelphia International Airport (PHL)
AA,PHL,Arrival,2017-01-01T03:01:00Z,-6,American / Philadelphia International Airport (PHL)
AA,PHL,Arrival,2017-01-01T03:11:00Z,-1,American / Philadelphia International Airport (PHL)
AA,PHL,Arrival,2017-01-01T03:21:00Z,-3,American / Philadelphia International Airport (PHL)
AA,PHL,Arrival,2017-01-01T03:31:00Z,-4,American / Philadelphia International Airport (PHL)
AA,PHL,Arrival,2017-01-01T03:41:00Z,-2,American / Philadelphia International Airport (PHL)
AA,PHL,Arrival,2017-01-01T03:51:00Z,-3,American / Philadelphia International Airport (PHL)
AA,PHL,Arrival,2017-01-01T04:21:00Z,-1,American / Philadelphia International Airport (PHL)
AA,PHL,Arrival,2017-01-01T04:41:00Z,-1,American / Philadelphia International Airport (PHL)
AA,PHL,Arrival,2017-01-01T04:51:00Z,-3,American / Philadelphia International Airport (PHL)
AA,PHL,Arrival,2017-01-01T05:01:00Z,-3,American / Philadelphia International Airport (PHL)
AA,PHL,Arrival,2017-01-01T05:11:00Z,-7,American / Philadelphia International Airport (PHL)
AA,PHL,Arrival,2017-01-01T05:21:00Z,-38,American / Philadelphia International Airport (PHL)
AA,PHL,Arrival,2017-01-01T05:31:00Z,-73,American / Philadelphia International Airport (PHL)
AA,PHL,Arrival,2017-01-01T05:41:00Z,-108,American / Philadelphia International Airport (PHL)
AA,PHL,Arrival,2017-01-01T05:51:00Z,-166,American / Philadelphia International Airport (PHL)
AA,PHL,Arrival,2017-01-01T06:01:00Z,-172,American / Philadelphia International Airport (PHL)
AA,PHL,Arrival,2017-01-01T06:11:00Z,-234,American / Philadelphia International Airport (PHL)
AA,PHL,Arrival,2017-01-01T06:21:00Z,-220,American / Philadelphia International Airport (PHL)
AA,PHL,Arrival,2017-01-01T06:31:00Z,-262,American / Philadelphia International Airport (PHL)
AA,PHL,Arrival,2017-01-01T06:41:00Z,-285,American / Philadelphia International Airport (PHL)
AA,PHL,Arrival,2017-01-01T06:51:00Z,-320,American / Philadelphia International Airport (PHL)
AA,PHL,Arrival,2017-01-01T07:01:00Z,-496,American / Philadelphia International Airport (PHL)
AA,PHL,Arrival,2017-01-01T07:11:00Z,-574,American / Philadelphia International Airport (PHL)
AA,PHL,Arrival,2017-01-01T07:21:00Z,-517,American / Philadelphia International Airport (PHL)
AA,PHL,Arrival,2017-01-01T07:31:00Z,-494,American / Philadelphia International Airport (PHL)
AA,PHL,Arrival,2017-01-01T07:41:00Z,-518,American / Philadelphia International Airport (PHL)
AA,PHL,Arrival,2017-01-01T07:51:00Z,-301,American / Philadelphia International Airport (PHL)
AA,PHL,Arrival,2017-01-01T08:01:00Z,-189,American / Philadelphia International Airport (PHL)
AA,PHL,Arrival,2017-01-01T08:11:00Z,-124,American / Philadelphia International Airport (PHL)
AA,PHL,Arrival,2017-01-01T08:21:00Z,-125,American / Philadelphia International Airport (PHL)
AA,PHL,Arrival,2017-01-01T08:31:00Z,-144,American / Philadelphia International Airport (PHL)
AA,PHL,Arrival,2017-01-01T08:41:00Z,-213,American / Philadelphia International Airport (PHL)
AA,PHL,Arrival,2017-01-01T08:51:00Z,-222,American / Philadelphia International Airport (PHL)
AA,PHL,Arrival,2017-01-01T09:01:00Z,-511,American / Philadelphia International Airport (PHL)
AA,PHL,Arrival,2017-01-01T09:11:00Z,-723,American / Philadelphia International Airport (PHL)
AA,PHL,Arrival,2017-01-01T09:21:00Z,-745,American / Philadelphia International Airport (PHL)
AA,PHL,Arrival,2017-01-01T09:31:00Z,-710,American / Philadelphia International Airport (PHL)
AA,PHL,Arrival,2017-01-01T09:41:00Z,-763,American / Philadelphia International Airport (PHL)
AA,PHL,Arrival,2017-01-01T09:51:00Z,-703,American / Philadelphia International Airport (PHL)
AA,PHL,Arrival,2017-01-01T10:01:00Z,-403,American / Philadelphia International Airport (PHL)
AA,PHL,Arrival,2017-01-01T10:11:00Z,-189,American / Philadelphia International Airport (PHL)
AA,PHL,Arrival,2017-01-01T10:21:00Z,-115,American / Philadelphia International Airport (PHL)
AA,PHL,Arrival,2017-01-01T10:31:00Z,-100,American / Philadelphia International Airport (PHL)
AA,PHL,Arrival,2017-01-01T10:41:00Z,-173,American / Philadelphia International Airport (PHL)
AA,PHL,Arrival,2017-01-01T10:51:00Z,-153,American / Philadelphia International Airport (PHL)
AA,PHL,Arrival,2017-01-01T11:01:00Z,-87,American / Philadelphia International Airport (PHL)
AA,PHL,Arrival,2017-01-01T11:11:00Z,-134,American / Philadelphia International Airport (PHL)
AA,PHL,Arrival,2017-01-01T11:21:00Z,-334,American / Philadelphia International Airport (PHL)
AA,PHL,Arrival,2017-01-01T11:31:00Z,-375,American / Philadelphia International Airport (PHL)
AA,PHL,Arrival,2017-01-01T11:41:00Z,-354,American / Philadelphia International Airport (PHL)
AA,PHL,Arrival,2017-01-01T11:51:00Z,-390,American / Philadelphia International Airport (PHL)
AA,PHL,Arrival,2017-01-01T12:01:00Z,-475,American / Philadelphia International Airport (PHL)
AA,PHL,Arrival,2017-01-01T12:11:00Z,-497,American / Philadelphia International Airport (PHL)
AA,PHL,Arrival,2017-01-01T12:21:00Z,-425,American / Philadelphia International Airport (PHL)
AA,PHL,Arrival,2017-01-01T12:31:00Z,-310,American / Philadelphia International Airport (PHL)
AA,PHL,Arrival,2017-01-01T12:41:00Z,-353,American / Philadelphia International Airport (PHL)
AA,PHL,Arrival,2017-01-01T12:51:00Z,-230,American / Philadelphia International Airport (PHL)
AA,PHL,Arrival,2017-01-01T13:01:00Z,-160,American / Philadelphia International Airport (PHL)
AA,PHL,Arrival,2017-01-01T13:11:00Z,-151,American / Philadelphia International Airport (PHL)
AA,PHL,Arrival,2017-01-01T13:21:00Z,-132,American / Philadelphia International Airport (PHL)
AA,PHL,Arrival,2017-01-01T13:31:00Z,-139,American / Philadelphia International Airport (PHL)
AA,PHL,Arrival,2017-01-01T13:41:00Z,-251,American / Philadelphia International Airport (PHL)
AA,PHL,Arrival,2017-01-01T13:51:00Z,-252,American / Philadelphia International Airport (PHL)
AA,PHL,Arrival,2017-01-01T14:01:00Z,-298,American / Philadelphia International Airport (PHL)
AA,PHL,Arrival,2017-01-01T14:11:00Z,-437,American / Philadelphia International Airport (PHL)
AA,PHL,Arrival,2017-01-01T14:21:00Z,-811,American / Philadelphia International Airport (PHL)
AA,PHL,Arrival,2017-01-01T14:31:00Z,-911,American / Philadelphia International Airport (PHL)
AA,PHL,Arrival,2017-01-01T14:41:00Z,-872,American / Philadelphia International Airport (PHL)
AA,PHL,Arrival,2017-01-01T14:51:00Z,-632,American / Philadelphia International Airport (PHL)
AA,PHL,Arrival,2017-01-01T15:01:00Z,-386,American / Philadelphia International Airport (PHL)
AA,PHL,Arrival,2017-01-01T15:11:00Z,-215,American / Philadelphia International Airport (PHL)
AA,PHL,Arrival,2017-01-01T15:21:00Z,-113,American / Philadelphia International Airport (PHL)
AA,PHL,Arrival,2017-01-01T15:31:00Z,-98,American / Philadelphia International Airport (PHL)
AA,PHL,Arrival,2017-01-01T15:41:00Z,-129,American / Philadelphia International Airport (PHL)
AA,PHL,Arrival,2017-01-01T15:51:00Z,-183,American / Philadelphia International Airport (PHL)
AA,PHL,Arrival,2017-01-01T16:01:00Z,-327,American / Philadelphia International Airport (PHL)
AA,PHL,Arrival,2017-01-01T16:11:00Z,-543,American / Philadelphia International Airport (PHL)
AA,PHL,Arrival,2017-01-01T16:21:00Z,-786,American / Philadelphia International Airport (PHL)
AA,PHL,Arrival,2017-01-01T16:31:00Z,-862,American / Philadelphia International Airport (PHL)
AA,PHL,Arrival,2017-01-01T16:41:00Z,-828,American / Philadelphia International Airport (PHL)
AA,PHL,Arrival,2017-01-01T16:51:00Z,-846,American / Philadelphia International Airport (PHL)
AA,PHL,Arrival,2017-01-01T17:01:00Z,-810,American / Philadelphia International Airport (PHL)
AA,PHL,Arrival,2017-01-01T17:11:00Z,-815,American / Philadelphia International Airport (PHL)
AA,PHL,Arrival,2017-01-01T17:21:00Z,-648,American / Philadelphia International Airport (PHL)
AA,PHL,Arrival,2017-01-01T17:31:00Z,-456,American / Philadelphia International Airport (PHL)
AA,PHL,Arrival,2017-01-01T17:41:00Z,-369,American / Philadelphia International Airport (PHL)
AA,PHL,Arrival,2017-01-01T17:51:00Z,-269,American / Philadelphia International Airport (PHL)
AA,PHL,Arrival,2017-01-01T18:01:00Z,-277,American / Philadelphia International Airport (PHL)
AA,PHL,Arrival,2017-01-01T18:11:00Z,-259,American / Philadelphia International Airport (PHL)
AA,PHL,Arrival,2017-01-01T18:21:00Z,-281,American / Philadelphia International Airport (PHL)
AA,PHL,Arrival,2017-01-01T18:31:00Z,-202,American / Philadelphia International Airport (PHL)
AA,PHL,Arrival,2017-01-01T18:41:00Z,-223,American / Philadelphia International Airport (PHL)
AA,PHL,Arrival,2017-01-01T18:51:00Z,-400,American / Philadelphia International Airport (PHL)
AA,PHL,Arrival,2017-01-01T19:01:00Z,-664,American / Philadelphia International Airport (PHL)
AA,PHL,Arrival,2017-01-01T19:11:00Z,-792,American / Philadelphia International Airport (PHL)
AA,PHL,Arrival,2017-01-01T19:21:00Z,-899,American / Philadelphia International Airport (PHL)
AA,PHL,Arrival,2017-01-01T19:31:00Z,-1018,American / Philadelphia International Airport (PHL)
AA,PHL,Arrival,2017-01-01T19:41:00Z,-893,American / Philadelphia International Airport (PHL)
AA,PHL,Arrival,2017-01-01T19:51:00Z,-753,American / Philadelphia International Airport (PHL)
AA,PHL,Arrival,2017-01-01T20:01:00Z,-487,American / Philadelphia International Airport (PHL)
AA,PHL,Arrival,2017-01-01T20:11:00Z,-327,American / Philadelphia International Airport (PHL)
AA,PHL,Arrival,2017-01-01T20:21:00Z,-181,American / Philadelphia International Airport (PHL)
AA,PHL,Arrival,2017-01-01T20:31:00Z,-192,American / Philadelphia International Airport (PHL)
AA,PHL,Arrival,2017-01-01T20:41:00Z,-230,American / Philadelphia International Airport (PHL)
AA,PHL,Arrival,2017-01-01T20:51:00Z,-217,American / Philadelphia International Airport (PHL)
AA,PHL,Arrival,2017-01-01T21:01:00Z,-178,American / Philadelphia International Airport (PHL)
AA,PHL,Arrival,2017-01-01T21:11:00Z,-233,American / Philadelphia International Airport (PHL)
AA,PHL,Arrival,2017-01-01T21:21:00Z,-308,American / Philadelphia International Airport (PHL)
AA,PHL,Arrival,2017-01-01T21:31:00Z,-269,American / Philadelphia International Airport (PHL)
AA,PHL,Arrival,2017-01-01T21:41:00Z,-202,American / Philadelphia International Airport (PHL)
AA,PHL,Arrival,2017-01-01T21:51:00Z,-164,American / Philadelphia International Airport (PHL)
AA,PHL,Arrival,2017-01-01T22:01:00Z,-110,American / Philadelphia International Airport (PHL)
AA,PHL,Arrival,2017-01-01T22:11:00Z,-116,American / Philadelphia International Airport (PHL)
AA,PHL,Arrival,2017-01-01T22:21:00Z,-167,American / Philadelphia International Airport (PHL)
AA,PHL,Arrival,2017-01-01T22:31:00Z,-233,American / Philadelphia International Airport (PHL)
AA,PHL,Arrival,2017-01-01T22:41:00Z,-287,American / Philadelphia International Airport (PHL)
AA,PHL,Arrival,2017-01-01T22:51:00Z,-205,American / Philadelphia International Airport (PHL)
AA,PHL,Arrival,2017-01-01T23:01:00Z,-159,American / Philadelphia International Airport (PHL)
AA,PHL,Arrival,2017-01-01T23:11:00Z,-145,American / Philadelphia International Airport (PHL)
AA,PHL,Arrival,2017-01-01T23:21:00Z,-139,American / Philadelphia International Airport (PHL)
AA,PHL,Arrival,2017-01-01T23:31:00Z,-149,American / Philadelphia International Airport (PHL)
AA,PHL,Arrival,2017-01-01T23:41:00Z,-160,American / Philadelphia International Airport (PHL)
AA,PHL,Arrival,2017-01-01T23:51:00Z,-149,American / Philadelphia International Airport (PHL)
AA,PHL,Departure,2017-01-01T00:01:00Z,4,American / Philadelphia International Airport (PHL)
AA,PHL,Departure,2017-01-01T00:11:00Z,9,American / Philadelphia International Airport (PHL)
AA,PHL,Departure,2017-01-01T00:21:00Z,4,American / Philadelphia International Airport (PHL)
AA,PHL,Departure,2017-01-01T00:31:00Z,4,American / Philadelphia International Airport (PHL)
AA,PHL,Departure,2017-01-01T00:41:00Z,4,American / Philadelphia International Airport (PHL)
AA,PHL,Departure,2017-01-01T00:51:00Z,1,American / Philadelphia International Airport (PHL)
AA,PHL,Departure,2017-01-01T01:01:00Z,2,American / Philadelphia International Airport (PHL)
AA,PHL,Departure,2017-01-01T01:11:00Z,2,American / Philadelphia International Airport (PHL)
AA,PHL,Departure,2017-01-01T01:21:00Z,1,American / Philadelphia International Airport (PHL)
AA,PHL,Departure,2017-01-01T01:31:00Z,1,American / Philadelphia International Airport (PHL)
AA,PHL,Departure,2017-01-01T01:41:00Z,1,American / Philadelphia International Airport (PHL)
AA,PHL,Departure,2017-01-01T01:51:00Z,4,American / Philadelphia International Airport (PHL)
AA,PHL,Departure,2017-01-01T02:01:00Z,1,American / Philadelphia International Airport (PHL)
AA,PHL,Departure,2017-01-01T02:11:00Z,1,American / Philadelphia International Airport (PHL)
AA,PHL,Departure,2017-01-01T02:21:00Z,1,American / Philadelphia International Airport (PHL)
AA,PHL,Departure,2017-01-01T04:41:00Z,14,American / Philadelphia International Airport (PHL)
AA,PHL,Departure,2017-01-01T04:51:00Z,188,American / Philadelphia International Airport (PHL)
AA,PHL,Departure,2017-01-01T05:01:00Z,214,American / Philadelphia International Airport (PHL)
AA,PHL,Departure,2017-01-01T05:11:00Z,360,American / Philadelphia International Airport (PHL)
AA,PHL,Departure,2017-01-01T05:21:00Z,43,American / Philadelphia International Airport (PHL)
AA,PHL,Departure,2017-01-01T05:31:00Z,18,American / Philadelphia International Airport (PHL)
AA,PHL,Departure,2017-01-01T05:41:00Z,26,American / Philadelphia International Airport (PHL)
AA,PHL,Departure,2017-01-01T05:51:00Z,506,American / Philadelphia International Airport (PHL)
AA,PHL,Departure,2017-01-01T06:01:00Z,163,American / Philadelphia International Airport (PHL)
AA,PHL,Departure,2017-01-01T06:11:00Z,42,American / Philadelphia International Airport (PHL)
AA,PHL,Departure,2017-01-01T06:21:00Z,86,American / Philadelphia International Airport (PHL)
AA,PHL,Departure,2017-01-01T06:31:00Z,90,American / Philadelphia International Airport (PHL)
AA,PHL,Departure,2017-01-01T06:41:00Z,176,American / Philadelphia International Airport (PHL)
AA,PHL,Departure,2017-01-01T06:51:00Z,1001,American / Philadelphia International Airport (PHL)
AA,PHL,Departure,2017-01-01T07:01:00Z,225,American / Philadelphia International Airport (PHL)
AA,PHL,Departure,2017-01-01T07:11:00Z,68,American / Philadelphia International Airport (PHL)
AA,PHL,Departure,2017-01-01T07:21:00Z,43,American / Philadelphia International Airport (PHL)
AA,PHL,Departure,2017-01-01T07:31:00Z,49,American / Philadelphia International Airport (PHL)
AA,PHL,Departure,2017-01-01T07:41:00Z,300,American / Philadelphia International Airport (PHL)
AA,PHL,Departure,2017-01-01T07:51:00Z,170,American / Philadelphia International Airport (PHL)
AA,PHL,Departure,2017-01-01T08:01:00Z,1486,American / Philadelphia International Airport (PHL)
AA,PHL,Departure,2017-01-01T08:11:00Z,1184,American / Philadelphia International Airport (PHL)
AA,PHL,Departure,2017-01-01T08:21:00Z,1454,American / Philadelphia International Airport (PHL)
AA,PHL,Departure,2017-01-01T08:31:00Z,836,American / Philadelphia International Airport (PHL)
AA,PHL,Departure,2017-01-01T08:41:00Z,573,American / Philadelphia International Airport (PHL)
AA,PHL,Departure,2017-01-01T08:51:00Z,355,American / Philadelphia International Airport (PHL)
AA,PHL,Departure,2017-01-01T09:01:00Z,334,American / Philadelphia International Airport (PHL)
AA,PHL,Departure,2017-01-01T09:11:00Z,173,American / Philadelphia International Airport (PHL)
AA,PHL,Departure,2017-01-01T09:21:00Z,298,American / Philadelphia International Airport (PHL)
AA,PHL,Departure,2017-01-01T09:31:00Z,237,American / Philadelphia International Airport (PHL)
AA,PHL,Departure,2017-01-01T09:41:00Z,72,American / Philadelphia International Airport (PHL)
AA,PHL,Departure,2017-01-01T09:51:00Z,109,American / Philadelphia International Airport (PHL)
AA,PHL,Departure,2017-01-01T10:01:00Z,216,American / Philadelphia International Airport (PHL)
AA,PHL,Departure,2017-01-01T10:11:00Z,169,American / Philadelphia International Airport (PHL)
AA,PHL,Departure,2017-01-01T10:21:00Z,1038,American / Philadelphia International Airport (PHL)
AA,PHL,Departure,2017-01-01T10:31:00Z,910,American / Philadelphia International Airport (PHL)
AA,PHL,Departure,2017-01-01T10:41:00Z,894,American / Philadelphia International Airport (PHL)
AA,PHL,Departure,2017-01-01T10:51:00Z,710,American / Philadelphia International Airport (PHL)
AA,PHL,Departure,2017-01-01T11:01:00Z,501,American / Philadelphia International Airport (PHL)
AA,PHL,Departure,2017-01-01T11:11:00Z,480,American / Philadelphia International Airport (PHL)
AA,PHL,Departure,2017-01-01T11:21:00Z,160,American / Philadelphia International Airport (PHL)
AA,PHL,Departure,2017-01-01T11:31:00Z,91,American / Philadelphia International Airport (PHL)
AA,PHL,Departure,2017-01-01T11:41:00Z,94,American / Philadelphia International Airport (PHL)
AA,PHL,Departure,2017-01-01T11:51:00Z,221,American / Philadelphia International Airport (PHL)
AA,PHL,Departure,2017-01-01T12:01:00Z,119,American / Philadelphia International Airport (PHL)
AA,PHL,Departure,2017-01-01T12:11:00Z,51,American / Philadelphia International Airport (PHL)
AA,PHL,Departure,2017-01-01T12:21:00Z,74,American / Philadelphia International Airport (PHL)
AA,PHL,Departure,2017-01-01T12:31:00Z,45,American / Philadelphia International Airport (PHL)
AA,PHL,Departure,2017-01-01T12:41:00Z,264,American / Philadelphia International Airport (PHL)
AA,PHL,Departure,2017-01-01T12:51:00Z,882,American / Philadelphia International Airport (PHL)
AA,PHL,Departure,2017-01-01T13:01:00Z,425,American / Philadelphia International Airport (PHL)
AA,PHL,Departure,2017-01-01T13:11:00Z,525,American / Philadelphia International Airport (PHL)
AA,PHL,Departure,2017-01-01T13:21:00Z,690,American / Philadelphia International Airport (PHL)
AA,PHL,Departure,2017-01-01T13:31:00Z,526,American / Philadelphia International Airport (PHL)
AA,PHL,Departure,2017-01-01T13:41:00Z,458,American / Philadelphia International Airport (PHL)
AA,PHL,Departure,2017-01-01T13:51:00Z,323,American / Philadelphia International Airport (PHL)
AA,PHL,Departure,2017-01-01T14:01:00Z,224,American / Philadelphia International Airport (PHL)
AA,PHL,Departure,2017-01-01T14:11:00Z,109,American / Philadelphia International Airport (PHL)
AA,PHL,Departure,2017-01-01T14:21:00Z,69,American / Philadelphia International Airport (PHL)
AA,PHL,Departure,2017-01-01T14:31:00Z,55,American / Philadelphia International Airport (PHL)
AA,PHL,Departure,2017-01-01T14:41:00Z,103,American / Philadelphia International Airport (PHL)
AA,PHL,Departure,2017-01-01T14:51:00Z,60,American / Philadelphia International Airport (PHL)
AA,PHL,Departure,2017-01-01T15:01:00Z,111,American / Philadelphia International Airport (PHL)
AA,PHL,Departure,2017-01-01T15:11:00Z,340,American / Philadelphia International Airport (PHL)
AA,PHL,Departure,2017-01-01T15:21:00Z,890,American / Philadelphia International Airport (PHL)
AA,PHL,Departure,2017-01-01T15:31:00Z,1124,American / Philadelphia International Airport (PHL)
AA,PHL,Departure,2017-01-01T15:41:00Z,1062,American / Philadelphia International Airport (PHL)
AA,PHL,Departure,2017-01-01T15:51:00Z,973,American / Philadelphia International Airport (PHL)
AA,PHL,Departure,2017-01-01T16:01:00Z,690,American / Philadelphia International Airport (PHL)
AA,PHL,Departure,2017-01-01T16:11:00Z,346,American / Philadelphia International Airport (PHL)
AA,PHL,Departure,2017-01-01T16:21:00Z,244,American / Philadelphia International Airport (PHL)
AA,PHL,Departure,2017-01-01T16:31:00Z,138,American / Philadelphia International Airport (PHL)
AA,PHL,Departure,2017-01-01T16:41:00Z,106,American / Philadelphia International Airport (PHL)
AA,PHL,Departure,2017-01-01T16:51:00Z,100,American / Philadelphia International Airport (PHL)
AA,PHL,Departure,2017-01-01T17:01:00Z,68,American / Philadelphia International Airport (PHL)
AA,PHL,Departure,2017-01-01T17:11:00Z,55,American / Philadelphia International Airport (PHL)
AA,PHL,Departure,2017-01-01T17:21:00Z,512,American / Philadelphia International Airport (PHL)
AA,PHL,Departure,2017-01-01T17:31:00Z,692,American / Philadelphia International Airport (PHL)
AA,PHL,Departure,2017-01-01T17:41:00Z,738,American / Philadelphia International Airport (PHL)
AA,PHL,Departure,2017-01-01T17:51:00Z,1143,American / Philadelphia International Airport (PHL)
AA,PHL,Departure,2017-01-01T18:01:00Z,1172,American / Philadelphia International Airport (PHL)
AA,PHL,Departure,2017-01-01T18:11:00Z,1097,American / Philadelphia International Airport (PHL)
AA,PHL,Departure,2017-01-01T18:21:00Z,759,American / Philadelphia International Airport (PHL)
AA,PHL,Departure,2017-01-01T18:31:00Z,691,American / Philadelphia International Airport (PHL)
AA,PHL,Departure,2017-01-01T18:41:00Z,669,American / Philadelphia International Airport (PHL)
AA,PHL,Departure,2017-01-01T18:51:00Z,448,American / Philadelphia International Airport (PHL)
AA,PHL,Departure,2017-01-01T19:01:00Z,217,American / Philadelphia International Airport (PHL)
AA,PHL,Departure,2017-01-01T19:11:00Z,146,American / Philadelphia International Airport (PHL)
AA,PHL,Departure,2017-01-01T19:21:00Z,152,American / Philadelphia International Airport (PHL)
AA,PHL,Departure,2017-01-01T19:31:00Z,149,American / Philadelphia International Airport (PHL)
AA,PHL,Departure,2017-01-01T19:41:00Z,175,American / Philadelphia International Airport (PHL)
AA,PHL,Departure,2017-01-01T19:51:00Z,277,American / Philadelphia International Airport (PHL)
AA,PHL,Departure,2017-01-01T20:01:00Z,225,American / Philadelphia International Airport (PHL)
AA,PHL,Departure,2017-01-01T20:11:00Z,476,American / Philadelphia International Airport (PHL)
AA,PHL,Departure,2017-01-01T20:21:00Z,941,American / Philadelphia International Airport (PHL)
AA,PHL,Departure,2017-01-01T20:31:00Z,926,American / Philadelphia International Airport (PHL)
AA,PHL,Departure,2017-01-01T20:41:00Z,576,American / Philadelphia International Airport (PHL)
AA,PHL,Departure,2017-01-01T20:51:00Z,447,American / Philadelphia International Airport (PHL)
AA,PHL,Departure,2017-01-01T21:01:00Z,451,American / Philadelphia International Airport (PHL)
AA,PHL,Departure,2017-01-01T21:11:00Z,241,American / Philadelphia International Airport (PHL)
AA,PHL,Departure,2017-01-01T21:21:00Z,146,American / Philadelphia International Airport (PHL)
AA,PHL,Departure,2017-01-01T21:31:00Z,84,American / Philadelphia International Airport (PHL)
AA,PHL,Departure,2017-01-01T21:41:00Z,92,American / Philadelphia International Airport (PHL)
AA,PHL,Departure,2017-01-01T21:51:00Z,75,American / Philadelphia International Airport (PHL)
AA,PHL,Departure,2017-01-01T22:01:00Z,40,American / Philadelphia International Airport (PHL)
AA,PHL,Departure,2017-01-01T22:11:00Z,40,American / Philadelphia International Airport (PHL)
AA,PHL,Departure,2017-01-01T22:21:00Z,48,American / Philadelphia International Airport (PHL)
AA,PHL,Departure,2017-01-01T22:31:00Z,41,American / Philadelphia International Airport (PHL)
AA,PHL,Departure,2017-01-01T22:41:00Z,34,American / Philadelphia International Airport (PHL)
AA,PHL,Departure,2017-01-01T22:51:00Z,28,American / Philadelphia International Airport (PHL)
AA,PHL,Departure,2017-01-01T23:01:00Z,23,American / Philadelphia International Airport (PHL)
AA,PHL,Departure,2017-01-01T23:11:00Z,23,American / Philadelphia International Airport (PHL)
AA,PHL,Departure,2017-01-01T23:21:00Z,16,American / Philadelphia International Airport (PHL)
AA,PHL,Departure,2017-01-01T23:31:00Z,22,American / Philadelphia International Airport (PHL)
AA,PHL,Departure,2017-01-01T23:41:00Z,13,American / Philadelphia International Airport (PHL)
AA,PHL,Departure,2017-01-01T23:51:00Z,5,American / Philadelphia International Airport (PHL)
