airport,x,y
0J0,1399199.0164016031,-1366000.2133816234
2A8,1180493.627809683,-1107746.5209392866
AL03,1149352.115854448,-1265974.1924379165
EET,1230575.5088556686,-1216677.5855259309
AL39,1226770.7488299096,-1208916.6864592633
8A0,1262388.810029189,-1093420.2909557086
ALX,1310365.1028081777,-1233325.328362522
AIV,1100991.1752919573,-1243839.68587977
AL67,1138225.4099586722,-1537663.66783884
EKY,1215350.7090208346,-1203917.7576510399
AL19,1208508.4041673865,-1198361.0797102284
BHM,1227516.423781454,-1173804.5684248093
AL50,1219895.4752307446,-1182443.1677485828
AL49,1222523.9825879664,-1177745.0902549424
AL91,1223568.8447710234,-1181119.7315324775
AL38,1223773.1567416657,-1180909.25166829
0AL8,1227158.7943297087,-1185070.3396892236
AL45,1232852.8941062095,-1187677.073523005
AL66,1222570.4083503413,-1179560.6864358843
AL65,1234755.7573035725,-1168944.83849158
PYP,1323349.2451931322,-1098853.418636117
0A8,1205807.5136185659,-1247535.4067968917
5AL1,1262586.6955125513,-1379592.117908279
5R1,1123411.2017433443,-1425776.3269617741
6AL6,1133866.2956369822,-1431369.1579152986
35AL,1123374.1702468442,-1466216.5584145105
02A,1251441.5160827544,-1250127.9657412996
01AL,1258992.0396294112,-1238205.8962605542
11A,1371453.4441513133,-1338965.3684980778
1AL2,1246583.4502345626,-1206359.3914812845
AL13,1409159.3669794637,-1299860.638967746
9A4,1156593.0941614162,-1061861.0474293425
AL59,1384822.3311745941,-1409275.5790713038
DHN,1383964.8256212324,-1400022.2515066012
14J,1322296.2210362102,-1400371.0189362383
7AL9,1198364.7239431273,-1524877.8122244186
AL08,1199657.6699602567,-1529629.6168048223
AL55,1206376.1921028215,-1526764.4774275054
EDN,1341944.1520102157,-1409510.1396429162
EUF,1403569.6895971573,-1325735.3306426902
3A7,1135702.4577407346,-1270976.822117069
GZH,1232502.2312325765,-1414012.045253875
0AL3,1242000.943615599,-1410868.043217304
CQF,1166695.0462601895,-1530402.162104153
3AL4,1185469.7435197833,-1531498.7995352831
5R4,1183942.3795250743,-1531607.1250563494
NBJ,1191075.6118908813,-1534750.6311864355
67A,1266657.9070407772,-1346248.6716430811
2AL5,1313271.6216998228,-1066455.1654307705
4A9,1306808.2724750666,-1058442.621813859
0AL4,1304221.2630079135,-1062432.5326973998
OZR,1359874.015332084,-1409200.0888698748
HEY,1364380.1677587575,-1399460.0329560528
LOR,1355042.45680828,-1401022.846477441
FHK,1363616.8306704625,-1403957.6432889372
SXS,1345698.3313156434,-1401819.1249946153
24AL,1374958.510037747,-1412270.128764217
79J,1295441.1452228625,-1416126.5075868971
ANB,1309062.3433981927,-1157787.9933647108
AL42,1311027.7655378017,-1149820.6847536936
04AL,1298453.816596647,-1155266.4907420846
1M3,1193737.1945805096,-1020085.9516441533
26A,1318547.7476323796,-1190396.672083139
0AL2,1317205.578701866,-1191408.5681275085
AL60,1272707.5355876607,-1135646.095792854
5AL9,1187683.8840977459,-1040845.7973939573
0R1,1200047.7107319431,-1463502.8286012
AUO,1364152.8313312884,-1257902.7252855143
1R8,1166695.2650972598,-1484632.2627873148
5R7,1134852.31854123,-1535435.4388559728
AL40,1206401.0858104778,-1179426.3280013518
AL29,1229630.8014824316,-1109945.7590059107
1AL0,1271144.6015324518,-1092956.570679121
8AL3,1278997.7942424724,-1100508.2038405065
3AL6,1257215.2234345744,-1158628.5987427738
12J,1235498.3648554925,-1454335.547188835
0AL6,1233834.4340097306,-1446198.900417769
09A,1120816.2138666129,-1351524.1210995766
61A,1196591.3369723565,-1356190.9451629592
AL32,1316381.5063267704,-1073831.5584857834
AL27,1327108.337236559,-1096433.0020633775
AL51,1379958.851113328,-1277556.8314258712
15A,1149361.571573544,-1482752.0384817326
CMD,1207019.211611202,-1097848.143178601
3AL9,1212736.799131902,-1104447.496690929
5AL6,1332372.911547873,-1240455.0139465781
30AL,1185202.776903548,-1089520.919057063
4R9,1145386.7676962514,-1555710.0310061527
4AL3,1170132.5308370537,-1515252.3798443
DCU,1193161.2013764058,-1056711.2524873135
1AL1,1191690.6607323673,-1063902.7830386579
DYA,1132346.634525258,-1311364.6152496838
AL14,1142738.4903459337,-1305211.5845971282
AL20,1393352.2634534023,-1409973.1514619235
M95,1127842.5452102795,-1172567.523862802
3AL0,1127070.4960114874,-1172672.3184711775
4AL7,1305091.2118991078,-1028189.306139241
43AL,1304108.0096123563,-1025630.1186884104
0AL5,1218198.0287283997,-1459010.9565280788
7AL8,1307524.761725252,-1448654.2633566207
0J4,1307091.2671895442,-1444064.9124049372
AL46,1131380.4930040548,-1038192.2429171386
0AL9,1128062.298359936,-1044585.1832334601
0AL1,1187925.2592442029,-1529221.7375591225
02AL,1178637.743466676,-1538643.6146266134
25AL,1329125.2419643456,-1414977.8327503134
05AL,1366576.6757001416,-1413077.8845815524
06AL,1333721.8880705468,-1400914.8785710237
11AL,1354408.6362064376,-1396877.7008103787
12AL,1381480.173415889,-1390003.3326877735
13AL,1367272.1721899055,-1398606.5490214108
14AL,1359902.9988908106,-1422920.1266395627
15AL,1355735.4271816148,-1430346.1624198358
16AL,1360023.9731922692,-1394279.4894552364
17AL,1370715.4809218375,-1395638.8124318982
19AL,1349843.7443757302,-1387678.7747012405
20AL,1323269.9048623152,-1408203.5659701717
21AL,1320455.2275832016,-1414403.7209682462
22AL,1330269.1252383671,-1404587.2308908887
23AL,1344367.008260415,-1390557.4357418101
07AL,1337448.3554227655,-1430309.501931757
GAD,1281699.1308887377,-1119092.5366924258
0AL7,1292394.0512355026,-1113293.678535434
AL18,1215237.0596596631,-1163115.6239685116
AL43,1091041.9014897905,-1267403.9305812991
33J,1348737.6369005898,-1436113.2797283202
8AL9,1346606.7369089755,-1436788.6788148738
7A0,1156500.194143797,-1283519.213559313
PRN,1266782.6525783674,-1360434.965469853
71AL,1275511.7520759054,-1363191.1367721262
68AL,1275379.4146283346,-1363255.47028583
5M0,1198066.8779515398,-1083570.7695018216
00AL,1205708.911407717,-1031048.6410765698
M38,1216013.5639031702,-1023638.3796279866
HDL,1396128.3152563958,-1393079.3209573186
AL93,1210819.0724124922,-1027895.4207921376
HSV,1208834.3933259062,-1056146.4674099446
AL36,1225090.9526917886,-1044120.4188431805
3M5,1235484.0019831213,-1039493.7537839429
4AL8,1220330.8224979376,-1070811.9837085532
MDQ,1224986.0717528677,-1028587.6233668835
1AL5,1176659.4220408408,-1509340.5490932094
AL97,1183894.2558149009,-1507324.9486181184
04A,1301082.370045702,-1367209.1431553375
7AL7,1389070.9088616276,-1427967.9634846686
2AL1,1176658.759301908,-1533050.606032037
AL76,1227537.4864843744,-1254078.720372091
A08,1184722.9273805919,-1298516.7742196799
AL95,1142971.1810592834,-1442950.13112627
AL09,1317344.677299533,-1049064.0738505342
BFM,1146268.2850906174,-1514711.044757407
AL52,1142306.4610633338,-1506198.6447977135
AL82,1133009.1181273058,-1510682.121951987
62AL,1116568.9553448842,-1512468.1836556094
AL24,1214954.3232415589,-1163001.0886671434
MSL,1131610.1951065974,-1055810.7904468689
AL53,1125465.7507282812,-1056494.3038025734
5AL5,1128674.774575013,-1062216.1208553454
20A,1255168.2652563679,-1123600.7351233086
4AL2,1245396.0577961626,-1129852.2834716362
AL89,1368631.1262457266,-1245461.565666456
3AL2,1366692.6606376853,-1254755.6679321514
AL71,1310525.272517462,-1245779.7479371335
3AL8,1236992.1363546823,-1053672.79868562
71J,1366103.0117639012,-1390622.494839183
7A5,1361247.154135781,-1200472.6666949335
2AL2,1359229.6177256089,-1197717.2537595865
AL25,1354793.545507987,-1301442.7854404328
AL84,1195003.8257834555,-1517396.6569851285
1AL4,1195849.8303844952,-1516809.3343312535
M22,1126776.4859208788,-1090206.1872334243
2R5,1128144.300220072,-1531150.0517350854
1A4,1329663.1525421583,-1433532.2237233226
4A6,1277517.0742136543,-1039174.1042104221
03AL,1274260.896096884,-1042658.9858013657
SEM,1224119.0571486496,-1311218.8522504137
AL90,1216423.7084995268,-1302901.2100548549
AL74,1121825.9767611022,-1502732.5409587868
AL48,1159938.5504430814,-1367058.9865909317
TOI,1322424.8500443301,-1349842.073716868
AL77,1324920.8551543993,-1362841.4415014258
TCL,1153546.143419583,-1223562.4790162235
AL26,1161475.006018037,-1224039.7217284169
3AL3,1159230.08460566,-1227945.6306726662
06A,1343902.2652271425,-1278768.5513525268
27AL,1355320.4442396492,-1277603.3224122585
07A,1336448.3292207317,-1312952.7906751195
AL07,1385058.2104442548,-1230108.844161523
CVK,757105.486049348,-932386.7582777045
AR76,785485.6693999603,-1038383.9643732654
M60,793635.9645704895,-1039415.0282398137
M74,767343.4686783082,-1039024.4055588358
BVX,754954.0709545132,-992682.0546145252
AR24,755624.1897297396,-988055.0023124515
1AR0,805029.1387166836,-1023853.5497270299
25AR,594844.7993343748,-1072826.9930369505
SUZ,690179.661927081,-1125302.0795313371
04AR,680570.466117498,-1127947.3135018158
VBT,518719.5241764018,-943688.8120045925
27AR,521358.66253012005,-944150.5066915401
4M1,571703.5408462728,-935788.4927641919
4AR1,720572.1105771682,-1072332.6425187106
4AR2,730359.714816934,-1085979.6792661864
73AR,724800.4603212124,-1071127.1562341144
37T,706048.6343084632,-948540.2554495629
CDH,672393.5058939538,-1234454.8058158564
AR42,666032.6697295457,-1240130.8691692853
RBM,704245.0850392119,-1095482.2488314253
4M3,758200.8935459174,-1094680.6093350674
6AR1,521241.56888106436,-950953.4109202059
2AR5,511793.29858748545,-939908.451112348
AL75,1192288.983312784,-1548762.824683018
AL96,1181876.6854067177,-1546345.6326267899
JKA,1188596.332763245,-1546351.5786409494
8A1,1259069.3680977675,-1074039.3391200628
AL10,1241002.099393168,-1049418.7268621163
1M4,1139284.2467622967,-1106848.3087437095
HAB,1105336.3875407574,-1130095.2342481576
2AL7,1222491.8104887954,-1118551.4890254631
AL92,1263527.0622474977,-1196882.2284638453
AL62,1365751.5124812308,-1429860.352571867
3AL1,1366105.4267302144,-1433453.8812861284
4AL4,1199403.8359852834,-1081227.3499582054
AL05,1367160.2377861384,-1301690.0653068211
4R3,1151334.770630944,-1419746.8442321797
3AL5,1313594.620121764,-1129199.426932351
AL63,1178906.304736726,-1149873.0038290992
JFX,1170986.9249957132,-1144563.4631613551
5AL7,1317587.9499177781,-1419094.9666895464
7A3,1379752.832614288,-1233035.6756602293
4AL9,1294457.7646659275,-1341535.9440906004
AL88,1205923.9705790558,-1528537.7396828495
AL35,1181014.6709594862,-1510586.4917049292
57AL,1178720.3410519578,-1507167.637180412
MOB,1128771.5470616468,-1509919.7780781558
1AL6,1205156.2727057696,-1408746.923809486
MVC,1202889.4495742917,-1413649.564773031
5AL3,1224668.6339851932,-1220394.2517601298
MXF,1281436.5223326094,-1297817.2729504847
1AL7,1288008.5366433517,-1297324.9526132438
AL11,1290597.681050577,-1302556.7830007991
AL12,1304570.7762548772,-1296538.5131458081
MGM,1280085.7376551116,-1307274.2062547614
1AL8,1252218.1023642158,-1164587.6874265475
AL34,1156325.9701558973,-1085602.475938984
AL86,1164968.8071129955,-1080139.5279179774
AL44,1154752.2256554908,-1251523.3945363702
AL87,1364697.6272782572,-1388714.5907197727
36AL,1373214.512194198,-1382550.1955143344
PLR,1273736.014303196,-1166952.8048785822
AL33,1185835.708387203,-1463358.4849183883
2AL8,1384614.250535669,-1276180.8950621677
84AL,1377337.1694664261,-1403225.78889752
7AL5,1375911.6176758257,-1404896.6526903352
AL16,1227640.0019129692,-1155490.0739396624
1A9,1266914.7178890994,-1293885.6615605182
HUA,1216349.9374699385,-1050292.814214438
3M8,1114754.9420844459,-1210555.2256373856
AL41,1370698.531398606,-1425313.2156710762
AL58,1155935.5308332858,-1507919.7758454187
7AL2,1263208.4844478297,-1134264.277983712
7A6,1292488.1135616892,-1014385.8491323839
HL2,1159281.655120063,-1464094.732586757
AL69,1202809.1371596567,-1519837.9165986748
4AL6,1185097.0082547788,-1527063.4480787239
NFD,1188020.3068531475,-1522088.3439162911
SCD,1274682.5030089424,-1210300.9713794221
46AL,1258659.4953473576,-1209912.7746608728
ASN,1291689.4492029652,-1162793.3991027863
AL83,1321232.811051785,-1274379.0910300056
5AL2,1144646.223556171,-1526120.4676468829
M55,1098373.117109125,-1161359.0222465473
08A,1282423.0439027858,-1281446.0229766967
2AL3,1303222.765988849,-1286131.6646039581
AL94,1114407.2814118082,-1498350.6366767178
AL17,1254601.896930208,-1206556.4690316692
34AL,1258448.2444776052,-1204531.8449410284
AL54,1122902.0194067114,-1155996.9823917912
4AL5,1258346.8879836793,-1044876.5587534187
18AL,1356971.2179553236,-1348926.5096300452
M73,784669.1598997561,-1136134.2883757034
54AR,567127.8292613672,-1046079.0473189929
ADF,640493.9857555792,-1184102.58072889
41AR,614179.3636699353,-1183596.1860090883
AR41,578463.4212566701,-937731.3544731776
AR51,577069.4423807679,-952891.6946560522
AR13,672637.9218274372,-1082801.308071601
BYH,905217.2785343362,-949599.2926853865
HKA,915633.6322879064,-951015.4443650919
AR30,907815.3171094455,-951625.8809831806
4M2,559417.012647978,-1073693.717307833
15AR,864409.1782348553,-1081533.4316784532
M36,806238.9600430437,-1081774.4998742884
3AR3,722127.0628185028,-1070147.0468360959
AR03,619667.812536644,-1072062.3304497711
28AR,773122.3346773871,-978905.6152689377
4AR5,839570.7419522539,-1023465.4674252601
AR05,609671.5982592026,-1062491.3496430889
4M8,788757.4697979456,-1109623.2788712478
H35,596568.5404148626,-1035187.25108029
AR02,594995.2644395075,-1036363.68476708
CCA,683689.4516687581,-1013738.8550075531
31AR,684011.4483618694,-1017916.9148223557
2A2,687519.3169927965,-1007494.5859086663
DRP,835451.7770399417,-1051906.0111938992
7AR3,836104.5179565784,-1048368.8493754036
4AR3,687692.5530234533,-1070419.531405135
AR88,697446.9100852412,-1072956.4793182076
AR06,696801.9745579384,-1053229.8495096932
4M9,837208.2023945501,-908316.5129332297
61AR,669020.635936776,-935218.1084374273
1AR1,746266.178216836,-1127145.4722366303
0AR2,876925.8160437847,-1030885.2825440163
CRT,758336.2485384708,-1276105.1459319205
AR07,753719.223400793,-1280609.2815160481
50AR,603848.5309282867,-1080886.9692779977
32A,599412.4693272361,-1077605.2887357255
AR32,623455.1411541109,-1060828.7847653194
AR48,684697.7321091011,-1278765.8947643929
ELD,671252.5530109792,-1279172.7509452668
17AR,726014.8513226691,-1126185.9885056235
7AR1,809788.8940027953,-1285297.97820012
0AR9,560902.6749207868,-934510.0482336506
AR08,568449.7839383676,-943378.0733285698
55AR,564980.4187014741,-930912.9491217667
7AR0,564631.9794246535,-930747.4856009322
18AR,553450.9669524399,-941288.3837077314
FYV,525542.5512440042,-980990.1836929721
XNA,511251.36067402794,-951228.666706021
67AR,512540.7683083264,-971576.5827306248
FSM,512422.4773113855,-1056176.563515359
AR21,513583.20572107245,-1054198.711461842
AR40,507347.3049836889,-1052457.233069709
40AR,545845.2190857723,-936442.5848760579
1AR5,486304.2105439512,-950891.3307503904
70AR,900077.6050059379,-946840.0948812664
0AR4,496741.13761518605,-938000.6073837632
AR09,498604.3934971073,-937364.7887857606
12A,698053.417340957,-1059237.1631434779
52AR,705593.6824801145,-1047126.7004951087
1AR6,707575.8255951689,-1022076.705402086
7AR2,712905.8801232683,-1015578.4807314691
33AR,711543.1819204587,-1010689.7110379414
21AR,774877.601639321,-1103123.3620210313
3AR8,729058.5631561838,-1023563.459527928
6AR4,725540.2015122992,-1020215.1632770712
HBZ,724091.784905408,-1019594.5526454906
HEE,855099.82015801745,-1110397.7442448176
AR77,860368.347790016,-1117251.5111639411
75AR,698403.6501015398,-934579.0286681504
06AR,708259.7609382167,-1017424.0817450638
2AR9,562657.4264009966,-928243.570363381
2A6,810369.0418605453,-1114548.6357428192
M18,588676.8242279051,-1230350.2245750166
1AR7,596050.9737096758,-1237739.4052375224
6M2,740308.5688501935,-938914.1251136855
3M0,667539.0809202391,-931489.4816056134
M32,809166.2703109907,-1252361.8500773273
AR61,812028.8351440798,-1256654.7401724278
LIT,712194.5002882322,-1107832.4518794755
AR29,701423.6644059859,-1106478.4898053845
5AR5,699064.2363397018,-1107009.947403358
AR45,701419.8735496851,-1106456.5405385734
5AR6,696451.1234872291,-1117311.3741139132
6AR3,703312.3831195899,-1106465.872971217
6AR7,696771.0355114798,-1108114.759298916
3AR0,836832.0144004065,-1084979.7722867485
6M7,840625.5508315883,-1088976.5350662775
6M8,869353.8683243592,-1002004.1113185714
34AR,870135.1744565734,-996550.2968987433
4A5,662549.320439801,-982095.4744413646
12AR,828565.361380755,-1120092.8986508609
AR34,689816.1956852642,-1081746.0583914362
AR46,814421.0263335177,-1046440.0556939038
2AR4,810130.5199192532,-1042536.6972906104
7M1,801857.2858152514,-1222634.811087721
AR63,799272.348531292,-1223145.2808379852
42A,735115.6009709504,-956192.4812514725
2AR3,714503.870269369,-982112.2576612803
7M3,594541.4624495852,-1140029.4849845427
02AR,582276.1354190253,-1186742.6335690236
AR66,583535.9180498528,-1191727.583700285
0AR8,566544.5454619945,-1206562.315625827
M77,570089.4416944566,-1200936.887066747
19AR,708646.0747372127,-1060889.857106535
M19,798279.5473274047,-998122.6995153306
AR92,790640.4265299503,-1002038.0647997991
43AR,792701.767015087,-1001644.5800965405
ORK,708564.404699547,-1096621.6561256638
AR55,724385.4086341818,-1105545.2875948283
8AR1,658561.0192587643,-916640.5915525567
13AR,736266.373792422,-1165945.0995858863
M70,811572.7755610738,-928865.4215855368
AR53,807425.8290928652,-924427.2030821494
4F7,615507.9311477738,-1218981.6694888521
2AR7,604344.9074286022,-1214823.5653864413
7M8,868254.9059023643,-922012.8586521033
ROG,528599.9050715573,-939930.9062217326
AR36,526637.8160374959,-944455.7164690571
AR11,530692.6535982445,-949073.4410751798
AR12,724175.8054972071,-1041057.8363025317
RUE,628592.0452881332,-1056141.9173490796
4AR0,623174.347786141,-1053818.4121838498
5M5,498546.0495411936,-945182.2033173143
DEQ,517935.1213225212,-1199021.227613613
01AR,522140.7432677291,-1198666.5072113983
4M5,795977.8738643846,-1237957.0934227998
1AR2,771155.6568571548,-1073497.0080322449
AR59,797625.4827488781,-1149709.3319212934
5M1,800648.1597131544,-1151240.9171343965
49AR,787343.8930615406,-1157926.1935682476
AR89,629842.4545918998,-1040374.0175963048
0M0,783586.0966074986,-1195047.7124443143
63AR,867091.2187063184,-1034267.4508852386
F43,685333.6256899841,-1281302.625842422
AR47,684666.0307301494,-1278847.2075236363
4AR8,525831.8455210323,-969506.2786524458
48AR,830174.336655748,-1011890.8364870814
FLP,664982.7270585446,-938196.3627476529
45AR,659831.1947375663,-930142.8729183171
6AR9,654559.6574529208,-925253.4281609899
5M4,707261.2072976368,-1206608.1734724732
7AR5,702098.4409468916,-1210911.1372895064
FCY,842072.3934611765,-1071050.752927585
AR72,840810.7948257074,-1060357.7219023986
AZU,525636.69749855,-1062122.8716839415
30AR,719883.0462898288,-1016353.1366030184
36AR,789918.3383697434,-1047106.1037364858
94AR,789257.2544779129,-1052750.348662953
3AR5,764252.2651978686,-1059577.2010932425
5M8,632497.3811422186,-1204314.0546378607
20AR,698214.440368977,-1044709.4219078262
0R6,701343.3247943092,-1243073.8324921988
HRO,614713.5417597058,-945737.318619834
AR80,618986.8800501481,-948177.6290132578
3AR2,610036.8345902627,-939599.7550387027
6M0,765434.017959046,-1099427.1181192105
AR10,767671.8324519313,-1093917.5081498886
11AR,637520.6317723247,-1143320.829137227
0AR6,640055.1804252856,-1141189.7883740475
HOT,634653.7970921479,-1142534.826249997
H34,562345.4867441977,-970214.9383674306
79AR,727149.1925773686,-1092696.4184379294
LRF,717727.4825540454,-1086380.1897107577
22AR,523261.8401052543,-966704.5140059215
JBR,843810.3939723297,-971535.5692236543
AR60,842281.8524113361,-974398.7369567457
0AR5,838798.7491211956,-971620.2967761839
23AR,852781.7642052467,-971179.5161958246
05AR,579520.8116124895,-977551.9398691377
3AR6,685547.2216046052,-1110447.0627743267
AR62,705783.434103917,-1106920.0781121464
1AR9,732377.7169478443,-1096489.0388206737
2AR0,733741.1733153479,-1090373.840501318
39AR,745813.2018442006,-1084372.0224834208
AR91,536357.0597663603,-955677.2970310036
3AR7,524129.70934195793,-952217.8432571372
24AR,833851.4828308433,-1154913.8639531573
AGO,633463.3317828453,-1281581.9753373668
09AR,630980.611559223,-1276619.1314837164
M78,666564.4685869928,-1155960.086485408
03AR,664100.1121250825,-1153425.3172847922
MXA,887194.2345025216,-959555.3346330846
MEZ,532720.9270737999,-1142683.146682121
LLQ,765965.6292733944,-1224166.9252041846
AR85,760062.1576234542,-1227861.4484591421
BDQ,664037.6385863328,-1066850.6553226246
AR43,658006.8357654708,-1071391.9786579665
AR65,663149.5392198046,-1063379.6022522226
07AR,655682.7783426741,-1061080.8447765212
MPJ,646253.0316863091,-1068077.2284244692
BPK,674979.8585243208,-928609.1187820409
5AR9,681628.4885739009,-931041.4780242078
42AR,682831.5308531184,-931769.0361591214
7M2,713758.6615408789,-981257.9889107981
AR67,905562.3225188422,-979074.93111710425
7M4,902577.2049774859,-980461.8088589539
7M5,558952.3206237856,-1033578.991637058
AR17,828894.4041562265,-1067861.4857757238
PGR,853472.0119171123,-944521.9381593139
3AR9,866303.50968947,-944016.4167459327
AR95,854606.8401980792,-945834.9401022128
7M6,574823.4583242269,-1055928.0554734434
7M7,880401.1601685653,-906268.4330429622
AR73,876922.7123879523,-905389.2249877673
PBF,743848.9085255376,-1166642.088300937
7M9,732226.2469091064,-924699.9811861225
AR68,733740.9811075534,-921558.065854943
SRC,751937.3871858785,-1050458.069213856
29AR,755163.7933280126,-1045472.9028485538
AR78,752419.7124557532,-1047864.9285207074
AR33,747198.0026365458,-1048379.9080074899
26AR,745517.5221609089,-1050540.374507798
9M8,704262.8207778794,-1153288.1700737383
AR22,739795.011702415,-1143986.9099854575
99A,739535.7374241361,-1141257.4687152947
SLG,495512.69394644216,-962251.9047722673
AR69,494025.1176368274,-962625.2986247387
38AR,497956.7396274761,-970209.8025519415
ASG,528897.1387412233,-961710.2188975703
0AR0,527254.8052002271,-961260.335109435
16AR,675331.5666212633,-1047512.513816547
55M,753053.9624829,-1193376.9012497168
4F8,646885.0817262034,-1256540.438103906
32AR,774978.6631274407,-1125376.5722467725
SGT,772770.4533262061,-1116494.682719594
TXK,559766.1350783359,-1262005.9142769
AR44,557266.9696301231,-1255644.9640517992
5AR1,792027.5725042225,-1213343.560447534
AWM,888909.2210849054,-1044211.0068314738
10AR,725938.101076519,-1158495.626601675
05XS,788920.7139077755,-1284232.4558464994
9AR4,719314.9364885924,-1130145.6458325742
AR74,837980.0034391868,-1040465.774179768
3AR1,657380.3354092309,-925533.1727785717
26AZ,-1216462.3499447203,-1125200.436463979
BXK,-1177984.360127442,-1197285.6224134807
22AZ,-1320695.9275391109,-984126.380075446
IFP,-1320399.2796163463,-979297.1957056248
A20,-1323486.0935933378,-995567.3866483954
1AZ8,-1301288.4482919702,-966685.2900434857
A09,-1330152.97995716,-1007654.5900159411
19AZ,-1085984.9331006238,-1078130.4250308455
01AZ,-1085903.5325105286,-1077802.0845056854
33AZ,-1183233.0556814768,-1041996.7544399066
AZ91,-1102025.1389628153,-1165751.1133920522
18AZ,-1099939.7373605948,-1164276.528993724
AZ52,-1081052.0017914674,-1148626.3905350207
AZ51,-1075585.154737591,-1167671.8842854954
P08,-1068318.3482590686,-1267411.3776907849
37AZ,-1073715.2558419541,-1266726.6821235402
P52,-1099640.0830007065,-1062167.981059845
AZ22,-1099042.6170572273,-1061476.5587001194
AZ86,-1123401.7846726482,-1063754.004719561
AZ00,-1263013.904484564,-1253286.5688853152
DGL,-906948.0323817893,-1464929.3932972285
AZ17,-894321.3443933715,-1448568.0259690285
P03,-924054.7091387161,-1459816.401969857
DUG,-914827.6667452637,-1449993.380401256
E60,-1084897.0161143944,-1279617.1551911065
FLG,-1060798.195086967,-1021662.1117407106
LUF,-1148481.243860709,-1189067.3456819255
P13,-992690.1291053257,-1230668.054692575
AZ56,-1061877.7219662452,-1199234.9121001828
AZ55,-1053434.183873606,-1197111.9705744074
AZ53,-1052125.961490142,-1196386.6796884222
AZ54,-1071485.3950038324,-1198051.0250183346
76AZ,-1146735.1897681328,-1197578.5588871771
GYR,-1149359.5550540572,-1201456.4968741653
GCN,-1092063.1252038742,-926103.6006036957
40G,-1096563.2509364702,-959322.7256837739
14AZ,-1052941.867592604,-1384159.5635031285
68AZ,-1244284.2416273952,-956106.7422222913
6AZ2,-973370.6131821909,-1091880.7007803055
HII,-1312297.6277032185,-1046509.5919630575
AZ80,-1312086.4750621081,-1056690.285318944
71AZ,-1312055.406041751,-1053440.9125300625
AZ90,-1127183.0794917645,-1212897.3000603335
4AZ8,-1069005.0423360767,-1338990.9962814199
MZJ,-1064447.416236457,-1315566.394414965
AZ03,-1045763.4684196983,-844941.8232056308
L41,-1035125.5776924695,-837865.364157753
AZ78,-1146565.411134546,-1248045.0717525566
AZ13,-1146444.8130986062,-1247403.8608310914
AZ31,-1145907.7684742785,-1249753.0528502231
AZ81,-1089345.5645185565,-1203987.363533824
AZ92,-1086100.9218878231,-1211835.7034439615
AZ39,-1089241.0069140804,-1205566.956788787
08AZ,-1099811.5946807908,-1209218.2519969733
69AZ,-1099430.09855352,-1213277.021123671
0AZ4,-1147474.5669704769,-1251143.322111367
5AZ6,-1145719.845852917,-1257812.3080377711
1AZ0,-1143986.3111317423,-1237125.1169733843
0AZ5,-1163874.5075325149,-1149676.622027955
12AZ,-1168613.4700397952,-1150305.2909969536
AZ32,-1162732.2849497728,-1151904.2396150578
AZ28,-1161755.334159644,-1154970.2040210802
OLS,-1033241.6915104999,-1441528.9357082227
AZ35,-1242715.6472937246,-891801.3508051204
7AZ4,-908307.2302588996,-1398452.7132206578
4AZ5,-1133641.8890829026,-1156480.5355792104
AZ07,-1128252.9939555693,-1202344.65570739
AZ20,-1110453.9742831783,-1188109.2857161711
AZ24,-1122730.6446045148,-1193913.6834483158
67AZ,-1119744.2380113816,-1201066.2749172489
5AZ2,-1121667.3454317206,-1207298.7926079754
AR79,799765.7737904025,-1214725.292958634
5AR2,888648.9199527623,-1017436.2352253598
AR87,514135.3042214556,-1045174.8903148427
M27,538997.1177031139,-1105541.2620987187
ARG,815587.484563881,-941923.7177635848
AR20,812356.4571650628,-947884.5651101161
3M9,735746.4968723741,-1235736.0368525558
AR70,737627.5157681175,-1229950.2051903924
8M2,822451.8371439502,-1000839.8968566629
5AR7,832202.0949791117,-989016.6512332542
AR27,555204.24303007,-986230.6005287637
27AZ,-1214678.1168456601,-1135885.6670281233
28AZ,-1215856.842564999,-1135312.4519170714
P01,-1208403.7834489578,-1301398.850176383
E51,-1204656.8397434044,-1061774.4889830991
31AZ,-971268.103044576,-1388332.9553870792
E95,-980089.5923678676,-1383281.0866786041
P04,-942459.7273097585,-1458525.9027600007
6AZ6,-941803.9804030148,-1452624.4145972056
62AZ,-1285179.2713241146,-1131173.3770063804
10AZ,-1172591.2142301782,-1204355.4052103052
CGZ,-1099641.6320478686,-1261009.4292198003
P19,-1108738.1304016518,-1221248.9132060823
AZ87,-1103959.2874651414,-1229893.9840763616
AZ76,-1104845.8124988053,-1221869.9913526513
CHD,-1099480.1516962475,-1225870.979147788
E91,-860448.9863407424,-938636.1750493794
59AZ,-1136566.8586043797,-1055160.2825586097
Z95,-964161.4405311911,-1161599.7500356194
CFT,-862073.5754665968,-1290152.498127228
AZC,-1153351.253402711,-803537.7818808155
AZ23,-1051890.1107119436,-1013560.5424952147
3AZ0,-1057499.7996168188,-1014500.2506127654
FHU,-983595.260156681,-1428658.2984243084
5AZ9,-933323.8829273074,-1273909.4616512603
E63,-1183575.0458184693,-1248287.907062653
GXF,-1188884.383472579,-1255597.100112537
3AZ1,-1100416.8875927331,-1214190.7191171793
06AZ,-1093774.2734660422,-1224551.73565907
AZ79,-1133224.4594017523,-1191844.5927074198
GEU,-1140497.7886080015,-1191137.5106849892
77AZ,-1128720.7204896796,-1183723.3073024475
03AZ,-960723.5684782375,-1448662.4250306224
P14,-924927.7090088727,-1061651.8711857612
11AZ,-977361.6040003408,-1418800.8635265229
AZ21,-972651.7513389359,-1412444.6662306911
0V7,-911248.1213570572,-864713.2401632199
E67,-1018879.1043604976,-1261505.887186906
IGM,-1262959.2735779162,-977297.5495209207
73AZ,-1212120.3153962912,-992095.4665281379
AZ97,-1239173.038298729,-971230.6306960613
4AZ6,-1224427.5640745189,-1013059.5816366326
AZ45,-965767.1914779863,-1303638.2369486692
AN01,-966617.9179827484,-1293781.2956431718
9AZ2,-1282242.3600194028,-1050301.4026300262
40AZ,-1131489.0032391725,-1242626.0175524235
2AN2,-1128158.9264684387,-1248893.7736528153
41AZ,-1123209.1936823712,-1254196.3259201644
2AZ4,-1133383.9261535448,-1245184.5358270775
E68,-1134355.1829042842,-1241498.73075786
AZ43,-1135959.7338001635,-1244757.2898033822
2AZ9,-917907.151701435,-1434804.4001881157
L25,-1258655.660147613,-884027.9058295747
FFZ,-1089234.4614572173,-1205836.4751669983
66AZ,-1103798.1056228862,-1211784.1815043546
AZ10,-1100312.1861629623,-1205809.1778236565
AZ82,-967119.3108978567,-1116988.5841545772
44AZ,-1062022.815762965,-820442.4317098259
PGA,-1016216.1653884298,-827556.2848912389
AZ26,-965338.2614320369,-1455273.2332848858
P20,-1311184.1737972992,-1094173.799457601
AZ47,-1312950.2273263375,-1095314.2535935591
AZ57,-1139899.0661999688,-1033654.5978646304
PAN,-1042853.2732718782,-1123083.6834529873
1G4,-1240078.4347346965,-899222.0688832694
AZ12,-1184513.8674387578,-894491.8825476769
L37,-1196801.6858044956,-957937.0711373655
3AZ5,-1200103.8149676132,-952349.8110847096
AZ36,-1240396.3882409914,-894661.6956423973
AZ30,-1120791.095755955,-1198645.2461018371
AZ29,-1134659.356519475,-1197737.091278363
AZ33,-1117500.9235379458,-1205773.1698518046
20E,-1116806.1240482193,-1202408.937762811
AZ48,-1119539.60037312,-1201095.5225669742
AZ62,-1123788.5054659226,-1187853.1482124124
DVT,-1118680.3609762453,-1176207.7320735098
AZ95,-1111463.3808726536,-1182731.2111390894
AZ94,-1115224.7776746566,-1195395.3476733114
AZ98,-1119293.5545502282,-1189524.843748947
0AZ7,-1111137.4157058594,-1204686.7738853225
0AZ6,-1121276.626267061,-1198848.7462763863
3AZ4,-1122003.6066001004,-1178240.1102027285
2AZ0,-1112584.3459433934,-1203766.0792960832
AZ41,-1120409.0517364077,-1198917.7218033632
AZ02,-1112864.3697012907,-1203202.4261915525
0AZ0,-1117675.8178889272,-1199546.4154261253
A39,-1113254.139822052,-1255114.551855348
AZ99,-1117838.6138971858,-1199824.3553786264
P18,-1110770.8617082636,-1201565.8557958454
IWA,-1084580.1886177328,-1223605.821082094
PHX,-1115699.3885834513,-1205089.0053395256
PCA,-1077544.7580009708,-1296650.2223491266
E37,-925741.7365516616,-1295165.911031654
P10,-940173.9306937705,-964635.8552857883
25AZ,-859485.8188769197,-1417431.4054938357
8AZ5,-858614.8923560797,-1408403.7185165226
SAD,-902693.6717334903,-1297200.63595485
1AZ3,-896429.2188275405,-1300633.124674494
AZ44,-912402.5068916241,-1299593.6382914982
09AZ,-950839.3898961877,-1395039.1228960287
SJN,-860655.3002323003,-1116238.9347366798
2AZ1,-1258085.3573161422,-1146963.1019544015
0AZ2,-1260180.0072178089,-1144502.9385134475
AZ40,-1260100.0311408238,-1143463.390206732
44A,-1377987.3267990677,-1266610.9859610838
E77,-999596.4787511207,-1309820.6879560328
SDL,-1103785.7395689704,-1185654.8633504172
32AZ,-1104208.9253176558,-1180318.774344769
AZ75,-922786.1317033189,-1144341.112771753
AZ89,-977140.3860164733,-1433514.2760543185
16AZ,-1161330.8130558752,-1077891.6009991523
3AZ8,-905408.2804730586,-1307039.1130586383
54AZ,-1373712.676087005,-1257524.7763088706
JTC,-858709.1161541437,-1159860.500201273
55AZ,-1118648.587108989,-1267403.9191196691
AZ61,-1144052.0784483817,-1260661.4210726765
5AZ7,-1118099.682761621,-1270471.7988989893
AZ08,-1138279.9491251162,-1182991.1467465945
AR31,-1137217.8073169996,-1181863.8470855837
56AZ,-1206146.681131103,-1186322.1749518425
AZ85,-1201512.9086464979,-1181206.6088399193
43AZ,-1226998.826259076,-1192509.37898762
13AZ,-1191696.7569159751,-1182590.791707581
T03,-1021992.3506769404,-920246.6792393633
74AZ,-955160.4059286007,-1428584.5375824536
AZ37,-1026002.3046956841,-1349424.5781405359
AZ84,-1033332.6701905892,-1357369.350370181
5AZ5,-1013806.2091430891,-1359091.773212586
5AZ4,-1032406.0791068379,-1349679.2442013493
70AZ,-1025698.789337305,-1370011.6357823943
6AZ8,-1052476.6852929895,-1380660.8834900274
23AZ,-1181922.33165172,-1129709.7092006917
AZ64,-1170210.2814276393,-1139031.5543411758
AZ93,-1180813.4398739815,-1160920.4779426625
E25,-1179853.9071196935,-1135507.6097693478
AZ16,-928197.2549613818,-1359889.065884822
AZ14,-942332.428025764,-1384964.2490528673
93AZ,-944593.9036412402,-1362423.0531113322
4AZ9,-922718.1344823998,-1377393.444747588
P33,-933736.4837782047,-1361377.917107677
CMR,-1105737.4640210322,-996728.808480922
RQE,-820004.0575530337,-994201.8505722313
INW,-976835.0514926341,-1046129.9748584754
L54,-1517347.18590216,-1191335.4906992896
L70,-1669024.4891318926,-984072.6298688352
CL59,-1668159.7219077968,-991718.1217542458
9CA9,-1663415.995200832,-1033402.8603466148
CA08,-1662846.9967545744,-1033289.8365528301
1CA6,-1560213.6822720533,-1204460.9837447212
AAT,-1691646.9631228806,-177357.0964908661
A24,-1703034.901859748,-182567.42345287892
CA06,-1693695.8789077185,-184354.9583155817
3CN4,-1640779.687765501,-1064429.4703030027
AUN,-1801168.12421007,-441173.06967993884
8CA2,-1799392.8240284426,-444038.2899284597
AVX,-1701772.7577950899,-1101990.877898548
L11,-1693777.1644103213,-1111344.8224835682
0O2,-1453955.7981113803,-939782.9972677295
L45,-1711526.4900322657,-880675.1361550869
28CN,-1712390.089537496,-873802.247300622
CL61,-1707895.9441543596,-874933.1578167714
CL60,-1710931.3926171209,-873215.2306497183
81CA,-1723298.646692325,-903921.6110620622
BFL,-1714487.6404604816,-867523.6930945254
7CA2,-1708794.285835518,-898250.93790932
CN45,-1546436.1237755045,-1039279.8440556142
CN28,-1690531.2504723151,-670740.0652594916
CL23,-1838367.2513367133,-372773.0430812293
BIH,-1610159.2468417755,-669567.5678154534
4CL7,-1610653.695526747,-670304.3334014562
56CL,-1351332.5249408241,-1150108.1633753916
20CA,-1354703.169312108,-1148203.1629371152
80CL,-1350817.7058553505,-1148738.8877154773
BLH,-1361047.3815219253,-1145344.5430114728
D83,-1989729.457597224,-381837.76987510023
57CL,-1595441.2668616236,-943097.3169473915
PRC,-1135532.3827201992,-1065373.4626382885
AZ27,-1142157.7399661767,-1035742.0183231987
AZ70,-1125947.2941298983,-1069882.1720652576
72AZ,-1126997.9535933773,-1060644.671320897
51AZ,-1128426.6882675008,-1073489.00165063
5AZ3,-1082378.4674462755,-1234997.0850095586
AZ38,-1072639.997154866,-1231556.6700310314
AZ63,-1052132.4254702397,-1315195.4653932154
48AZ,-1078361.0760956476,-1074067.5254393592
50AZ,-951525.8727333118,-933203.5139111014
AZ58,-1034304.9081716754,-1189782.9197842013
AZ96,-1106739.961553023,-1200341.7365678425
5AZ0,-1104802.2444253962,-1185243.6905756225
6AZ0,-1104756.8244146276,-1185337.2189736979
7AZ0,-1104783.7372534657,-1185261.861838809
81AZ,-1103296.4222045587,-1184676.2047788193
SEZ,-1075628.5588393158,-1052288.4266980477
5AZ8,-1078688.8416979965,-1051076.7060365179
P23,-1167461.979564156,-984143.3674252853
52AZ,-1203850.9517534026,-973007.0017406527
E78,-1125289.306797348,-1371764.4551213223
61AZ,-891424.9513563097,-1129368.0356845187
SOW,-920844.8501989462,-1137570.5381545739
21AZ,-916575.8394390878,-1128384.9128516014
3AZ6,-1145802.3857716257,-1175516.986135347
AZ15,-1172471.8134669955,-887017.4020835953
E81,-1036146.0725037929,-1233485.6191281674
4AZ1,-1148385.3368855573,-1164599.902713732
TYL,-928628.2195221257,-1115728.4342168055
AZ73,-1109484.7405692723,-1208341.7995709644
3AZ7,-1112590.7151467968,-1208991.0205955182
AZ59,-1109935.7748502118,-1205074.7241876519
U30,-1285432.16147225,-887660.5744655557
1AZ1,-1137065.5592860132,-1192968.0514101766
1AZ7,-1135587.3826430044,-1200497.1048422032
P29,-952135.4215838043,-1423181.9286861133
4AZ4,-957384.5178740991,-1430444.8673565343
6AZ7,-1185960.7825078892,-1187079.0682414784
AVQ,-1055746.7320348483,-1327924.3359427804
65AZ,-1037548.2820009734,-1350541.5531101916
AZ67,-1071513.5611860207,-1323874.772599646
TUS,-1033490.7270596127,-1363482.3767388165
DMA,-1027413.5129934007,-1358760.212245511
57AZ,-1035017.5466745422,-1326335.5682890972
RYN,-1055041.5407694546,-1357874.011997334
AZ18,-1090333.7359164846,-923815.1345552402
AZ01,-1252553.2844725957,-1137899.7301034667
AZ50,-1303577.7303185198,-918831.3211888648
E24,-924328.7089463255,-1187937.055691723
1Z1,-1183708.641015434,-877937.7396508345
AZ65,-1194532.919663374,-1198515.8304257467
24AZ,-1007232.6764116893,-1138841.3411800042
58AZ,-1007817.3518807736,-1145977.1967133733
AZ34,-1286758.6956271073,-1037302.2099373341
NYL,-1367092.5807951582,-1252715.7798716028
05AZ,-1369329.017489182,-1249282.7991569326
LGF,-1343964.916981222,-1233286.845314514
26CN,-1651744.850049204,-989787.9525528955
0CL1,-1599866.4201535394,-991550.7424487019
11CL,-1607363.9739436647,-983068.8308652487
CA12,-1589622.3137385026,-996098.9871896631
52CL,-1592021.8443334417,-996840.5496102921
A26,-1730849.884924278,-201410.1663861937
CN43,-1641056.2415323735,-1063462.2767147261
53CL,-2011486.9053123014,-393441.4274961947
16CL,-1778245.828191848,-547598.049483968
2O3,-1923943.3869056548,-451288.5256978329
54CL,-1552419.117353764,-1120404.014352584
APV,-1566663.6070571395,-997838.5168404699
27CA,-1557485.8027454545,-1001349.9993014962
79CA,-1574330.730657419,-999894.2240371468
ACV,-1989102.055600787,-152097.7063570745
5CL8,-1708446.0409741965,-898391.3718456794
5CL9,-1713842.2142020143,-672021.0277877174
CL91,-1713607.3458328927,-680774.1465214503
7CA5,-1686726.5252674294,-705374.0109546186
BNG,-1549494.15978019,-1075451.0280401984
60CN,-1557643.4069034054,-1072864.817410257
5CA4,-1471522.9884458755,-999538.7233808317
CL17,-1545198.0247451854,-966232.6708557145
5CA2,-1531428.9202786135,-993694.6353102444
9CA1,-1543598.505976165,-968535.7533940193
00CA,-1524082.461188726,-918028.9625890137
73CA,-1726835.8624084617,-517398.60558903764
O02,-1718240.9914612644,-362815.8330934819
CN26,-1790300.884156968,-327462.3469628638
O55,-1745764.0961442713,-202899.9564491004
L35,-1543231.1419288917,-1038013.1234146906
L08,-1514062.4950003508,-1157658.808530616
58CL,-1511586.5427878597,-1165733.1863167835
BWC,-1445294.9894538098,-1200795.1184727952
9CA2,-1449201.4533037317,-1203965.44460862
4CA2,-1875372.6417620445,-538094.3468172434
O57,-1662672.3517924051,-555292.6636293893
7CL4,-1685488.200374389,-539392.4732422623
2CL1,-1805172.1402401826,-382206.5536919057
60CL,-1850558.5994066966,-469259.54030981584
BUR,-1679613.0736233827,-1016244.4677102007
CA95,-1677825.7899490616,-1021814.2134410786
CA01,-1796671.894347412,-218690.79887925723
34CL,-1794989.344753731,-218186.30646102122
L62,-1753495.7225271189,-867574.9825758673
C83,-1876721.4428622872,-551444.0779735326
CA90,-1418062.48673381,-1034032.3218197462
CL62,-1711095.1423782897,-1014805.0397292138
05CA,-1712940.9069936324,-1016098.2825060128
CXL,-1451105.7950787675,-1236453.719871918
62CL,-1665928.2545696339,-881663.9726390938
L71,-1628717.3757019483,-919103.8841660636
CLR,-1443205.7409674951,-1185559.2887222131
CMA,-1745248.2866736231,-999893.0018249818
66CA,-1890199.5931237286,-804437.4230436231
7L1,-1678756.858821732,-1058175.9203168864
65CL,-1750925.9597448544,-735050.2882752101
CL63,-1694374.5683889003,-976820.2527303483
0CA1,-1919300.7557211223,-554892.3173174621
39CA,-1517110.6819861878,-1097335.567416282
O59,-1657739.8662686534,-177867.72237302345
CL89,-1697694.1386932237,-1007862.760015141
CL26,-1697377.544877438,-1007957.5721987648
49X,-1319670.8247690967,-1050000.1642165731
O05,-1778635.7410961855,-293467.53510172095
5Q2,-1778642.357186378,-292755.0871120877
CIC,-1842409.6843626562,-332703.8014521498
CL37,-1843228.4556721945,-338684.11939533235
40CA,-1647454.855713526,-1043349.0971043163
6CN5,-1649806.3952478326,-1039315.959418033
CN13,-1850428.1942932806,-487308.8426907445
CL53,-1929177.984167033,-408570.87611006224
O60,-1964564.6391906624,-416892.7401288791
7CL2,-1735172.896766042,-703312.703369395
3O8,-1798478.1809861255,-753978.598267756
C80,-1805472.3307213397,-762128.5056801774
4CL9,-1591466.120582228,-1049543.5140281469
O22,-1769200.2748714958,-556136.2424259302
67CL,-1874560.85707371,-392876.8412674872
CA04,-1865974.4940993097,-262119.24105982593
O09,-1957409.6328897492,-300634.72807509755
CEC,-1974027.8194964991,-62502.017105750274
CL25,-1760690.759269296,-913731.0137998492
5CN4,-1771562.6562582324,-912513.3689095053
DAG,-1525327.7600982292,-974692.9195631751
17CL,-1951561.6687596312,-616861.6587512884
69CL,-1865694.8394790702,-463242.1367200962
08CA,-1786686.820139879,-474956.1629423391
D63,-1963240.2916167844,-216874.35271590223
13CL,-1878416.7053600766,-486933.6661929966
A32,-1792668.4569908034,-103314.56685065317
CL01,-1819319.9014748922,-673706.2007842615
28CA,-1814528.739802959,-667723.4209407574
CA71,-1798437.4475680925,-501390.72395990125
77CL,-1691871.642278462,-725808.528092696
1O6,-1834230.2329155148,-164342.5685881801
6CL2,-1658118.1617619668,-203536.0674566023
EDW,-1622239.996222025,-948215.9567561202
9L2,-1618501.8262774567,-939605.9324583024
CL03,-1688957.7356033686,-1046515.9845608408
32CN,-1687555.9096282038,-1045283.491507997
CL02,-1687790.0578734176,-1045295.8258943494
BLU,-1761866.158579962,-414405.00245003536
8CL1,-1577652.4271417332,-1153237.9497999267
37CL,-1573878.6101747581,-1138322.9121437157
O19,-1982670.1342067865,-184433.34694768174
EKA,-1994871.963243892,-170801.58053206187
O33,-2003506.3663372127,-170793.67470587886
CN63,-1703975.3559871747,-777415.3701156696
SUU,-1890009.5029371106,-497313.0195397648
L18,-1597017.392748855,-1130207.649079039
HGT,-1891401.4741668324,-759632.4132907183
A30,-1871933.578227193,-119177.77766198188
BYS,-1502896.32566583,-930772.5658925164
FOT,-2004200.0157003377,-197217.90710206627
93CA,-1651817.5061953743,-1077749.0504813811
CN38,-1847180.1724267541,-499979.75750984537
F72,-1847493.1767775004,-504213.7309947212
02CL,-1729822.289409411,-940907.1411274787
CL05,-1914134.3834245366,-573800.1099139337
CL64,-1913764.5789487225,-572805.031838346
FCH,-1750555.8484747799,-710137.1282213544
CL06,-1669162.910615964,-1024136.5251088738
CL19,-1671457.7356717733,-1023211.2448582341
0CL4,-1671204.485331858,-1023060.3867534811
5CA0,-1673981.7271490002,-1022313.6921031465
2CL7,-1671597.140071919,-1023152.3554755565
06CL,-1674264.8622504899,-1022373.679084536
14CL,-1637202.9264752197,-1033170.4117276457
CL29,-1361667.155710627,-1008035.1491595283
CL46,-1700672.3716717241,-946816.6696506523
CA15,-1791107.360526206,-412281.28721845313
09CL,-1794795.700227196,-424662.32558147394
O61,-1800467.466772754,-472669.3226292756
SYL,-1853075.6291729964,-790093.2322108563
CA62,-1857630.2903214633,-800063.171192259
CSL,-1864190.0530912448,-842711.6674194103
CN27,-1703234.6963080997,-1008594.4618950669
63CL,-1895462.2092173696,-443357.2993124552
CRQ,-1604177.5428974736,-1154359.6618092898
4CL5,-1828140.2560801285,-467100.5853480797
33CN,-1788148.6522229596,-976413.4766536506
8CA7,-1784260.948048412,-977114.3853890258
49CA,-1787803.7546993655,-981582.829659647
64CL,-1679582.717275315,-1055639.5396039947
4CA7,-1848118.3698337504,-345612.48794816295
CL56,-1845507.2355185559,-340662.6017922703
NID,-1588907.980673796,-866863.6821492494
CNO,-1619397.787257407,-1055027.648110349
L77,-1450854.5218233617,-1123875.17163893
2O6,-1777919.4020839846,-659574.0212301651
67CA,-1790171.23222761,-661176.3144793157
0CL3,-1578158.2714703293,-1215772.1268418268
2CL0,-1666437.171007993,-1043428.518864533
7L5,-1647349.2622379912,-1043379.8558769193
9CA3,-1644666.3068213838,-1044413.9742798331
O08,-1870612.039509839,-396520.0911305331
CPM,-1675923.8195298458,-1052467.952961067
CCR,-1908648.8573797569,-524090.59712783934
60CA,-1902967.0176397485,-519213.1351841748
43CN,-1746028.6554241604,-783475.6097718481
24CL,-1741727.7843952095,-786111.5277405911
0O4,-1863724.7915854908,-309299.90066607326
AJO,-1617909.3342541854,-1064110.7050959861
CL16,-1601656.6040326424,-1205904.8341360393
42CL,-1650004.3780478335,-1083949.5180935788
1CA7,-1650552.0953456052,-1080412.458586148
83CA,-1647121.726797613,-1081657.5851690741
68CA,-1855586.1038050354,-263307.1805787963
DWA,-1875802.3792535379,-464676.1335453305
EDU,-1871232.1407394141,-471477.1591328841
L06,-1501163.1821089392,-797069.862623243
L09,-1522601.278040473,-776324.6096696631
DLO,-1723060.508038652,-829849.3111925599
71CL,-1874066.1721636294,-375397.7092672362
CN64,-1414289.033647063,-1121293.2817258993
72CL,-1388705.2278963907,-1082320.0084088698
73CL,-1443544.0205393413,-1121392.3570288334
29CA,-1513531.1413361763,-1082743.0368159348
91CA,-1524170.5142235453,-1078563.5720561033
NJK,-1462179.8632032813,-1216431.8122215897
76CN,-1453813.038280388,-1223267.3327227135
90CL,-1910172.1840587584,-339747.75050229504
CL04,-1828369.2604696644,-496936.9767312912
99CL,-1602532.4318960863,-984615.9009362435
EMT,-1652962.5624489926,-1035160.6420747589
CL27,-1656627.8921560822,-1036168.5436524302
CN33,-1688849.2920210091,-1045003.2375723635
4CA6,-1691920.5847443324,-1046133.719167673
O89,-1774124.649903764,-209465.44605337994
L73,-1716991.2334771915,-848344.7554334021
CN29,-1822400.903204821,-553469.5470738614
6CL3,-1721348.083591181,-986376.7492654724
F34,-1802874.686980107,-682475.3347144575
5CA7,-1797097.3419077862,-744208.518352598
94CA,-1599008.2391577708,-1048219.5271996032
CA29,-1598520.0449944406,-1045015.6082042035
41CA,-1940760.7272272648,-243937.55823452977
A28,-1647716.2525269163,-143122.6590575073
CN01,-2011551.0692975454,-326490.54628618463
82CL,-2009943.0443477824,-322006.5369104557
CN51,-1747252.5108428614,-709612.3926673257
FAT,-1740731.0681842598,-707419.3398996206
E79,-1752173.092656593,-697331.4585343865
FUL,-1652496.0268028856,-1059618.9529111038
2CL9,-1836143.9127770637,-503716.7451745195
51CL,-1832063.9175677013,-516810.79812855436
O16,-1992967.235372155,-255559.9854601465
0O9,-1952217.9468655547,-61536.73758657687
E36,-1784011.0889461385,-449553.3343979208
29CN,-1783341.3407989803,-457954.7295919846
5CL2,-1893127.276039614,-638800.233043615
95CL,-1666853.4962443924,-1018669.7951824713
GOO,-1787462.733624691,-413633.0891919379
3CA7,-1878504.7286591453,-724371.7239455128
30CA,-1757653.8376047255,-315348.5618881316
53CN,-1867246.0443332347,-409529.2940197318
45CN,-1754274.4821297438,-577189.4522930803
E45,-1753469.0140762767,-579524.7986441344
85CA,-2009071.7050656385,-404533.35346853937
E55,-2008250.911323533,-401168.2840503295
3O1,-1835505.441641148,-627961.4037390742
HAF,-1959163.6007715557,-565363.5140760005
HJO,-1743819.8779932633,-759452.5857549956
CN53,-1741369.6783837292,-761974.4296254263
15CN,-1747098.455941527,-757911.4480678431
4CL8,-1746278.3175555102,-757363.122806253
36S,-1907086.6442500902,-81609.54314098002
HHR,-1683444.7167724434,-1047056.6061935468
F62,-1927949.165107656,-220900.1476877924
HWD,-1923138.291025319,-558472.2250381309
HES,-1960329.6766394228,-432491.6651286782
CA70,-1590708.247185819,-972037.6111822408
HMT,-1568723.2774643186,-1092925.360325435
2CA5,-1662731.030557219,-1081260.9960068103
02CA,-1672044.990026223,-1088295.9118449588
75CA,-1658412.2688564581,-1080405.5265196683
CL38,-1672009.1519485882,-1088225.325620971
21CA,-1661129.9217320904,-1079161.0770392492
9CL8,-1664327.0880907674,-1080986.8921030564
H47,-1948790.3016163106,-205553.0624940038
IPL,-1453777.9212720902,-1217138.3907895659
NRS,-1599984.5192900663,-1218956.329026894
2O7,-1608927.975291292,-733472.4507261517
42CA,-1497972.8769609374,-1110226.4908819145
IYK,-1601319.7447215386,-867223.3639774276
CA19,-1806077.2735735988,-519759.34133723384
9CA4,-1493452.8303557835,-1062939.2799260349
CL28,-1493226.8793223703,-1062659.0826520047
04CL,-1528420.0916869733,-1174913.6418013147
68CN,-1616844.9824366032,-822391.1671004897
L05,-1651763.2154800403,-848185.1103229122
KIC,-1875414.1373610012,-736684.5731834417
09CA,-1876973.6432636788,-738935.9112003129
S51,-1963510.4829655208,-97235.03392359179
CL69,-1947907.598527775,-383333.18178572255
50CL,-1666720.60703914,-1058826.6715366906
03CA,-1586041.7038748947,-1197627.4786344727
1CL1,-1659583.3214184234,-953027.3395299908
21CL,-1649168.6618197626,-966021.3982280985
CL40,-1650921.9207503907,-971597.928133141
WJF,-1655476.6234849654,-959987.4033480128
POC,-1630073.090435554,-1039458.0427309291
O24,-1660067.4677811807,-591123.5275963558
NLC,-1771584.7149990844,-750836.3495639974
8CL7,-1840343.5818204756,-527120.8600410196
8CA8,-1835137.7295782508,-534861.2747405069
O20,-1847175.5869626272,-528844.6760296421
L53,-1843848.6909798072,-530626.7081331786
94CL,-1584255.698749805,-1053920.5916879096
VBG,-1865576.1625311153,-910899.0099767228
CA00,-1878024.5953190303,-940140.2948801698
CL68,-1880725.9597798593,-937911.9676813483
CL67,-1881994.5971857256,-934622.9332906555
LPC,-1856977.7754454005,-921290.5063313649
O26,-1600447.3199950722,-761348.0482150378
44L,-1681486.9531437731,-1033316.5908115115
14L,-1693891.5010914209,-1006657.2884215831
6CA0,-1672386.512157185,-1034936.8582644063
70CA,-1689210.3790387397,-1029850.2643478271
9CA5,-1673821.1668674068,-1035804.4818641132
23CL,-1670860.7378854216,-1034053.3238892425
4CA0,-1672962.70849631,-1035565.6769890036
CN25,-1673545.475215048,-1034426.6470059953
87CL,-1673678.6674308951,-1034559.9640908606
58CA,-1671141.51154713,-1034785.7942332005
22CN,-1674575.0714847227,-1028438.0943745304
CL32,-1674461.2869820113,-1034445.1334666708
CL31,-1672405.5848813416,-1034846.2746967559
CL70,-1675711.076728774,-1028990.3567027833
46CL,-1674364.006470502,-1035772.8797114501
29CL,-1675743.0293621232,-1028879.4924119246
3CN5,-1680062.5914038613,-1047148.616237316
CL49,-1674225.4856797627,-1034998.9854147639
CL50,-1690661.275984278,-1031218.655561268
0CL7,-1674319.035518394,-1034034.0762459015
LAX,-1689593.4354288722,-1043456.7015018367
WHP,-1683262.4449499412,-1008750.5525890444
84CL,-1687887.3905121302,-1030323.0852871264
3CA6,-1681981.9998286318,-1031533.7496191278
4CA9,-1677262.4285574486,-1043041.7282295147
CA86,-1694795.5357019417,-1010654.2711513371
CN47,-1680196.7780015734,-1000918.9296657118
LSN,-1832481.8516743432,-651433.8186866296
2CN4,-1782711.7997461248,-824674.4370136933
65CN,-1832543.4350525325,-508171.4425565889
H37,-1695769.2797317603,-331556.5448766374
AHC,-1690082.6770826573,-318315.98350126
L26,-1582337.3161897878,-1017119.4020126326
01CA,-1587365.5531210965,-1017057.7325102873
CL84,-1829084.8782481134,-614883.8766794878
CVH,-1883115.5983713472,-657906.6269392698
9CL2,-1877423.6562349144,-661920.0708469278
1C9,-1886038.1352889447,-650256.7599805656
9CN1,-1882608.116425834,-664809.1074329816
L04,-1425021.943885344,-1221208.2310283645
O21,-1952077.2807992562,-155882.56711423292
CL65,-1658164.9490873404,-1078507.4564276722
5CA8,-1806973.0903541767,-520392.8984553616
CA20,-1809416.1446846402,-499634.2702243667
3CA2,-1643614.339890824,-1083615.9064013953
CL92,-1632233.0857303785,-1088621.484059069
0CL5,-1645667.0733194656,-1084024.689247536
5CL5,-1645042.5347353937,-1082398.5856233283
CA85,-1644995.841075166,-1082669.5556544152
JAQ,-1792275.1535761454,-510284.074207015
CL21,-1790429.1912922051,-513737.4969426532
L78,-1511778.3913636932,-1230834.1881846697
08CL,-1785359.7782907544,-571725.1086720991
CA09,-1861306.9584052968,-83904.0560435525
CN19,-1872758.4809112523,-540095.4933611739
32CL,-1857293.5760582988,-440273.81091108214
CL66,-1663109.9034405313,-1020279.0783565664
CA68,-1633496.786442255,-1093665.875820897
CA24,-1603979.0547720839,-1181846.9552066145
13CA,-1570701.108812852,-1035634.181801993
2CN8,-1569009.349095392,-1028153.3834074022
47CA,-1571258.7685138676,-1032080.9845623131
CA89,-1596053.7568212103,-1098761.9574496998
CA42,-1607406.648108565,-1095186.7897025354
1O2,-1950804.0229925138,-395874.6777998219
32CA,-1760563.6265670585,-753505.2712495328
CN15,-1756246.0916971427,-750548.7074002958
6CA8,-1556616.1547993338,-967986.341529145
9CL3,-1694973.9979487322,-204558.89539802194
LHM,-1824795.844668112,-440208.11605992535
90CA,-1829311.3921388658,-543768.8853239372
LLR,-2012904.690590771,-345960.52220737905
18CL,-1842968.9982206472,-391659.05664396024
LVK,-1896762.9390525545,-561678.6825547604
LA22,-1887268.1451213078,-563588.5404029435
63CN,-1886910.4675605737,-568054.657302756
46CN,-1625882.85816049,-995633.6561787133
1O3,-1836750.1887835416,-518815.32058975974
76CA,-1739412.8497414954,-550992.0306168452
LGB,-1669160.1672619907,-1062148.6422438323
CA99,-1668826.9642421943,-1063418.406140932
3CL3,-1674539.7388569564,-1066673.6224143214
30CL,-1672488.0059142706,-1062471.6917312753
50CA,-1673022.297492018,-1065556.0330316422
CL07,-1674066.2494543628,-1068908.7863052085
42L,-1674581.9128291113,-1067017.5398351268
SLI,-1660679.270148541,-1067173.620017078
CL12,-1674814.8211418977,-1032907.0542706015
CL00,-1668475.1608972275,-1034549.046157734
43L,-1687882.0946480078,-1016385.5957647678
4CA1,-1673496.5448565609,-1035027.2755648482
55CN,-1673492.6376694338,-1031617.1051027083
CN39,-1676524.2718943185,-1032737.9214164583
62CA,-1672975.2506444156,-1033581.0544565812
84CA,-1684039.0656458712,-1029722.9124255578
59L,-1672260.2979921843,-1034701.0469050761
60L,-1685494.2705910243,-1023362.8384110363
61L,-1692952.6079754247,-1021246.2033767327
CL08,-1673420.3074305663,-1034860.8442322747
CA46,-1684331.1234202164,-1029373.198256234
3CL7,-1690794.6788435658,-1032489.8174963788
3CL5,-1673947.980651987,-1035167.0789672529
2CA6,-1673938.930696704,-1034736.1724096608
CL54,-1691535.5443620118,-1032697.8458081074
5CL6,-1672011.8335464797,-1034765.5310572215
3CL1,-1671730.265823193,-1034622.7519260732
2CN2,-1688040.8717959449,-1003918.8216657758
2CN6,-1672856.5131100535,-1033987.247449473
35CA,-1669432.476029422,-1034552.04158804
4CN7,-1675539.983908683,-1028929.0574774636
80CA,-1791533.0735732396,-459581.4988704012
7CA1,-1519249.9256345434,-1025720.9225037231
51CA,-1518576.6550857297,-1024847.5904580542
4CA4,-1671368.4297256009,-1048920.6950599742
6CA1,-1789111.3806978029,-121122.5351833458
MAE,-1769454.944711129,-676020.7489866235
77CA,-1755530.121131791,-664257.1047649519
49CL,-1777077.406673487,-683689.3331778744
9CL6,-1745224.159419243,-694169.4308135677
74L,-1712833.1141502345,-1027421.399260384
CL10,-1727461.978230222,-1023573.5238371788
CL72,-1708510.9995475474,-1025627.8622022899
CA50,-1713171.185757298,-1026466.0088685656
MMH,-1645133.082194404,-632860.3467219663
CN42,-1826174.1204182508,-261636.85896338834
OAR,-1918771.829363169,-672890.2438771797
CA79,-1692473.7656006478,-1038034.0140601066
5CL0,-1739386.7215012673,-642958.6077975007
MPI,-1750356.8866887002,-620670.8013848072
M45,-1697055.9568610454,-492982.08043089375
MYV,-1837829.1955613869,-414869.9452361284
9CL7,-1814279.2807304265,-394872.9144959454
22CL,-1814953.8994020745,-397588.23119215254
BAB,-1825758.9888928635,-413671.3275744498
8CL6,-1883704.38618841,-380178.9765068747
12CN,-1878305.7695975716,-384012.02869382995
M90,-1797392.391716416,-695523.6412589459
1O5,-1842253.7780478413,-107634.7544861927
SIY,-1834699.9387370392,-103791.7309350702
MRY,-1928231.1205454757,-681285.798656618
82CA,-1726749.1148374479,-996374.1979096634
CA28,-1580926.921919804,-1070103.0396408644
NUQ,-1923599.5299767675,-586499.700459066
F70,-1581520.72210758,-1108438.3060841274
2CN3,-1600951.9662936977,-1111578.7244079344
40CN,-1584480.3526519283,-1103231.8913759363
CN14,-1919566.3355385123,-482276.4346339812
APC,-1921257.649829628,-494662.6921176907
EED,-1332856.7426394883,-1020924.9025762002
7CL1,-1930503.7999545122,-535873.3322459764
L52,-1860049.916197597,-870420.5142286313
NFG,-1607571.4581075718,-1134022.5417195244
OKB,-1608903.5753463798,-1143197.660512893
36CL,-1604057.9736328246,-1147915.3079024686
L90,-1498814.9183914566,-1173194.8983311222
0CA6,-1495563.9202778067,-1218849.1078871405
6CL5,-1747579.4499527323,-977208.7621892286
ONT,-1614545.9907031525,-1046821.4894757677
1CL4,-1646171.4599613259,-1070478.7019130185
CL55,-1636324.1387714362,-1068054.6910190424
4CA5,-1644053.7195708856,-1071743.5901311333
PSP,-1520118.9583575455,-1091859.511799427
UDD,-1500626.2735291144,-1104888.509136866
7CA4,-1523322.0368274706,-1090230.5298572842
TRM,-1492450.4408217517,-1120257.5616256052
PAO,-1927959.987129058,-580089.0243831382
15CA,-1933686.6448026046,-581525.0652904351
CN98,-1366797.9700751605,-1186438.7472889414
CA92,-1824936.73358157,-347309.83766245976
5CL7,-1301372.103923221,-1077942.5298917915
24CA,-1662907.253315505,-1019359.6641466023
CL14,-1662481.6562325363,-1027580.4847367734
3CL4,-1663356.0816842525,-1022915.1342023165
67CN,-1761680.5716846925,-473395.0160352856
7CL9,-1778743.1504748855,-476884.676559712
PVF,-1779854.3512701797,-473372.42305294186
CA03,-1776063.7833171694,-632796.3428667652
25CL,-1837000.703842753,-441881.1816410714
59CN,-1841619.2174508162,-444310.18869420595
27CL,-1847572.7905049727,-452878.75086134486
CA07,-1844132.1628542785,-443023.2972435645
4CA3,-1902472.0897226282,-558405.1152418443
NTD,-1749618.8160503749,-1009677.4097498518
98L,-1631820.3202652337,-1043610.3609675893
05CL,-1919416.4868794112,-448986.90801970905
20CL,-1913550.5881952534,-434517.1243757564
4CL1,-1622732.7869851815,-1095477.8442394629
O39,-1693623.1129425566,-255341.86531046784
0CL0,-1749189.3033944974,-666133.1270867557
RBL,-1864534.6141012283,-285325.52109222114
49CN,-1879566.0911289072,-296732.0639311384
O85,-1864974.4236761772,-235925.455466496
7CA3,-1864155.9406218645,-236326.5209007599
CN46,-1858214.6581999944,-234968.93331158525
RDD,-1857635.620051612,-245525.83852516502
REI,-1572952.47941086,-1052197.0411321654
O32,-1720120.3027066612,-724485.4553161054
CA78,-1595754.0465789302,-1059341.5739551054
CA81,-1595740.7719210938,-1059077.3918664702
RIR,-1598671.7338833103,-1057806.588802177
RIV,-1587201.6384831246,-1072332.8910573593
54CA,-1596356.0960105185,-1059583.0102147297
CA18,-1855587.9250981298,-436227.7257449161
0CL9,-1580930.2205513543,-1089624.342700098
L00,-1651513.6524476495,-946104.458612527
CL74,-1669742.799850762,-946462.5241213324
6CA2,-1657881.9048719017,-1038185.6064791061
CL75,-1657796.3217348645,-1037971.8082019847
SNS,-1906028.1211576045,-678515.3645182716
5CL4,-1907453.7310601652,-674078.5743428323
SAS,-1480713.2388559848,-1166105.7202912574
CPU,-1785965.566400526,-538531.3549664934
CA25,-1786588.5634444105,-533221.4286705059
CA88,-1862039.7424529276,-763484.7973725817
5CA1,-1860470.888558229,-771916.8826611118
8CA4,-1591068.8697082084,-1046222.7779649576
CL95,-1583905.6349671672,-1047903.5790971594
SBD,-1580730.1273684416,-1049440.4822358738
3CL9,-1750443.9155753893,-990384.6986283539
SQL,-1937949.8491967637,-571449.8672808907
NUC,-1725603.6847555216,-1140226.2935479921
MCE,-1796466.155772497,-635168.937071282
15CL,-1785586.6780370658,-631237.551535612
86CN,-1791026.4194989305,-630089.3970320832
MER,-1798681.7748829897,-623575.2796646035
92CL,-1860883.1035036293,-407982.9014224589
38CN,-1863493.936499297,-406559.8409730468
CA55,-1630572.738407151,-1099711.0237933747
MOD,-1825256.5804172053,-588454.5111798068
CN44,-1843077.8762496945,-584425.7087079838
MHV,-1642584.98992181,-926586.615631095
CN37,-1641733.7693626557,-889745.9837666131
1CL2,-1646796.3707590194,-938938.2010802879
96CL,-1730680.2877315118,-1009646.688705884
L88,-1781319.8623052319,-908287.8531073045
27CN,-1694193.213240065,-985751.6053526264
3CA1,-1648682.7964008637,-1088753.6638158667
14CA,-1653216.6857855103,-1087547.555486336
79CL,-1790866.9028836112,-401076.6067068921
63CA,-1469139.9772589777,-1141182.851576635
83L,-1659889.1343233609,-1053174.7154911375
84L,-1659706.012631713,-1053145.0249270306
DVO,-1946316.3734325792,-495742.44401903846
O27,-1808820.7269015452,-577637.1047691114
OAK,-1929816.947397706,-549399.1884917811
O37,-1868067.133411175,-334331.5179126526
OVE,-1831497.1746119969,-371365.55882325483
O06,-1816657.327696201,-366238.22353911767
OXR,-1755638.159648642,-998964.223512256
2CL6,-1750818.9325247782,-998277.5480289825
PAI,-1682709.1090723635,-1008962.6506907998
50CN,-1652320.2384348519,-978778.6941814073
04CA,-1610236.5263439496,-989663.3944846576
PMD,-1645904.7468426274,-974815.1232325628
74CN,-1823415.3098816366,-836495.7083805581
33CL,-1863886.4790152896,-815740.3013792448
PRB,-1846423.2340189684,-808133.6246378665
CL33,-1574859.7220379845,-1139697.910604231
L65,-1585933.459066254,-1085913.3337373636
O69,-1947141.3882588504,-482228.5851128702
80CN,-1536103.3069826167,-1214803.5740421338
54CN,-1791247.8262892826,-466974.1817454452
01CL,-1776305.5198196915,-465549.00861882616
PTV,-1701320.88290158,-802411.5968118348
1CL5,-1586266.7067841026,-1173032.2896210789
2O1,-1763601.2875136866,-336622.99882036686
72CA,-1762336.2780745018,-333544.95963915146
CL94,-1765060.3312054467,-336664.6397693713
6CA6,-1767091.8316934225,-522763.35556097596
RNM,-1572594.5108821078,-1170923.9566362344
CA76,-1557056.4612892,-1170522.2481063392
7CA8,-1512141.3957004563,-1100862.2457641761
57CN,-1813452.1331524074,-494115.9319428881
RIU,-1815293.2386832538,-491586.7369954567
42CN,-1715227.533836697,-721279.1913460721
07CL,-1843512.7612549954,-366958.0327350254
CA77,-1587820.6952657932,-872223.543441227
CL15,-1588029.2272785816,-875111.1606349015
0CL8,-1585471.6200505584,-878311.7514308301
L36,-1838912.6713201257,-463554.49397734244
O88,-1873464.122719816,-510053.9921875618
RAL,-1602598.5463445447,-1061175.4808941581
CA91,-1592315.5739322533,-1056946.5464012695
CA21,-1805137.3974312893,-409363.326402724
T42,-1947457.3577994376,-254374.89084513058
7CA9,-1925498.1660654852,-464494.96654953674
3CL0,-1842969.3807975287,-476379.788705264
61CN,-1844546.4951733416,-470951.67929053074
6CN6,-1842344.584105348,-486391.54086660774
SMF,-1850472.0747063856,-458086.04301328777
1CL6,-1836625.9111490615,-478905.41338170005
MHR,-1829740.1382040943,-479849.813941945
SAC,-1847259.1699693524,-480096.68960941123
MCC,-1835372.0443008733,-465351.84529010695
CL39,-1931112.115446922,-452924.4090547367
CA87,-1624609.5334011456,-1121573.7542189711
SEE,-1581968.7622441559,-1193154.7989842794
CL76,-1599706.1251981372,-1201008.456722006
CN17,-1598953.8663727976,-1192812.0884628454
CA84,-1605874.9107161034,-1181065.7348841575
MYF,-1597494.1558318546,-1191179.674631128
8CA9,-1595494.2281351376,-1202415.1515132508
CL97,-1600687.4888061408,-1197833.8263842913
CA47,-1600470.6855814718,-1201949.7490767483
2CN7,-1601082.24623363,-1181316.5955427794
CL36,-1599089.9998513411,-1192702.6119827433
SAN,-1603701.5452417962,-1199220.2306533586
NKX,-1596791.2662107013,-1185337.0793221998
20CN,-1601080.0824862188,-1197426.1076322538
NZY,-1606548.2557784333,-1202644.2426821776
SDM,-1587600.9694944867,-1220783.3171005629
1CL0,-1631418.1164635026,-1037690.4956860148
3CA8,-1687093.843638411,-1005524.834479267
47CL,-1687569.2818699717,-1001679.4684951236
16CA,-1953266.6051416253,-543022.5865331163
CA26,-1943755.2604351703,-539278.9545241246
CA27,-1943793.653107196,-533364.2449429448
CN02,-1952144.9782898698,-535953.5054674945
SFO,-1945640.7538789266,-556902.5127197708
CA31,-1727600.4626487917,-715656.6245595063
CA52,-1682182.6754023484,-1069064.2782668283
CA35,-1946821.7175924142,-510329.72664132883
5CA3,-1946015.231037529,-518646.6273366078
CL58,-1643478.8492641938,-1077637.0986437476
6CL7,-1645841.8759768852,-1075203.8783934433
1CN1,-1641657.1459183146,-1075276.8100327335
87CN,-1642490.9515733903,-1078165.7066893259
SNA,-1646508.559850192,-1083248.598617272
SBA,-1807082.5668300025,-960991.5699223797
CA39,-1938688.0996390895,-464047.61981203966
STS,-1957301.4738032822,-450031.44673284335
IZA,-1823644.0764986607,-936267.1307860779
0CA4,-1822381.7774580433,-934809.7220849714
0CA5,-1555045.4217928334,-1162681.520821314
25CA,-1558663.2725318694,-1157864.984346639
CL78,-1682234.2704674609,-973969.9867485411
JMC,-1950012.4223417693,-525508.3182471375
22CA,-1950033.6399025833,-525343.0619511376
0Q3,-1935091.4269210831,-489553.29564101645
0Q4,-1740069.8739149366,-730028.5058165321
CA41,-1738534.2156063218,-730136.4868113089
0Q9,-1932889.2970524481,-486273.3804533422
CL85,-1937478.8953563191,-496521.45176527795
CN06,-1937096.234723421,-496997.95207485335
1CA3,-1635019.044333951,-1098697.307984534
TVL,-1712190.782092473,-470932.34398306353
CA43,-1711881.4848127773,-469006.51168544637
CA44,-1675836.2631884976,-794528.198763646
SCK,-1842312.0662938675,-552966.2700753498
CL52,-1846193.4285041052,-552700.6199120178
L17,-1754705.5063497794,-891544.8706573854
TSP,-1666536.3187465072,-912598.336040041
L94,-1665846.3595056394,-916623.1916837299
37CA,-1577668.527845117,-1116852.8882271622
CN35,-1575076.5509209384,-1118207.992394114
18CA,-1857341.9367781673,-818816.9475035979
2CL3,-1792933.3495025528,-131758.2529025228
CA51,-2003011.7446519758,-414052.0194667084
1CA9,-1727425.3049522946,-1018849.2518846025
CL82,-1726483.434748315,-1004982.854821702
6CA4,-1721349.4657807066,-1001584.1713854608
2CA0,-1671445.7327881507,-756980.7210045445
O81,-1743864.7012372368,-116308.28996039834
O15,-1807053.5215332755,-609504.4649045994
CA58,-1818391.7029561053,-603298.1626239384
9CL0,-1819876.2486752642,-607741.6695124168
2CA2,-1472273.525136429,-1063482.029861161
2CA3,-1467755.2166757523,-1064664.9764438984
TNP,-1463611.1850394176,-1068674.4603659767
NXP,-1480056.3955877407,-1046883.4475214026
UKI,-1971589.8309351795,-374075.38600138994
39CN,-1970904.4365660415,-371114.1985963597
CCB,-1621163.4349589313,-1039093.637278534
38CL,-1846575.8599446593,-452342.3777045647
VCV,-1583851.3244104395,-991960.3025219925
CA61,-1577831.1411292895,-1006740.4349607993
69CA,-1577181.606602335,-1001055.2484379297
8CA0,-1573704.686904938,-995404.2246684472
CA60,-1849413.017358811,-312832.81035008584
VIS,-1723377.4706720836,-764115.5759477402
CA83,-1713790.5506788965,-752107.0061391253
D86,-1713910.1053016947,-751539.3764043318
CA63,-1909467.5985860748,-532783.3586196414
9CL9,-1858643.4522687846,-511354.0314875548
CL35,-1545416.526227908,-1148588.6380143317
L19,-1736244.9949394853,-841141.1781371376
95CA,-1839654.9123465826,-810272.1156361186
31CL,-1656704.7590476822,-1047380.1427463327
2CL8,-1591020.7405590324,-1104393.9415375395
CN12,-1882458.4610883088,-395048.1071034981
4CL3,-1901295.0338298143,-391805.08699275355
O28,-1976080.2629498867,-334766.9454171483
WLW,-1879635.5613112228,-354897.79928876687
26CA,-1822638.1173649952,-496584.8609750532
3CN7,-1828092.3378680216,-500662.2870541836
O42,-1696652.7392978615,-761226.8113586439
O41,-1874478.6212027865,-454078.40793077287
CL83,-1870709.3723639685,-456016.3416327928
9CA7,-1717226.445800704,-713606.3016228516
CA32,-1791344.0982260979,-717206.9630325047
CA33,-1916645.885757913,-600321.6382156092
88CA,-1908060.7647763,-597069.7786938302
RHV,-1906396.4483182929,-600831.2426278659
SJC,-1914820.4720456954,-595055.2286396603
SBP,-1858506.2500064007,-855198.2602609497
4CL6,-1591621.1025654355,-1155368.221872042
E16,-1894105.9070677646,-633220.0525154062
NSI,-1799792.0743899595,-1098475.6203721329
6CA3,-1681742.0349757702,-1067268.7833684236
CA97,-1817542.0414509051,-1005035.142669701
CA98,-1832831.9407115732,-958807.2023887361
3CN2,-1796545.3418483213,-963107.6414977937
CL86,-1917931.1553573005,-591600.6231833851
CL77,-1939607.128518619,-622182.2296642299
CA37,-1929408.2648994722,-634223.1124634173
5CL1,-1844086.496093549,-839569.751857518
1CL8,-1845157.8831268018,-891507.3427308126
SMX,-1850484.219653955,-895990.2652388277
SMO,-1691909.1411571647,-1034584.4641485928
SZP,-1739342.676925273,-986031.0614868045
CL51,-1949896.2815730392,-459835.33598343
MIT,-1724639.5708022933,-856735.3279057574
0CA9,-1823139.3899493122,-822933.0236638387
CL79,-1697693.2632109816,-678641.59568402
CL93,-1694733.7874393389,-674006.4477774572
0Q5,-2015724.172048659,-255371.6576021781
CL80,-1688641.8453446897,-1018884.6997936886
L61,-1457395.1348754484,-861740.9973872704
O79,-1724494.968414184,-388578.62671269116
53CA,-1704418.3184754897,-1001441.4758466765
34CN,-1780553.6304386333,-611676.1561252128
3CA9,-1888270.7725859017,-717776.1586326964
CA56,-1891582.4792641818,-704788.3062612091
8CL4,-1849345.7945802931,-533384.9561892027
6CL8,-1841215.5218051097,-546732.0209665591
12CL,-1766913.1784937584,-772213.0981706141
36CA,-1779348.8661247082,-772049.8955418558
CA49,-1765033.7766005467,-767248.5949162164
92CA,-1771160.7460359393,-775325.422856855
CA05,-1763693.1342594286,-772612.4706192723
1Q1,-1697215.6250373786,-788163.7738259832
CL81,-1671383.285233272,-1007950.8199879125
SVE,-1721678.7651302093,-297593.5948611162
99CN,-1724608.857375996,-289695.2083375239
1Q2,-1730303.0056765021,-263610.48269701283
CA64,-1684636.6778133768,-1000747.8419853038
TOA,-1686402.2568971587,-1060014.3571738198
1Q4,-1853284.865214346,-575117.0389194577
TCY,-1864869.6268775128,-570761.4400051548
O86,-1876090.3430289193,-185084.48889361034
L72,-1553779.9414594085,-859837.0525691105
TRK,-1713424.392778904,-421523.59753494593
64CA,-1718354.4890029149,-419818.7127639173
65CA,-1721387.7386092602,-780133.8973816102
TLR,-1721397.9594705354,-783158.0413090197
99CA,-1616734.9522274304,-1041046.4936123841
1Q5,-1941929.3917561523,-344795.5415490936
VCB,-1890002.9128833567,-484128.9827698995
CL96,-1889790.1330606062,-486843.2257618986
CA57,-1894848.3943926475,-473515.0990736783
81L,-1696385.9854317866,-982522.767525243
CL22,-1692220.6388739555,-988913.3023218237
2CA4,-1584458.7520833141,-1143596.5996960506
CL47,-1573673.8678457306,-1148621.4156333094
VNY,-1691194.2977652273,-1012628.3244645789
CA23,-1674864.3449713013,-1036174.9670173535
CA72,-1758623.374061528,-989822.5203934123
WVI,-1914423.9757754148,-644642.7899813349
CA65,-1919716.3274680541,-639198.120179427
CL99,-1914963.552379545,-645717.3868152115
CA66,-1919770.8773189408,-646633.7189714517
O54,-1901345.3395802358,-205276.60676178828
O46,-1842430.8103356336,-136636.28914685707
3CA5,-1684336.0416484382,-1028429.6326315473
CA67,-1848528.2695758697,-591371.2151930812
0CA2,-1691611.0072351766,-1030786.5547086486
48CA,-1656989.3747651307,-1073054.2821000908
96CA,-1701764.763857764,-1013851.476619018
CN23,-1513238.669861451,-964883.4650606656
06CA,-1529076.8182749006,-972200.7871919996
O52,-1840065.9445108469,-411266.10897931224
CA73,-1850013.2454032656,-411812.9627622296
L22,-1505325.0333639903,-1060775.423812206
6CA5,-1516909.8107956068,-1034975.2879040138
2CA8,-1518061.6205220467,-1025297.015488035
8CA6,-1506026.2793997654,-1061196.4813098686
45CL,-1957629.522201236,-259352.7936397982
CA82,-1606444.8188484234,-1164233.18625467
CO25,-319696.9653390769,-604596.9963561774
AKO,-273858.65313991834,-530953.0353443502
ALS,-518650.9685600851,-822392.857901006
CO14,-500942.4423171878,-825081.4551400217
2CO2,-496115.598493412,-819189.8732455437
ASE,-591514.9762574509,-617759.1488325241
CO03,-594962.881262513,-613222.1489566477
78CO,-590864.9939398041,-622794.680242714
CO50,-589284.3895793324,-621506.6723422937
BKF,-406646.4630114823,-577271.6052276182
CO05,-412876.19365922274,-574064.830383101
34CO,-404892.4732051958,-575745.3393159386
2CD8,-413550.2711608067,-572337.2427830142
17CO,-426953.8957710209,-512556.3849775237
CO22,-213214.48330698724,-632687.9711939099
CO07,-467048.1338769876,-556572.4704103009
05V,-490917.4019831208,-826958.5091871774
BDU,-444904.1027768427,-537377.1834608582
CD00,-456157.1634947512,-535068.8817242554
CO10,-445014.9099028166,-542343.5300375671
67CO,-407151.65740106656,-491551.90395232633
9CO5,-212112.2303623386,-710767.2047235044
CD16,-345603.5319415574,-878711.8101295289
CO17,-358872.4610093146,-578535.3906949211
5CO4,-363790.5880053387,-579798.9777669457
CD17,-352051.3190008052,-557214.011038955
5V4,-370974.44171816175,-651924.3812382617
CD26,-377194.9280333064,-652247.0374799018
CD23,-373275.1467281071,-635116.5581876395
1V6,-445188.5356062844,-716675.8987466517
CO19,-488568.1105461401,-715858.1351270507
CO63,-462514.9103013493,-708043.6551099132
8CO3,-460599.2023921522,-712895.2544455458
4CO0,-615057.3335456118,-597135.6718976643
2CD7,-612246.9468858094,-588428.8351351172
CO67,-415009.8995490908,-458435.8848246557
77CO,-411429.51155337796,-658837.4078915478
68CO,-408322.5687953659,-662008.5148797866
COS,-407608.2995632326,-676916.7449861787
CO24,-417759.8038225006,-669639.488655997
FLY,-395485.0077254076,-662356.7084720707
AFF,-416917.9305787568,-657738.4831202582
CEZ,-763142.5224866576,-815889.088143118
CD33,-752475.8937066911,-822903.7915875383
CO27,-764598.1080524868,-797335.9767765384
1CO9,-757799.9075263162,-809739.9740999292
CD01,-490082.24461782223,-717147.2709550433
0CD0,-697613.5815827334,-661413.9017186011
5CO3,-699332.4107912697,-665880.4606590064
3CO0,-694043.7765830549,-662610.503363562
D17,-706140.7422290923,-659087.3978684589
CO30,-426773.2717535228,-576501.6948410674
CO40,-427034.3276121607,-571507.1805238257
69CO,-426004.6223627896,-579551.693990624
2CO4,-424809.9931513287,-571080.4375086818
CO31,-421910.6778498519,-572919.0777640544
9CO0,-426949.3442643467,-572099.8779055252
CO01,-418654.2921583907,-566456.6425622636
CO88,-426246.8624693527,-573966.8132804389
0CD4,-415449.6196633209,-527268.6156446196
CD11,-697436.1623571899,-829235.1021943572
CO46,-693243.2928888687,-830249.507112772
00C,-697241.3008049992,-833547.0351439293
9V7,-244988.08359908746,-721011.6448742826
EGE,-591915.5806713243,-570781.3448486088
CO48,-393256.63419533416,-487786.3407971543
6CO0,-693864.6927314394,-649754.547123718
CD36,-774942.2869306664,-749820.8904655731
CO15,-399882.12572754733,-630749.2005433151
4CO7,-403396.43412063963,-631319.4654198968
66CO,-392360.0876004115,-646057.0803110041
CO39,-385316.26445164677,-631081.7798763635
EIK,-429961.0003335826,-541548.1295430779
7CO0,-427728.3317083749,-534956.9055783474
3CO8,-467110.93196298287,-498953.43631812267
CO52,-454558.108894849,-587548.0698443275
70CO,-462102.14386782213,-580657.3838544842
CD38,-524402.5975826423,-623619.3351830115
CO54,-400776.2211011493,-657551.6237268953
CO58,-421411.464112357,-531424.59677877
CO57,-421128.4025229833,-530673.3659813036
CO00,-264158.7877360059,-630896.8116644371
FCS,-413195.146869223,-690785.2085899956
CO55,-434199.7056233723,-475920.42960331775
CD07,-426845.9642708392,-479250.1618085173
CO96,-407877.3636941012,-613939.0946209827
CO68,-423527.9904951517,-529501.6867422874
91CO,-522084.6735063768,-583195.5837865607
63CO,-774789.408975734,-657922.2171487153
CO43,-751944.0919435122,-627124.9286965138
CO62,-422642.9977039123,-575914.3920261146
GWS,-626732.1617614464,-583043.9364863335
CD42,-624330.1217899519,-580207.4566658594
CD41,-633812.5119304317,-590527.0117872836
60CO,-627622.4442074106,-579944.643034184
1CO0,-413541.1762163503,-578382.0333900782
5CO1,-680403.7595549554,-653215.4602722017
4CO9,-586093.5964810721,-571171.6750880214
76CO,-377700.8650280225,-563956.1885185372
CD09,-376677.7280592994,-565803.6245358449
CD14,-379020.04909736797,-564658.335496458
CO02,-387113.1272456815,-586383.6969776748
96CO,-375354.08560000325,-561787.0993646459
86CO,-436220.8656669397,-507383.04582218657
6CO6,-436281.48309962446,-507568.2875541105
CD25,-500034.2671722717,-563752.6835498336
CD39,-435815.2401110012,-512818.9815869081
06CO,-326648.85542436445,-838655.5185831807
CO75,-517781.2970195139,-595504.2798774866
8CO2,-354932.23350691964,-472219.72629161266
CO12,-400895.00260233716,-546253.7281717339
22CD,-406360.9978314961,-547871.7014469459
22CO,-382406.3726422888,-550099.6134813302
2CO8,-309823.6169695022,-520497.3370954645
7V5,-303488.2674368868,-519867.7046830413
AEJ,-530426.924489007,-667985.8661678825
ITR,-196987.78886641405,-637225.8042824125
23CD,-199960.64383668388,-630816.8708560099
5CO5,-414846.07479557465,-468654.0683951373
4CO8,-414521.3629205619,-620760.1310787502
CD24,-430637.1383840963,-614734.2200453666
84CO,-416535.39238221047,-616491.1742329076
50CO,-419782.55728982174,-609414.4226725391
CO20,-676881.4880368782,-650292.3519278291
6CO2,-687646.8011642225,-638254.0343462756
1V8,-531828.7880241162,-782516.0935977055
5CO0,-199350.97423327528,-683020.696908784
CD29,-666110.9610840216,-697340.215169763
CD30,-647485.6393909123,-704980.7024007104
31CD,-420922.8992710249,-780277.7244708902
19CO,-415954.87824297685,-672596.7143746914
54CO,-640023.4494691142,-468716.5982737425
CO21,-637943.6129366702,-468357.2237077973
CAG,-635372.7570772088,-471825.5289898972
99V,-663071.8990081697,-669254.5902523777
C24,-608966.033268805,-772364.1330278984
0CO2,-600300.5727620646,-658283.8347268687
CD13,-319111.14764405886,-566926.3957461255
RCV,-559161.9432957633,-788405.6651495611
1CD5,-560421.887446372,-792625.8291071927
CO89,-696997.6663637721,-658384.9181938324
AJZ,-698401.9957146103,-656814.2277670684
CD34,-707339.2168992091,-654332.7363365678
CO34,-424783.7616852176,-571087.8875767835
CO35,-426906.9359172999,-573141.874898622
CO37,-425034.9627168062,-571239.48783556
BJC,-436503.1847526254,-552441.6413347899
APA,-415778.0541552084,-591394.805067597
DEN,-398957.8437938119,-559911.2634607605
CFO,-387850.22377648426,-569151.6843402168
CD18,-517969.93645640346,-555340.2813341732
8V6,-781020.8859667142,-762423.9849111685
CD35,-760504.0431894383,-782992.611094669
DRO,-687542.424330705,-840215.2971094967
56CO,-697123.1041402946,-833571.592859479
8CO9,-394123.37439079897,-617742.8392308499
55CO,-395618.82074213953,-615663.6066528638
CO42,-391195.49893414637,-618985.7449588366
3CO7,-392927.39769235835,-619137.8406648557
9CO6,-393804.8945804542,-624781.3950551467
CD45,-393579.97383415664,-620120.5527651092
2CD6,-390906.52438683517,-612309.9387915112
CO4,-382029.1727404534,-670705.7473202333
CO90,-373201.3782311081,-684028.7202719939
CO51,-499781.9065567904,-563894.3392791189
CD37,-492414.5042028917,-561564.1887377244
15CO,-426483.05351623066,-581341.5302377081
CD06,-413420.7211455846,-588814.9261510579
0CO7,-425518.41307453945,-477755.9517550302
2CO0,-589407.289169953,-466012.03143453324
CO53,-421102.61458801205,-472548.9257617523
65CO,-419785.10114659864,-485309.65043770336
FNL,-423990.9458108101,-492741.18280130473
CD46,-426161.4705279127,-477098.6892543368
CO92,-477747.5968974726,-821900.8798646363
FMM,-322522.865988673,-511110.46375293954
0CD1,-322158.2691859883,-519451.68173818203
CO80,-354583.53144973796,-761246.840330651
CD40,-400304.1705130216,-607940.0081758794
20CO,-445143.6376009999,-571293.9474549721
GNB,-503194.85939013783,-527798.626033192
GJT,-734773.7743405993,-615640.5502269851
82CO,-740054.0572944185,-617779.0015208083
2CO9,-734075.5616533497,-621226.616822448
29CO,-738316.7055953392,-618810.31885918
CD43,-541052.3581210892,-636895.5284224533
GXY,-392127.5368847994,-496206.49540213175
98CO,-398826.1047683122,-498339.92291151016
11V,-390766.7157803277,-508534.69112192
CO44,-417994.686180601,-590722.6539842148
30CO,-463507.7448613853,-688376.1788778652
CD71,-479442.8087629224,-692673.9391169879
CD12,-602185.3822709823,-691580.154587187
GUC,-602974.1659594608,-693475.1482176824
CO47,-597268.146901311,-575102.4493763337
CO73,-194288.72844288615,-764203.9518692343
25CD,-493350.2226022901,-632965.1502150414
17V,-220175.62054356802,-482943.3204631867
HDN,-609905.1545202036,-475672.5575641322
CD44,-720611.9330696771,-814922.3275559802
92CO,-490032.8302609887,-729025.0078762945
K08,-185656.97313550874,-771632.8173958801
HEQ,-192036.15414437975,-489891.1060915147
CO76,-680972.6175524599,-652820.3241844068
8CO5,-683273.7377259062,-652880.6421931937
CO60,-376912.91640661424,-533673.097059203
9CO7,-388181.74973998143,-508198.76787626813
83CO,-509917.2992785974,-581376.3395945752
CO36,-384171.87224512233,-618347.4531209928
CO18,-365700.6483792308,-605957.7487937909
07CO,-381330.8627577697,-627429.6871436465
9CO8,-374034.1096454902,-626069.9029042147
0CO5,-379998.29865945387,-623094.4446431624
CO84,-217815.31431924796,-595970.2145805124
20V,-541875.7281943052,-529002.8964880689
CO74,-549360.0347451202,-534070.1867229651
0CD6,-433561.7733980087,-545715.1417373068
01CO,-542748.1444432989,-619062.7917955513
LIC,-315772.35381251236,-629383.8310490393
2CD9,-433215.4825082571,-466603.8332058705
CO16,-427523.91351796774,-590075.2140270799
9CO1,-442660.3889277719,-591330.9210309553
2CO6,-443075.90263953275,-587871.9641719905
CO93,-421321.63845260884,-626699.91248059785
CD53,-417830.0642083956,-595930.0645495019
LMO,-438767.6641887,-523839.58489267493
0CO0,-435354.33047585364,-522133.6097059044
1CD0,-425257.55231047556,-527077.4640344225
CO23,-445375.3305430882,-529492.8842353607
0CD9,-436240.73199139826,-586512.4664009176
2CO3,-412765.09369599825,-501969.1903218394
MVI,-533655.6216305628,-810904.743203667
02CO,-532893.5823270151,-798201.4036458315
0CO9,-531633.380889629,-796622.7339711887
MTJ,-686655.9669476862,-688739.660562748
39CO,-667793.7172856712,-692938.0750964849
6CO8,-685279.6364291979,-693749.7243593478
CD47,-684694.2834685133,-692221.0347556698
2CD5,-695969.7416249545,-716481.0364127238
52CO,-401760.9084570475,-643434.8420547203
61CO,-423369.353672459,-644848.1867568287
1CD1,-410269.9411218606,-467007.8656877337
5CO8,-580116.6137357113,-493822.2904164756
CD80,-585392.0865713271,-505438.85543841706
1CO4,-691612.9778175602,-680989.0727364182
37CO,-694859.5087320812,-681543.6500777262
94CO,-673985.0223771257,-737372.9088147341
PSO,-624687.8655270321,-830770.0347373688
1CO6,-708976.511040916,-621712.5426224443
7V2,-662038.6665078135,-655157.9350860744
16CO,-693367.755463126,-588416.646890083
CD56,-695274.3124796388,-586631.1173287932
CD31,-409118.8039901955,-594292.7260566228
1CO8,-399523.7950600726,-597063.5727480905
CD57,-524119.69189270056,-521444.95990189497
PUB,-392957.63643571694,-735106.1546504626
7CO8,-413464.7190620984,-725807.6872409992
35CO,-329981.06643207866,-672416.4302727039
CD63,-759907.8637989295,-501679.4739621884
CD62,-766005.5983431514,-560692.4334990425
18CO,-748202.5731564153,-507247.16714299505
4V0,-744308.4372413085,-505894.6416561331
25CO,-473590.0621208974,-444995.6804028448
CD65,-705568.9913107541,-779181.3150180842
RIL,-662326.1709835471,-577505.1704047623
CO85,-666031.8575156414,-576344.2986739255
CD66,-679582.1138792641,-556502.9911834423
1CO5,-324485.7939083831,-769002.5387394928
CD68,-673765.6105746281,-769158.649869287
7CO9,-665209.3451328559,-764054.0226558935
CD15,-355175.4005909306,-625131.223058519
CD10,-577402.7362273807,-791313.8309324788
CD69,-574190.8593380301,-784294.372253368
8V7,-231491.62988432203,-834332.5816587675
SBS,-579988.986683708,-474317.7694689265
CD99,-578321.1620737896,-492078.4725316221
CD70,-569414.0365882566,-482586.65916686744
81CO,-577174.3741565613,-486842.55918407755
1CD4,-586513.5582105106,-474543.65071979724
13CO,-577800.7942053814,-470115.1505341468
CD22,-425659.1772568025,-558168.2211136702
CD72,-686840.8796468303,-818144.2517450344
TAD,-384787.492868071,-850120.7521437595
CO64,-398190.8663262498,-857382.9547237975
0CD5,-366182.59518236597,-825342.4623201451
53CO,-211245.11857571662,-824463.9182746887
CD74,-546706.5792517086,-577327.8278132835
3CO9,-446421.9503781369,-684993.6932869555
33V,-527973.899427795,-452351.0251365396
CD81,-524420.9256150692,-486118.0534074275
24CD,-511689.68861113465,-473916.793175226
4V1,-421525.0821712859,-799505.5901297774
CD48,-404181.89383039065,-790487.6704449692
44CO,-674667.7023442684,-653385.0091577215
3CO1,-678051.2467625157,-651763.4845072925
CD97,-673361.2255576848,-656979.0524835642
12CO,-676607.8668253485,-653333.7799129997
18V,-399896.465015894,-533026.0441764102
CO78,-299895.63788781984,-645182.0679064628
CD19,-471036.5354063349,-574500.3213475137
CD28,-451097.3785902984,-581025.2184369965
9CO4,-451107.4445038028,-581826.0086719631
CO81,-417211.723212864,-505476.8048114349
7CO7,-408726.1336357141,-506008.58922510187
7V8,-194431.88578000863,-445262.96977172326
CO56,-380451.87078713987,-549527.0520164472
CO82,-390439.48784835776,-534326.2860796328
0CD7,-432026.2642560112,-542037.2198733599
LHX,-307733.64172796125,-765868.4517133165
8CO6,-311579.44097306003,-773839.3073903715
CD32,-645002.1609017685,-759576.1340110773
93CO,-485148.40490399883,-647734.5107550242
42CO,-438681.2312058799,-573786.3133376659
LAA,-235687.36394384166,-766353.6593303985
CD03,-225135.73402149676,-752322.1336512903
0CD8,-228770.44411843934,-766398.5755845029
7V9,-283944.45684353134,-766382.3442081792
07V,-442328.09782608045,-817491.4213281912
LXV,-544125.4784092226,-621798.7276453781
0CO1,-436255.19849136623,-538592.1756834278
CO45,-439118.0276536254,-547419.9830257721
CD20,-441484.34914525086,-489077.3064913672
5CO2,-427614.7800511023,-496924.2386863158
2CD2,-422928.8879163707,-496716.74092536076
10CO,-762173.6301885736,-596364.650466352
CD49,-334680.8613808626,-639404.7655746165
05CO,-423237.3310568406,-519159.5017606831
45CO,-422543.9489919739,-520252.93938246253
EEO,-670555.4405584203,-518399.54073074344
CD50,-667957.3070949713,-507345.34088535164
4CO5,-669947.3966908935,-519289.29696505907
41CO,-648027.4676644155,-529195.3329179542
9CO9,-701802.2402960157,-618108.8639528687
1CO1,-446831.88205338165,-578481.475368224
CD52,-537807.0319704345,-675116.7761761596
38CO,-748777.1510468357,-715089.8724166519
CO06,-330754.81558637635,-490903.456093452
47CO,-406194.515323881,-443895.1315298562
8CO7,-439796.40666628507,-528441.8716182597
85CO,-438942.92351345695,-529608.8936702615
CD55,-724656.6814746874,-730794.6380391351
CD54,-713906.5336541807,-709527.1747159376
1CO2,-728925.0208718277,-723388.5835725182
0CO6,-717266.7558436522,-718190.9884226942
AIB,-747466.8465896194,-712954.278574905
1CO3,-404381.45395575644,-465808.66047492047
48CO,-402612.90390549746,-463962.7598682989
32CO,-443018.1127063824,-713835.9745587034
36CO,-392298.8569846906,-644359.4725538844
2CD3,-382557.8252402085,-643399.5355620874
CD59,-705162.2598393458,-742015.3588772308
1CD2,-407280.054700119,-525421.5739561553
CO71,-403143.6927228193,-735601.8116397137
99CO,-421513.00692687795,-750589.1717311508
4CD0,-410536.5373923655,-729777.3241193381
87CD,-417693.1204629397,-767089.6147300064
2CO7,-404322.0369751203,-740746.9094445859
46CO,-387679.10985474323,-756509.5821213705
80CO,-411491.01344823034,-749490.2709483446
49CO,-372252.7483942651,-535590.6487564427
74CO,-358406.01986533264,-541440.5122342556
23CO,-345838.54216293583,-675913.440175553
08CO,-350855.47924941074,-688056.9178309933
7CO6,-355921.23006527574,-684717.1641592307
CO33,-358410.1905707249,-675818.2380895198
95CO,-424962.85450914816,-780185.6809672982
04V,-540597.9541109316,-746855.1135019385
ANK,-526299.3901041013,-699023.785557726
1CO7,-521303.32097003603,-697925.605333694
CO11,-528068.1400979735,-712501.8777903051
6CO9,-522822.86796453403,-698656.1784357411
33CO,-485467.7540704524,-865818.7745201209
STK,-275601.72883514327,-482100.2664372375
3CO2,-281411.15318648744,-481513.73908398947
3CO3,-271975.19313361705,-482543.7452734984
3CO4,-445949.24987556314,-867640.8486913632
CO38,-368873.4339758112,-574283.2248274443
CO97,-369878.086305802,-577166.0932691955
09CO,-320284.7619402053,-764711.7895719965
CD21,-476236.2948271794,-645582.8052679386
TEX,-693398.9376740279,-750159.5002633883
CO72,-688285.5146088277,-752185.161913155
8CO1,-480901.0754502118,-708918.0397774405
3CO5,-486958.074559868,-716120.6739886776
73CO,-409026.9485101774,-793641.0882549714
4CO3,-201765.44055130772,-842643.8496752647
4CO1,-438245.94841336214,-597882.4669023126
9CO2,-383073.40747891885,-579215.4533083835
4CO2,-419490.8477275038,-453713.3939364683
6CO1,-413967.17993062956,-456644.09594303905
CO65,-480331.0147778237,-756727.2664172144
C08,-471248.41100846755,-761246.4831129515
4CO4,-428362.32578281715,-559444.9920197484
CD04,-431678.0189166986,-562535.0668157215
4CO6,-435342.8008444158,-568424.4695922026
CD75,-733583.5239483124,-640521.2507631528
8CO0,-339121.506931042,-519930.0183870932
CD77,-579439.8109540341,-564406.2345364543
CD78,-683645.1236318611,-781258.4877298598
CD79,-425237.9239074823,-655928.9958081195
2V5,-190726.59612781098,-542062.3261491997
5CO9,-190310.8596404837,-544741.621758069
31CO,-185322.28390661615,-550977.0901859197
88CO,-368032.6345784916,-670116.2716371382
0CD2,-368035.38110043673,-696095.3230440137
2V6,-230974.70814621166,-540266.6635620364
8CO8,-232141.85842290582,-539938.2420128114
8CD0,-232891.87957401926,-538484.0055253605
34CD,-462203.2844130918,-511385.32902806683
CO29,-694559.9383848846,-590861.490856943
CT01,2178742.044789298,-8854.88350083681
5CT5,2177812.150337794,-13212.950544192372
CT05,2209673.439138761,25327.217712554993
CT36,2259142.3128572507,7442.140852357585
BDR,2201143.82399036,-60942.89873322348
0CT7,2197107.041591197,-59376.97953584954
CT12,2193939.41081515,-58944.33047227205
CT37,2195070.5092850877,-63337.842024612815
CT96,2194140.994554431,1535.9019153355875
CT03,2197982.5637921244,-952.263874614983
CT60,2201518.382483101,152.9571412337924
23CT,2194498.950339303,10897.334902404453
SNC,2241733.6886583758,-20421.823563448856
CT14,2215951.5275196405,28117.233157735423
7B9,2226099.8635551278,38743.86388298722
CT15,2223807.2134502116,40310.46092438312
02CT,2227281.483246607,38475.36973120656
CT23,2214121.0377391637,36227.335187846445
CT27,2216895.6814693655,44849.5634028919
CT87,2212032.9697631965,42454.2520914767
CT16,2252230.5175884985,-17704.060164866587
CT41,2189174.0471383897,-58673.64214396237
CT71,2207211.3248825483,6185.009966309293
CT75,2207044.4466007655,9029.347737754151
CT02,2228042.51469348,5602.466647401991
CT38,2223654.1271560392,12404.629029872794
CT78,2254585.365095177,-19683.87517057394
CT20,2239650.5921771093,4695.079743084612
9B8,2239298.2524404265,3307.352829697803
14CT,2279379.5121293077,5219.096432967737
MMK,2212169.2155726263,-15957.682282322918
CT95,2212848.1233710367,-12782.729344449279
CT25,2187677.143347832,-18721.662634738266
CT98,2224748.2729164944,-6012.259470910771
0CT6,2218741.239416167,-3135.1268782952884
CT46,2206044.4839363564,-50779.190491118774
CT48,2284800.833465294,1444.6880711916922
69CT,2283796.561411286,-12923.058358462484
5CT1,2196035.3286771076,-21637.675580688003
9CT1,2178135.305150116,-71123.76489407096
CT93,2268163.781420224,8047.989795262706
5CT7,2260919.811715034,-23290.528695452518
OXC,2189480.7716531595,-27507.685756490948
4B8,2203061.4360517897,2385.2096104512384
31CT,2269298.017308937,45899.49325154986
CT92,2225856.254140309,2502.9437283234492
C44,2255946.1136512696,53131.798237030394
CT28,2220957.632209145,5011.579505590386
CT59,2177063.7725700247,-22869.408396742478
0CT0,2148639.0536077553,6356.058410167215
CT89,2196738.448309623,-49182.37667167826
4B9,2201799.5370331225,29008.809807903304
7B6,2216812.7034159517,35789.14216866071
CT66,2171437.178818572,-11314.859848345113
N41,2190921.016831202,-8526.717971723223
1CT3,2194438.1597296745,-16841.674762008803
IJD,2253966.5126433806,27059.682818215344
CT69,2253754.1598787736,24749.927130030395
0CT2,2251457.143121948,22895.48573714421
BDL,2208123.028463688,33971.4893617478
CT35,2207150.5044236183,32958.06428549265
08CT,2178114.61771319,18296.547993269214
CT62,2218488.9736867924,22204.533378249518
DCA,1959959.090984065,-409479.41835946374
JPN,1957718.859084482,-407391.6015920643
09W,1961959.2613638192,-406888.5023436984
2DE3,2066962.1523914272,-359931.5950576156
DE14,2086996.0695750623,-384153.4732397909
23DE,2053694.345842391,-327702.1452687341
DOV,2080792.2206786133,-340823.32878258673
33N,2067061.0408295803,-334604.3846517757
0N4,2076956.6580961999,-333468.9581043141
64DE,2075369.242021777,-340004.92640880094
DE02,2073142.4132271477,-334907.34286855883
DE24,2078119.76955339,-343768.81750401243
DE03,2074336.483942488,-336494.3506162597
0N5,2076991.9650644583,-339650.6911599901
D74,2077371.338937004,-374737.3027998529
DE26,2047223.9911167545,-285730.55047507683
DE21,2124370.6105165,-399144.5278099594
DE15,2077443.8356017205,-402497.03775503975
38N,2065805.4088604487,-325019.77363494737
DE20,2050450.7569616858,-321537.0205608526
DE34,2055950.6590454027,-315077.060258349
ILG,2052370.7764663214,-285145.4484982002
DE30,2056389.1182857242,-277226.99724004883
16DE,2053322.6585116023,-272851.38373384916
DE16,2053739.008879672,-272424.0525166018
CT74,2246373.821998134,49055.937772868725
01CT,2215882.666829293,-501.8000561892027
CT07,2250630.290848598,5474.095991936157
CT09,2235541.640071001,27470.518701716905
DXR,2166134.9150330843,-48245.09463525179
0CT8,2167852.1491437997,-43643.48654489646
LZD,2272693.583559366,42941.38699832655
CT39,2222990.295499325,-16951.470110372185
5CT6,2252347.3456729674,47491.5986280727
CT50,2206300.234333187,33784.76971618631
42B,2243413.9669033666,-12421.155263654373
CT86,2248613.331391889,-11958.05207492338
CT11,2252518.5655663535,-9363.786656877426
CT13,2276866.1833029217,52109.28444328166
CT85,2215213.1671503955,30609.079465657287
CT42,2165478.2327134334,8907.634690381843
GON,2279400.5416813483,-13304.60942723494
CT40,2210229.9962646402,-33199.31177300915
HFD,2218026.3632050925,13321.55462052892
CT06,2215298.6707362775,18596.23811821043
0CT9,2215134.3587773307,14431.401491408078
0CT5,2212825.809768785,16011.48395054857
CT73,2202221.6295952834,6124.366590029244
04CT,2186214.6669804542,4330.988517771125
CT19,2218203.046592303,41032.92121233006
CT43,2278630.440307109,18007.00194866977
24CT,2276853.6671197107,14144.126183099906
0CT3,2209993.5800108295,1509.4571871008195
HVN,2216260.1735947523,-43735.11061444258
1CT2,2211012.0056052743,-40717.17541329538
11N,2160893.3375365534,-26547.274381689975
6Y2,2161047.3677836726,-26648.454624673956
CT52,2181153.583861703,-43494.07653233049
CT24,2153926.981763034,27700.56662987
CT91,2177959.988817134,-70254.54056342017
CT56,2180298.1996537764,-75660.98616168609
1CT0,2182384.6604534937,-73427.72583430275
5CT4,2179861.4806831307,-74673.04037276328
CT53,2220680.174703071,48026.844850438865
5CT3,2227275.702612626,5595.311013803211
CT00,2218371.6315122377,24829.07125079807
64CT,2264984.861595433,52324.575575745126
5CT8,2173481.631675934,-84654.36487643991
CT10,2282321.4170027203,37217.08467339203
CT80,2291110.222117591,-6974.86419848439
JSD,2200446.9259868087,-51201.44512946764
N09,2182416.754112295,-731.8308946174532
05CT,2180621.8599561574,4600.036313306601
CT76,2196511.876836613,-53162.879588345495
0CT1,2218701.175847363,-16509.121454441247
DC08,1959467.635455686,-400597.21323403355
DC17,1959681.2236572565,-400677.10988188704
DC01,1958709.093690507,-403681.2298544652
DC03,1963239.2405072637,-406778.2133940569
DC52,1951484.2010111627,-401952.49588373606
DC16,1958180.2261902601,-402344.37014416856
IAD,1922328.2460675351,-409030.73296909296
HEF,1924153.2567705598,-434854.6703599651
DC04,1960651.979256407,-406617.9020404252
DC06,1954535.1574521665,-401354.14256110846
DC07,1963440.2294154847,-401053.2665951111
DC09,1954953.8296502074,-404027.9528200704
2DE2,2080534.0035005228,-373120.0596525442
28DE,2078825.2186211776,-355126.60665008775
DE00,2075053.7000030892,-355369.94446942926
DE32,2073214.2702672263,-361300.82593223604
GED,2103162.813017352,-385761.9802615871
DE17,2081986.814998912,-381722.0121250598
N06,2088266.9764390457,-407434.30522745196
DE09,2080840.6066705293,-348013.24060555897
1DE5,2047728.5854159654,-308068.37788515084
EVY,2047732.2849491204,-305079.07528201264
DE25,2110727.2166373716,-373047.8773598584
DE23,2101174.4804860973,-379024.6879014712
15N,2071488.0331485327,-345133.3507847059
FA62,1688810.2911428867,-1500595.4388118756
63FA,1684488.5145744649,-1522141.4449672985
63FD,1692193.6786815568,-1524635.4751484387
0FL4,1400647.3584481901,-1466358.6864815962
3FD9,1821007.162697193,-1615017.1123404463
0FA9,1818202.2652305628,-1615537.371481602
01FD,1819247.6959947331,-1614273.5614626291
50FD,1420683.996679279,-1483867.507082997
FD60,1428566.7249568694,-1474783.5785034392
87FL,1837191.4365106134,-1828914.786883651
AAF,1449871.1132191464,-1567555.9994620911
F47,1461917.9201256519,-1574749.2448166406
FL57,1806867.2720944874,-1622381.6459939368
X04,1798102.3667269547,-1614258.948296252
X06,1802371.1052782116,-1784188.5445546564
FD85,1800512.9169031344,-1780896.8040674871
26FD,1804109.591301093,-1800078.4662515575
0FA1,1796223.5974333792,-1773237.4149483321
FA64,1829208.0934937492,-1792095.6742716804
8FL1,1794791.405518238,-1785601.5911097138
0J8,1692041.5724483884,-1533552.5127231653
FL66,1694354.6334201603,-1540112.845619825
FA57,1692140.5813916055,-1543154.8305091544
FA66,1781938.4417681007,-1434578.9603443411
9FL5,1648746.3155360909,-1520378.303908927
6FL9,1656227.6775924126,-1532888.9162540825
37FL,1658232.558445535,-1529253.8952990787
86FD,1652447.210331995,-1525210.3033543774
X10,1926921.9049970526,-1813086.6028529527
FA69,1931353.0023539497,-1824565.7384164454
9FA2,1925270.6193005508,-1810570.950063495
0FL5,1825282.1674692063,-1636501.9557446262
2FA2,1741155.240162053,-1591199.0450195204
8FL3,1751029.6114282194,-1582990.705529775
8FL2,1742744.8140324692,-1592873.9955008456
FL58,1753045.2245044876,-1587840.5148982413
19FL,1753671.1776963715,-1592888.225543137
7FL0,1753599.7525636735,-1589104.9660588407
5FL2,1720715.7439803835,-1768790.2918087498
7FL9,1740547.1624918832,-1775117.5068670402
FL45,1726238.3833661259,-1766129.7109223304
FL78,1755721.6058804663,-1714650.7144287
5FL3,1744798.1071440137,-1713054.825555707
FD71,1638875.9908704178,-1495917.1126790412
2FD0,1647481.8593394987,-1502378.8225891485
FL02,1659399.2685923057,-1509725.8361605874
FD16,1650946.2338191886,-1502803.7820296846
BKV,1718586.194051858,-1657485.4296197894
X05,1717345.804532179,-1673891.1602881954
5FD7,1724494.1812028654,-1640670.9802825465
CDK,1649318.889863542,-1596968.6803818957
FA71,1657834.846150443,-1584693.4946132135
77FL,1809293.7264125263,-1654633.6138589296
FD89,1211075.5829078571,-1483008.5741606436
31FD,1451323.5337357442,-1457333.0554927269
73FD,1660608.5180621415,-1552229.7357861372
FA36,1659307.7193212514,-1552002.8938427249
79FL,1659010.8084974177,-1547817.668400226
51FL,1661829.9232867646,-1565058.260185984
6FD0,1658768.9035535885,-1546392.7951388399
80FL,1384010.8236327125,-1462357.8792983973
FD94,1378805.7365013175,-1468524.9727558952
6FD2,1846555.3682414328,-1608205.1686896519
9FD5,1731308.1215047012,-1551690.8830265882
COF,1900823.9592964419,-1644939.7516210831
XMR,1900206.8545146282,-1618694.7676570918
1FL8,1897065.3193903212,-1631493.5605850182
2FA6,1749761.5959137303,-1612869.7991973392
FD44,1781788.3042559398,-1536339.3275267868
2FA5,1783944.3084406822,-1530744.5978158067
FD56,1789913.100874546,-1532093.9903190236
16FD,1792517.4227106266,-1536491.9487997934
28FL,1783490.5202289077,-1534273.4192155912
11FD,1287968.365367039,-1481582.4751230644
FL81,1296290.9118176387,-1474997.5118003609
CEW,1291126.0916176264,-1476154.7214933992
FD03,1298884.2397807268,-1472216.0960365315
7FL6,1841815.5103156697,-1562412.1263992446
4FL6,1832731.4211608695,-1545893.612284608
FL44,1840511.8682497474,-1545619.191067584
29FL,1838654.2096507405,-1549375.2114438238
54J,1326773.2043769741,-1475785.2871985817
0FD9,1332192.5856267533,-1483756.009502297
69FD,1312949.6516009227,-1465287.9165789806
FL71,1329819.4776542147,-1515384.8819561782
0FD5,1307352.822786267,-1468937.6228572333
DED,1819478.9254796489,-1568867.8167863286
FL62,1809496.1288211036,-1584479.7749073287
FA04,1695517.5240201948,-1713923.6809466458
X35,1715186.0651614245,-1591773.3269404785
10FD,1713550.7091584532,-1598338.166938633
9FD8,1818787.5612414014,-1620663.0535439616
FD35,1360325.7314481721,-1497250.7918691507
5FL4,1784116.5497604583,-1493464.1351911474
X36,1753829.3820410254,-1817435.7944494016
1FD4,1839054.194186697,-1860950.9338919602
X55,1790829.7607316878,-1600458.3434164694
6FD6,1808451.0802159144,-1589647.3876490702
X01,1871619.993743946,-1921185.2726413002
9FL7,1906568.756403373,-1912610.591772137
FA09,1720670.2409634364,-1559102.7063506027
FXE,1984828.3750974925,-1856530.1427298326
FD62,1810199.0801104794,-1716506.6268109288
1FA9,1809346.130001962,-1716134.4083853657
FL90,1775951.3921847192,-1856411.791613659
47FD,1818956.7149553685,-1840714.1691832736
FD67,1809385.287455596,-1846581.0140480231
41FL,1813322.154171532,-1845067.4322999038
67FD,1813507.001396664,-1855301.0564975059
1FA3,1784671.1828496174,-1848475.3466012927
29FA,1809242.041177858,-1845906.9575136255
1FD3,1984385.498317856,-1811235.2169597454
FL16,1788109.2582556282,-1689765.4126426198
1FL0,1788267.2611065025,-1684648.4084970537
FA53,1785927.7189490916,-1692406.438757562
AVO,1824909.3342498287,-1734664.9154528747
FL01,1816414.543463854,-1733124.805368708
AGR,1841980.2849054094,-1724565.2156216307
18FD,1276256.8436522724,-1470066.8032567266
55FD,1274805.7453382225,-1474275.0252817608
BOW,1793506.5338833618,-1701636.0343130215
FD65,1789127.6987176118,-1709721.1289042495
1FL7,1788010.8456583393,-1705567.0099538488
FD79,1754264.7770295786,-1588915.7346794566
F95,1429257.009512505,-1485878.456912282
5FD6,1769633.9758264674,-1842081.7009345978
BCT,1987336.8605434939,-1835433.2382844316
58FL,1978394.8864981649,-1833299.5269855047
3FD8,1978729.2877953856,-1839936.5664611582
BCR,1377282.1233467401,-1454751.8396396884
FA55,1362536.3606624436,-1464435.1185517858
7FD5,1370953.9945853204,-1465090.2826224542
FA44,1973435.8530269503,-1819443.3245318155
88FD,1988396.3712909578,-1820824.3433058418
FL47,1975411.7670192902,-1821120.8764579194
1FD8,1814319.2207466434,-1524421.757411846
5FD4,1815086.434598298,-1524025.5681908044
09FD,1750329.9091665868,-1628569.2937022264
25FL,1744305.8950434597,-1634257.2659227706
4FL2,1745772.7951814833,-1638123.5451896414
9FL1,1743343.690780074,-1628623.7379023966
00FA,1738168.293913103,-1634004.0021113742
2CB,1735795.8022995687,-1486771.0662218411
FD66,1802658.0484195633,-1846908.433580352
5FD8,1783120.7338434532,-1847365.813230032
5FD9,1790916.6763689737,-1863736.323733927
X13,1479164.6170153609,-1549505.0177010905
FA43,1489781.3018210896,-1551352.8210772432
FL04,1365177.889144921,-1473912.441845934
FD14,1739598.9993365484,-1551230.3112829672
74FD,1423621.6140788062,-1489440.1856581788
5FD1,1413541.23624145,-1494776.743651676
CLW,1698415.1418266,-1717532.944968899
06FL,1694267.9140564117,-1721032.7840065893
21FL,1781020.4882285616,-1640426.6644589128
2FA4,1905246.7929810502,-1853956.8818260096
0FL0,1876351.7740414785,-1823231.2522770748
0FL9,1897373.887648691,-1854077.916754006
2IS,1888013.2640310086,-1817598.3000186612
3FL4,1895555.5093616534,-1644615.4340416617
FA13,1885695.631026013,-1624282.116270896
CTY,1634999.3798142099,-1543282.2090657856
35FA,1728229.3967636856,-1543143.9448524707
CGC,1699903.7561416698,-1616840.1215898527
66FD,1699235.479725741,-1601574.9245530295
6FD1,1686790.7867552044,-1609150.4466496096
1FA1,1702203.9736936863,-1617801.0730539782
2FL3,1429085.4559785507,-1465059.678274376
FD53,1742179.8314000114,-1654871.4877075907
3FL1,1742890.937524633,-1654817.2539423387
5FL0,1742127.9966598153,-1659429.5134431624
89FD,1740498.829852892,-1661088.962581007
FL69,1979099.8104565272,-1870899.5327276979
9FD7,1605345.8030308262,-1485887.308753184
DAB,1838701.0667577402,-1551799.0940549509
2FD9,1816676.3746954575,-1572023.7591610255
FD86,1804636.8936694688,-1576293.5395718527
85FA,1819505.92482751,-1565703.0759140265
FD90,1819284.4499061336,-1557504.8686887727
FD08,1981462.8099043174,-1826958.9930765077
48FD,1984165.4640521382,-1829423.3249018416
DTS,1301573.4951293764,-1516920.1795647156
3FL7,1317711.0161111671,-1516697.6659066987
22FD,1301673.0128613915,-1517594.7958598463
58FD,1815611.6143804134,-1688885.387653473
4FL3,1905448.6776795536,-1699811.6070794757
FHB,1771426.8084720257,-1404238.1980166887
FD91,1771792.0021212068,-1399405.3494925797
FL84,1761409.558210681,-1407658.3439486658
05FA,1317789.5327456545,-1456192.4046383195
FL75,1892491.1397067094,-1725824.7863781035
FLL,1989416.8668556917,-1869685.279595282
2FD4,1992459.2048989574,-1866204.21079278
6FD8,1989683.917102858,-1866035.547905509
30FD,1988902.252619396,-1863884.3813132818
DT1,1989184.4907815098,-1864216.3673596913
FMY,1811293.0739937022,-1850926.4123647984
4FA3,1785257.7480642796,-1849980.438486988
RSW,1822839.8385921961,-1854169.26849232
FL86,1788280.7561992658,-1856201.4604763174
94FL,1804941.0874278743,-1835690.9171396384
FL59,1825229.442194379,-1841573.3330269381
FD30,1925673.063889868,-1732628.8547110728
7FL8,1921248.4451741604,-1729955.956054029
FL29,1922354.8819250902,-1739080.7013679584
FD88,1927481.7954122606,-1740083.123846268
FL37,1932767.6062261404,-1750331.5399739877
FD57,1935113.2700656534,-1723857.0101507443
75FD,1954168.0207868596,-1732966.2263516306
FD19,1942679.9618118252,-1726295.3942244155
FL67,1922579.3224289818,-1748467.6591499266
FPR,1938786.2256034736,-1719870.8721706609
FD45,1285408.6613408097,-1513299.5015171056
FD31,1667924.649031004,-1503629.5869848463
68FD,1403750.7172598136,-1486349.1687698564
0FD3,1336053.0229872584,-1500580.9522565003
38FD,1821803.4636763234,-1718876.4481293273
4FL5,1814893.9604396534,-1718299.1627791151
52FL,1818899.600917234,-1717884.601278075
FD46,1823197.5262225405,-1716503.185012772
FD27,1704497.991955663,-1446884.357960225
FD26,1385400.546904611,-1437879.7753971769
FL60,1765545.7821686687,-1478050.4753944294
7FL4,1764568.0466825068,-1486133.0598113816
9FL8,1565268.2696057006,-1446274.73916902
20FD,1575927.5095136068,-1465768.463491543
5FL8,1417575.9805846994,-1442838.376855961
FA42,1776089.727612409,-1638737.0635254914
02FA,1773510.1805870256,-1639987.2864932436
6FL0,1779387.2147898348,-1652392.1092584627
FD78,1774467.0855505776,-1631148.8104641691
FD47,1236628.6524983128,-1531495.7181403881
7FD2,1720964.0951788053,-1598652.334415283
84FL,1977600.124042704,-1888957.3263479718
1FA5,1975731.1901651283,-1893770.7054967827
6J8,1675254.0803667686,-1525604.3319667852
7FL7,1674574.4231860945,-1508156.026008294
01J,1728192.2924079823,-1405227.7672982195
81FA,1968263.8943810756,-1765605.7350215728
HWO,1981893.2050744465,-1879387.542635995
77FD,1987374.12741031,-1876144.1354827743
FD93,1271142.7490437864,-1489741.930353521
HST,1977976.6191186612,-1938238.6690915562
X51,1960900.7393531434,-1940905.2993675715
FA05,1967193.7270257063,-2003172.3648968015
2FD2,1738038.7198886112,-1539773.747628551
HEG,1745770.482876961,-1447719.278074406
FD11,1757446.7713032588,-1441387.9980433744
FD58,1767219.4448901233,-1445660.175945394
6FL1,1780234.8368647026,-1441663.769162448
FD87,1759436.6029643465,-1439348.9651498103
FD76,1773446.7428086181,-1455317.5546137867
JAX,1752547.7524868262,-1421732.3716896002
7FD4,1758534.0790777644,-1440647.7437608056
0FL8,1759131.7486270014,-1454340.9184001815
FD48,1780030.3305706969,-1444329.5876035534
VQQ,1740231.21944514,-1455597.7426056124
50FL,1221991.2572919973,-1478453.544497844
FA16,1229106.2547796823,-1466617.7549713317
56FL,1224642.1781960584,-1475504.114956069
FA11,1602221.3961696166,-1438395.0681742767
59FL,1982447.7231035235,-1782070.6863846113
2FL4,1980824.1057492602,-1782865.5027037368
06FA,1955067.1497855699,-1782904.5792219178
60FL,1977314.2976609764,-1775780.3034110956
FD15,1964294.958436946,-1772690.7408012575
12FD,1822618.9818979905,-1655200.5569870565
43FD,1824980.3530259754,-1655524.888965001
85FD,1822707.611774261,-1653285.7342192677
19FD,1830176.1007935496,-1656199.4774849503
1FL1,1816993.7547117644,-1654887.3226203753
FD12,1825375.0279934916,-1660057.4617378046
FD83,1825933.1830156238,-1658992.659738837
36FA,1814476.884612415,-1653022.594830461
X14,1851019.7202518852,-1825077.5674498442
08FA,1848647.8924893748,-1843730.9431373663
FA51,1843426.4476320927,-1826900.7012131473
FL27,1674947.9443337778,-1489101.0887955525
1FL3,1658261.3897332181,-1493577.1915559387
1FL2,1664333.8620637332,-1475566.6633466976
X49,1768491.1765422763,-1708060.9831864007
8FA0,1773419.577918799,-1687235.1947572702
7FD7,1774729.8811344607,-1692200.180739912
40FD,1782940.9219075933,-1696235.0643671034
FD33,1767674.212945193,-1676802.295995983
FL43,1772999.1813794717,-1668667.5523122267
LAL,1769883.1918135174,-1701641.32728142
FD49,1744244.4204391723,-1618267.614696987
FD72,1846222.0595269215,-1776188.7936161826
03FA,1841236.4148603575,-1758038.222645111
7FD6,1962968.4153309213,-1813112.382496943
42FD,1984540.380614317,-1809834.5576384475
4FL0,1554188.3262857758,-1472415.1138705707
2FA9,1557881.0697724791,-1479286.5983326791
FA06,1697114.4707210239,-1727238.2216496414
10FA,1762430.7724126803,-1611728.11919861
3FD2,1768791.8723107267,-1609145.1895068083
51FD,1766633.4909976725,-1625499.6957471077
LEE,1774154.7534975559,-1606356.200186697
50FA,1830752.7444252747,-1843417.4685872772
FD42,1629152.3402071202,-1479427.6918432505
5FA1,1760398.750840965,-1603052.23030367
FL99,1765410.098162362,-1602206.259053174
GNV,1713210.202819757,-1521173.7749550838
63FL,1706768.6211162312,-1528684.3735059882
53FL,1706357.9091201162,-1527795.5551803764
8FL7,1694569.281572283,-1526185.555725825
FA12,1707427.6136928808,-1527995.7462368354
FD81,1698349.5782279638,-1522832.482106758
FA56,1700423.3316006511,-1527064.9343676923
FD92,1845787.678275102,-1600915.3193609444
01FL,1837093.638052359,-1597277.123999701
0FL2,1836498.3216942025,-1596748.192773285
2FL9,1802907.5176772694,-1672910.285300685
FA73,1799174.6945693083,-1679458.4427464078
4FL9,1802834.7558608146,-1677039.148050807
8FL6,1261367.2442228314,-1492591.4950299251
NZX,1258430.2986676653,-1492457.55325721
13FA,1785041.5048189785,-1505322.4506119178
2FA7,1790872.0872673388,-1510855.1046217575
8FL0,1791365.7242891018,-1500126.9597480332
76FD,1492338.253403678,-1453967.591767588
FD55,1496509.5398975268,-1452169.4744595261
FA26,1491116.5700595998,-1469159.6473831867
9FL2,1486989.4771777529,-1456940.967939827
5FL7,1718002.9962043748,-1600647.0755077465
FA47,1978957.2434923358,-1929248.8319673496
FD17,1976144.9228095342,-1943201.2404126942
FD34,1975912.7489897097,-1942655.109432776
4FD3,1964615.9134604249,-1938260.2849553048
78FD,1968735.921020186,-1933798.2386096441
04FA,1963613.1068910463,-1933578.5955717203
11FA,1964633.1435480348,-1930524.3521874626
IMM,1859579.4032104865,-1857848.4519962727
59FD,1902126.0071143731,-1860669.5912539791
80FD,1921266.385224032,-1767384.2704183247
FA24,1923725.955119329,-1769096.3828535464
X58,1941498.2015159007,-1771368.676301662
FL82,1754334.681190996,-1524864.6631676313
INF,1725647.3129123952,-1618759.7880711956
8FL8,1759389.9091992218,-1439390.6228186095
FA41,1760760.1321205227,-1425631.1691396898
35FL,1756030.134702754,-1442045.1758963368
CRG,1772032.5519401403,-1435371.8074430302
FA65,1764791.724545406,-1442284.9705273742
FA61,1757558.2866700261,-1437031.4886052103
NIP,1758888.3988567006,-1449879.217695235
NEN,1738594.17753491,-1441135.6243291472
45FD,1784321.9946196165,-1439931.1453349723
FA15,1632601.4315211845,-1443530.5545746952
FD63,1609995.449309245,-1449236.5122154355
85FL,1237792.3664589212,-1463126.2875314883
6FL4,1587037.5699886961,-1531763.6978034412
5FL1,1582266.601298479,-1523418.848040461
FD09,1885455.4976782165,-1696584.5077301562
4FL1,1874831.1947999566,-1692990.914869869
33FL,1870833.1601967332,-1694100.119752545
80FA,1862212.430437634,-1693127.6018265577
07FA,1991868.0011442536,-1953619.102948804
42J,1731487.047563722,-1499822.6480494235
7FA0,1859900.1991514054,-2066255.110212359
EYW,1858569.7832042677,-2069388.4954731562
7FA1,1874927.1315768654,-2055528.253181371
NQX,1865577.1714182107,-2065834.0454751705
FA17,1823035.8409696955,-1656796.9726521226
FD41,1811548.0667370032,-1648286.668473363
FD20,1844325.6391301025,-1819780.3548207597
95FD,1839669.168965903,-1824394.9455354349
05FL,1856981.0884897679,-1848651.657059388
1FL9,1850876.4595555358,-1824453.400731764
FA18,1896673.1493616507,-1848555.013385663
FL88,1849996.5229100476,-1831719.9502556724
17FA,1841055.727069612,-1830293.9033252795
FL20,1757200.7497798027,-1595625.908743176
LCQ,1674888.2105223585,-1473488.252298398
86FL,1669599.5594087031,-1473432.5006985492
FL50,1675990.226574069,-1477267.802342932
15FL,1666959.3009839288,-1478316.5752289565
FD84,1667752.0893657065,-1481376.972846649
09FA,1842822.6943953233,-1769836.6965360192
FA60,1845426.8210861562,-1770026.0662243764
3FD0,1843412.3546284959,-1794990.4998759676
08FL,1854151.9659263059,-1785569.1069880205
30FA,1845525.7250510093,-1760783.643805687
X07,1810133.305125139,-1703738.832865645
FA45,1816693.3053991955,-1699707.7385569536
6FL7,1829054.2866812218,-1706261.9535735874
52FA,1827543.148046232,-1694725.5731845866
X25,1810901.4289082063,-1696725.5636052159
62FL,1828652.4840193212,-1705244.2227755014
9FL9,1632452.3151788733,-1469763.4313387792
24J,1630358.520406498,-1469160.648504038
FL07,1640782.4048402042,-1472731.5813638126
9FL0,1628437.6512715719,-1493024.871277297
FA88,1625764.202658734,-1456001.62350248
FD61,1635165.0056170397,-1482175.6832372404
45FL,1642676.0902043565,-1473793.0516845575
FL08,1628957.469783016,-1456439.7619991787
FL09,1618312.01285292,-1467225.1725965752
FL80,1730129.4089053473,-1557909.3457369767
FA19,1967083.04573952,-1805448.400892846
FD06,1724062.3970177188,-1689367.8853260514
FA70,1719799.9575818665,-1695908.6453734215
FL35,1721057.405735828,-1690642.644750778
8FD1,1643267.0410925678,-1489330.8524708087
9FD9,1639012.6738428648,-1487520.2190255607
FL10,1644729.0188364137,-1487216.489453427
FL11,1714678.52958995,-1446245.7362997085
7FD9,1599594.1317103843,-1438694.8735572386
56FD,1425594.9961721771,-1432846.3423336113
3FL8,1406609.499822605,-1438225.4702107126
91FD,1983247.8898117235,-1793007.9214486908
MTH,1926283.904886675,-2035749.7965319725
2FD5,1929400.0236095937,-2034197.4423665032
10FL,1922332.353384343,-2038373.625214398
42FL,1967018.9103152652,-1999107.9336934169
3FD3,1903428.2201323532,-1660906.3131061613
92FD,1894032.2502553065,-1648375.9871134425
8FA7,1889368.337736109,-1648478.2027003188
39FA,1738671.1373487276,-1518929.917935362
FD22,1743726.131966995,-1517351.8479074235
COI,1891395.659238598,-1634997.9248336286
FL31,1959852.8937226557,-1934899.0339685606
X44,1993272.2659484618,-1901980.6623636256
9FA8,1978535.0687749141,-1915796.495014791
64FL,1972791.7647901976,-1906268.6656570893
FA76,1981766.5574472991,-1908855.2551479025
FL25,1989898.0242618844,-1907091.6435740935
MIA,1981134.7610135972,-1902847.3929129404
OPF,1980076.8086211206,-1890419.4550582077
FL93,1995429.7947266658,-1897415.9966974843
23FA,1997052.8423577026,-1895877.6027837447
1FD6,1714494.51700981,-1537185.8570050155
FL12,1530043.3047823564,-1455933.9938611037
FL13,1735318.7532376535,-1473664.9187843534
11FL,1743355.2896203208,-1474841.0971900339
71FD,1748892.9540124794,-1470154.3386619675
5VG5,1746610.3534794557,-1466821.0371545998
FL77,1899507.5805438275,-1891914.1223460871
2R4,1248410.8623109453,-1498594.2494282736
94FD,1241569.5597591824,-1500072.8259171234
16FL,1227469.046752306,-1491915.6710325687
APF,1827950.223484919,-1896317.4264632035
FD97,1825795.332751134,-1896932.0249038886
4FL7,1837703.7409279603,-1899414.070807883
1J9,1267398.9852254544,-1521563.1822257547
52FD,1263887.1551798757,-1522538.440021112
FL30,1697279.162280241,-1688699.596977647
FA40,1704292.8782751411,-1681876.6800764215
9FL4,1707899.692369422,-1691253.5687155772
FL32,1698269.6842703768,-1674154.3318915595
6FA6,1697725.8049557945,-1686310.517314107
EVB,1851623.87340718,-1562991.539384317
X50,1855491.938030076,-1570831.2002680271
FL17,1302951.978748191,-1503309.7119010086
3FD1,1735956.6240281162,-1574580.1315166054
OCF,1727675.070895007,-1576732.6235510407
FL61,1731583.3485979005,-1592390.7364138816
FD29,1738478.1269436781,-1579108.1917011372
FA49,1733435.4408338994,-1584092.1849993526
FL19,1713902.0176221468,-1571311.1777567677
3FL3,1731944.3326908948,-1573458.582479216
1FL6,1732771.4270062405,-1564154.3217536814
FL68,1741633.426689753,-1581268.8333519986
FL21,1760007.7476677594,-1423628.559604083
FA80,1899821.0642096822,-1901591.9845217364
16FA,1902831.9026833794,-1893846.2965223738
32FA,1892589.924994361,-1760162.8102190914
33FA,1890959.1040395815,-1719347.1717115708
FA38,1760796.9868153762,-1575196.6626432647
5FD0,1648438.335192172,-1556711.9557976301
FD80,1648898.3764548672,-1555142.160544852
0FL3,1647460.4515624293,-1544434.644173962
3FL2,1822437.2295834944,-1585473.4967295583
62FD,1754635.276620304,-1463092.3314338434
20FA,1754583.8851531222,-1458569.498434293
FD02,1740910.4067391776,-1538540.3245722528
91FL,1823162.100905264,-1634639.2712455315
98FL,1812158.2509576634,-1642195.8575316395
37FA,1821176.2047272886,-1624163.2133485945
FL76,1813716.5933920173,-1647420.391782989
MCO,1829771.2698870576,-1638824.7811905802
SFB,1829950.1891637244,-1599398.287279683
ISM,1820208.1996696289,-1656714.047033463
ORL,1825174.8223453588,-1626693.366208469
OMN,1830931.620863857,-1539783.610557642
0FD0,1820558.231881226,-1545907.1047745266
04FL,1821891.1790628708,-1548792.534153121
3FA5,1841324.060840836,-1596493.5265807167
98FD,1831326.4197916037,-1605918.5044167126
31FA,1740339.1591765562,-1598118.430171716
NRQ,1234683.1341291652,-1502049.1136988087
36FD,1381904.3128567252,-1526914.1028175862
FA20,1380474.0163909926,-1525681.6295432278
8FL4,1383580.0350696445,-1530666.6745575054
4FD4,1373597.9273877686,-1529302.6470549705
4FD5,1375887.0036103704,-1534526.2228524722
27FD,1393763.8481156246,-1516376.0464513514
65FD,1365907.4253252943,-1529017.8465084394
70FD,1391056.9311942435,-1520313.4271039537
75FL,1400704.495591804,-1533949.5122516323
ECP,1366547.5107275767,-1511044.3472759733
0FD1,1361494.8999523951,-1528045.4005706105
MKY,1841032.4588388186,-1911271.5751362473
MAI,1417025.8731113838,-1448555.9848389241
28FD,1412311.502112293,-1455096.1565502773
FL53,1418573.5497637424,-1460004.0532471454
HRT,1280446.7136787707,-1517009.4642026403
06FD,1770316.5474515636,-1627667.6438536958
FD50,1618337.7920212995,-1493151.974450368
33FD,1614518.275867191,-1515877.8214002296
NRB,1779367.4870157687,-1427513.6458652518
MLB,1900134.869329781,-1660095.1338035632
31FL,1865325.7224373305,-1674665.0938404074
FL94,1976253.0598654877,-1907035.0466385733
0FD2,1982876.147656113,-1883877.7440220118
70FL,1972950.1821781255,-1911981.820967519
71FL,1975317.9818816218,-1902578.7025673417
TMB,1969950.000256485,-1922105.6357995544
FA35,1965029.1513209715,-1926389.9587583265
TNT,1920042.4398207422,-1909125.7056825373
FL98,1976245.5355033479,-1900437.4955842113
2FA0,1974140.4039688488,-1915663.5552803082
3FL5,1994504.2028215183,-1906707.1993206283
0FA0,1975748.4733225456,-1901593.7850302933
25FA,1988927.3947460859,-1901339.286561338
24FL,1241743.7252669765,-1516118.2342989251
NGS,1253957.411778506,-1500851.712028979
93FD,1229271.9189943792,-1488401.28297152
NDZ,1245563.9935460172,-1492208.800462632
NSE,1244319.3678279326,-1489724.3209837226
NFJ,1253514.0134022716,-1512434.8087566737
74FL,1560600.110782007,-1450776.6255160673
FA30,1699266.6063360383,-1570705.542769945
9FL6,1776970.4697841192,-1713834.9103819272
8FD3,1258163.3289960537,-1470234.0733215853
FA37,1835843.5552177394,-1898683.0792592708
6FL5,1297171.6894809208,-1502593.3942814376
05FD,1992671.2248805114,-1881463.719213496
FL87,1991940.101670964,-1886260.061641023
84FD,1766302.9679896357,-1808550.2398730293
49FA,1768518.4524311244,-1804909.9572926492
4FL4,1773106.9106397196,-1804870.5729829702
2FD6,1862799.5567654108,-1579301.5014334084
34FD,1859670.9997010955,-1583695.7126295462
0FA5,1796263.4776115566,-1629896.2301821893
FL18,1631395.446981051,-1492653.8149190943
17FL,1735444.5451129475,-1563090.580704388
FD04,1747549.9606920034,-1581516.744424888
FL49,1734839.958403502,-1575477.0910986203
FA74,1902012.2574927392,-1899668.464414893
76FL,1806350.3459979051,-1630226.5347613452
OBE,1897125.280741875,-1755486.7689120935
26FL,1899341.4044553062,-1755835.2511417319
00FL,1886284.1347625086,-1761945.9209492567
8FD5,1875654.7864042108,-1769046.6746391235
FD70,1878647.6720100301,-1752961.7086507364
08FD,1902754.618294028,-1743298.0513256092
9FD,1906579.331052542,-1743940.339550271
FD39,1914758.0547887166,-1764083.234305783
83FD,1894278.5073576928,-1720618.0665076212
15FA,1914213.8976461506,-1757382.762737853
90FL,1903929.1732888704,-1743253.619579783
01FA,1842391.199002114,-1617912.196987452
2FD7,1813881.8676434963,-1641600.9029557125
FD28,1821344.359005062,-1629817.8664172536
FD36,1830265.8335910726,-1626107.6208019925
FD99,1813617.758939457,-1642444.104919358
7FA5,1813303.5617196944,-1646975.948379925
3FD5,1821082.0655175971,-1630119.580276498
89FL,1811296.146811097,-1631571.35298358
0FL7,1815871.9487509483,-1623226.4757303586
12FL,1817432.219985064,-1623033.1920216447
PHK,1921967.0426729186,-1804382.0136184706
28J,1769092.8935861439,-1512872.8441146219
30FL,1769064.5395871324,-1514560.5168911219
2FL7,1906811.9582721184,-1678818.8451866508
1FD7,1974660.8412440212,-1787196.9884136654
87FD,1980343.7645107913,-1786053.9749902796
61FD,1819924.8748745406,-1522072.5736121484
FIN,1818687.0604558263,-1523905.843064971
48X,1727714.8635338272,-1749289.1413784844
2J0,1505829.0793900827,-1528092.0153945584
PAM,1392096.9408240456,-1539188.5743241515
NBV,1373505.0674905584,-1530412.1802586212
FA21,1974733.9358220673,-1879692.9982302478
9FD1,1229924.1631268514,-1519630.8911683126
82J,1217938.7905000793,-1529932.442411369
FL85,1228754.363182008,-1524849.855766467
FL24,1228617.0863124882,-1515124.5431744545
PNS,1232374.963107157,-1519383.0474165194
NPA,1221526.464434401,-1534430.5623784207
FPY,1581777.702850439,-1504629.1333595898
FA29,1583563.2228351173,-1497478.2390148067
FA32,1593647.3297059338,-1498657.7088340707
0FA2,1579838.9738778153,-1499486.633648465
2J8,1799087.6231564945,-1552611.8982418582
4FD6,1786610.8249372223,-1853827.7074797517
95FL,1707012.1233541796,-1727211.7456882058
FA54,1768200.7045059856,-1829829.5839282696
PCM,1755687.893726712,-1703202.4485371117
9FD2,1754746.3122433866,-1687961.656878075
79FD,1761742.4392752994,-1697219.7673033183
4FD7,1784180.1166035202,-1673907.7839842455
FA08,1786838.7261406365,-1677797.6524424492
78FL,1782740.5398862392,-1527607.8329975482
PMP,1989655.6511368395,-1849742.5699892568
28FA,1987964.1142815624,-1846619.1503408977
49FD,1471895.433634764,-1464249.8251772795
FL28,1715562.8867531344,-1479300.624508784
FA50,1731132.8564198362,-1554586.1453887417
2RR,1852729.3367438964,-1707338.076200273
32FD,1736164.0876960685,-1718046.5544963363
8FD4,1887902.863334349,-1636573.9376389205
34FA,1894819.6552095048,-1644386.8698371805
36FL,1702232.3724000312,-1709374.2988823208
SGJ,1796150.4568792663,-1472847.229009454
38FL,1800297.5260797692,-1482970.4546461266
FL55,1826320.1926359185,-1595033.8266366643
2FA8,1824551.484425584,-1596454.5318059297
4FD9,1784906.464386713,-1870400.3466513052
FA23,1732600.4654125455,-1784869.3202820886
FA22,1742101.700455434,-1781180.7775084644
6FL6,1735482.7356874335,-1781934.3759169902
4FL8,1752909.8175450906,-1777802.637488343
22FA,1758015.119199481,-1781318.280415592
FA33,1749454.427344649,-1786529.8397663254
SRQ,1728853.7880800036,-1776894.0369085146
3FD6,1866636.7348438133,-1592680.0302299154
0FD6,1919411.6184462253,-1677828.931325791
44FL,1957366.174568264,-1749234.312240922
64FA,1949389.5954079085,-1757624.8952199067
FD51,1888575.0521655679,-2051495.6625987748
2FL1,1970360.6280830426,-1864112.879261354
TLH,1503095.9869380468,-1482768.4625080186
FD18,1510557.815464322,-1474578.5373538223
FL52,1526633.0785845546,-1468904.7122664878
FA25,1527110.4790195758,-1466571.375242187
53FD,1531624.314105255,-1468364.8838533326
TPA,1720329.790563932,-1713285.848456208
FL70,1727837.5822415578,-1715320.8430919596
FL72,1734637.193476604,-1713502.8735442082
FD05,1973613.1094178078,-1993600.2263166348
X21,1871300.938974532,-1607693.1917863586
TTS,1884948.6546861848,-1605463.440365099
46FL,1872439.6476172884,-1606649.371087733
TIX,1876956.6755831873,-1618629.8186841088
FL33,1660912.2509200296,-1534388.776365771
6FL8,1658125.797032033,-1544066.022217082
35FD,1669697.1206832696,-1529892.0648571723
X23,1787157.5787743132,-1592039.5165162599
X59,1911395.9332235367,-1673614.881029326
VPS,1295144.3382723683,-1508625.2870949823
FL34,1272320.5106396186,-1495366.908420573
EGI,1293078.7332571605,-1490433.6140696562
97FL,1763509.20082997,-1592904.5348583055
2FD1,1760641.845126823,-1591975.7175099903
3FL0,1776608.5438004944,-1536427.3961293045
FA59,1970706.6825176156,-1810402.5360699706
1FL5,1360873.213839055,-1518277.4308076506
27FL,1733959.5621009772,-1685765.8260295994
FD74,1876141.7735133537,-1669698.4046254398
FD38,1963603.7311933066,-1810548.430462611
F45,1966657.7762032265,-1787280.2727396195
PBI,1982322.2831828392,-1802085.774986376
LNA,1985186.8236622012,-1811629.4787838652
FL95,1926721.1166535157,-1698703.5068196226
GIF,1794126.332718886,-1687996.666307279
60FD,1797510.3281194246,-1691127.1895737674
7FL1,1802574.1008552054,-1691381.6843075908
F57,1793313.8054124804,-1688782.7503357069
FL42,1794556.2538397103,-1690648.9929868574
FD98,1827834.0491737109,-1606941.003711302
FL54,1695325.865053898,-1497141.3224504876
FL48,1713480.145953406,-1612401.792408083
6FD5,1862810.928446447,-1705189.347310755
83FL,1764222.1288338634,-1404113.1196192561
9GA5,1479772.5470747307,-1299878.6827677733
0GE7,1627963.6437054318,-1104882.5322837497
GA22,1451566.820247526,-1374898.4328268857
4GA8,1451518.2954882807,-1377503.0148008764
75J,1547602.7935712757,-1328802.7093526842
GE12,1552003.3083726717,-1321055.1232665246
AHN,1533049.9017802572,-1075816.2769173528
7GA0,1525710.3022218735,-1077302.0602687371
FTY,1427756.480604524,-1115278.913768928
60GA,1445864.3410596836,-1110214.2343334495
GA11,1440632.3051282289,-1098407.722887605
GA66,1438683.4334658452,-1109796.842305103
GA85,1440439.7478496355,-1116502.0691282935
20FL,1785167.4510334746,-1805033.9297349474
FA01,1781036.1295530961,-1811404.4793702676
A51,1424335.7944300799,-1568516.4212009273
8FA5,1424038.567563952,-1566342.4765374586
FD24,1930057.0173610756,-1753182.2376885426
FL22,1950784.3421733745,-1740799.2841284964
PGD,1792629.0316696803,-1817441.996695789
F13,1798992.4090304382,-1810466.861210946
6FL3,1833713.589509731,-1806612.8246134007
40FL,1803726.0877760926,-1811275.6811233084
2J9,1480100.8757852865,-1464343.3364432354
29FD,1481279.5540219448,-1467213.4150354285
FD52,1833883.413185269,-1658991.351431801
FA78,1837350.585513373,-1648069.226139641
3FA3,1828467.3298474893,-1662481.1896541573
72FL,1842288.8581492591,-1666845.3854609637
FD37,1839934.0215252768,-1669658.6790270526
57FA,1852399.7519236966,-1658824.3377380127
SPG,1715083.4457525767,-1738056.2626459461
FD64,1699168.6156458,-1736169.3422119408
2FD3,1713629.42229184,-1738585.987020458
PIE,1706693.6538119533,-1723587.7894169455
8FA4,1835045.3447580838,-1571831.7504491417
X26,1920458.2538826598,-1688278.9453907572
SEF,1845623.287272472,-1745411.503132012
9FD3,1836759.0324844562,-1746316.470341962
9FL3,1838588.4211958959,-1753659.768207737
FA52,1827845.9901210556,-1740047.2007191896
88FL,1966417.7897257567,-1750629.8533842156
FL41,1919885.8043752257,-1827902.1027727213
FA79,1841921.6843442747,-1552708.382850039
39FD,1609603.2756130314,-1537706.7182675472
SUA,1959907.525399617,-1750789.1399956916
65FL,1953041.2637325367,-1749455.847880496
VDF,1737822.7701383815,-1705351.9519411118
FL92,1720676.382062009,-1716936.0962426919
9FD6,1731736.10295429,-1714163.1447988988
54FL,1727945.780162713,-1714554.3209313103
61FL,1728144.0265769728,-1715768.4434946722
FL38,1724256.4136037726,-1711751.4554776386
MCF,1723808.4026735846,-1726790.7898667008
X39,1731138.9035852065,-1683350.2779693617
TPF,1729559.325542563,-1718163.7128892664
FA58,1695666.149345222,-1700577.989535328
FA1,1782312.775327166,-1607134.2151195132
3FA8,1781227.2544136054,-1611263.7180509297
FA81,1972575.5368472866,-1994059.5071085119
VNC,1745897.4259500655,-1809919.3755080434
FL74,1924172.7055972202,-1711728.0876176078
X52,1921059.4962528197,-1708659.1214314562
FD25,1925253.7755912626,-1715609.3861084536
3FD7,1933222.875575181,-1702904.7661255787
VRB,1931174.1833944027,-1703699.5587673904
NVI,1228627.5408551034,-1494319.123931458
48FL,1200552.1278613221,-1487753.5748506763
CHN,1792239.4152270504,-1750276.270795203
2FL0,1375419.987766676,-1498498.5261915477
64FD,1984169.9066147804,-1793351.0666189895
FL39,1972185.9774330347,-1807641.1030540336
5FD2,1985492.223796858,-1793859.559756012
39FL,1971476.4207854318,-1800768.7738645636
5FL5,1985678.5934428768,-1797649.334614386
7FL5,1985372.1741687483,-1797881.3754562691
FL51,1984778.045217459,-1798009.8740835919
X60,1700679.6586632023,-1561692.8410512856
96FL,1695648.2768662847,-1575393.7789638021
FD77,1749469.8951391988,-1737000.5509400743
X61,1793039.3423796864,-1612208.8160532494
FA83,1790792.8602292673,-1614245.7527725128
FL97,1794773.1613211697,-1609005.1563809772
ZPH,1752172.1926291196,-1678373.6835792235
13FL,1735311.1228568282,-1676238.1790032662
67FL,1771518.9070454147,-1761328.869140829
15J,1574429.091703858,-1385785.902046904
ABY,1497955.3394936358,-1355433.3387339332
2GE6,1475531.8058157412,-1352849.5056701477
GA14,1488295.5522773298,-1372178.331941444
AMG,1655321.9925124235,-1324281.6958719085
ACJ,1488244.0679138524,-1292360.6451462985
1GA7,1482876.067556011,-1298252.3227624346
GA64,1440180.1900846576,-1114150.6245295368
7GA8,1445603.5242719345,-1110507.730537954
GA52,1440897.226598588,-1098229.061675676
1GE8,1440909.1102255946,-1115835.6148862557
9GE8,1429246.8479301664,-1119320.2994158424
ATL,1438837.9937618312,-1129310.979486318
FFC,1430634.441374694,-1162334.499298477
73GA,1433665.1348442058,-1102502.9050582955
7GA1,1439744.538906991,-1110773.6366053773
GA54,1430380.1820678972,-1101038.8156026078
31GA,1438551.6613201364,-1112343.177700037
7GA6,1439512.5342985527,-1115034.8670831374
GA55,1440439.3937826112,-1098146.8489811905
CVC,1491843.9917028407,-1119756.3893069874
RYY,1416672.538927639,-1090889.151895471
52GA,1436368.290771144,-1140912.3028990915
PDK,1445936.3079497558,-1100941.5141714173
4GE1,1479499.3924749095,-1450289.371045796
DNL,1659283.0409063569,-1104289.8482446289
8GA2,1652477.8269091204,-1109894.415693102
4GA2,1663851.0499621374,-1102770.056077045
GA13,1664269.2500988247,-1102636.1908529988
AGS,1668087.5351537075,-1113377.2711774663
1GA3,1457805.7673303855,-984477.7323288968
BIJ,1434777.023547656,-1382529.007125317
66GA,1423354.519221488,-1375871.4786156756
1GE1,1423671.0500214547,-997464.2333897862
57GA,1420586.06850638,-994693.8143263775
61GA,1650615.8177440763,-1124888.168706039
GA16,1515533.9538682597,-1104714.2729577103
GE35,1524214.4688176317,-1102194.9856687181
GA61,1439116.4178915168,-1170784.783979953
GE24,1757625.0059140173,-1343269.919027927
BQK,1757656.0046750626,-1333769.8932014555
GE92,1542231.505884402,-1124855.85130627
82A,1455994.0410503328,-1278952.171508808
33GA,1530519.2923432414,-1041020.9105738954
3GE3,1537082.0452366923,-1022407.6750890014
CTJ,1372851.382830523,-1141861.9537256141
78GA,1387396.3344908536,-1153641.9968616362
8GA8,1387422.4099750172,-1145398.04714537
6GA8,1371939.0183516913,-1155994.081497059
27GA,1385378.0497823658,-1136615.2616181413
3GA2,1380937.515388038,-1147381.7361459408
VPC,1391884.1514656078,-1083001.472629505
53GA,1354060.0022248377,-1084596.005550823
4A4,1366849.6034017801,-1099300.4563663888
7GE5,1380719.61405152,-1171192.6958608895
GA67,1493100.4688092312,-990859.397573306
GA73,1445055.2353152893,-1181790.362512259
4GA1,1452195.1577847393,-1193667.4391340031
GA74,1450949.3510947707,-1194243.973465883
GA75,1450796.0059037171,-1189129.333095465
2GA5,1449138.6872253525,-1194580.1533011815
36GA,1478374.4922265408,-1111279.1950274403
GA80,1476114.9700717872,-1105805.236518264
3GE5,1476745.955573825,-1117250.9003357901
9GE9,1475615.2355296533,-1120900.1838849322
CKF,1528969.1112274602,-1298382.0974104991
AJR,1501551.1593483156,-1019602.6118201573
GA83,1497192.7955894808,-1128391.2491224713
9A0,1458309.3202047318,-1018602.6415139595
7A7,1449705.6493395884,-1015310.6979985236
PUJ,1387261.3342788997,-1107665.1050142215
DNN,1379269.4152464296,-1017554.6378309595
GA70,1368148.9345314268,-1012181.2073410876
GA72,1374681.6260785367,-1000456.0703624978
7GA4,1564699.6483590985,-1224415.9966687676
08GA,1770949.3118091307,-1311865.0001806458
GA21,1765310.155198836,-1309079.4231781368
16J,1473306.9590199105,-1336591.0949330076
9GA3,1465814.7859038778,-1327113.9780283386
09GE,1446202.967226896,-1035025.2583132529
EZM,1584479.0474268442,-1261725.412883607
GA71,1438128.6968271837,-1124601.8220647417
32GA,1547005.2259192625,-1129062.5466290659
9GA9,1547960.0191864362,-1155620.3500544892
EBA,1576074.74906957,-1050413.0911145129
49A,1411903.063605772,-1022267.393248744
4GA4,1387435.050731069,-1002076.8627512574
02GE,1384097.8084911657,-1078524.8339233138
GE00,1647575.068884505,-1090532.2884956847
19GA,1436093.3693888378,-1153874.6075560856
GA90,1443857.3925219998,-1149233.6768996632
79GA,1421782.0156278317,-1374286.690271901
GA26,1651150.2594891216,-1111290.2367878945
GA96,1437222.8999266215,-1121048.2143530643
LHW,1735705.627940179,-1267147.1243881758
GA99,1516091.1511604795,-1237601.4090843687
1GE4,1504836.2736839803,-1245147.4703415222
5GE1,1523059.8041216843,-1233820.9863883893
GA81,1513795.2632785107,-1238154.842587966
5GA7,1373047.1069458597,-1190285.1365842754
1GE3,1377685.7370137293,-1183596.1830874602
GVL,1481263.0065868958,-1049321.1705308852
14GA,1469836.484837021,-1044301.7532271784
HMP,1452136.5936521348,-1154709.3569350652
0GA0,1449444.6499333188,-1159016.5369629744
5GA0,1435529.5071221364,-1176119.4679042853
6GA1,1432423.294648553,-1179920.6464729616
0GA1,1561229.7409662544,-1010044.1307286351
0GA2,1558801.2531718097,-1021400.6136776026
51A,1554619.0484289438,-1260057.8943349302
AZE,1635369.9688750776,-1288860.9094368403
00GE,1406549.4303457532,-1107314.9986341172
6GE4,1410345.7371279262,-1187365.5788885192
GA29,1447192.0054592679,-1182021.153149884
HOE,1639521.1702396953,-1381790.8897787326
98GA,1493789.324519094,-1167631.2752292713
34GA,1418595.3708807211,-1108151.7304214996
GA58,1453248.4018110062,-1110779.1196638532
4GA3,1475291.247579331,-1430817.3904382428
BGE,1466235.5773416958,-1424805.1062941132
GA42,1487422.0526125568,-1409575.7368571036
GE21,1488136.6408008775,-1415371.0128540269
83GA,1478072.186827021,-1419484.4649120548
22GE,1441428.4625647292,-1058624.9511426555
GA59,1482354.5048561015,-1181749.966482787
GA86,1481083.9081423425,-1195126.3257659846
BHC,1662299.7560554992,-1302676.3384838675
GA78,1665273.6214106816,-1295744.3785840229
DZJ,1455219.4297470911,-988473.4718873207
35GA,1468089.622462644,-1071643.1974054168
6A1,1474696.3886819428,-1243273.7944417691
GE27,1519498.22073909,-1230899.8079953548
70J,1513095.770328905,-1425593.8776838523
99GA,1378321.2226511592,-1048416.1931774039
CZL,1377816.2453167415,-1048032.7760385083
GE02,1377873.905600024,-1041818.8646075468
CXU,1499821.7435405771,-1391425.428391931
18A,1542971.0175212293,-1029389.7444344778
25GE,1558042.7354319624,-1065226.6455021189
CNI,1427084.3242191116,-1055161.6220903934
8GE8,1422038.7322499522,-1063500.4653418853
CWV,1701082.1676738474,-1239794.097680152
GE99,1502204.2103000537,-972492.1796010106
GA18,1508252.9903430692,-980507.8705953808
0GE5,1486261.2651901208,-1015596.1030465969
21GE,1476719.9552215964,-1018822.6997158723
9GA1,1744692.3957100324,-1201321.8060203842
48A,1567142.1270176128,-1244339.352402013
8GA5,1676377.3280392857,-1241959.3226525951
CSG,1411636.838187405,-1260676.6161540619
1GA1,1421056.4115153973,-1256008.311351549
01GA,1408402.0772644884,-1265211.6755502692
02GA,1518800.7368511343,-1049872.3259813406
GA68,1446277.1456388258,-1186863.6301123982
71GA,1492226.6326874688,-1123127.4550641365
07GA,1498640.502809323,-1113600.3835078075
9GE7,1498712.4119160546,-1129838.5503066822
2GE7,1383228.6935695794,-990267.1366385046
GA20,1767201.2375233595,-1382543.3271281677
GA84,1462590.9898667403,-1060689.6290175288
4GA9,1461348.1235026591,-1056589.8547513583
6GA0,1450527.5665348803,-1071062.4107378297
6GA7,1440305.0945344716,-1064594.5350910907
GE03,1452525.1058339935,-1066408.8809022224
11GE,1460176.7746270404,-1054781.8550673018
25J,1435961.3190161895,-1348056.2553120675
17J,1442969.832006019,-1425059.596637042
DQH,1623515.629801384,-1337545.4515775274
4GA6,1415359.6140637742,-1130781.3962874212
0GE0,1402274.9115180122,-1119621.2857389795
3GE6,1409282.9190573362,-1123263.2071819713
25GA,1416999.3346810464,-1130763.3501638595
DBN,1591022.4468206125,-1220957.8516256968
48GA,1594804.7599078852,-1223743.7250610022
GE26,1587673.9634534083,-1242369.62697806
23GE,1583933.1074131338,-1242967.07380486
GE28,1453709.6445843084,-1077821.8184608521
9GA8,1596425.4369130202,-1205252.5816244285
GA92,1433051.8895510896,-1143628.4201992773
2GE2,1455267.6078821707,-1260337.7143607694
GA94,1435842.1027152748,-1146267.430649868
GA95,1434052.4270536704,-1142677.6715702035
FZG,1581376.7804319425,-1322586.4085063473
9GA7,1582137.2406614516,-1320980.8873524996
3J6,1714574.0524658477,-1395626.849473939
3GE1,1706366.2071032426,-1404104.4471026144
GA24,1494031.7445532114,-1187345.976467756
GA76,1495976.8699298352,-1172958.4569977697
90GA,1491911.897957144,-1184442.970668338
LSF,1410318.884947172,-1281702.1458736078
38GA,1483474.0163215871,-1043590.868023087
GA40,1469128.8864641257,-1053746.9489959201
7GA3,1672568.289995058,-1192739.7203967692
97GA,1495612.1935864438,-1047026.793091744
80GA,1407461.9739355724,-1177731.213167105
CPP,1556897.2354860704,-1110772.723800639
6A2,1460218.103603702,-1171600.523294213
4GA7,1463802.819181371,-1181366.0072557621
5GA5,1452810.5009716179,-1169275.059753194
8GA6,1457210.9167363471,-1179477.6957881942
10GA,1456306.6831150206,-1161247.408170845
GA62,1448241.8229626974,-1170660.0805362943
GA43,1739158.0280439302,-1217068.7282497708
0GE1,1565319.3914517765,-1327844.216084369
62GA,1491229.1456121868,-1154679.6289182343
JZP,1421338.4206080548,-1040264.7318673346
JCA,1507341.511370923,-1055144.2311902624
09J,1765053.9514912083,-1353104.5595973483
0GA6,1492474.9749618056,-1108182.5953545696
JES,1712947.2571436788,-1310035.3525394602
39GA,1710498.1458384139,-1305182.0781384339
41GA,1447975.1068928926,-1138750.3634068912
8GA7,1378849.3967653855,-1076449.383889523
15GA,1635219.1731434246,-1198750.1200990814
9A5,1342051.1127314433,-1028157.7800865808
GE05,1338564.839765943,-1036946.7556064754
GE11,1328006.198240449,-1039889.9068762118
LGC,1390793.2416687217,-1208856.7145396706
GA33,1391883.7516114751,-1206153.1610502407
GA44,1393414.1224427517,-1200485.076567435
GA98,1393608.5611269623,-1215179.1315810801
LZU,1474860.317086384,-1083897.7777813126
55GA,1470063.7525247156,-1086467.6139614552
8GA3,1500230.3435722073,-1328703.7323558768
5GA6,1517918.5311600105,-1282316.8314394963
3GE8,1611727.489216853,-1071589.7852380283
6GA3,1419584.3212102712,-1116907.994539015
00GA,1469163.659711597,-1108811.9887581803
MCN,1527475.9417525304,-1219104.8668298896
52A,1527345.7776365522,-1115084.301674455
GA05,1527459.2828395127,-1121706.5318209291
1GE7,1531050.1619537207,-1125099.351382616
GA50,1522412.8499511117,-1117716.5063370485
MGE,1425965.0586117306,-1100324.4816882978
56GA,1421805.6690403796,-1094996.9676419573
68GA,1430369.1236365563,-1089336.7501670397
16GA,1430922.777119755,-1102566.2477359402
42GA,1420316.0663577518,-1093857.8474632506
MHP,1677905.7786097184,-1224464.2606288586
GA32,1678720.8587381302,-1220478.457234146
92GE,1650959.936388092,-1176685.2434748248
91GA,1411905.0975354086,-1175248.4518407402
MGR,1542668.4042355632,-1397715.7666947667
09GA,1553345.9875748563,-1392760.3665917893
MUL,1550991.7117366735,-1390236.517358313
GE04,1406585.7489909027,-1244607.850462863
4J1,1717796.2773645716,-1348473.36726265
1GA8,1594978.9788242767,-1377011.4038389993
4J2,1594464.2192027941,-1373269.7525529237
GE01,1613413.9737101654,-1401359.2848552398
2GA0,1512746.152790913,-1127624.3187038654
CCO,1413398.7086826335,-1170695.3934615173
21GA,1413850.7488611918,-1165336.3865689752
2GE8,1420439.7822025488,-1152190.2449170067
4J5,1567824.0225627746,-1424503.5815099282
06GA,1460896.0420303948,-1111973.9245546008
RVJ,1677629.5083601733,-1260228.2926684155
12GE,1757731.1675122113,-1280120.2057168866
05GA,1440112.5718836705,-1305684.671299312
GA03,1347055.8518931863,-1006787.7021013194
49GA,1443481.105964021,-1134882.1995965694
0GA9,1492177.579054774,-1223556.8800976593
0GE9,1697270.0174066925,-1183921.8651201688
RMG,1359814.334049501,-1063066.245438629
8GA1,1375589.0040275701,-1165105.732831942
23GA,1441127.6344601733,-1089009.7282627618
72GA,1772532.600052479,-1293566.3923540665
1GA0,1762515.2672939568,-1289267.3356380535
40GA,1427139.8322635875,-1106430.8078697154
2GA9,1474623.3522689387,-1103055.3322826582
12GA,1471531.7477159249,-1095943.0860461
24GA,1473788.624868396,-1106376.6174078542
18GA,1507874.8786149835,-1109741.363816938
4J8,1633293.6968106427,-1232364.5801768762
3GA8,1627842.3841270963,-1240067.2546877686
2GA2,1751309.3201593084,-1206246.3518415948
TBR,1707306.7798677087,-1205738.7301599898
GA28,1705802.5021681823,-1213894.4479497583
76GA,1713176.4559564318,-1174650.648624211
84GA,1707652.4817850457,-1175152.5934479719
13GA,1542080.9038848854,-1366120.1128373288
SYV,1525631.4418142438,-1347762.5288029625
3GA1,1461659.79562701,-1227637.319192157
85GA,1492125.5166360564,-1058563.895266983
0GA3,1378801.9456438494,-1125194.8958542424
55GE,1386188.058919675,-987173.3763540238
OPN,1466132.1058801652,-1201209.6022243302
TVI,1538578.987440473,-1419262.4344709185
HQU,1614664.9308501235,-1106612.5749044283
TMA,1565759.5082739478,-1354412.4984098282
TOC,1523114.228530195,-1004759.8437914784
0GE3,1323044.360100684,-1007258.2708888815
87GA,1392521.4922604582,-1125623.694161696
81GA,1395263.5473798993,-1136814.0555360648
82GA,1641227.4476620897,-1182890.2533803436
5A9,1426679.2345220516,-1210366.3370357295
5A2,1527404.3482960835,-1234066.956270076
WRB,1533734.1266603014,-1223838.6263057112
IIY,1582689.9195966162,-1085012.3949459207
9GE6,1599844.4647645697,-1096489.3379696594
1GE9,1428610.2257726118,-1235284.627868499
AYS,1671315.902052993,-1353537.8616520832
GA60,1676248.8729621754,-1355245.3558082194
GA47,1683936.8763541537,-1358046.6334124291
BXG,1671297.0793965461,-1150109.2567128509
1GE2,1442376.010761064,-1218103.2768215332
6GE2,1443145.1247503953,-1219278.1292409347
5GA4,1428456.7120699903,-1078223.5330843183
65J,1632926.0184114825,-1137630.1087187417
01GE,1608528.3594675171,-1204862.7455438848
3GA9,1452516.1370112787,-1183602.8180525166
GA10,1456011.946308799,-1190234.7534605048
9GA0,1457100.3384091216,-1191373.477550778
5GA1,1674644.7444944389,-1130242.8593865202
GE33,1471459.246423091,-1160727.1720635784
GA04,1467731.5456433909,-1154513.3354034678
GE53,1469991.2017474535,-1159623.888920906
6GA4,1488327.9008796345,-1101787.022020018
3GA3,1325649.5510008708,-1010378.7762663405
2J3,1637694.0485641134,-1163519.4573310053
GA89,1455517.4284886308,-1144366.8497672044
63GE,1438144.6868384015,-1308748.6444519754
1GA2,1417700.7415655346,-1185056.7765952547
74GA,1424427.396178297,-1178371.9150643484
MQW,1609818.5491197838,-1270113.0670064585
MAC,1533083.5829769978,-1203424.4893941341
77GE,1526032.9917486345,-1203369.9247201458
MLJ,1556114.3591840547,-1161219.5640591038
6GA6,1561983.9208152015,-1174422.624481356
9GA6,1542265.2010568706,-1170374.351952624
2J5,1677913.3992787767,-1165483.750753729
77GA,1466985.108146571,-1177441.2053718863
D73,1502989.5239224685,-1100580.5294791772
GA38,1497499.0522293677,-1099673.9108063295
67GA,1511065.925023328,-1090304.965760823
1GA9,1507031.7736495861,-1102169.774964195
53A,1501592.1193977136,-1268135.6909267465
GA06,1508373.799964123,-1150466.2430760134
4GE3,1574029.611415345,-1231793.3876051002
17GA,1401901.9357028445,-1155278.647597946
13GE,1656405.8227384882,-1230529.8997579103
GE14,1597417.9717276306,-1338176.1498509003
2GA1,1490385.171513695,-1114559.539949888
GA31,1419863.623538149,-1151661.0891268183
1GE6,1694204.0527685713,-1334649.068014287
PXE,1519978.6940607326,-1241165.6949733847
PIM,1411258.7444957772,-1224186.8865360236
47GA,1517199.0536112755,-1274566.676719387
44GA,1553816.3129718332,-1280494.8700511775
4GA5,1471586.9984294996,-1297966.930373099
22GA,1367869.0974240277,-1052772.8866976113
OKZ,1596704.773659095,-1174273.8508404433
58GA,1599112.939961481,-1170361.0219076234
SVN,1771560.486591785,-1245250.846948748
SAV,1763892.7088231693,-1233594.0048643088
46GA,1771168.2098765485,-1248205.917888836
GA37,1776447.3475313394,-1241993.0860936781
GA39,1762871.4515839212,-1250125.1824190533
GA35,1745366.7487378593,-1234336.0207830966
64GA,1435043.411242926,-1169906.419774029
2GA8,1367228.341601704,-1061853.967484029
29GA,1424727.1104291205,-1160421.662776501
1GA4,1708811.968566292,-1222944.9321271547
3GA0,1465520.8215378341,-1136640.5935166075
43GA,1459279.7765246448,-1139385.9546277572
7GA7,1463357.0519188314,-1136139.574306667
92GA,1461733.94039551,-1105074.0708871628
GE34,1460723.5416646963,-1104558.8006162036
3GE2,1462751.128535773,-1104001.3317542537
GA87,1456794.2710967038,-1005867.6955506669
GA23,1335522.6050000198,-1041679.0669652572
0GE4,1459081.5405054877,-1160017.7278516681
SBO,1646649.3341331545,-1204407.741983348
93GA,1648987.6063624248,-1205760.1312632833
JYL,1716763.5077512807,-1185146.9072130772
14GE,1325662.5826388113,-1020028.3583036369
86GA,1359539.8800545498,-1004747.6972085914
51GA,1425400.17861944,-1146325.5554011792
94GA,1522715.6689826683,-1268622.9576824398
3GA4,1428429.779392447,-1135278.8968497813
VLD,1597716.324878084,-1421326.9514697362
0GA8,1582605.2658421074,-1412369.9762128543
50GA,1598505.2456175021,-1402039.454923645
7GA2,1604386.7185766394,-1420455.2957812897
VAD,1602039.0584642957,-1399318.2871450395
8GA9,1446885.9582087898,-1168465.5837207895
VDI,1654877.8171745043,-1249926.7409657168
20GA,1395047.7589020336,-1123807.628632712
3GA5,1392239.464711187,-1137797.2004794022
GA51,1693197.9791622385,-1135721.7134031737
2GE1,1669590.0496649242,-1145648.4442626736
GE30,1668383.5617733453,-1130240.6643910608
3GA6,1397098.7621015762,-1144424.5979241012
6GA5,1396184.8289880834,-1143730.6427882665
5GA2,1395893.9817100628,-1144374.5091163118
7GA9,1397149.4915323555,-1144415.4536317894
95GA,1395018.1270199008,-1157727.5575028963
GA2,1452151.6391572123,-1178024.7612574955
5GA3,1452656.7764688288,-1181149.185322402
96GA,1452432.689009911,-1177703.551401802
WDR,1501505.0272561153,-1078205.9283159245
59GA,1497290.5412477276,-1076138.2736793647
4C7,569987.1465274552,-248418.7116243492
4C8,606554.8798661083,-418463.81974611024
IA22,603442.2881967903,-413513.90689021617
AXA,464840.50724023156,-197407.53410889796
K98,586597.6550677277,-222803.44602107475
C11,673328.6525242241,-323106.0663405309
AMW,526659.5936098022,-313952.59952077473
Y43,435813.8870365442,-381943.4399022293
BNW,507594.84968771186,-308996.0542156527
02IA,505164.8390295561,-308427.8570339776
09IA,628899.2274919384,-332716.1817306801
IA70,497278.5369090412,-156232.98157894093
BRL,745915.6992204684,-428631.50825470244
58IA,741718.9118486018,-418898.4994232425
CIN,430118.91670026287,-314695.03098570846
0IA1,423582.9742121209,-314074.50614830526
97IA,378109.0202401826,-405870.4335494109
24IA,612179.6684921101,-248216.4086060359
IA73,687976.1861674716,-300209.6803225359
IA72,688461.9618641348,-300973.0147189083
CWI,799290.0850713863,-305208.3294316405
7IA5,810291.9704177529,-300514.89593823015
16IA,432204.3374996155,-333043.67507240566
CRZ,440117.78606904834,-431336.4677943092
0E9,568980.1938711638,-448457.602591054
IA46,563107.4836364458,-449188.4465098617
CBF,354544.03789159644,-406649.8084516893
IA35,342781.10537413455,-415359.4317061845
6IA2,348160.04019565636,-405936.78619439184
CJJ,634793.2517683762,-151118.20262642668
CSQ,472724.14056691853,-426135.8362891528
6IA4,528252.908862689,-355709.2241710591
IA64,529066.7257564617,-358659.7816080114
IA82,529745.4932254856,-357515.2644353637
IA98,530836.1258049111,-357156.0888819636
1IA2,679410.4516096456,-138407.73594845433
IA10,762645.7268872345,-235397.26846543557
2IA1,761755.0775210831,-234909.68044177536
DBQ,761015.1531241522,-245630.72598909368
FOD,475403.46497476276,-255401.0975476766
IA74,475758.1633241919,-261874.93774361158
FSW,730392.1260320141,-444151.65688543604
GFZ,463660.13036031014,-392673.0033660223
75IA,463342.5422817149,-395285.75316505873
IA09,602070.4351611679,-335554.50769437116
GGI,602271.976517935,-339148.3321096362
6K7,587497.7851080061,-268892.2843346408
GCT,461882.82479960413,-352695.5065112723
IA23,724526.4565492333,-204128.23511818706
IA86,542090.0176658628,-393673.67545013933
IA85,538077.6846173583,-375194.5330004261
6Z6,536937.36401242,-389930.0573411323
IA71,537393.741486917,-382676.75646826206
IA11,530312.3833560352,-391513.1744635235
IA41,536513.8630005206,-377533.2608713619
IOW,701148.5477201693,-337504.2966518577
IA16,704323.7445915792,-329486.39946324576
1IA7,700956.3199576533,-335258.0668587168
IA92,695523.6335997349,-330807.4927420365
IFA,551307.2682478629,-258481.94243235452
2VA,290164.0396786425,-165877.64003493072
IA84,311548.9570391695,-272589.3028084531
LRJ,310605.47666955023,-239767.79997575804
12IA,315039.8188239116,-237111.77787730005
6IA0,526593.7158067503,-452335.67575704283
IA83,474255.5669810845,-210435.79107317282
6IA7,691928.1667831596,-411068.767548057
C27,695743.5377763712,-242852.6840314227
MEY,346551.8652852443,-304837.1839028522
OQW,762930.1793094415,-284846.7033949732
C17,698142.2612373391,-294158.0725269356
IKV,533771.0389012614,-346946.6202324331
AIO,412867.79040602996,-387384.7813278872
IA67,417671.9123103491,-387451.8911141988
ADU,421569.12971207994,-353689.21188716264
0IA2,420051.0025292172,-352300.322858873
Y46,444697.4561378448,-470743.40368921607
TZT,637855.4573106737,-317020.58008598094
15IA,787783.9975144027,-261200.33187828038
Y48,521591.8439082698,-218303.51361732057
IA27,621607.2636196407,-419185.95160901186
63IA,638180.8283224385,-442060.2039739113
4K6,637340.8129418894,-445192.7642543648
CID,685025.5455007816,-311739.8633571619
0IA8,677985.4216259966,-274049.045193726
TVK,598115.8501769614,-454016.2272709348
IA25,601158.4839278242,-445715.53845066944
CNC,556695.2203035244,-420070.18309014407
IA19,561411.5374169975,-418807.1738646708
CCY,599280.4884661324,-187183.0398393128
4IA3,593560.6939036559,-190097.8825148888
CKP,362842.03731084306,-242382.8077647674
IA13,363309.51692653954,-239160.16232681557
ICL,419119.52204125904,-462929.19590741716
CAV,509171.474402382,-231795.26535533168
4IA5,511337.45902898273,-233787.6772200682
4IA0,470713.2368317824,-420985.01787437353
1IA4,469849.5266709149,-422531.81982022856
2IA9,504472.9280873931,-181907.0013749603
39IA,496296.23707288166,-351113.5754794986
DVN,780693.3468590536,-332095.478553573
IA81,781058.4137487859,-339379.8279918865
2IA0,784151.4336717126,-339374.66182256205
DEH,667421.6302118122,-157923.18388097317
IA04,664334.3329115374,-156142.34934377915
DNS,381734.59048161196,-324341.6464917524
DSM,527073.5637794238,-365025.8008899143
IA8,721577.0599850585,-239476.76670921448
EAG,496636.06462188193,-236151.09536478587
99IA,603458.9267047145,-394137.87418081105
I27,701082.1365080932,-202357.85244083853
2IA2,698264.9834382561,-201217.06520482377
EGQ,429631.2356288911,-197097.12664943372
IA79,430474.77950460056,-194965.15283808977
EST,424090.43164392695,-163410.31561441722
FFL,671493.3306862197,-405788.16312021186
7IA6,674430.777003304,-411284.9427472885
FXY,515945.02815589856,-176112.45606849814
2IA5,367122.9197213543,-477133.66907174664
IA31,550690.0282965609,-225726.38928086558
HPT,552663.2403056634,-230197.67415432385
HNR,387541.4780520835,-368759.52679591434
IA55,388306.2828592189,-361732.5124451666
11IA,614349.2492084648,-266560.0752298756
0K7,469617.60827618587,-235328.58454153026
IA90,470800.48612020374,-235449.5287208214
IA37,372983.6689082091,-285511.7516217264
IDG,374317.49446883454,-286168.3514650429
IIB,659448.895510169,-250299.90739198148
EFW,467205.0081215225,-316339.4477833105
3IA2,463210.0882817253,-315873.5671370678
93IA,522113.7107331884,-284377.2202913607
EOK,724148.9050754498,-467091.6158923418
6K9,677516.7470650524,-441077.44844933355
27IA,670468.0144696662,-439898.1222786507
OXV,574746.7965503458,-387392.5061316124
0IA0,574801.6676873819,-385998.15737582813
2IA6,431933.76669293985,-290168.3146538916
0Y6,523455.42460498464,-155549.50400124837
LWD,514380.0558960775,-466534.5644641154
6IA8,585134.9718133087,-302708.928169425
MIW,583492.4309609625,-295801.70347977406
MCW,540264.3292846992,-182753.23637997994
73IA,549486.2237125315,-173309.34661487752
IA88,789432.6183395354,-320555.4737012733
0IA4,748272.6809535458,-400965.6799166034
0IA9,730744.0402353927,-424616.83351244923
4D8,391310.58640185924,-173697.90073578455
0IA5,566089.7515111228,-435751.2638607307
90IA,342255.14262855577,-376087.1808893313
7C5,620492.9514342665,-355560.8322162893
MXO,726149.8624374244,-269857.4073986682
1Y3,487055.39616015623,-460256.24979638826
MPZ,711852.5923322088,-413927.1324135695
2IA3,707580.6085843141,-412683.7842563805
MUT,737291.250389808,-364092.36519929394
8IA0,744226.907451845,-355952.2857238321
1IA5,540343.6075887602,-310032.6010932237
7IA7,623353.4769532629,-183739.8690740546
1Y5,620752.0088984881,-183554.91885240347
IA50,622706.9713209319,-186036.40026981386
IA34,615080.2902056684,-383826.7234117012
OOA,627026.3234114635,-390956.0166030473
OTM,632079.9133499331,-403773.58974753896
3IA6,637507.7125864017,-412013.7279492257
IA24,685568.3632159731,-325853.7868954342
04IA,665000.9250105531,-402772.55409870547
1Y9,352518.5220779296,-214369.80391865972
PEA,587775.2732791712,-374884.3528875578
7IA9,590452.0581620311,-373369.1707837848
PRO,483630.8924127402,-335633.5321944025
POH,436825.8915318555,-236664.48273916676
IA48,520208.9696099844,-342385.84069035767
42IA,305318.2655295516,-297572.4609833664
SHL,337569.30958065373,-190592.09452832022
SDA,386376.66675051226,-461555.3673496838
23IA,390134.19649839867,-461213.3159411246
ISB,342624.0038043655,-172405.37420114645
IA40,343710.60846984165,-167860.08894181091
29IA,368693.60564773116,-461996.02464789315
83IA,649941.4172568351,-378055.0484112012
SUX,296860.0545300273,-282383.89563473716
5IA2,295006.79856777686,-271788.6989668639
6IA3,294486.57587138313,-269264.88770547387
IA78,657169.1135357799,-282105.53227854293
06IA,675331.4698704096,-317699.37399334885
AWG,694519.9977875232,-378895.60466556944
3IA0,693503.1893347657,-377429.61278922326
ALO,621436.2166626019,-242594.55813777773
2IA4,627018.9766984773,-252962.58021752865
10IA,635182.640945165,-257150.2921781757
IA29,626752.9843888624,-245780.42384961518
Y01,689069.5854192711,-155127.1926796402
C25,610957.3247732993,-223073.48128467184
EBS,502701.9069641696,-266208.5262107656
IA95,506209.89312248107,-263439.83661454526
U01,-1041195.8472198609,-162956.76441352707
AOC,-1067701.0053190582,-67558.30259725169
ID48,-1234017.6218643251,455441.701206061
ID05,-1230917.5268433061,457985.6314069072
U45,-1213545.2166225358,-1646.5039960759507
52U,-1220834.2137678247,-15035.180180661646
55H,-1205669.1985980002,-19248.5107723799
36ID,-1205469.468137269,-20009.178999683638
U37,-1028525.4683032945,-90866.73526399728
U46,-1048614.9547752966,-90013.35796758546
U48,-1066094.4609461057,-111437.42294652868
U51,-965360.3990920035,-183177.72647587478
ID16,-1145733.5161853468,-76785.15826279183
U03,-1203456.5570842943,-157766.92711909945
BYI,-1121803.542977489,-178459.48329942164
EUL,-1327059.8532150874,-14630.852751864672
ID80,-1331494.033201388,-12301.450570336752
63ID,-1337147.4510196077,-13088.372748392412
ID00,-1326067.3930706112,-8688.592189052219
ID77,-1316295.3450872612,104559.72532116508
U65,-1120820.9420254414,-91892.3720398458
0U7,-1093085.232512161,-94951.0872521225
ID44,-1278555.3238670488,41888.963496287535
ID55,-1261994.939183858,71983.71062318064
ID74,-1207586.7771158488,63322.09974212181
U70,-1259935.9198313465,68606.02602563603
02ID,-1203641.805716693,64710.908809211236
00ID,-1193007.1254734185,471524.86962381884
ID33,-1194815.373850403,333992.1358873904
S76,-1245554.173458345,428574.351627956
S77,-1202730.5710878624,438884.214947904
ID27,-1248906.8906947013,438823.7547400477
ID03,-1245605.3344255278,431240.8757975295
ID02,-1245372.091957119,428535.2696546926
ID43,-1246777.1875974003,415023.3050409312
ID65,-1246681.651488837,418400.4858340439
ID71,-1244902.099485707,430826.93197990645
ID73,-1257203.1960690324,412183.79889013537
ID98,-1263593.2957043156,434814.28293138667
15ID,-1263573.0464745332,434007.9589199053
6ID1,-1240010.4725925736,424085.78160179046
U58,-989638.7581646589,-212991.7620435503
DIJ,-887986.0319040237,-79136.67486482523
U41,-970190.0576217115,-19961.99503083046
1ID7,-1166203.129437107,-165601.00725915597
S90,-1187245.0742998677,205698.63857099757
9ID6,-1182965.4672685685,181047.37869907232
ID85,-1220596.9977441786,322296.58908696764
S78,-1314789.6157259915,6875.16169959871
04ID,-1314076.867823965,9582.001457924836
98ID,-1309904.1037357794,9054.04476101807
U86,-1188589.206081587,-76010.98737881538
0ID0,-1207692.6500976267,-42394.725938497395
0ID1,-1186947.7227587097,-155813.0062607428
5IA0,576239.2256123896,-342102.0659597766
TNU,578977.7708500376,-345134.02447369456
05IA,561684.5712466933,-183189.3034369053
5D2,548079.1882095304,-149617.1856563876
IA01,378401.5423501926,-395215.2825132085
OLZ,654882.1307355243,-225694.04097349537
IA57,660845.3021801874,-225679.57597789587
2IA8,321605.50650567084,-322986.4182307277
D02,582222.4858371918,-164150.46575250418
6IA9,522637.31582793733,-422043.665554064
I75,528876.8573638167,-418624.3471273401
IA63,621911.9614963576,-387817.43456047744
IA96,355213.5159103998,-203030.15272642425
2Y1,540848.472288599,-276507.13106824964
RDK,397801.54441676725,-432042.72256272705
IA91,401433.9611785569,-429975.58554950537
RRQ,308287.42110477964,-164875.95755349396
5IA8,309092.75735143584,-167947.4511183347
8IA1,301173.10707881313,-193149.1759437927
2Y4,441681.04216383427,-275924.3225836238
34IA,573948.9592164663,-421147.4572669735
SKI,412182.5209116142,-278777.18454535655
6IA1,412019.5871852271,-274349.9037664502
SPW,388862.07325965323,-192533.23276355816
1IA3,393820.2351556462,-193951.70125147462
IA99,393503.34705364367,-164244.69252204132
0F3,392541.9340351142,-167604.37897039336
SLB,389404.72410826315,-255830.7098865674
IA33,472208.03963487496,-373172.30203774205
8C2,594402.4064151667,-355006.23542733415
53IA,612925.283754489,-311929.33495103667
8C4,732320.9214628114,-320357.5899944266
8C5,615078.3828309848,-306902.41062883846
8C6,620476.2176952816,-282650.8422920943
VTI,655580.1506096547,-277323.7153939528
45IA,741559.4349213231,-426006.6599409479
19IA,738534.6170152014,-421159.00629823364
4IA2,728823.160860842,-340574.4186622177
3Y2,666485.8493633434,-190497.02481761688
IA58,315735.7892328271,-313395.58618302486
3Y3,498693.91783548816,-386245.99228305905
3Y4,358119.1666366937,-353471.3984495434
IA89,503554.82575816073,-329155.8847291916
IA30,758950.721341724,-257294.60594841125
U36,-1043550.5684610588,-148605.0141557546
ID46,-1236175.5738688135,294101.1726298774
U54,-1150896.1509331565,102958.34993243945
U60,-1192845.756170373,128345.27034845101
I08,-1162497.5841425199,123736.09380374769
54U,-1192526.2850177996,128283.63587121654
U02,-996172.1529687655,-123495.72399275166
14ID,-1293136.1490734376,-18335.588501627906
ID58,-1300019.7520738232,-26015.23971569295
ID91,-1298321.4206062534,-23781.489180827957
ID49,-1292874.5409510734,-24979.927071622224
1ID4,-1276586.1002014447,-62694.937905676394
BOI,-1296364.617988922,-29797.04410178459
65S,-1185334.2002134165,536198.1405084127
ID35,-1275439.2101122786,42871.12209892014
ID86,-1235153.5813078848,41516.44774925353
D28,-1228180.1319736238,523933.61232630786
34ID,-1238607.4563432634,301248.8102853211
C64,-1141784.369830585,292911.72574819624
LLJ,-1119901.1512102673,45590.323881645294
U72,-1165548.6032985197,61611.68345681241
C53,-1160043.359575442,85241.81190385623
99ID,-1120647.2091688395,44345.01578421523
U79,-1178130.160268506,153474.31124930884
ID32,-1188308.3053945904,466014.259765359
ID75,-1189917.4506764996,468696.17038679565
ID01,-1191962.9451837668,470475.8577575463
ID78,-1190774.938219943,470641.70398322854
0WN8,-1260360.3850846742,383619.9766216649
COE,-1245566.559108361,440259.02116824
U81,-1160674.1513976015,140433.12873032756
66S,-1227948.2549303304,521571.2209337413
S84,-1249779.4579672997,242897.09142765755
U82,-1287438.0975708298,103652.4273418015
03ID,-1293184.1649531515,109869.50967463844
ID17,-1300240.9676767255,136091.33389549796
S89,-1256115.922313964,268068.83474613726
A05,-1199598.567066798,173748.6673507177
C48,-1199632.152512015,159633.8697307482
ID28,-1201669.4170687639,158029.910246718
U84,-1260775.591730059,95758.9373676978
ID96,-1257555.670093985,101503.13382581821
S92,-1148104.4758076747,255875.1952836596
2ID6,-1344889.3274205122,21740.593492736487
U88,-1262656.6101204064,20681.292989045265
D12,-1262297.3046241559,20312.58564533828
U89,-1238834.4405850826,-111801.24266366927
3ID4,-1236663.0797187446,-110982.41623972986
GNG,-1194433.9089945427,-123146.5898578562
1ID8,-1189502.2509524757,-122221.11510289932
ID62,-955911.2955067809,-197225.92449985474
GIC,-1236239.825637415,229148.85488070588
05ID,-1139582.5603688853,206978.6887381545
37ID,-1225819.3578546862,208764.0830083922
66ID,-1241949.1155165574,222789.04903875303
U91,-1294552.0017326267,-165843.15932442705
SUN,-1145634.9095447494,-65437.36131773017
U93,-1157914.839696085,-88536.25521175005
ID38,-1259259.770582442,443863.3489029084
ID21,-1260837.3439283643,441505.5450686191
U94,-1150434.5119765424,-169676.14747701515
ID84,-1197048.4250873162,298102.2202965008
ID88,-1212001.682009123,-77830.95378704624
S66,-1350052.078299812,-12893.826565527925
ID95,-1291306.4398708516,2994.437087197568
1ID2,-1286677.5959706346,8145.615517689681
S73,-1221850.4287536885,257817.69499356704
S83,-1204894.6984273617,405750.78397435945
U61,-1122615.732554739,-19657.904830058003
ID30,-1149207.6259727431,-34371.45478275658
1ID5,-1147151.2990317938,-48755.89980151706
U99,-1109723.3778462808,-124569.41924414484
1ID6,-1168069.540893549,-165488.84025926818
S82,-1221152.7613057485,247745.6660583776
06ID,-1309292.6152099078,-38753.332138975864
ID68,-1316654.2113508522,-34735.9847248476
41ID,-1306537.2053080413,-38323.46421726275
ID59,-1256939.4307915042,105073.42907232702
0U2,-1103355.0621369726,-39069.70504264018
ID56,-1116659.8370425217,-16380.597104571394
0U3,-1170053.9417591204,79831.39614584405
MLD,-1008592.4264585909,-238779.54525100687
08ID,-1339745.3480367842,-20251.198020057196
ID40,-1337599.2377350682,-38004.95072207314
0U8,-1093128.6282861228,50705.65522262462
0ID2,-1086940.673548809,30777.721364686888
ID26,-1281183.4173916688,-70654.02491019768
90ID,-1305419.029056911,-24093.41265061674
0U9,-1318094.1201891906,77063.3249986425
17ID,-1306242.6667786126,69161.22559473763
1U0,-1080234.6743009603,-136508.0118148986
16ID,-925586.6235593639,-234363.71170737286
0ID7,-1346287.2602952537,-57589.80555950406
MAN,-1319567.7106554387,-23095.963959000317
ID79,-1332566.7063887275,-28722.338812582435
38ID,-1332541.870742345,-28600.683175757356
1U4,-1269976.3713592985,126026.03655949105
0S5,-1238287.584463162,263311.24580025685
67S,-1236373.5872426864,529727.0744201107
21ID,-1228732.911006864,534631.0067244598
1U6,-1136009.1225430288,-210964.56962726734
91ID,-1278263.770348591,42507.23947956415
S68,-1235304.7083379019,291626.89685412403
ID29,-1208957.9271492194,309654.8629467938
ID20,-1259662.9780752212,438580.27016273694
2U0,-1244572.700138807,-47615.38186375438
U10,-978675.2793184341,-250366.2879275407
1S6,-1242134.2392389134,487128.69364412554
ID61,-1247158.2341711968,500339.779211103
96ID,-1238562.1426006467,491492.49879724934
45ID,-1232960.373702258,501086.279593324
61ID,-1247869.9707750683,488216.3094073148
RXE,-942736.336547244,-61086.89355836215
U56,-955627.662990557,-80730.97652577351
93ID,-1251784.9980616297,172718.28831853546
ID12,-1005916.5435713452,-124804.15889202047
2U4,-1011058.7570042873,-123426.91419668365
1ID3,-1229462.0126143934,481803.7846812882
68ID,-1208780.082787658,486778.9088543316
26ID,-1201571.3691235085,498266.34209321486
55ID,-1207020.3140725046,501374.976925599
ID54,-1201878.5997191828,511486.5124575629
2U5,-1138457.476835455,215335.20750339294
0ID4,-1168287.6500459486,-113089.66512814599
1S7,-1256112.0762382715,202326.58931948955
U87,-1177072.123780642,-13399.882997610559
U78,-943431.5016430975,-194490.85644392023
85U,-1153550.755343428,117109.53712829755
ID22,-1238764.8840295426,462080.1723637284
2U7,-1181949.702726072,21169.142419433425
2U8,-1176872.375846451,78695.29550700681
9ID0,-1339384.0229814092,63198.61372765621
ID23,-1258546.1138896018,399385.82963979186
I92,-1228025.6808080822,107726.4376611731
3U2,-1210093.7833837115,106487.81908433593
79ID,-1214810.6044339605,236920.79113778597
IL01,803261.8100714043,-421111.8861926807
C00,772799.0090153246,-373514.02506906865
12IS,771458.2123026472,-378431.2618145926
7IS7,892165.9099825138,-620918.3556701036
0IL2,951357.6951472663,-625705.4792810971
IS81,1013206.4180704204,-293901.20919165213
03IS,848942.4189881923,-626896.5607016055
IL21,964361.9678961185,-288615.93327035307
7IS8,969573.2350841105,-294308.1422421945
IL08,970494.8325296658,-241570.92491261254
IS12,970805.6864245565,-263598.69323070144
36IL,805208.7769700241,-617867.3204039942
IL86,811377.6092057814,-516109.5403542832
K06,816257.4457784455,-511372.57489035797
7IS2,863821.9663376556,-668034.5579207706
2IL7,866506.4761559847,-668754.9397302264
60LL,866522.4367826816,-664776.3753733267
BLV,882706.3724716901,-663422.5148561556
U97,-1040784.7144743231,-45353.448234377625
ID47,-1339533.6937642074,-17123.275579255416
U98,-1261656.7618484178,-7563.202669138872
20ID,-1275934.155168096,-16135.892279933416
IDA,-968966.8405187209,-93289.78552923053
ID18,-963339.6002641681,-98893.75993167082
ID87,-963014.4278237144,-106216.87504642218
S81,-1184084.941023407,84359.04886201693
1ID9,-990255.4087616008,-174636.21046517603
ID72,-907813.1004157071,-112599.53253937642
U53,-893791.8652389152,22056.22032681544
JER,-1173374.3675175067,-148572.21902028905
0U0,-1219489.1313441873,77639.34642304154
01ID,-980460.5043475466,-193622.770172868
U00,-1049806.5827076484,50425.692769516536
LWS,-1293219.9708913397,290455.1027702936
ID37,-1292867.1805071924,295232.9548900527
78U,-1296929.6670993075,290131.3671146052
0U1,-1212920.4168731538,19501.078898062966
MYL,-1257970.5377841103,113395.05999116928
2ID5,-1255735.0560254806,103676.50336127194
44ID,-1259179.7924322484,96334.17602004975
24K,-1227534.9349362229,117030.46813859147
U62,-1083307.4763495396,-30270.35664682871
2ID2,-1086022.6339721351,-24790.067652748796
U92,-1087604.1547491767,-55893.31174040276
1U1,-1141706.623709255,231490.77146626715
09ID,-1157646.01152178,118324.64521659765
7ID7,-1283768.5927845417,328850.2574271393
MUO,-1279869.7148807792,-92441.55086662769
U76,-1266761.7120171085,-85010.34270925044
18ID,-1263713.7665083732,-84749.86611547577
0ID3,-1263355.7300196465,-92031.61923737086
1U2,-997488.3010888521,-50859.78270119409
10ID,-1116219.8572113533,-71678.7571509338
1U3,-1329650.487485838,-62701.72942666503
ID66,-1234250.8452536976,290778.170817718
75C,-1195901.9551879184,196779.9343403992
59ID,-892497.1118319705,-141267.22686945146
1U7,-930013.5118387275,-241262.03373301806
50S,-1347656.471565682,5352.087487417524
S75,-1337707.9314309862,39254.59433671601
ID82,-1130946.7099072093,-90191.67643162457
1U9,-1226546.189629905,-54744.94530020112
0ID8,-1244166.000537099,211669.16150805922
22ID,-1266059.6984174002,7431.805334579719
PIH,-1020882.5433123567,-153459.86701089438
ID64,-1008357.5466443321,-160263.9716207627
1S1,-1193850.469742069,568191.6590848215
ID07,-1262801.0082071864,432986.72333712666
ID53,-1113473.4263676282,-170974.21486326872
ID24,-1207370.4845924913,483459.64695181
U12,-931368.9497389134,-49649.38985839844
S72,-1238404.497510917,387473.6023632646
ID13,-1243127.6523679981,388054.0616923481
ID14,-1238014.698139276,386098.7112080697
SMN,-1082355.6057740583,106934.0533549746
12ID,-1150981.4789409642,101649.46073806933
8ID8,-1076709.209396606,132010.9291034839
SZT,-1214348.9267362151,493614.26381206757
ID19,-1203648.3400408274,483533.88710370974
ID25,-1212704.0368108642,499117.73845005373
U63,-1207459.773350613,49523.72852102069
13ID,-1185950.3526609454,28510.483528035704
ID92,-1316282.3686753467,-6952.5757812535685
ID69,-1144695.2639905252,-41315.85725965496
3U0,-1257934.303332107,-212727.75502586755
2ID3,-1350140.087161286,-111405.83819336805
ID94,-1259680.61892007,329241.42326154286
TWF,-1180568.5697662674,-175042.28883304854
84ID,-1184022.3126514764,-167452.79840742305
80ID,-1179148.5588560037,-162936.46242721117
ID15,-891415.4211961315,-97615.36580229338
3U1,-1217675.8534108028,148545.77042536018
3ID2,-1216180.907724399,271590.887777457
S87,-1339630.7685954226,52315.73360482692
1IL3,850322.9065440468,-627744.6411631877
IL07,885938.5099958674,-306395.0130640196
4IS0,947920.1470413691,-776365.8004401785
50IL,965705.1480834649,-209253.96408537653
IL11,976915.9797606508,-210267.0265521617
IL28,804156.1736557254,-233334.33637516852
IL12,812202.6579893373,-522298.7847099865
7IL4,987014.4315802734,-253562.8046937949
IL94,910853.2955157966,-471284.51931634336
3IL9,904205.0018095245,-466010.690686377
IL34,922580.0310341686,-246277.38052643253
IL36,920527.8693155724,-234660.3026326767
IS83,921557.8992543659,-244952.94970218212
0LL0,924033.569208664,-240422.95296120463
1IS2,976246.4985736691,-499480.62724210415
4IL9,912681.7834114436,-403526.335082265
H96,967787.1069144508,-712681.8851049107
53IS,969148.7539017946,-712393.7289494282
IL38,947648.3795749067,-293115.1396475243
BMI,934761.0119854604,-439927.8385468958
IL40,931293.8425916135,-439818.2684909765
IL57,926774.8225975736,-447198.01762098505
IL14,925867.8872801928,-440801.8565852804
3IS1,920970.4266780689,-529039.3983767374
3IS3,925666.0630809985,-524031.14974642254
1IS3,933739.6480892346,-527851.7139888781
1C5,981730.9704655189,-296220.8853277829
45IS,985505.533179174,-297358.42725836294
05IL,999364.574310749,-353986.7168397747
3IS8,866011.2708310083,-364305.43910038477
8IS0,908475.1361552909,-651055.6429656972
0IL1,1003107.9017081688,-274452.4992534127
60IS,1043953.7661513217,-658000.8989701597
4IL7,813020.3800678623,-626805.5002440248
IS86,986707.7484744336,-369153.841323607
16LL,951905.8799878813,-232521.09523548707
5IS1,946635.1244262643,-747000.927172761
44LL,868901.0845713342,-580493.853070635
CUL,1036978.7194010082,-693989.1174560088
5IS2,823695.9429383618,-586389.5977701133
IS51,743143.1911722432,-466032.2913293383
IL50,751309.2215536436,-469976.3537778058
IL52,748304.2690125931,-466845.4723659405
5IS9,757398.5626086505,-477658.2280120209
1H8,1029010.7920154096,-558730.2823009376
ENL,947285.4539116261,-658564.2517734817
98IL,944618.9434268969,-657055.2495093445
4IS2,892612.3422722883,-732551.9104485421
UGN,991566.4791697655,-212949.77225354628
LOT,985814.4059496357,-305513.32899237616
IL79,1002860.1999775277,-260371.8565210991
10LL,1021194.9611339926,-268674.91425427125
IL69,1021146.7775986477,-278606.4992145358
6IS7,1015008.2223663724,-267965.09660613094
IL70,1013393.760023289,-263066.70990440686
4IS3,1023098.9706918346,-279326.79815014265
ARR,952192.2737254928,-291916.41517633095
IL75,1016212.7447786267,-270933.46688131674
TF8,1010439.2447650307,-307375.17032954714
IL82,947339.3652197707,-479527.36099242885
7IS3,924720.732693388,-478766.24975547596
II41,945707.5192567136,-472762.17893075425
33IL,940673.8724108266,-474070.1865561468
74IS,804921.5654846774,-342285.34919978323
IL91,849233.6523731564,-677855.6715586357
IL84,750186.8242915898,-451285.3847507474
C82,901010.4741316248,-300025.8450165512
IL87,900855.368011548,-305821.54586987314
IL88,901005.5366975752,-309859.39377693104
2IS9,950703.8101109988,-426399.13708453806
40IL,948583.040260348,-378599.3516550134
6LL9,907987.2377437546,-699828.826837055
93IS,1046335.1124598553,-461992.7863146146
IL23,862933.1851402869,-228649.7151390447
DEC,948140.9322784625,-510306.0377365177
8IS6,939588.9462708316,-507824.0930079079
9IS3,942581.4912017924,-511763.9286261909
49LL,934509.9390064818,-510999.42654501525
0IS3,853719.6323040689,-317639.72221716854
DKB,930936.6956089399,-276683.4447015241
0IL6,929223.4418032584,-273904.54575100745
0IL9,925427.1169484479,-286340.4605626725
2IL1,873151.3767866499,-230528.50940846268
9IL1,872765.083920923,-228691.85801355206
47IS,869807.4414205212,-222230.69104583826
DTG,964879.713143138,-362050.2963520635
61IS,970306.2658799262,-370040.26925921405
2IL2,964203.8330081629,-371062.71511493996
08LL,961555.772847744,-368971.8269738984
IL99,914473.694017454,-317288.03667048784
06IL,922384.2786518835,-315456.18552752794
2IL3,799102.7181526059,-340531.51148231776
9LL5,900466.9900732388,-537191.333975988
1H2,987327.3441860169,-590771.0190868508
11IS,985114.7461590882,-584986.4264075527
77IL,986280.3027886369,-589843.0695095652
II31,986499.4393845696,-352724.1563783958
26IS,964791.7097056798,-403225.82275689626
4IL2,961167.1967543769,-399048.91423239594
FWC,1007721.0607840735,-665651.9967045833
57IS,1020737.4172059413,-670771.3872167498
9IL8,1010922.3234621594,-664997.1137124946
IS26,964210.9605130191,-468900.83824181044
35IS,961120.1421057496,-542936.7235522557
GBG,802047.8020481032,-404953.398368702
5IL3,807272.0865827937,-402359.017913581
IL89,807250.8333004661,-398888.9800907696
3G8,822339.636088337,-346286.9037880612
9IS7,817332.9471704438,-345118.2895912423
3LL2,818187.4346978999,-344394.6552306737
76IL,961155.290718147,-277655.9127405308
30IS,935379.6293563559,-259930.6334368328
9IS8,980436.4445285879,-433300.3086023602
9IS2,988916.0354499322,-431805.78236404917
7IS5,954841.6231036503,-252203.9605780872
LL45,875700.7210658477,-592884.4953099401
4IS9,865199.9622395681,-604976.760276869
IL15,796751.1569332368,-446862.09094685357
CPS,854779.8525962442,-663979.1594928645
CIR,955593.894561872,-820186.931112683
56IL,909323.694702127,-220248.6850715703
IL51,974683.7995128311,-371294.52568913304
CTK,836471.3344050465,-442209.67370310455
97IL,839612.673866926,-443629.10779474897
09LL,919935.1648010857,-218117.30763685395
LL28,922565.3022575873,-221722.21040315382
MDH,943278.4293008858,-741753.105136196
6IL8,937677.3808588049,-655410.9035609226
LL59,858724.2570903456,-663599.4743287667
IL56,994032.855054153,-460533.287653267
CMI,994844.5501680748,-480863.47795035475
IL59,976131.2553957273,-326751.26235023804
30LL,822197.5306553236,-535229.4437931812
25IS,875572.9531112527,-534075.1290480411
4LL4,1003728.155357591,-374083.7959102115
IL63,951657.7154469063,-412556.9171215791
11LL,943980.5457560176,-411024.6704107268
LL35,1030675.129839657,-285674.7742962965
MDW,1011185.7905791267,-281702.30650750065
ORD,995411.7016669,-262546.73068444384
PWK,993762.9289673535,-247316.96572841192
3CK,958042.238103257,-242125.17381622814
75IS,1020093.5434782803,-267894.4530711505
DPA,968758.7472867441,-274332.8404663296
IGQ,1033512.4017185941,-306606.6353566599
IL77,1013800.3441394123,-288387.3993288237
06C,979462.8571664786,-263507.3292355056
4H1,982510.0266540917,-256443.0751030858
IL81,1000770.8617854894,-378987.5014616435
IL93,912914.9196853761,-277873.12778929336
IS79,955174.5482266945,-239179.37486197567
IL18,960912.0819474624,-240166.84935144754
IL95,987754.3892382953,-348582.26594370976
9LL2,911441.7714551669,-717170.3685147233
27IS,988731.8466415646,-694083.8630454345
8IS5,1006776.763347335,-391554.27284339926
DNV,1049575.355807581,-454638.572639808
IS88,1042059.1398318006,-461540.19716184406
IL00,1052906.9435222822,-465411.41876890056
7IS4,1055612.2534764118,-461396.1634126536
6IS5,995528.9939258046,-253730.1214565839
C73,871724.4943645314,-295889.2027051443
49IS,868857.1189584788,-295059.1515992147
78IL,868097.8897935717,-292001.0027961322
6IL5,956511.1292297732,-783940.6923602753
0IS6,956504.526116065,-786282.7887740397
01IS,835271.4924706952,-616360.6021801471
0IL4,989774.4948965907,-281189.4367833424
LL22,991814.0954589639,-290588.2113225125
14IS,941286.0073874532,-714298.4349381964
IL05,973902.6972319722,-578971.843929938
2IL8,964159.8147411644,-262215.48124428623
IS20,960358.9222649568,-260965.0948789857
25LL,959542.3958720906,-257066.97856783032
23IL,986021.2316830893,-260808.21163415298
7IL6,994836.6168568354,-275285.23485202214
2IS3,850960.9362769859,-372839.49737882364
1IL0,923398.9147283562,-407990.3567821336
LL13,1022203.7687218548,-700689.5073971571
3H5,821788.1283037227,-319140.1907748915
IS15,913390.4216282382,-268001.7211123122
62IS,1025125.6191837726,-470947.54596506426
FOA,1000089.4438288364,-634547.7922155927
30IL,998211.7991855015,-633085.966231684
64IS,966672.2175304458,-220281.3325094662
IL44,965963.940240727,-218851.6958322114
15IL,886431.1994145995,-298060.79955555935
FEP,854927.4149394234,-251740.30897843014
50IS,849700.9346730349,-246946.36250407103
IL47,854534.3265187155,-236957.63968797945
22IL,786084.4252062037,-241604.80316556568
13IL,780981.1479225727,-237970.57439240222
IS09,984361.6931881391,-271227.15697575686
0IS2,998062.9526328817,-249012.91075734977
8IS3,823512.4923661238,-622518.454256775
3IS9,923004.6653123712,-760630.3799612769
38LL,854192.2678981053,-649534.1988742581
7IL0,1033829.1781396803,-336328.10447365977
IL61,990180.8313175145,-778219.0802946195
C81,976405.282850216,-226191.61785994997
LL14,981477.4853768571,-223971.27569417452
GRE,918187.3002680426,-626331.1448970947
59IS,914904.2775883707,-619226.3357474044
10C,950766.433936483,-221101.6903106752
39LL,735353.7687869323,-472460.58835641283
IL32,969526.4421918497,-513129.04611651326
68IS,939453.9482770647,-251330.20191838522
7IL7,942109.0665014734,-253420.90484674257
3IS4,792111.0058620032,-254689.01764403636
36LL,807201.3628929409,-603535.5867738306
7IL8,926223.0906874873,-323993.441807736
4IS4,1007429.0460279782,-738307.1297038476
HSB,1003932.5995178852,-729904.9404285213
0C0,929902.2196837959,-224107.12654025646
H07,896465.3849373033,-635478.8244136968
9IL5,998492.8567394795,-237073.6265957397
8IS4,905200.2694696694,-592614.0275933367
1LL5,898059.1305859954,-583303.6630713887
9IL7,814252.0997940442,-328252.1691527711
79IS,809223.1586740392,-571385.6710237779
0C2,933540.6488136378,-294652.2042500802
IL03,975323.4806480575,-256796.22873265092
6IS8,1028319.898583279,-481438.70929502306
01IL,1040204.9846882627,-426981.30497271346
04IL,924860.0834272333,-423238.7653412627
LL49,838647.1731158182,-610805.1430332894
JOT,980725.63149135,-316430.02088280814
6IS9,983702.0546747838,-314715.50373729423
LL77,799131.9473464431,-588178.4112538097
3KK,1008568.0522348345,-359380.92848744785
IKK,1014845.9387912339,-361673.4492730844
10IL,1011121.3227416468,-356191.9981041745
IL78,1018372.482397401,-354416.85631490865
11IL,1011852.3111623225,-356563.815393679
12IL,998736.3536851031,-349570.9942781228
EZI,837490.9749069154,-370749.6169251099
0IL5,838609.1099922755,-368764.4703378465
32IS,763121.3663897258,-499244.869688631
LWV,1071303.9463430722,-613030.5574524482
1LL1,1064219.4647570066,-618165.8234939695
IS34,1069812.4278067173,-619734.9743239557
48LL,866630.4260242652,-263799.2912559328
6IS2,992371.6666753659,-297323.5373195083
96IL,831675.1495336507,-240210.45589898925
34IL,836287.6654933933,-465386.97769955505
02IS,986678.025392831,-230302.42560916825
IL64,889839.4053101274,-479139.48143493355
20LL,899411.3727924974,-480999.305986001
5IS8,959785.342893501,-229492.1738947546
9IL6,896468.6085121399,-440965.36113112746
1IL9,919774.5727732427,-461770.7067574229
3LL8,1001295.6179127785,-700742.5849863231
0IL0,1000914.4894910646,-699438.1981803185
MQB,788655.8444858509,-453318.5319604968
46IL,788606.3882275625,-461823.53467456327
IL45,862374.491766377,-447968.478222132
04IS,968178.0461568126,-468879.19000445114
6IL3,973516.2896263734,-467214.97401488025
19LL,1005871.3207573604,-342102.94241632614
5IL4,900272.2196434042,-691386.70469331206
67IL,944354.8871776673,-339555.9393138009
69IL,941529.3079999016,-339154.13103935827
8IS9,870630.6470564161,-643518.8864973388
MTO,1002934.7024360377,-542767.9619694466
21IL,1003284.1353043023,-541438.8703973441
IL43,991490.7707566706,-542717.8507443529
5IL5,969746.2629284252,-347033.1031926571
14LL,1001701.0665150073,-268993.64187580167
81LL,897826.0392048841,-322174.9182825534
IL22,901874.4936090626,-326953.21987501596
MLI,789353.6062731321,-349255.42970866116
IS97,787096.3518893502,-347327.15015912993
I04,790435.4562923792,-347804.43000611564
C56,1023714.1432671291,-325856.4753519328
03IL,1012043.5424157646,-324815.5887059981
2IL9,1014458.0546753575,-320950.4734810284
C66,785477.8275772324,-407798.7932070209
LL01,783248.8411539982,-408960.2911985597
1LL4,959080.1115721059,-492814.26249045564
MVN,970009.7051589397,-677047.9309500116
75IL,963488.8835111682,-679174.7976529342
4IL6,963519.2370104599,-680853.511584368
5LL1,941488.9345372992,-531929.8355339037
5LL2,952373.0156039423,-534928.5504508867
5LL3,1014184.5064186358,-508348.18698767526
IS38,936936.8316616116,-743084.0972315678
4IL8,932120.867720136,-745630.465308014
LL10,975101.1343387336,-292641.5162624829
LL11,978755.3862220695,-289378.3965717136
2LL8,923656.9945318406,-681403.1727244216
9IS0,731443.0560259711,-457020.12509997503
8IL0,930236.7363334054,-229610.77573751044
8IL2,931280.254943628,-214656.8431728258
8IL4,931688.2977129036,-221146.3008134492
IL92,1021662.1174846643,-300433.6528249063
IS17,1020733.6741460671,-299841.9313569546
31IS,841544.9068125256,-471073.29779929825
9I0,845280.308217822,-479976.26968195714
8IL8,1019223.6814053936,-305089.98422469525
4IS5,877436.113005219,-696195.8876620688
9IL0,886898.6928116583,-376932.3130451714
5IL0,962657.5144589349,-736615.1947391271
9IS9,933487.5581458842,-456125.2883880496
6IL2,950081.4095229589,-241659.7049795422
82IS,952456.9693382969,-250088.19741038105
IL71,951424.5292654857,-736085.1028211057
IL67,968687.856992038,-698953.161640762
1IL1,908707.4591101266,-582028.180613628
83IS,945038.6626256465,-668806.3030286254
IJX,832729.5784734595,-531703.0785603318
84IS,831190.8647625841,-534897.4228262949
IL98,990943.0494097159,-319218.5140336078
0LL1,834721.839268624,-607683.9216668847
0LL3,832747.9761104247,-612301.2438769265
27IL,831917.4984909748,-606214.7482700923
00IS,923743.7588584176,-492122.2791271672
16IL,918654.2386419734,-265334.98959760874
IS59,910149.0405648407,-257047.2116929202
C75,887976.9373562722,-385286.3890760283
18IL,999977.5365668323,-282141.69699048874
IS55,763488.5963490801,-448213.89245180815
5IS4,956402.7349268501,-516867.3576968492
45IL,994617.5402483961,-231426.73914236887
35IL,895930.617475797,-326393.63358557323
6IL4,831266.6213984822,-264358.94043281605
0LL4,904120.8665239835,-338190.53451320605
37IL,905215.37017868,-482455.2802382207
AAA,904032.5464997948,-479767.0744821561
2LL3,910593.7700431109,-489262.9270414298
8IS8,976419.1133573926,-216227.5340499923
3LF,888536.0817703836,-593504.7517158863
73IL,891228.5006332508,-591052.713077349
4IL0,889314.3630888651,-593625.2483289728
IL65,778117.8647751671,-400198.6702956209
1LL9,870715.1353318515,-537975.0011519694
IS00,899682.2080582655,-403648.91574526427
58IL,1011116.3651133536,-343419.0873068547
59IL,935868.6407789384,-276874.08040081273
62IL,935442.6437728992,-247671.05238194915
63IL,936276.1032176465,-247866.5286250544
64IL,929521.9271013186,-242249.8154624594
IS57,933216.218173242,-248702.04935213816
37IS,933138.3482231995,-231557.35207996654
66IL,936880.0558810949,-238174.29272335148
MWA,964589.0323719298,-741550.5396939846
58IS,969921.0372195317,-744416.3831684652
5IL6,966374.714415361,-742681.4366641247
3LL1,898159.6788418991,-697694.1551312065
14IL,905251.9183556049,-323060.6338046352
M30,995211.6476121421,-801614.8597310386
3IL4,882659.2124040524,-485574.9349734661
1IL4,858669.5604220278,-680445.6931995242
81IL,898209.4117754349,-449470.7968985297
4IS6,911244.7524090523,-392136.8435136452
83IL,913164.3264884951,-396125.048334167
IS18,923332.399968937,-398354.8120125679
44IL,968105.9340159204,-315831.4153675126
52IS,975293.5594570166,-331941.0285322732
87IL,973231.1412235395,-317632.7280270587
37LL,874946.0537848677,-720078.8505451177
40LL,970670.0918519138,-481870.10630827537
C09,962125.0333940714,-329571.8741078626
LL04,962238.2634852666,-335701.8176495202
4IL5,827279.5880967324,-313689.55887619295
5LL9,830083.8499235442,-303874.5411145962
LL39,959767.8873357947,-348724.49182262825
AJG,1063354.0901564695,-631977.3103663111
67IS,1062479.8797123942,-652948.2764971978
5LL0,1056854.0330871877,-655235.3097923785
LL07,825735.10967216,-275859.3389249075
C55,873256.4580354455,-272849.34514790185
I63,782237.1274678755,-513914.0905274529
06IS,736141.1282837641,-456149.64068623533
38IS,728676.3690082615,-452961.1425332245
0C8,945308.360793269,-321287.5923817019
IS41,947302.4093704355,-327601.2752988242
LL26,883042.7539186802,-693645.4276230986
3LL6,891045.751875132,-685944.5148648424
6LL4,881332.167330696,-694694.6433261008
83LL,884052.9562235308,-690322.0021932214
6LL5,853488.1065931873,-527540.8880970079
IL24,863712.8113988165,-535481.6784506171
69LL,746479.9552176453,-372151.20246973104
3IL1,892693.3178769321,-619580.7081439669
9IL9,996191.4214577784,-311030.5787538797
6LL6,898219.2441868868,-667490.2048981807
7LL3,1021552.6250630196,-601519.4816791851
6LL7,1019028.4456929447,-595385.4533185743
IS27,919207.3559209369,-574021.7365024678
IL25,928226.3220407127,-438605.8142400605
8LL4,1031327.855757014,-622132.3135396712
OLY,1023010.7715685372,-624909.5224666027
IS30,1018900.559034275,-310107.5939241361
71IL,999352.9271526274,-255053.9585801154
3IS5,888136.395945499,-535016.3944977343
LL54,907496.0066389577,-303996.9823944379
1C1,1001107.7068295765,-433780.0620923352
LL32,1005496.5505571272,-433022.2390095529
88LL,834770.2963840204,-260399.687192959
5IL1,877587.7007141317,-237559.40673425392
IS58,871953.586328073,-242671.11836352304
IS19,874722.6552023725,-239155.85566461063
IS78,881481.8230964016,-234781.80195156613
8IL5,871775.3700409904,-235860.18002847012
61LL,900573.6204740294,-635658.1349903414
C15,870955.3139434438,-447021.8815930125
5IL2,927699.9310261217,-711638.4155529664
LL46,993100.3233477746,-391458.54312911374
PPQ,788481.2063029405,-552002.3338796032
IS44,785823.5536349884,-555859.8049779283
LL51,971317.7299977901,-308058.8789194172
3LL9,898853.5085568498,-632386.7431421794
LL55,860246.0640598916,-279720.37521950545
00IL,860372.3944921419,-281107.75594790804
PNT,952614.4403346166,-387190.67201359867
70LL,941883.9409787783,-386737.4657769501
71LL,959158.6361439625,-395487.9498814268
2LL7,943025.1946716635,-387364.5822879964
78IS,872946.7833356251,-702196.9876919608
91LS,869455.0606956045,-702703.9337586812
86IS,901924.9744189006,-410355.19503807847
RSV,1063597.5299994014,-585848.3820120948
35LL,1054999.3284851287,-587186.3322386568
RPJ,900939.3939703213,-285412.99728958413
LL74,901802.909271676,-272290.06389012805
IL41,901733.464794749,-281306.9705603509
IS93,858939.2772589024,-229167.39685792863
LL91,863080.016621782,-231625.89875546354
LL90,907535.1294849762,-222325.78883980526
76IS,985196.1534858919,-254857.840956701
LL95,979513.5290341447,-263829.21729691315
95IL,1021661.1150835179,-763941.0449572481
94IS,951306.324434994,-726846.7730775028
5K4,798728.1103416333,-497251.1566638177
4IL4,963379.3962197263,-595644.2273712246
IL48,882774.764709091,-642376.4790120905
9IL2,1015479.9618467015,-474898.64130145084
0LL5,1010425.1919156191,-470571.86559703184
SLO,956461.8936935108,-643003.6050953133
5IL9,957783.0763742765,-642868.5952785193
IS65,940340.9993466208,-308608.7355649053
2LL1,938120.8351783856,-319790.34266410064
2LL2,787335.353690116,-364444.2271158438
80IL,881078.4269095738,-225247.84716004602
96IS,1033790.544944668,-493864.59042813245
2IL6,1035875.1850607827,-491785.71177328087
2LL6,796176.3908613394,-343191.2582904809
49IL,937134.4961038927,-314119.9800559603
3LL0,890981.1176373063,-219418.006023616
IS23,964051.3003210991,-263705.8808175617
4IS8,887758.3954001174,-497233.4496500048
SAR,899601.5349067604,-705740.4065995818
4LL1,900836.8341672989,-289747.31826168555
9IL4,904752.2035032673,-294500.7144619192
4IL3,885202.081214846,-259399.14648900772
3IL3,889413.1588308826,-263025.3247266902
99IL,823770.1270701214,-251107.14175775414
IS54,927093.3179851733,-534446.4028251219
LL52,923023.5615447891,-364648.38187332265
54IL,934849.4227949792,-366687.82026180543
IS29,932320.3711136591,-368751.2883409076
85IL,971821.9853854981,-529229.6808022397
IS08,826752.8571773181,-477705.7128665984
34LL,1045931.3727329726,-620849.9301838197
IS48,957662.2765525429,-796688.1908660558
42IL,943873.2153015761,-244546.37039459895
5LL7,941929.315401996,-244017.78626328203
55LL,943480.6423878265,-250132.39921401054
5LL8,989900.5834865645,-360747.6625091331
6IS0,1006428.4606589028,-472840.84932971443
IS96,998850.1606923012,-471376.5585173332
IS22,1001491.1348300709,-471742.3414119509
C16,999781.4232681523,-468022.0498386316
27LL,842872.0417876736,-687437.2752193613
VLA,934327.7971390095,-606814.4115970578
IL26,940346.7430303863,-608392.2396982104
31LL,876981.4335733538,-283920.709522078
LL25,929606.1217722007,-341599.5806584814
8N2,931562.0435916607,-336656.1018762051
5K1,858194.6868888346,-568377.4498986357
20IL,1008132.6212711502,-295325.60842943756
LL29,935978.8508242595,-563111.1892832901
8LL5,1052135.0526942697,-521016.8851559179
8LL6,1049124.3757935935,-521890.0421147433
PRG,1051121.197590727,-510745.7307859185
LL37,875091.9100255836,-422423.0523217979
2IS1,873853.7627763301,-416890.3060433896
3MY,872059.4162817978,-412366.40837941953
IL04,874967.9472806429,-422780.78626570903
PIA,867159.2655047162,-427752.8867884172
57IL,1018003.9075344462,-327554.94004715566
VYS,902639.0639146185,-346147.42950759863
IS49,905342.6219567298,-348164.29371676344
3IL6,932618.1933174084,-708838.1908380721
24LL,921204.5610329839,-710050.6712485742
PJY,931190.0636819154,-720912.3047084492
LL42,948681.2033346321,-393747.9087790119
IS66,741731.6767885463,-450424.68387094635
C77,914527.7665057097,-235197.5921201862
72LL,886481.8520686356,-345636.5336318379
IS67,877353.2503007887,-347589.56339719956
LL08,875833.2945100245,-345650.58702792175
LL64,884758.5174023415,-365419.9195013656
88IS,733050.4809735822,-516664.2719809324
0IS8,732446.429574563,-524819.4117915687
UIN,749855.2593358017,-522280.2571355093
TIP,1002253.5804226038,-451105.68770391395
09IS,896061.3503329948,-244118.51353133068
LL78,889105.0162427863,-239900.929259374
LL79,889584.4075351859,-230689.3846235946
LL80,887261.3353157858,-232248.83078141342
LL81,894731.3092807204,-231958.94111676846
LL83,893452.4348961138,-240735.55069647465
LL84,901389.1387519564,-242856.4249934852
RFD,895150.113437757,-252165.6561847454
1C8,890589.9154107011,-241950.1874503911
0IS0,783696.046471058,-346135.03111362393
LL87,907166.8563217968,-221282.91317889476
LL89,890076.4878021884,-220039.11147759572
0LL6,942480.2310231327,-301560.46371913626
0LL7,941956.1730305545,-306174.88318011415
SFY,814649.0379759734,-279243.95753938257
95LL,911124.6819854424,-415902.0368924352
1LL2,946086.7612837203,-345798.69348862645
4IS7,983983.0594163145,-478526.4732546904
43IS,981840.128195787,-476049.374899667
1LL7,851376.2028387368,-352808.4128949886
2H0,955854.462400002,-556804.4432876847
II23,959047.1244969876,-556951.2662365022
1LL8,1043216.8268230733,-389220.25611545617
54LL,881685.1233389976,-521577.841424352
97IS,882643.4099998944,-521994.63065221725
IL20,886421.2914295812,-524757.1621256177
SPI,879339.6952470351,-518163.88643712224
3LL4,964152.474530277,-214172.856973471
IS33,875840.1244561335,-608186.0530855847
IS21,880678.4430281915,-610990.1698983639
SQI,854079.7846897426,-308351.3825325969
IS46,851549.2022643533,-301933.85685122485
LL38,839859.9723799656,-302569.12890129106
4LL0,900619.2180710835,-291813.6919726893
4LL7,933133.2792252236,-268931.7490050071
4LL8,934793.4273099178,-268387.4952490041
32IL,949215.5775653041,-801427.3562158436
TAZ,912926.8815671379,-548884.096181197
2LL0,915677.6435320209,-546067.6389095268
56IS,1008017.6714310172,-455947.5780769038
IS56,774159.8642773016,-503315.2283363443
15LL,872463.65555819,-362737.5922283537
5LL5,850725.4132054626,-425625.3957322093
K96,996173.7551164788,-509621.70770501974
7IL5,1008242.2917998438,-494836.1999649175
6LL2,788746.7437847814,-381119.94739794004
25IL,867311.660151745,-556457.6258876158
6IL9,860904.2418173756,-333174.39988682984
5IL8,858768.063483399,-332489.5633380199
LL34,937861.6048870686,-468489.9734073307
95IS,728471.2633136302,-476634.4354869814
72IL,976772.5989273094,-284066.1053150222
29LL,856866.7589814978,-689607.63126243
56LL,928216.5903632412,-297170.08147929603
98LL,1024339.0529082675,-390917.00225379626
IS89,1029207.2146163856,-393946.6967596421
2T2,987646.1209621853,-597019.2296590654
7LL2,995076.8037482877,-217432.86531647024
7LL7,895571.9692139393,-303716.82960290427
0IS9,893456.2540385701,-307118.81828666676
8LL8,967594.9742446434,-724943.5672226435
3LS7,891476.1400621803,-500723.1009925279
05LL,996829.8960403339,-288026.74012345547
IS39,976656.90605733,-277073.4215316464
0II0,1244165.7300614351,-415429.077447624
II77,1243574.9664883888,-415599.1878061731
I99,1212669.856706222,-424183.9070580891
3IN5,1214341.9354975773,-301028.56701562897
8IN9,1141509.7030322244,-498130.72146648105
34II,1218925.052758394,-443674.80827368726
01IN,1209748.838785141,-435946.5597204993
AID,1216999.9745349041,-437447.1227637859
ANQ,1231630.7051968188,-261262.94622787696
IG00,1239038.298094519,-260542.94053009065
I58,1234418.6092074146,-257034.2588150489
01E,1234047.8969213092,-253972.56754830055
C67,1228652.7045360347,-248502.36403535688
04IN,1228021.2585267327,-254929.15820246487
50II,1127027.7096617082,-490545.02320755704
IN01,1183228.1197658158,-513707.30580216204
HLB,1260974.4802951398,-516280.23176721006
BFR,1169230.4018327184,-589026.9881359912
57IN,1163181.597570294,-587977.5495695404
05IN,1150520.8659376607,-501567.7382696189
1I3,1118329.4831636397,-574394.5948423911
BMG,1149449.9190895935,-557736.6127207549
2IG6,1155598.892827465,-555088.9888697971
07I,1165389.9992403784,-564677.0142375034
3IN3,1098625.6183381851,-540402.0191825054
3II8,1139127.3998553094,-300011.3780964928
8IN8,1147283.5139909359,-296972.98541875207
12I,1279115.9442764667,-491420.1753117899
38IN,1157895.9201354159,-470974.77374031657
36II,1160168.8077286596,-477468.05358922074
54II,1162493.192938701,-388530.54315065994
77II,1122577.8354203007,-384410.45276364527
18II,1178743.3592129704,-442804.44609090575
IN66,1248058.5421852234,-247575.23584632526
57P,1249773.8026117673,-246994.3907838422
4IN3,1250959.5175894164,-246840.78574278922
2II8,1074922.4931498016,-512422.3915606768
II07,1124687.891106279,-518163.29688962566
IN88,1130780.436017342,-519311.9251049558
29IN,1217719.2635342907,-327744.5580466071
09IN,1213669.3519624055,-323373.83737911825
1II5,1122725.4525162324,-324813.2065456637
IN54,1125396.7390491702,-320255.152115509
01H,1131564.076108794,-327989.7361445708
11IN,1144628.4113013174,-482557.52439831017
II82,1141711.1072124878,-485829.19778801023
74II,1148679.5566223168,-488121.2209781596
4IN6,1136930.459901968,-492106.04245241516
12IN,1077818.8392190137,-685199.1134218257
II85,1248897.7873106254,-342434.5446807629
13IN,1260473.6711256355,-349460.7986700474
56II,1261626.1145454207,-349217.61218536936
0IN1,1076240.4661303165,-642030.8009984397
16IN,1086290.4189280127,-698580.9928393415
1II6,1092595.4629777204,-699850.2201857417
3EV,1083878.1843282601,-695813.7135616664
IN36,1072326.7724784515,-694883.8874984824
IN57,1079226.0459218319,-555839.4090731291
17IN,1280388.196985598,-554075.3212888886
4II3,1129903.7626384697,-494285.1105051092
5I2,1131330.1386133856,-403333.5521363695
91I,1187295.5902918188,-468103.2789708053
SMD,1235596.9636966719,-316841.13277204253
1II7,1239962.853229401,-321350.49979576917
63II,1192883.026694923,-509923.2842274476
2II3,1197861.1864465803,-427442.61228420836
40IN,1189978.7383351666,-559110.2765559619
3II0,1248318.744915234,-252273.321343116
FRH,1158479.805185437,-628458.9619626007
06I,1155047.2309987259,-637231.4652774632
5I6,1154769.59192686,-394394.7530002649
GYY,1041594.9414846607,-296074.7179414862
IN78,1048450.1173490718,-297953.07654250565
IN79,1046483.4513642008,-297393.48408622236
GSH,1175804.6306954578,-284192.25182570115
3II1,1143242.9605875078,-528196.9502144082
20IS,834430.6028871286,-226146.6588010848
IS99,930521.2954673202,-773720.9917627174
IL42,950474.8625886263,-235408.83894993606
3IL5,856108.060033314,-383124.788303516
2C6,833877.7063854418,-419548.1558811268
62LL,954392.7287704218,-304260.9372875019
IL02,987485.1909054274,-207914.6566838154
25II,1227646.852172383,-338385.8956561043
52IN,1233547.2944227934,-254575.39841836726
II16,1242597.5133586882,-259534.41621389217
II27,1188561.2532884763,-435839.7139686047
9II4,1188130.5577093903,-435258.4300746819
1IN3,1229105.8646439717,-323192.0201475726
3II9,1229139.3365122168,-323248.9156054144
2IN4,1148317.6400459989,-319438.18663316284
4IN7,1078581.8314354701,-438779.0979871398
GWB,1239985.7219986941,-297447.27053773974
9II7,1240840.6266379678,-290197.81536150037
5IN1,1161971.814991464,-483963.66079337936
C40,1235770.3675325175,-365189.1688668063
II01,1234972.7415463564,-360862.43913573906
65IN,1239895.3295366063,-362485.07307114673
07IN,1201475.1345242085,-500690.0627688455
58II,1203591.1534219077,-506293.81622010865
I91,1107530.8991604473,-688824.3209315502
II95,1156744.836368146,-305802.2269588724
4IN5,1150140.5529759212,-309233.9028023461
IN48,1101136.7647328502,-522417.03920834954
0I2,1102984.408671052,-527881.459351696
8IN7,1244736.9620058425,-552905.6930864721
0IN5,1213283.7151837032,-639357.8779389412
II06,1231449.9874265539,-450571.7290581851
II30,1086496.7722423673,-594682.7430698744
IN81,1228215.6554732048,-475842.56302834995
II32,1101769.2632787193,-688906.9141735707
66IN,1220893.497101785,-473111.0762765478
IN70,1073062.0164512447,-289268.72850078443
IN62,1221777.4608112136,-307863.78189748025
19IN,1215826.1934244344,-304444.5260362462
3IG3,1213009.1820857783,-317904.68728796014
BAK,1208528.4367327853,-534727.0317977258
2IN7,1209418.4695153069,-539750.930642205
91IN,1202847.31818077,-541793.3227685015
CEV,1265012.38801347,-475314.3730441692
73II,1265094.8953677663,-489638.57572727767
1I8,1184634.8313270924,-390526.8616712961
2II9,1074396.4327107696,-456125.6648341071
CFJ,1109803.6946659856,-470639.40606183285
7II2,1109663.1270445387,-460370.9483104235
50IN,1118943.3478995175,-459749.9098110628
41IG,1103317.7028780812,-471958.1132496479
9IN4,1076046.7512281386,-638219.4583407671
4II0,1114330.4776491649,-398246.8197604196
1I9,1120237.225193998,-405037.8410561035
72II,1034676.1118630465,-311116.7516624796
II08,1055145.9873332705,-401825.87103791244
IN63,1235056.8473050995,-404988.7052174159
1IN4,1220463.0220507286,-659136.1637899365
3C1,1153754.363052988,-273215.2273489806
EKM,1155181.6031433588,-265904.26521893486
II09,1142080.3609321422,-510670.3224429886
78I,1137350.9520872945,-519570.3588014161
EVV,1089175.423614218,-691767.6586792752
13II,1237138.4910410591,-323887.92258577177
1IN8,1230923.4884216725,-321772.8817518217
64II,1229748.559840469,-329679.2958530511
5II7,1236525.0045048795,-325621.65255200997
9IN5,1238689.183257245,-312747.1849643955
IN97,1239005.8457812818,-311260.7117557484
FWA,1235285.4624769907,-335598.4325589015
FKR,1134783.4641843727,-432848.54212636076
68II,1139246.9526234951,-432655.8239009438
3FK,1191906.1657485527,-518976.8577432431
20IN,1190944.0899598382,-509249.6586352158
55II,1189256.7411330724,-513269.9418716782
IN82,1147718.7736340389,-263714.776388097
II43,1139213.406143603,-265180.46802005573
II12,1138514.7729221268,-354139.72768693516
GPC,1124547.3413169563,-506760.078459291
38II,1122171.4384444028,-496413.37359090586
GFD,1212519.1921973221,-474261.7317782608
0II7,1208225.4060289436,-474414.1930151608
4II8,1215390.3782828455,-481460.39341342595
6II2,1214628.0577580896,-480336.53282774554
79II,1213643.5668118119,-463533.92539908626
8IN4,1209805.531035434,-474135.93506106257
I34,1238876.3065874733,-522848.88116652664
62IN,1180671.437901366,-407316.16993242095
8IN2,1190688.0813926582,-496925.7216042096
05C,1044431.1498990286,-306621.67936932953
3II2,1052744.9108734194,-677834.4445003216
II9,1250775.921261647,-448894.8768480995
I61,1258697.8430043415,-454821.38400893525
0II9,1146200.3627984608,-514448.42395529314
IN83,1246814.2993115394,-274040.8321486419
01F,1246892.1094686217,-268356.141919579
7IN2,1251065.6811192567,-273346.47235756676
4II5,1035673.39587341,-299593.1176566565
7IN4,1032664.4217014211,-297796.312853986
64I,1258408.1866226909,-597313.9027673724
1II0,1228889.4422102002,-495559.5508257545
25IN,1203057.9953669228,-259320.203961839
HNB,1135570.778957474,-661137.9017018686
HHG,1216086.1256114726,-353306.38156671624
IN85,1214190.3532927912,-355419.1191484817
HFY,1185841.2066962428,-497269.3364241717
27II,1189208.0618487839,-469848.43342127214
IG01,1090877.7577216888,-495176.83161949314
6II5,1184538.710682251,-492913.9329915204
81II,1176718.2231962357,-480532.6309193669
8II8,1169890.5530767583,-482836.13382912823
8II6,1174152.9698270892,-487296.9153470119
8II7,1173595.65430929,-486512.00981428835
IN06,1176788.9593757472,-480589.40363543184
54IN,1176739.6161519596,-480529.94664851436
48IN,1189270.6728530542,-470528.7452929822
IND,1166867.0109811039,-490339.71160834696
57II,1139659.9435698206,-466969.4752638187
IN08,1100302.7017002837,-562938.9786286122
77IN,1134241.7088966186,-645019.4799816154
JVY,1237969.32619898,-630858.8835331831
C62,1220405.7591786217,-282265.4875037582
8IN6,1218035.666274921,-285525.33623535384
OKK,1172158.9188084386,-397829.5937302768
28II,1217490.6171437602,-678661.9207443374
II18,1086199.747272366,-320811.6826692324
LAF,1101141.7841677838,-422636.1237710717
31IN,1110005.9079763843,-435576.11774297565
IG06,1106944.5287079886,-413153.3583980896
6IN3,1116644.4212376843,-427263.12244073494
8IN1,1112100.9100921955,-422201.6808677466
76IN,1109970.226786105,-423263.5510736362
15II,1102045.7780454294,-430776.705988416
78II,1201025.8298299897,-380535.94844689383
5IN0,1207090.9392365317,-260518.03725228805
08II,1203591.398277456,-265771.3126907687
1IN1,1140571.5510267322,-520543.3139066918
8II2,1288119.0860590106,-476176.5160631853
II21,1184890.5196553962,-288346.0765623852
IN17,1107562.0228332998,-576383.1977694181
63IN,1216640.2983242397,-597327.9598282842
7IN6,1190037.8584736788,-614705.5881766768
II52,1144484.8573638357,-475962.1178342083
6II7,1139832.769175688,-475755.51321363077
GGP,1142918.3997165156,-382025.1942705345
IN96,1142953.932119801,-376102.1702062338
IN90,1041955.2440779676,-336334.7749597378
90IN,1159592.590655935,-526386.190609379
2IN3,1090833.4288127448,-348385.98598451767
C92,1160704.2838334315,-329386.5619123519
2IG5,1161934.4129681673,-326728.3667128531
47IN,1075268.9857294578,-587198.5146711661
II57,1051592.1603565933,-311877.2904027906
43II,1052164.035133337,-313041.44964175945
MGC,1088695.7424275435,-278880.3633090854
IN24,1083032.5740905448,-284663.21482198825
70IN,1273043.1505199815,-532376.297066463
II03,1273991.2613768252,-530290.1061876463
92IN,1173311.6973539006,-296077.0318120062
IN23,1071295.9457599625,-709342.5826244735
3IN9,1049787.6045280576,-698899.7146297677
II84,1069805.1917614553,-706907.7797320251
03II,1068699.6346067751,-703697.0848681176
IN3,1068600.994477407,-710392.0184724665
MIE,1232634.1346564596,-419501.5005780167
7I2,1240673.7574060266,-427937.7036530065
IN74,1231696.2951600144,-424698.4913766058
IN56,1231776.6040715694,-432742.59962979547
02IN,1221168.70919481,-425353.73818612704
IN28,1035145.3908253405,-304702.2049642214
C03,1165683.0198154426,-295014.63379376166
HBE,1195861.4559030202,-528156.1726147215
2IN6,1192805.2826533765,-449220.01977951004
I80,1189514.3767404563,-454135.6661255701
36IN,1122483.0181138807,-292197.465095168
IN38,1121592.9891782114,-291309.9958261756
OVO,1237070.4238560898,-554252.7247025482
07II,1234712.3852840888,-558595.7525858526
I20,1078984.328564175,-602047.8299298692
IN18,1261544.2544895546,-297141.1062975626
4IN0,1230301.6713930294,-394477.17997764295
II67,1231008.228246481,-398796.5323274579
8II5,1252883.468324207,-341319.55710277706
3HO,1054957.1691659873,-300911.6738475141
00IN,1055974.507081929,-305774.1430167368
9II8,1256213.2898834643,-546240.4631392732
60IN,1175094.53408498,-482088.01629519794
23IN,1175418.4801457298,-482112.2637121172
9IN1,1186163.5759546785,-494977.9551525201
27IN,1171952.1989008647,-467959.4283229126
EYE,1164906.7088981569,-477853.588234647
UMP,1183983.9775753375,-462787.27894033835
MQJ,1197995.0556705205,-470811.8275189325
7L8,1189907.334794754,-482732.51280717424
TYQ,1165041.7231296692,-455466.46643633756
8A4,1178276.3767549943,-482925.53573135834
2R2,1151160.762153233,-489627.7599258363
50I,1054439.4627732818,-390900.7020729259
IN10,1134345.0295136194,-353550.56127092364
IG05,1115181.483492947,-332560.63452043437
IN87,1110764.4373138489,-315021.68262672157
II44,1112212.467896481,-322066.7208703776
OXI,1108003.800539105,-317931.2358355157
II56,1168118.6221023023,-407614.66544929467
53IN,1159368.7024601642,-400714.53690008743
8I3,1161902.9334792667,-410241.1611052285
2II0,1166417.0083863551,-411274.85762565414
II88,1164783.9838584312,-403977.0028675144
C98,1045302.5412548676,-348191.1385413635
II49,1142619.398981771,-683915.4893677554
IN14,1216069.6696583182,-649050.7134617978
76II,1223334.0206367353,-303990.04202378687
II38,1134879.949718699,-302520.6577727706
PPO,1098053.2515138332,-292135.4542517144
IN94,1296985.3183312647,-535992.5708295777
6I4,1149564.2142710786,-460468.94868824806
49II,1107933.7096304686,-512097.34713877476
II28,1241611.0677688047,-308111.89803797787
C97,1040270.9759865032,-339929.81804272474
0II8,1041352.4131456994,-329098.30665723013
73IN,1117728.3668277047,-581937.2569193612
II54,1254788.3760763465,-577083.0547711304
IMS,1254249.053657516,-583513.5922471348
IN91,1251369.0895686466,-329975.7732564427
MZZ,1204409.4782277672,-396497.3384531696
1IN9,1223639.3323855402,-381206.8986276479
II13,1221670.8140966755,-457943.54971752106
II87,1168652.8695966087,-520078.19446417934
IN20,1172500.8207501466,-519151.8348230945
89IN,1162504.2556318112,-514828.2604527068
5IN2,1141343.6778933043,-269725.5764014689
9II2,1143381.8176447942,-271539.6753945123
6IN6,1154440.1328895502,-511434.128063711
MCX,1110244.5908841556,-387539.0511905621
IN00,1089300.608826301,-409515.8423242715
IG07,1285194.1479026421,-544296.744742514
IN22,1156451.1381091902,-504915.7300253635
5II4,1161007.1201780152,-505758.8267997606
IN99,1171354.801806993,-524678.3505367371
9IN7,1172139.1017725165,-530420.4598651526
22II,1070924.240264768,-708429.1192356079
0IN9,1053280.0577618934,-702463.2269336173
41IN,1230764.695840016,-639605.0018215458
IN59,1099672.9906730503,-700953.1442573533
IN93,1120270.6757319851,-272687.90964652336
UWL,1245372.0719190065,-458645.31553149456
19II,1240831.118991777,-451943.7093255592
15IN,1060529.159211122,-683694.368995201
56IN,1254088.073431202,-320702.51057307114
II59,1072268.0344169931,-491711.6159714777
3IN6,1253863.7371812186,-602997.234479157
5II1,1138563.3271407026,-487631.37941332074
7I4,1172521.125193052,-608987.6466184289
2II7,1236144.4007254778,-345165.864771007
2IN0,1239983.5773986978,-350788.5669075835
IN29,1084567.5281921956,-407039.34592541674
33IN,1209218.8465192213,-627158.6386575047
5II8,1203696.7404599898,-631820.503471208
I42,1171896.1433272772,-617396.1105931756
64IG,1171219.318783799,-619366.4974142594
IG03,1146700.874309228,-530458.9443307553
IN30,1077468.1931831483,-652830.14030071
IN43,1213851.2361880122,-622754.4273236715
IN31,1206829.9646035444,-449008.90762754134
I76,1160340.1193182706,-370656.4476699597
IN33,1163810.0774972176,-375676.5348898109
43I,1179536.8136159068,-376648.56671333447
83IN,1173245.8034353417,-373649.09084891604
GUS,1162332.815154278,-385888.0450692884
IN03,1106537.5575904285,-641475.0082377646
1IN6,1077669.7171197282,-427554.5066624713
II91,1146954.4020107605,-479350.40165276465
2II4,1159320.9054975915,-492296.1674477321
C65,1137298.3671892404,-309044.89057214145
2II5,1062749.7617276746,-290533.76571408124
67IN,1302919.4025476072,-553438.9659527715
IN45,1115478.1972646024,-486607.9191152561
2IN2,1220194.2772770345,-334859.635095448
8IS2,1218969.5780445538,-336371.4384228688
RCR,1152410.9864420742,-340363.6606426695
IN46,1088584.6386575687,-500577.89169564744
II92,1107432.664190151,-271466.87232300505
9II5,1240200.5082025346,-488362.48666872084
IN05,1230667.1009475472,-485754.3257560132
6IN8,1251198.9883374416,-497030.4627331724
II68,1108596.519126008,-484324.10373471625
5II5,1072975.9512609371,-685506.7363966957
3II7,1210895.8194969147,-497958.81495993736
IN49,1212179.2160804614,-508576.37724843185
IN51,1171350.410152524,-441802.9161739374
5I4,1165277.6120800544,-438522.92737767345
IN65,1188929.2286182186,-263144.9856666407
1IN5,1098018.7238092078,-662959.5409015841
SBN,1129761.4317361643,-271516.7521662423
79IN,1135412.4965858706,-273300.9213791497
3IN7,1127571.0701618204,-277052.1953304497
IN52,1170878.1883297914,-482261.62673520617
IN53,1129436.1435117777,-544540.0949973091
58IN,1257041.5512327908,-299815.0138909478
2II6,1173283.900436044,-427371.22457914153
39II,1195798.1994373975,-281938.85506675683
IN72,1234927.4247795783,-357495.0251897513
IN41,1095490.7549649628,-306078.2391741619
II64,1070123.8296558526,-517520.3213676219
5IN4,1081924.2825721055,-304814.0302469416
VPZ,1077742.3109262064,-308804.4245979316
46II,1072700.8289369494,-298356.43094832124
IN55,1079447.6935496097,-463648.6347522863
IG04,1275168.1830427938,-547317.4593768665
8I1,1278152.84439302,-586635.7785941545
ASW,1176703.6078548138,-312505.7962825399
84IN,1178107.720299862,-315355.3192418457
01B,1181578.2725235736,-305043.25996725087
DCY,1112918.386947173,-613792.7300655928
4C2,1244015.7017987908,-282633.38139193197
I72,1172524.3825722295,-451904.23261362454
IN60,1172866.0243927804,-455363.40965781367
02II,1167870.0895193515,-451185.5168031382
7IN7,1069464.3478978067,-447531.3466973034
6II8,1100682.5598366573,-620909.9698864298
68IN,1084159.804128837,-345317.2048597355
5II9,1081800.7098132358,-545147.5860462757
8II9,1166572.8792410896,-463241.15106485906
K78,239498.02700443272,-673542.8834140035
3KS8,413660.13173392316,-848913.0034876002
13KS,254799.56637524156,-807032.2526772243
ANY,170597.74610301355,-869152.3070425754
5KS0,181245.90605662696,-876161.0215471162
5KS7,176105.9182072565,-869488.3965699862
2K8,198760.97143472073,-855637.3920564333
7KS3,468342.77990637405,-815291.0519704312
K58,20007.208796333358,-870322.9157647395
K59,413309.58873722533,-591497.47930369
SN32,241578.81124950372,-837695.1504870853
SN10,246997.3397535138,-840834.3000211797
RPB,200088.72911953423,-573217.8502433252
6KS0,201996.12130027515,-573161.0985401574
K61,160820.2160556708,-612679.5916522171
08KS,209297.8500978427,-660002.9923325774
SN62,218746.86088274757,-788595.4164141504
7KS9,219023.27550749228,-791365.0811102989
1K1,254194.12173191886,-798530.151393932
SN46,257450.26299996866,-787592.728502015
4KS8,-136574.79160503147,-599907.1605991226
5K0,-133166.88700592905,-582969.9548020511
1KS9,436479.0990654693,-648548.5308097396
SN13,196307.69779988955,-813190.7495541563
69KS,456787.0025494399,-689233.5514815302
8K8,-30599.38122257389,-796368.5960129634
CYW,244569.89148111042,-619687.0203754583
SN33,247267.4668807109,-615031.5675955564
SN34,221478.7762242683,-821729.6336429175
CFV,393473.11486714665,-868029.9157581368
9KS0,387793.30365718645,-874134.2531169825
CBK,-89959.54287490247,-618827.2786284552
3K8,59313.816747990146,-863882.4600760335
CNK,201535.64639900273,-602948.2035139933
SN36,209039.96823611116,-838589.3325522479
9K0,300851.8984375807,-731863.4466897369
62KS,306388.6586744412,-731631.799230903
8IN5,1061624.5393401613,-300866.2804896591
3IN0,1066208.061953911,-298815.1417914407
PLD,1262241.813972544,-390407.9913643258
7IN3,1063738.0343843205,-672785.5159104597
99II,1113669.7719395065,-514147.830576172
II26,1075388.1237904106,-393819.8018806529
RZL,1071769.5871890457,-366874.7371523911
10II,1075665.8994982,-367707.2129643414
RID,1288096.315715671,-464494.8422931035
IN68,1282642.2493007835,-453234.1565997955
43IN,1074892.118678245,-683027.6953227536
II89,1075211.1402498463,-688668.1332594019
I83,1198328.1370884879,-610812.7600559127
IN44,1207130.5224981376,-613824.3428085992
86IN,1202063.1993617106,-609120.0735529383
3R8,1228296.061537102,-599627.9865975531
SER,1213400.9162604138,-572064.2089900516
II70,1174394.3363969796,-413582.2189992625
II97,1205768.1959280057,-510786.8928184028
GEZ,1210493.657433864,-498056.05583884986
70II,1221585.8881236354,-503069.065647497
7IN9,1235232.2488087525,-442255.3270429594
37IN,1116252.2109467061,-433814.2334341464
SIV,1079219.6825917698,-572367.6939015852
39IN,1234359.0675907459,-446402.42016929167
4IN9,1186193.4722489023,-294503.17935322755
01D,1185295.8522623323,-296397.6625914953
TEL,1161810.3681626297,-682886.643610612
3I3,1078337.6399308895,-523711.4980540652
HUF,1085856.4651334698,-533498.8224219566
60II,1076779.3200899928,-530901.1789121097
35IN,1186117.2457566403,-421806.43355437944
32II,1283706.3497689054,-571816.6588331048
IN15,1086008.772278457,-628761.7493254773
24II,1078803.7684938086,-622139.7132705415
IWH,1189542.3406228665,-368306.96521836554
62II,1187319.8940539877,-363693.97983891534
II74,1154031.846597542,-284170.57330787246
6IN2,1225280.0133872079,-505600.8272666648
6IN4,1221568.3376528502,-509395.2624327654
17II,1118565.135515298,-302585.469814787
4IN4,1088020.5232427856,-474017.25470723276
II79,1107450.3457762792,-346570.47139193845
RWN,1116391.0629755515,-343377.5262243954
I22,1272904.0773893767,-420628.14270747354
01L,1116580.785386408,-327908.57973283913
02D,1178437.9242319807,-318049.1315212384
78IN,1091758.8114319835,-385868.78861162905
5IN9,1206689.2956383585,-302496.4722014378
53II,1262579.5710196928,-319810.5688349029
0IN4,1255627.2456262165,-313284.75720357796
3II3,1262283.4538357283,-318289.4076760719
ADT,-89055.35214106344,-572973.7887300099
SN18,262303.7120156931,-810108.0871154208
07KS,269879.9796059776,-802443.4464712685
SN20,260211.4847619721,-804426.3578237066
3AU,257669.93867221137,-810026.9178952054
K64,417643.57635611075,-672973.157544948
SN21,408571.91025394097,-674978.2631340213
47KS,410018.76843971806,-680609.4927903416
SN22,435436.3921149595,-641192.6508555171
8KS1,433138.0783043445,-634989.9966787194
78KS,462439.02101443877,-872656.2458386658
07S,306207.27399310865,-809341.2164180593
8K0,31648.865864707204,-828232.2099193344
SN78,458597.26923020446,-685840.3396312442
SN29,40701.684756608185,-757117.270991945
UKL,373500.8111477328,-734739.7751945863
SN08,205753.59602637743,-775922.221432259
01K,214820.51771142322,-881690.8928233264
SN11,362004.25037072954,-879338.1134785279
CNU,397850.5102404539,-804011.1069889066
19KS,400595.17750186846,-809180.087907887
89KS,398934.8261969685,-803158.2836167102
8KS8,259005.90717433186,-671278.8315219977
0KS7,186265.16337793006,-808805.5355523702
K63,297889.9763509878,-696661.6317420474
SN40,247236.54932351914,-826623.8984072907
4KS2,436183.22345674783,-651565.3253485832
K65,-41953.21505227915,-723491.2784709053
DDC,3081.5036134119027,-804172.7611492809
60KS,265153.15657226124,-827068.0143758954
SN52,264136.0511838357,-830968.172258909
0KS9,272041.48798106227,-826644.0751182226
1KS2,424225.7638742651,-619405.0524595391
SN43,388792.0627507132,-600265.5870005456
9K6,281737.48685097846,-794639.580260049
SN58,294846.1400369299,-786396.8142165556
EQA,280197.16344837274,-797623.3978675822
05KS,358268.41280516173,-850660.3689883773
EHA,-167302.48564839954,-886881.018478165
1K6,122393.05911631849,-735470.1116327415
9K7,153807.99928839438,-692879.3268310709
SN37,285442.60166591173,-729335.7109156954
51KS,242359.18796600768,-703125.2179214415
EMP,332784.22166101367,-733592.666149344
15KS,341160.5484351751,-722088.1569325991
SN04,316481.27939099044,-724039.8378822043
1KS4,250116.75011878993,-673991.569748135
SN47,337872.83273646253,-684876.4379225962
52KS,421549.0648239929,-665329.2071701152
SN41,456990.3726020039,-818788.4877130118
SN80,454162.6403361746,-817701.5445114617
SN64,216524.90714259865,-808371.5645743093
SN65,210521.6568981777,-819932.3619844083
SN61,209067.76341015476,-812961.7102291186
GLD,-146146.98420443697,-624198.9004732588
27KS,-147978.3910505979,-650883.4193018466
9KS6,-49484.2180391703,-687862.775223715
86KS,-36406.51845082768,-690437.3104078044
SN67,109130.80526006463,-734514.4689537749
GBD,99685.88902391681,-738990.136979762
SN05,218549.4676891608,-771140.9680101648
HRU,277386.97208821116,-695448.4745972884
53KS,225266.26898200734,-762102.6030455064
K87,382007.70097361086,-558903.8273047726
8KS3,385973.17127978813,-561625.0829248908
SN75,397712.3776409291,-559490.2114200105
03KS,404355.3662814672,-559268.1886740682
HLC,14537.105606093726,-624628.9547762446
M66,243369.6516247732,-735906.1840733092
K91,382386.7073262152,-581175.5597008988
7KS4,390759.55751312425,-585800.2933905507
1F5,-37669.45332970844,-626222.5421842478
HQG,-121698.65019902465,-869725.3554061218
10KS,465715.14141631674,-645513.3344392275
9K8,165480.82479296334,-812761.0896647887
33K,52500.12040108386,-787796.0586476165
4KS,127228.95079114306,-882748.0301621526
25KS,74696.08841779678,-590580.6919448263
K94,61897.889067362186,-716919.7532789713
36K,-110227.0339259347,-780446.2295146578
SN83,435123.96346782154,-628443.064251922
SN60,439554.9913009483,-625473.2219189821
LQR,80037.8758750961,-754290.9484589302
LWC,413607.38383142103,-653736.43729219
SN38,410995.08743095363,-657348.1030884926
LYO,154773.57306103094,-738473.0575205676
82KS,450980.15500805655,-762587.7478559775
5KS8,-115243.12368605933,-575072.0198058834
5KS1,412514.29788606474,-633466.6411587596
SN90,414418.79242077674,-629733.6918645243
MPR,201655.5929929405,-735978.0583578385
94KS,90842.45813674427,-780103.1796920097
SN91,340344.9124916243,-757787.4090698166
MHK,287357.6103157185,-645409.6491492223
3KS6,293198.39197527914,-638460.6056002639
43KS,309427.2815665106,-648880.0947104378
SN92,284076.88291312003,-624206.4894861574
49KS,286986.8624253201,-637345.8544434774
98KS,-44767.669428940135,-838837.670122682
K17,-41476.39741040919,-823747.8207112496
67KS,-38385.89646354958,-823558.5588814123
74KS,420000.91068912175,-773259.3089490087
SN97,-106093.73568918458,-851872.0979522773
47K,218564.97105465925,-751406.5250746039
2K7,385066.7810997829,-830534.3889871789
48K,7959.599747030886,-725290.2191637707
EWK,238980.35850674383,-767648.6973259667
NRN,9033.793732834221,-572402.5535626546
49K,191639.3622453654,-835822.1617680975
OEL,-70521.64268962223,-654109.6635344867
OIN,-46104.104808061405,-574045.1468198263
7KS2,392854.30361681146,-672824.0329633963
SN54,456444.36863458704,-659400.2878847541
SN35,463148.6822699222,-661867.6711863197
55K,257756.33991745755,-854520.377504982
K81,442188.9293148306,-704391.7312499633
14KS,445257.7783511188,-734408.2465550388
PPF,398007.0787696921,-841470.3632388127
8KS5,418075.9512573809,-841995.0833900836
0KS8,409241.3404887999,-835216.4417206923
PHG,58451.96486881992,-584920.6671591479
PTS,465759.04208866076,-824259.3117446959
SN50,470252.2657477295,-831786.1950750789
SYF,-153513.3024860769,-580889.0711295635
02KS,340108.30251051765,-634115.9318360451
84KS,339319.561788823,-628705.985597763
91KS,341917.97227915615,-631819.9284210411
SLN,203776.2803123621,-687243.7584901105
58KS,198575.34435733288,-673200.6975594254
SN73,207279.20888534587,-682459.1689130844
1KS6,213586.04755129735,-678510.8660893177
1K9,-87057.72104130828,-837666.4929428274
SN98,-83340.00285064722,-841685.7468665246
TQK,-77077.70668381227,-724745.1526647658
13K,326087.3611405622,-787121.3801237099
FLV,437395.09881401074,-612648.7035486153
FRI,279701.8687474407,-655580.1890709272
FSK,460140.2585906358,-785868.1112226173
18K,-16451.308846376334,-846191.6752343797
1K7,367443.25923322386,-815279.0162843512
SN55,-87713.46484912663,-753235.2312768948
36KS,411553.1222201373,-824661.1374734194
GCK,-63620.88383386126,-785650.6965853387
K34,437327.8379693688,-675063.8245237198
00KS,440102.91917147016,-683693.4561668806
K68,418124.35057059815,-735114.0463250725
8KS2,331054.91774729977,-777198.378340392
SN69,470375.2514588294,-770414.4279675996
8K2,173514.1715676744,-855956.5696367457
SN70,181468.7704342474,-858738.540896123
SN72,398380.584024373,-733694.8015092296
4KS6,357954.6515773421,-742279.1895903571
SN63,78093.79761965759,-820934.8708412694
HYS,63072.37095682321,-684110.0830060729
73KS,67638.70489998056,-690914.9402205601
SN74,60934.672408002094,-679939.0661540369
8KS4,56276.26769148827,-677193.9922213771
32KS,-53362.59948897939,-711851.8436008673
HUT,187648.35670413,-768138.1186048388
SN76,183961.94027442328,-783762.4485516946
IDP,374773.54937228624,-861891.7513652105
66KS,366471.1306326752,-861642.9143460477
16KS,390451.73952014867,-853805.0637788647
30K,-46675.45482385643,-788071.6995073169
K88,405488.3477722673,-781320.3562769006
9KS4,140582.44205083445,-594813.8180630661
K79,9313.334570425566,-779603.5694272682
JHN,-152909.89050079562,-822313.0549233293
3JC,272934.4783049749,-656874.6935277939
6KS9,449854.05578492116,-638662.102125005
0KS4,401536.1997715336,-677102.8951375289
SN45,410327.76930869115,-674286.9637586855
SN01,439505.5422996898,-622120.983933523
SN03,-1285.3127365314156,-596959.2648957885
3K7,-117770.78715607474,-726142.4626711105
LBL,-85365.38759079085,-883480.9626819632
K71,158495.86693553405,-658672.0435122935
23KS,209426.2673642513,-718177.4763283841
SN88,459673.5881679306,-699887.9408968582
38K,127514.54728295814,-658855.7118886423
39K,374434.72670391575,-691408.2624036
TKO,152131.10876982877,-576073.163102497
43K,263079.7191483434,-735660.9627608081
MYZ,287817.1853344464,-565895.9603882085
MEJ,-31573.54058289001,-857859.2154034544
M64,-41704.3973872131,-848352.2740077927
K51,128817.45112224495,-858282.869000399
81KS,381612.50883549725,-639388.1333371253
9KS2,458952.3178545568,-652612.5676620262
45K,196931.6205971969,-653692.3148425098
SN94,-1.0029424174914863,-837066.1713578242
2K6,330095.3189852697,-839238.4513731396
IXD,442925.35865084187,-672043.3193989975
51K,442755.1338680038,-660904.2441761885
OJC,456030.6656471664,-669368.6930386394
SN99,290959.1893370349,-616517.8258672531
52K,328449.98493056087,-603997.1010644179
53K,365053.8824517575,-698362.4654269008
0KS0,354330.89722181216,-698912.9218148966
K75,113523.84416184862,-617844.3370249209
7KS0,403392.80602719967,-625356.8539514263
K67,440147.17588416976,-858147.0579987098
SN42,417169.1173496862,-703601.8948841679
OWI,413256.1938705349,-706263.1443015427
2KS5,-52105.05787504232,-858611.2232821757
0P1,36922.0178048132,-574398.1504680364
PTT,110486.11952382105,-810069.672136049
28KS,421677.28674956906,-705406.4765556597
1KS1,416059.3960507047,-715025.281559625
1KS3,279178.5447496261,-627641.8454908535
6KS,259230.21746728203,-822247.7386539824
K50,249521.71366933134,-821905.5205282574
RSL,103056.53155465459,-680414.1507328474
K83,360426.56599016266,-557114.3400625461
1KS8,-86631.43037950892,-720166.0679490361
61K,338778.1750422548,-864677.5824484685
12KS,220180.55665165064,-781500.9333243023
6KS2,-53890.253122899616,-617613.9058232197
62K,331708.74614366627,-564954.5366933
2KS6,339893.6873543949,-575382.0047713979
2KS2,327117.3950892356,-808856.4471190175
6KS4,-154444.8699220482,-675748.5409319792
K82,103176.24728468704,-581418.3131421065
31KS,182045.28123736693,-776316.3584611067
41KS,451595.6284995424,-682124.9927301286
3TA,118575.39504706819,-781548.8325451674
63K,467286.7652506442,-671580.0173461048
8KS7,464822.9428701733,-681511.898028447
RCP,59899.489896978135,-628126.0323927433
19S,-73598.95670305302,-833352.2913858427
2KS8,137950.66401671912,-652913.1137344007
SN95,140151.5592512568,-779041.0847490149
3K3,-153365.50834055003,-776436.5059116968
55KS,132839.7325395756,-632269.6461728138
2KS9,382524.7368024499,-667818.3779314832
3KS0,372057.0481676182,-651325.7548675406
21KS,371968.6701021914,-650969.4517090474
33KS,378886.8940172174,-639862.1777359386
TOP,378236.8062460321,-649266.4825269966
0H1,9298.139521915156,-666134.7483669444
69K,322680.54777244915,-637631.4598326614
K38,252688.17754358522,-580718.4054522988
EGT,231431.09191125815,-849182.5505703137
26KS,231111.24381346648,-854370.170277818
4KS1,431483.424549065,-688942.8953259747
09KS,422219.02502189553,-687079.6579386095
54KS,424923.68492692127,-676631.6382046364
BEC,245522.71995560676,-807766.9699667499
44KS,250323.15846943166,-816816.828566125
8KS6,238253.03024010872,-807849.9680042779
8KS9,398838.872115777,-717605.3937718832
71KS,406180.5208180354,-643806.3142098384
85KS,411971.0597898868,-621600.413226305
WLD,263069.68617284915,-865492.003964915
SN31,267664.161972623,-856696.7105260625
90KY,1541707.262339479,-697698.6824027312
45KY,1319295.2717861934,-805165.9330662388
7KY6,1318928.7630501853,-790505.3129344085
DWU,1490129.3750489685,-560916.3436942501
4KY9,1500647.283461664,-568217.9976723662
8KY1,1201461.1326631482,-795395.0254677755
0KY5,1209458.8674640406,-811138.5469335192
2KY6,1201733.7593619514,-791892.2520618254
24KY,1201874.0303792725,-791744.59570442
95KY,1373477.6578567706,-713343.4582087861
73KY,1238489.411075742,-668444.1104436836
8KY4,1297620.0181362464,-797998.5100932942
23KY,1032445.9628843893,-791097.2414678894
08KY,1359660.2331830347,-766627.515182637
5KY5,1084246.1852462338,-825012.4397154175
1M9,1074587.136376989,-831453.8987593562
9KY8,1081474.232256127,-824991.1538329424
CVG,1316490.950820449,-539409.9479712159
3KY8,1329041.2688285697,-539422.2645530876
98KY,1404685.4389380566,-763723.7891822618
82KY,1261441.53657273,-636154.5966947827
1KY9,1499354.3142012064,-739952.1327931284
74KY,990659.9696183221,-834113.4185650809
0I8,1362479.7877619907,-608135.4011578768
63KY,1362610.8306892025,-606255.9659647086
DVK,1335838.0016966606,-702582.7650032422
8M7,1089513.7007478701,-787883.6884353604
59KY,1262076.226428463,-679649.1980867409
19KY,1328868.5589438686,-575918.7861081049
FTK,1225931.5063769503,-684861.1888434389
46KY,1333114.5339866148,-532974.8804050052
6KY4,1247426.168766623,-811466.1354125764
FFT,1312659.9774504276,-638420.477038151
02KY,1312047.0014689127,-637093.0533586468
15KY,1312986.9743606336,-640849.0209495432
35KY,1188178.1891138952,-826027.2699885449
0KY1,1188930.6843852918,-819757.5220734763
81KY,1193495.7192209205,-826419.5576102984
8KY3,1180034.544451802,-825431.6575316888
1M7,989427.9466712439,-876100.4169434188
8KY8,991360.3052481805,-876619.1279697858
27K,1352108.7420303999,-625065.499420563
JQD,1157328.4145079737,-746761.1985692
9KY1,1462410.724795775,-724619.48902325565
CPF,1469914.1853338361,-698061.9811577336
EHR,1079132.56696402,-719487.1695634981
1KY2,1087247.3324562446,-712903.148258833
03KY,1092072.2583856245,-718889.5153219885
87KY,1334051.8821376387,-537209.6053013962
04KY,1255229.3807430551,-767037.539872323
21KY,1252703.9596936933,-722005.3768594641
HVC,1113827.5644651365,-821228.3555408139
56KY,1205987.8747845818,-737311.7531917928
KY8,1148733.5228511544,-692273.4891146859
LEX,1341000.798647487,-649583.9025673885
93KY,1349700.6883572373,-648742.7581494965
82CD,1365057.9501613723,-639937.1167120634
88KY,1348201.1677341266,-648633.8038636344
37KY,1349762.2549869625,-648651.1102807638
1KY4,1349665.731021536,-650122.4779731564
49KY,1362742.8819889673,-653718.937010315
64KY,1363985.1444496566,-648006.7399374207
8KY2,1362735.2341151803,-653746.8648326175
27KY,1361492.6684587384,-658400.9604317436
62LS,1326585.3297173618,-733679.0998697885
14SN,369679.67664885335,-654318.5626985324
90KS,381081.33097400714,-658718.4338620974
FOE,375323.4957657825,-662530.7627206085
5K2,-152593.18709963874,-726168.3176805031
3KS3,248348.90285149135,-839958.1330160066
18KS,256068.34064969743,-843124.4374953754
ULS,-121208.36609766277,-820835.5698827903
3KS4,-126301.87866775389,-802224.7078743558
8KS0,-128889.7924519595,-797481.8926904398
SN68,236614.3413414132,-787484.5349019776
3KS5,233011.1147329027,-791657.7579514657
3KS7,233235.04940287652,-793175.2604133446
46KS,231996.2414249613,-792715.3374923517
06KS,231628.3211037043,-808002.1415838664
22KS,235196.1849037122,-807608.805148081
34KS,238742.09245812407,-810382.8710060451
4KS5,225826.59628140266,-800440.4974872649
48SN,244798.99148612615,-801836.0835244238
CEA,242533.13506881922,-812898.2036253186
ICT,226443.7486944286,-813259.0022928995
71K,230801.89811403383,-813374.7340301769
AAO,244791.6898369597,-801832.7170408729
72K,233133.3951533275,-818128.392601798
IAB,241117.90333411665,-815774.1416844173
40KS,396069.05800674896,-707129.6404899764
34KY,1171800.25063007,-806100.8156406882
BRY,1268373.6416137249,-687983.4623855541
5KY1,1265504.8712709674,-683202.0754874465
9KY7,1268686.9138790802,-592579.1222463269
57KY,1551140.4920926543,-683025.9437230631
42KY,1047443.7590566968,-839997.5895734533
18KY,1033057.8574334169,-831784.4650731852
05KY,1367967.431755652,-701318.8361557107
5KY3,1377603.2757614849,-694614.7114561504
BWG,1203014.970334668,-795057.1996356206
96KY,1119118.4427288696,-742193.1726564887
4KY4,1117639.4318768645,-737886.7535973737
AAS,1293069.7974588438,-735179.7355116757
2KY7,1290542.0988515764,-734568.197332927
7KY1,1382536.5059275941,-609935.0066778205
3KY5,1280991.5816920986,-587707.5117484684
3KY4,1279878.3367360637,-588784.2668529279
44KY,1463647.7334716595,-703293.6097915331
66KY,1212574.973911938,-732220.9350087479
9KY0,1403977.654553233,-658331.2670579496
0KY7,980789.1316738816,-864862.6764399075
I96,1294696.9713956998,-765753.9145496114
48KY,1299005.0719424933,-763646.921985572
32KY,1326287.6232904568,-541566.2226475263
EKX,1233844.3338267533,-708479.8794835628
1KY1,1237652.6150319995,-705136.2866845888
2KY4,1244038.6723702108,-710232.9684703221
5KY4,1139164.0468924788,-823523.2688856001
40KY,1285008.5201330958,-630812.8147363364
83KY,1328228.4147488421,-544880.0036481265
2I3,1184646.6365856295,-725302.7923540967
K62,1346612.5879911766,-572823.5359727581
58KY,1277207.2544899604,-651651.7597006733
FGX,1404941.9830093114,-579897.270861862
HOP,1113402.3363661403,-841985.1211842957
4KY1,1260631.8668241254,-793287.7960604911
GLW,1242660.3476706403,-780848.2833337741
7KY8,1247284.8264334288,-782315.3076109682
M21,1134285.4763790192,-776547.058432996
47KY,1187886.156439695,-707151.975106374
9KY2,1186830.5410804495,-707790.2057854835
I93,1187434.4787332858,-705107.9695395766
I35,1472312.8460069576,-757620.0747210187
6KY0,1477122.6528370304,-762378.9959047119
1KY6,1325541.8828903413,-684301.0927559651
4KY6,1110021.2666961828,-821371.0463857017
8KY6,1327118.9855932014,-550261.9777656865
8KY5,1456913.5365322973,-680506.8330722535
JKL,1460863.9972205835,-676417.2502766805
K24,1317393.771906154,-770243.7384420994
0KY4,1319798.767006608,-770407.93769842
6KY8,1526332.8939426008,-712217.4940711757
2KY9,1268429.4743943634,-622379.3657245585
76KY,1321394.0526158295,-655722.4643130045
6KY1,1293329.087538756,-711291.5105546715
M20,1209554.078965018,-744889.5607646003
53KT,1315726.4856235068,-736729.9086890147
LOZ,1405251.8133163094,-745060.2632368776
9KY4,1402595.9012876977,-752737.4854959073
5KY9,1401783.3766811802,-742209.9786194875
SDF,1241535.522119959,-652005.0450171886
07KY,1246913.9131049195,-661635.3656596051
22KY,1238171.6537866958,-649337.0744607198
09KY,1248770.8571437893,-643406.4753364682
26KY,1239619.2644617422,-644017.6359799246
43KY,1242168.2120540116,-641737.288984056
1KY8,1242020.9801346431,-647358.3180226871
11KY,1233506.6634482488,-660249.6102074551
9KY5,1252760.1293468021,-633978.0863837799
41KY,1239022.847626091,-643907.6068652022
97KY,1261828.3701655262,-641058.900361732
6KY6,1270186.147513813,-625937.8369398686
LOU,1246827.3351525734,-644990.374132684
2I0,1111121.0808559477,-765509.6243791288
60KY,1102963.67236216,-768355.2237057043
4KY2,1431162.6703378782,-731396.515700178
GDA,1049136.311442079,-776920.3374373355
7KY9,1050813.816834286,-777518.4704039446
CEY,1035749.6036899016,-854199.7001241313
28KY,1042260.2614367057,-863241.5141989146
54KY,1045891.0171708723,-845306.6363822232
7KY0,1042099.1002850173,-859724.3822946377
12KY,1285035.4898955473,-611906.7152889152
85KY,1287411.9226085513,-610351.2648132183
79KY,1343996.463476907,-667779.6014474235
5KY0,1346291.1177592867,-664183.0355800538
2KY5,1458527.5594585103,-587984.642206975
OWB,1125262.6193387192,-720232.1128300366
13KY,1126721.4612233383,-723747.5433692997
61KY,1317958.3877353577,-595696.5554103849
PBX,1526137.7218774287,-666455.7326494553
62KY,1531906.9199171204,-675579.6443380679
18I,1385394.9276836102,-793252.8907476653
7KY2,1443857.4991368721,-774161.8856418459
SJS,1516038.9213253735,-647040.155411813
6KY5,1070060.7058874476,-798960.9462606092
2M0,1074613.4398010809,-798039.3846470478
8M9,1080579.831606731,-762426.9849825973
RGA,1372577.2171760306,-689556.6920818773
1KY0,1380280.2529751393,-682995.6905986993
1KY7,1381730.9450594448,-664998.5611795045
94KY,1114870.3805545236,-748661.1915713674
36KY,1301143.3658395377,-700091.551466411
6I2,1293935.564289033,-703894.4282827333
00KY,1351977.7392851927,-718626.9030794965
8KY7,1346575.3861635635,-704617.033097414
I50,1410195.2800718183,-657479.4752498306
TWT,1059756.777152122,-752255.8048505055
7KY3,1286285.1124150597,-655179.2307720477
3KY3,1276412.6840842243,-661221.6416639165
TZV,1274306.5456224463,-809596.8116525728
1KY3,1272742.4855659076,-813359.2314197948
33KY,1136827.9797056706,-732681.2671604448
4KY7,1319408.3523232595,-564440.1864203631
18LS,760353.5675204707,-1640739.8448289859
IYA,767769.0538870771,-1630775.33023161
LA07,962200.5562923498,-1550426.751900536
AEX,711765.0080070562,-1485934.0210750848
LA20,720297.4118180448,-1490082.9067453165
9LA6,705937.1826201548,-1488714.091167553
LA82,722172.9183129148,-1482161.948849958
95LA,719489.2362165803,-1486450.8807519835
ESF,735251.0680928061,-1476367.9730959448
LS27,721260.1357846003,-1486388.9504909269
05LS,719320.3660688687,-1493610.165415553
LS40,941606.126431257,-1615650.495768221
LA64,865781.9679257112,-1653619.5765858619
96LA,865845.7891984191,-1579973.1723836227
49LA,859043.9892176278,-1569855.3094659746
LA99,867957.7540993809,-1569239.5948983028
27LS,850552.8106292281,-1569149.7939992566
LA28,857735.8227317601,-1569430.6280849804
21LA,848653.8791216548,-1587326.8234494554
1LS1,863061.1558243942,-1594107.5944223485
LA69,860222.1017621855,-1566784.8997539037
27LA,853127.4353988437,-1570012.9320156486
29LA,858084.631967228,-1574439.3541808198
LS41,576424.5696084938,-1359178.4430839105
BXA,972617.7782307699,-1516253.8163938492
28LA,968022.4843198544,-1520173.261320548
LNQ,1030379.5115647939,-1671642.1732255693
68LA,612149.0805954881,-1382773.3668890926
02LA,597256.7804600758,-1361605.6096048136
BAD,597215.3387057033,-1364886.0833404623
LS73,973258.0993279382,-1621876.2142202097
LA76,782515.5702208938,-1601300.2790280764
LA16,786382.3385455477,-1599088.825022034
LS75,647440.0742774507,-1658235.8473669668
32LA,646789.0092945899,-1663349.5443859706
24LS,646654.3037466485,-1660471.5917939045
LA78,649354.7779704692,-1661406.7641936634
0LS5,760278.5019928041,-1595066.6035610093
LS13,768689.0894778671,-1589441.5083530748
03LA,857978.9128943207,-1597169.8663578262
82LA,975877.2580654948,-1613883.3107642229
39LA,748408.1641409218,-1564642.4890693137
M25,1015558.475875846,-845208.9319703015
8KY9,1397452.2957828157,-570027.5515005338
1A6,1444258.719153511,-791524.6978980371
65KY,1443851.5272011643,-791688.3790534682
9KY6,1443788.6095719456,-791520.9027008729
30KY,1341421.6025808584,-787412.5605524684
EKQ,1341767.1162135962,-783278.8953487369
SYM,1424933.9469537057,-613036.9920033175
77KY,1402583.2149350063,-629284.9362409901
IOB,1394558.8536876661,-636888.0938265703
9KY3,1396366.520993395,-635965.6354688235
1KY5,1377533.8414098918,-719595.4473980328
0KY0,1315240.730691442,-587959.4898859403
PAH,994942.9760333687,-815410.3572576607
25KY,1007689.0947903026,-812119.8341283074
01KY,1006145.9791154681,-814855.4026653717
2KY1,1368589.7554045243,-691719.0581147168
9KY9,1503940.4562251961,-650174.893478445
14KY,1358976.537877518,-630649.1190423042
0KY9,1369101.413294948,-623389.0710678194
52KY,1365701.1494807727,-635666.5182540088
50KY,1363092.4395038113,-634842.3113209896
31KY,1364152.4685180434,-636822.9841571761
71KY,1299409.2297247762,-544190.4261865275
6KY9,1495318.0691374629,-564616.0569398331
4M7,1171373.4140070262,-818754.708320431
17KY,1122693.0888998474,-759460.427364803
80KY,1124694.426976897,-758901.7833481604
2KY2,1039953.9409443624,-786421.7236184861
5KY8,1316324.4806816967,-670824.4113802079
3KY9,1294919.8374484922,-648427.659153886
6KY3,1283569.4371964564,-627086.5033485736
3KY6,1546830.8139947809,-648901.9471561447
SME,1359051.852406679,-757622.9593891599
39KY,1357966.7333909788,-754216.30892301735
20KY,1320687.4697285497,-564924.9192951991
70KY,1228152.4010113475,-694779.5254529689
9I3,1459847.3309675793,-640148.4555961315
4KY5,1230886.942164833,-670283.1085819562
51KY,1514413.2644459535,-719946.1477449634
BYL,1400268.8104755126,-779127.5163909775
72KY,1400857.0773284095,-782406.7793608084
38KY,1331856.897301575,-582169.5640813896
75KY,1395262.717471026,-649693.7878219498
LA60,765983.9848668668,-1648544.055657476
LS68,755624.8801618426,-1636436.1108311715
LA95,765440.9985860822,-1631145.4299637028
35LA,758896.3766163094,-1631730.5837780936
9LA9,917603.1490876506,-1531482.8848988935
LA79,926579.074609227,-1532146.9176891576
LA67,806995.3172429672,-1518833.0721030643
5F0,663687.7979513799,-1356332.926803438
LS91,774582.9978340121,-1581213.7732191486
22LS,774727.6863218888,-1583356.2982584268
LA01,718900.4923636062,-1578865.656984121
05LA,783957.948383145,-1375139.1455851719
BQP,762235.7383330722,-1322687.191110144
LA63,764870.3979443086,-1298463.9476643542
LA00,859240.6748535093,-1575314.9097313986
LA05,863960.0166727685,-1578288.365823336
04LS,857764.318312565,-1569842.1548670866
1LA0,864704.2988781895,-1575915.8791210009
BTR,852622.9227781038,-1560726.580584646
43LA,575788.3065673761,-1339198.000799753
0LA3,575658.0553333646,-1339021.4189322642
LA39,673970.2531740705,-1634978.0766496614
52LA,668083.3681677586,-1631280.5193826233
06LA,967655.5302285417,-1624440.6303070495
65LA,967974.7206888029,-1622181.2221023072
LA41,778764.4850665354,-1592636.4560517962
LS34,785850.051631848,-1591947.6176806937
7LA4,758313.5029670292,-1586771.0275660579
30LS,779124.6036301382,-1610147.558348521
3LA7,779954.4241538767,-1618457.723065367
02LS,782212.72450251,-1610312.0400140022
2R6,744905.2395257589,-1524105.4302376779
LA18,750568.6163084945,-1524086.564015025
LA77,750539.5611883597,-1522873.449242832
2LA4,750384.4913400982,-1526677.2273091718
LS12,1013537.6264424486,-1678135.6752529868
16LA,782302.7111011846,-1617324.0974549202
13LA,660444.9398851926,-1661188.9653203592
57LA,751984.1088509215,-1585733.7664268336
6LA5,748586.7380846106,-1579432.3237903828
37LA,799887.4528737467,-1433340.133723894
4LA8,877298.2123415947,-1538737.023503729
LA83,859003.5322530054,-1519741.6961065088
LA86,912189.4805342483,-1698242.8679445256
LA23,748334.3938465473,-1399301.1499173995
F86,751698.5060558652,-1394125.0905840008
LA36,881757.4084390033,-1607989.5513958265
79LA,956496.7777985438,-1562829.561064909
LA51,622620.4833727061,-1416611.3776490896
LA19,630765.6096664977,-1415643.912756087
0R7,634471.26959172,-1418791.850862046
LS76,947300.3648276562,-1558240.7268773888
98LA,955857.2317728548,-1563970.4852822914
LA24,952716.4216456866,-1557109.3500229244
L31,964861.2540018443,-1558173.9659020791
LA87,948442.8417156385,-1552890.4168946086
25LS,659854.1558038156,-1661044.6311765516
3R2,727594.0246633848,-1613759.4410061273
LA90,732089.7339487582,-1598651.326864003
LS42,738632.4376558305,-1605613.5247155325
99LA,735693.5855330701,-1598913.2908563123
20LS,742949.4247702732,-1605988.6473959042
9LS1,809007.6544385809,-1324764.3417216719
91LA,735725.1179292458,-1571728.4340553693
LA57,732852.7624356014,-1587005.3990093106
LA65,734134.1272659265,-1576078.434893808
4R7,730871.2280027821,-1579733.3236483112
F87,719793.8846231423,-1330091.5912678603
1LS8,808289.1513563159,-1437571.1674893375
LA26,939102.6307038853,-1537114.1432341405
3LS8,950549.5014398963,-1536853.9620192503
POE,652646.597807456,-1522166.2391697813
9LA7,823584.2826430623,-1644922.0931649983
2R7,948926.9150601672,-1518379.3935440914
19LS,944846.0140359051,-1517193.995921638
00LA,872372.6433897257,-1596528.9862575422
5LS0,870790.7342502592,-1597770.025937148
08LS,768925.5932784164,-1582622.8687279094
LS56,977385.9984976158,-1679906.2430999267
09LA,958155.0290844867,-1705656.1747272417
0LA5,980230.2539181248,-1688305.943668726
0LA7,980007.3854376244,-1688765.7996981435
LS22,895891.8867268449,-1522946.2555158467
46LS,723555.0344137838,-1622491.4541867482
0LA0,640235.3106071575,-1637861.4667377928
1LA1,926936.064194585,-1613782.8634008686
92LA,903934.8776220168,-1659239.6071225745
HUM,909406.6109910527,-1662004.1808918605
L87,572021.4926673865,-1310998.6706745534
14LA,910617.018784804,-1545373.3892579123
1LS2,798747.7546107646,-1527961.7183878454
1LA8,753914.2564689156,-1673538.6723261601
2LA0,762369.2323328333,-1651888.4665583004
2LA1,752861.6648194959,-1664712.6194299923
LA09,761930.9725429284,-1652283.531304829
LS31,753915.9874841747,-1673489.3954834002
75LA,615122.6637043258,-1661306.1816607437
F88,687055.9609623936,-1391013.3357759737
0LA8,687968.2003108267,-1385277.9832980095
L32,777072.6675727356,-1447480.6157576751
2LA9,750009.0006342776,-1642114.693485979
93LA,746838.8312979224,-1629074.6484047032
LA61,752317.572992441,-1628566.5654308263
5F5,585417.9013356855,-1383198.1075601403
56LA,583686.1837539694,-1383261.7342314608
LA12,945503.8381513242,-1608672.7832748531
86LA,894508.8516901328,-1507314.8854011844
76LS,906034.1699591228,-1508006.9816660956
LS45,923781.9563207859,-1613916.5380765705
28LS,768192.8541314504,-1609304.6851359431
33LS,771650.4065413413,-1608513.7695902155
4LA6,962681.3569381955,-1663801.4728862373
LA32,707212.1095961191,-1622942.1474432566
LCH,656468.1224056658,-1623597.4599812923
LA62,680222.1229719196,-1653950.7540071537
47LA,655455.2615788844,-1613789.9782440937
5LA8,661591.6267853393,-1612009.9970775265
LA27,664825.2511117253,-1612120.3379330712
LA55,658360.605214669,-1614695.8392986238
3LA6,670302.3900882417,-1621215.0665787684
LS58,653403.3494604675,-1617835.3088081111
4LA4,956003.1586305097,-1695098.7293699682
L39,637310.7833983945,-1509693.7364471483
LA29,644541.5331365335,-1512525.6483669004
57LS,643342.6493516306,-1504715.3081394616
LS97,935296.2023224613,-1618836.143241713
04LA,900304.8459370052,-1609204.3851030879
LA25,729879.7854780931,-1554201.6741942107
1LA7,729955.594088386,-1560294.2426717666
3F3,590568.7653643696,-1412958.6692734377
3R4,621077.1471571835,-1469269.4390185382
LS98,622072.8846286875,-1467433.2334796786
7LA0,816157.609099297,-1565597.0804260643
MKV,759466.811124404,-1507476.7723397797
07LS,754260.6981415238,-1349878.2195230834
40LA,757666.0995690736,-1368701.5798684952
LA33,742042.4593916096,-1344540.345271095
MLU,749917.9980022834,-1351139.945939616
5LA1,768441.2829332016,-1514042.7991989357
5LA2,856457.6314032391,-1653886.137140565
42LA,855519.4921165194,-1652245.222557766
1LA5,762610.8158665525,-1539730.8221746152
LS48,869363.1732743374,-1622898.2368159115
59LA,777812.346132658,-1632682.334027475
26LA,775600.9991193925,-1635758.0489110693
0M9,801307.8076362069,-1357277.0152868996
61LA,872349.1595861111,-1554872.9487122213
5R8,630036.2543282171,-1590770.6885001173
DRI,640042.0946627811,-1546754.0460186757
34LA,647069.520870389,-1552868.1429740584
94LA,871159.0395896211,-1608213.5031392034
44LA,668749.7578068756,-1564899.6320961397
LA75,753229.6665474785,-1606666.4075482506
LS28,989516.3454961872,-1673831.1881941056
98LS,702483.8747850378,-1585692.8718354856
66LA,829575.4344626525,-1565557.3452412423
00LS,733075.0777351242,-1616105.1986734408
GAO,949411.2645406622,-1671502.6517796596
2LS0,946033.7354552158,-1674949.1468984752
LS55,865014.3512920738,-1592939.2004389635
LS64,876528.9667417275,-1651957.6808601818
LS93,885902.1018646758,-1659602.6064759514
LA54,578392.222412814,-1329028.247039602
LS95,710967.022723139,-1524594.630395128
11LS,712720.9970642407,-1524812.9549850537
REG,876309.3654046617,-1598400.0806417174
8LA8,878763.9868467747,-1583746.0069489938
0LA1,872554.9724897833,-1592356.1025084832
LA84,876855.7295706983,-1594090.4279461415
HDC,922872.5289481633,-1554442.3341231407
LA13,932087.5801838292,-1547122.0831052777
LS02,919221.908452923,-1561038.0540316717
84LA,603367.5122059629,-1358771.137482963
1LA3,694883.3705865378,-1631049.5663053922
LA50,753271.6949911241,-1513207.856412706
70LA,693262.4143854632,-1505071.1233314525
5F4,656861.7999184816,-1328429.5791772269
20LA,906515.9030032429,-1661842.744331552
2LA5,730986.0503979299,-1593234.4829857214
LA68,722869.6000936126,-1597111.4202487778
31LA,724955.8450114295,-1595398.5448678604
LA52,716352.8311090948,-1591808.0687966575
LA71,677286.0435563859,-1611057.681816664
LS36,679805.1222244694,-1607992.5918155077
LA3,843871.957319134,-1531104.930430442
2LA6,848072.7777982572,-1527815.837124695
2R1,808878.7571103884,-1635407.9691653978
LS96,955232.0058157742,-1612364.7064091251
1R1,745986.7733318565,-1444994.5568413395
3R7,708653.0618959938,-1606424.8893509472
LS16,780948.7057951114,-1403674.6637717283
3LA1,693540.9818776997,-1572711.6273888038
LS94,795020.8173599046,-1566435.5456401429
LA31,683921.7507601737,-1613215.690135886
34LS,972958.7340914005,-1566961.196149398
LFT,775087.3962458812,-1604692.13984499
36LA,768585.7602409676,-1609646.3780496302
4LA5,773168.6932822617,-1606458.2481321266
76LA,772050.5229465063,-1605354.8279788303
89LA,766523.7407772155,-1608819.9923784921
48LS,770927.3615084447,-1610987.0313935468
LS23,769894.7223074434,-1610894.8152036318
88LA,761530.4798772868,-1614325.546381614
LS74,657992.8419193376,-1612323.0973953807
LS81,657648.3596392528,-1624801.7945004262
29LS,651821.1741677126,-1614920.3401917445
CWF,663585.902294945,-1613683.4689286682
3LA8,664202.3580371761,-1621782.4699393327
LA21,664028.4197622502,-1608739.7317202627
0M8,826307.4100991117,-1308551.8851406258
6LA1,823006.3371380231,-1291292.9879495124
LS57,918389.3147283217,-1604829.8322281742
LA35,725244.9197186577,-1503118.9815737146
4LA1,960394.769868937,-1718489.130590576
4LA2,950901.4064807968,-1711854.0651083884
LA49,960331.2742753434,-1707829.9503633357
LS67,759705.9328641316,-1502001.1853724523
4LA7,960662.2029593235,-1620041.3209000416
7L9,793913.5096360977,-1548649.2144285257
2LS3,792433.8635476612,-1557412.4359513817
5LS6,770039.0994696178,-1320933.0791203326
LS85,950997.2023004594,-1607830.2873787386
MNE,630381.9737926897,-1346368.8266224477
90LA,628231.888927419,-1350103.5853938954
LS30,743768.2036561868,-1358532.5260539053
IER,656160.0591941638,-1445301.7022741572
7LA8,658055.3980046443,-1443316.261062722
LS83,827683.2314200941,-1393315.5714630992
LS38,788222.5891241761,-1624742.7624197367
2LA2,796603.8728613862,-1626536.9646212172
5LA7,786930.7050529801,-1620592.8977123336
LA43,786745.9017768881,-1621318.4457210419
LA72,795552.2758710807,-1624785.770770979
15LS,791932.5702376937,-1631972.888534059
31LS,788510.1489291037,-1622375.588373746
37LS,787786.5348988192,-1622881.0099491896
ARA,786581.1618979581,-1622159.1266188137
LA93,957227.656978973,-1617632.1033894038
6LA0,968256.157726096,-1612424.6339633425
3LS3,963037.7088817362,-1618668.612500437
LS24,960475.7692177203,-1616297.0191216357
NBG,967981.0960773159,-1626494.856087777
MSY,943779.1568939897,-1610813.662288556
NEW,965483.9862993065,-1602867.407252181
HZR,819335.6549152349,-1543506.275419399
LS06,821346.1131060129,-1547177.410023097
2L0,721635.7567964441,-1483427.0597792955
18LA,726338.7345293969,-1479356.045614852
L66,718821.3226796173,-1468666.9489783074
32LS,929641.4765147062,-1565030.7129355595
44LS,928315.1722062269,-1559334.7578395759
LA46,837756.7849372296,-1565178.7232333838
17LS,772738.8068950025,-1560237.296809748
7LA1,1005949.4491245082,-1663024.3908810217
16LS,878000.0067802719,-1582263.0164675694
7LA2,917117.6761967071,-1646325.004252933
LA37,829394.08357707,-1535279.5207699777
06LS,834613.100659275,-1543140.1311355839
09LS,827319.002764378,-1530856.332161645
21LS,822448.8444868844,-1526317.2069458338
35LS,840897.0299629201,-1531929.9913560122
LA44,959994.3838136988,-1582565.5917594337
L33,830033.2796940159,-1403019.2191129315
LA53,827618.058058956,-1402790.628225442
50LS,887332.5737276593,-1563151.5368447925
10LA,764289.2408815657,-1600989.3690804339
ASD,982071.8888583402,-1567131.1883749152
LS17,1004617.4190116674,-1595613.8922271589
LS51,990274.6852392119,-1572643.5830128586
LA38,984448.6872274373,-1575679.5196737146
9LA8,941749.3385585641,-1614685.858025865
SPH,617410.9476480659,-1309902.183689207
72LA,637718.1171613534,-1611774.0843004927
UXL,641668.1206602866,-1624153.2743957862
LS37,641658.1399557996,-1613422.9294291525
12LA,642429.8659482161,-1608106.2238317356
51LS,760646.2122157459,-1580191.2203410165
5LA9,760506.2437291302,-1580480.8777943412
M80,834059.0856573947,-1353327.781442077
8LA4,1039303.5316563885,-1681078.512440574
8LA5,1044440.2976151517,-1704649.9066614064
LS52,1037736.4652520008,-1678157.0599870642
LA47,1038135.8428065348,-1678258.1636707212
LA98,1037549.7658186755,-1695465.7974242012
7LA7,1050076.8175556227,-1677858.6445016381
45LA,1037331.7306214452,-1677300.9050310133
30LA,1039093.6265764575,-1679801.1577746926
8LA7,986219.2327063176,-1620263.6821990195
LA40,802566.9172181423,-1475706.86804974
0R4,808700.5373550946,-1450874.9368938457
58LA,847230.4580047186,-1518338.805921346
0R5,695885.3291432973,-1416711.0492260754
0L6,697596.7707075014,-1421052.2749918518
F89,784953.0412599916,-1387534.0759989587
6LA6,768375.9025331584,-1381885.8293154878
03LS,784005.7135817453,-1386958.0547585732
1R4,717945.472292268,-1507690.1005374463
33LA,776419.538294223,-1619574.3351745624
LS54,846928.7569522422,-1543333.7994420363
LS00,854643.3467515404,-1544690.481594803
5LS9,599903.7740889293,-1472278.7467403258
MA67,2208732.4540734743,45595.3805207874
6MA0,2306360.1203886215,180864.21057982254
MA20,2322585.2802867056,151414.82118107507
35MA,2327853.076229367,152437.9169222661
BOS,2320658.4485041024,126152.13380139158
0MA1,2315870.0766399596,124423.76878859758
MA22,2319226.6365286,119841.85211003578
0MA6,2311017.6568648494,122757.00245214558
0MA4,2316841.3685999736,121191.55548580954
MA39,2314061.5102408496,120448.14987948099
MA29,2380641.844447368,65631.05796273956
7MA0,2279835.0300521986,127131.15235982017
7MA1,2275021.9071635883,124702.45856885881
MA25,2416716.8392128637,87004.45381319814
MA26,2234477.9036836172,65079.59248520473
4MA6,2339224.7160967537,121090.31695050545
6MA6,2392027.9921761677,63448.43440936029
6MA9,2362278.3617531755,28635.218327462197
MA09,2265058.350324174,67799.5691956954
5MA2,2386229.4057969823,53485.64192006754
7MA2,2347255.17608422,66020.75902269073
1B2,2395688.7892565434,33603.89697388858
MA31,2334644.5866153385,52720.273579451874
FMH,2384320.6416037227,65556.6449147702
5B6,2385793.7409313917,57235.14186093589
MA37,2380121.091332151,52581.59511911871
FIT,2256429.973667691,125073.46093060871
0LS7,819800.2700372776,-1555176.8769517574
6LA4,711928.8420298628,-1543603.1228258412
ACP,703123.0435601276,-1550632.7783792722
9M6,805888.5630870238,-1308218.2524395352
2LA7,802690.3709912878,-1295388.7168918632
01LA,773328.5996848937,-1334637.2453405512
LA11,567579.3919371107,-1334928.317945539
OPL,761261.5104670561,-1566791.6560865755
LA91,789814.3460374165,-1601505.2299898972
PTN,842274.0421097731,-1653133.8207833043
6LA7,750288.1701951365,-1680874.4082196644
LS71,914173.538866095,-1643563.0050924474
4LA9,910224.7976513384,-1643065.709047093
12LS,746651.2150548943,-1610212.4584653922
LA30,750240.2465820706,-1602179.7642949452
M79,775019.7790910996,-1351550.7871239907
81LS,777201.2925847896,-1353772.9920995259
APS,911593.3907001512,-1603930.1414093394
LS92,931883.0616067837,-1545014.4099669226
RSN,698054.6613586043,-1355516.271866503
7LA6,986531.5692158043,-1620134.1650392166
LA96,832336.7011168007,-1537480.7995922093
SHV,582239.433615858,-1372127.7848003015
LS07,588002.7724568938,-1367934.6805592594
5LA0,581062.2089990381,-1356265.7330008936
41LA,587814.8840008033,-1361756.606408924
1LA4,601126.5478064058,-1386938.004138851
LS78,586445.0312037638,-1367331.4130452543
77LA,589059.7337843397,-1366269.5250481188
DTN,589302.6027191698,-1361156.217837106
22LA,778276.9720801857,-1516494.3058877466
LS77,850856.061714982,-1539347.0722028497
LS25,859489.4272603014,-1540948.8667368344
TVR,846093.9168043499,-1359262.8623024155
9LS5,837099.9775150727,-1365513.3568642472
L83,890889.6669158618,-1643871.2485329523
LA59,892335.4053621882,-1639441.9781794185
8LA0,891229.487809709,-1643998.481272321
50LA,896544.8280486594,-1650904.5004105195
0LS0,900259.4383916744,-1642656.239536482
LS14,695373.8086093685,-1626549.5288258987
82LS,834984.9778335079,-1322581.6272972727
LS79,733076.9633594796,-1425114.5200826474
11LA,1039507.6793125842,-1681124.226964528
LS53,744121.8946019546,-1554719.07799843
38LA,751344.9807923246,-1542640.3451474772
3F4,562075.1389979557,-1327562.093420128
0LA4,564007.3145934361,-1327048.224410808
8TA9,764423.3831961527,-1557028.8036926284
68LS,819127.386396425,-1421709.82546029
LS39,868551.8700595398,-1554587.02877934
0LA9,879744.7290958236,-1551961.2207432485
LA42,880379.9507269961,-1565264.010514027
6R1,693494.5276170424,-1607791.6377264804
LS18,699048.207580406,-1609633.5072468861
LS72,695599.1256578972,-1611920.9696197547
LS10,646856.1627597037,-1608181.5367253558
LA14,739155.1617025689,-1352137.5466159633
MA35,2308295.381522589,178421.73409183667
6MA2,2302421.502882201,179193.941395182
01MA,2297565.2725279145,149008.60997962762
1MA1,2269626.2322005313,132687.19191318253
3MA3,2394364.655253068,63681.817738995625
24MA,2235136.8650679966,103120.52725972494
BED,2295200.882214063,129425.262340693
MA54,2214953.918873449,79562.77535261684
31MA,2217678.9381484175,75976.83143026126
1M8,2338986.3541664695,69936.9819636945
27MA,2332936.768868367,65420.366839264214
BVY,2319038.4652792905,152225.62983233112
MA27,2324859.193962726,95998.04063171093
0MA5,2328546.5683451276,92125.17431774014
MA21,2300940.907999934,132943.47853481752
85MA,2300987.24878066,133258.47254024528
MA93,2300793.7561938283,132887.97255695742
5MA4,2355341.013548106,86471.58361231821
MA34,2352738.906791068,85582.7561541293
9MA8,2358974.218358378,78478.52080689995
MA30,2257417.9609420933,70978.75939372694
CQX,2423863.1728662485,84513.57549657882
3MA4,2424618.571127807,88028.81647935302
MA47,2208837.080000455,63324.577068306644
30MA,2266148.242739885,113539.99689359289
GDM,2237085.2292638877,117495.75600718615
MA40,2240939.5288602524,118129.18804329599
MA42,2337335.509896762,162382.6986181302
MA13,2338320.952105374,164912.472278172
MA15,2337881.2197836605,164809.88530176642
02MA,2362439.302045164,28263.758604632025
15MA,2363676.971756978,29065.753999664157
MA43,2186771.820701165,42346.09726381257
GBR,2144111.782665508,40840.74975931092
03MA,2201977.4655466634,86047.55803971461
MA6,2346497.581672444,93390.20420078121
47MA,2321300.9324228344,157833.47041330178
92MA,2321071.9469279917,158724.28179745353
MA45,2342104.6411760096,105625.78904894683
28M,2346293.7031432097,95160.72681492477
04MA,2293619.263537913,169784.17141843587
12MA,2293407.402999038,97111.89626398621
25MA,2293555.5648682015,96996.77802767375
29MA,2205348.6846769145,64338.157834214995
1B6,2292026.021368721,84502.5738120145
MA41,2283853.1135400985,95634.85458996186
2MA2,2278388.06243301,111547.68018272136
HYA,2402441.7828485034,73819.17338597726
MA36,2320642.40065696,162780.65782769848
2MA3,2321721.023833892,162925.3958312968
05MA,2315229.4959976,163695.35389641798
MA50,2278800.897103099,106001.81744157201
58MA,2282590.595266472,111675.23416543425
3MA1,2279256.914769649,109798.03775793366
GHG,2356077.813588986,107648.67217642107
2B1,2392524.9842379247,71892.15750609487
3MA9,2393827.495238023,66967.53231058766
MA12,2391984.6287101256,69713.7346772246
41MA,2390650.880572619,59676.76069961037
MA52,2282672.225359979,120894.24154082286
2MA5,2284007.663474566,120167.1679648086
18MA,2294443.088794316,160289.44494841454
20MA,2306132.3663691855,113583.60088575615
EWB,2350373.2878406183,54666.35419995962
6MA8,2354565.1507094777,52732.76798063874
5MA6,2353734.9190333113,49906.209160958
4MA4,2348215.0644516316,47209.68398691359
MA89,2237884.1671933816,93354.70851338263
2B2,2316705.719919565,176838.32515601523
MA98,2312082.1913711787,177299.30072703163
AQW,2143947.0014414894,101761.19351363133
32MA,2148122.0119022415,104624.4349854693
MA51,2345606.2280704607,48230.995748147
7B2,2199798.058380549,77484.4698312606
2MA7,2311577.073303985,73991.26221639123
OWD,2314552.497107346,103055.87361446995
PVC,2391356.072863209,118284.870140358
4MA8,2321434.3723668642,116555.92567772386
0MA3,2325294.5098126396,58408.99739530383
MA96,2319843.5268553705,133674.75524060195
MA65,2353254.981151269,67243.4531269699
22MA,2339440.5365428464,166352.62193715345
51MA,2337775.354402816,170108.3619776837
60MA,2316951.38577562,169557.88213188775
MA18,2155181.8626575116,32149.393421173536
4MA0,2298708.058733576,102333.7783674385
6MA7,2271927.8008189634,97046.31666343429
MA10,2313838.131334225,125430.11598183811
1MA5,2282717.472464799,101780.14987356802
6B6,2278204.498249647,121914.03718581708
2MA8,2277507.10027266,118111.60963681938
8MA4,2281608.395020183,117991.04350610364
TAN,2338522.0201069447,73982.98456737217
MA99,2331933.5564118396,69939.7893984305
1MA9,2331236.6649124655,75038.48010793167
2MA9,2293674.1520722415,149246.64263724137
80MA,2296729.465752648,145367.60456304284
MA74,2277084.620831758,149300.71214938833
MVY,2387489.7310566083,34672.74233559425
MA76,2302161.749095063,119717.0707204018
5MA0,2303492.7587368703,123698.35452691714
0MA9,2246983.3948143343,115510.62346890122
1MA7,2318527.036771497,138669.7767121213
3MA5,2349457.176841236,38240.39564544613
MA95,2202560.9285191908,54387.467041841584
37MA,2221560.763743765,60721.170734448424
MA86,2159154.947625668,84346.31471248248
3MA0,2305235.8223887905,138014.10163606686
ORH,2258191.5077110357,91300.26533168343
MA32,2266498.143333128,93640.62936200992
1MA2,2266712.4483528906,95377.11236587784
42MA,2264169.6683046245,93403.73246774865
06MD,1987538.6163314795,-350098.2570304259
24MD,1983215.933489133,-352320.9499122953
12MD,1977701.1287632,-355425.40818815137
4MD,1986024.013034391,-352781.52747839375
17MD,1983661.192394155,-350706.43388147315
44MD,1980822.4196266774,-347678.53142744256
BWI,1980887.5167152977,-365563.63650219596
0MD3,1983510.0477478246,-350589.5334535587
MD10,1982554.7351949743,-351682.2375270701
W48,1997743.9639961352,-350459.1915419537
03MD,1997144.3470056707,-320696.77429591597
MD14,1998739.880518851,-436376.5405301923
ADW,1975232.8259202528,-409798.2571026357
MD93,2037298.5132356796,-325378.17516338057
MD21,2029563.1018035526,-357830.1815575733
04MD,2039871.4519852356,-307834.8706455444
MD11,2027525.6724516344,-339828.5454859743
MD63,2031906.160619089,-338764.215705013
MD51,2029210.9619564104,-346267.9911730648
05MD,2017396.804655003,-346721.65022438864
23MD,2016379.714637381,-345700.12897026556
MD19,2032846.722232522,-346873.41318601585
1MD4,1967352.9101760737,-398130.40162672923
MA33,2323557.824636911,160931.92344074498
LWM,2298333.4626937374,160384.19732407294
16MA,2296772.609450455,158771.51726585958
0MA2,2256812.9769581766,123621.3084178016
17MA,2256792.389507647,119317.87388274519
MA48,2299444.568883306,126289.18486572032
1MA8,2295535.2401695205,123536.53650410262
2MA4,2278316.8611751487,132646.58606366173
1MA4,2287466.4988576435,143295.6730904594
4MA7,2217051.641747702,67323.03543246664
3MA7,2320340.1580130435,136812.98999388056
33MA,2330819.4675376685,153798.70633766463
34MA,2332702.3569589476,156518.06637013488
1B9,2319787.28022706,82184.16511900554
MA60,2345472.650163084,79000.6205654609
3MA2,2167994.814856199,64849.634205186885
6MA4,2314448.0839242367,152064.93200344383
MA46,2293097.336421888,87807.21696276528
4MA3,2269067.294717008,86250.08546371039
5MA5,2300629.4722097116,97771.27419748093
MA71,2299656.8575156895,93195.54563420259
0B5,2197019.5965240346,108008.39332129611
MA55,2413866.3399201045,37786.784566038375
ACK,2435345.199231795,36302.930988162625
19MA,2427269.4316678606,36994.62318561554
MA57,2296366.4175580456,107407.56514365558
5MA7,2294245.8660615906,109622.34982690708
MA44,2388991.680820501,41091.81656628042
ORE,2215643.514090731,112117.22652083557
MA23,2394944.912526137,65821.7799129228
MA49,2319815.359003744,147344.99098467975
MA63,2347474.4850421064,101509.09422232432
MA64,2346112.2220985726,101155.6747836436
06MA,2262699.679690813,143834.81594752512
26MA,2266942.8424378303,146080.74576342994
PSF,2144226.9512624107,69854.22474991143
PYM,2359143.5378876594,86031.59843547495
1MA0,2364072.447085885,91710.96429110989
07MA,2360210.759893991,87438.34722463437
MA78,2366398.7485374007,89917.21361909862
3B0,2251821.984535868,69059.94817143983
1MA6,2198893.1851891484,46088.734385678734
6MA3,2200609.0614310866,46098.8258885397
28MA,2192809.5201676083,45365.00130274341
5MA8,2199612.9524576995,39279.61901208946
60M,2250538.515367242,91300.42195191015
MA68,2212673.5743482676,56760.62210054508
CEF,2210471.5849601445,65273.14423850345
6MA5,2207730.4137169346,55737.990641536904
3B3,2258622.1119134496,110516.18772141435
MA69,2311089.728355435,133263.7924131752
MA92,2300281.9435844473,122656.36152746572
MA53,2231761.636852714,83457.04010568779
10MA,2225422.6638869825,78839.60890777025
11MA,2360667.5475000506,74364.80853139587
70MA,2366011.8061242756,70099.12116850102
MA77,2157054.4918103865,68050.45789374356
MA83,2268759.2151154997,66422.17896727922
5MA3,2240683.07410031,75375.67491347143
BAF,2197879.824398817,56485.66258483389
MA79,2196550.056376685,58161.987631835495
MA80,2191683.6096095257,49743.14980853185
23MA,2280906.844679128,135285.63005484352
MA81,2243756.2582531394,120560.66386174681
MA94,2263751.36132225,94331.10936258867
MA88,2173118.174175903,75459.15511823032
8MD1,2010233.278479644,-324385.26237066044
APG,2013223.2884927974,-322079.2725764363
ANP,1996006.0474791126,-388311.7998060006
01MD,2003595.2228621077,-379493.76844730007
3MD4,1989138.5165330067,-386275.18506382353
20MD,1997414.8901208935,-382314.09899360006
MTN,1997365.5625814782,-343177.41417626897
8MD2,1982906.9508061064,-346236.46189435886
3MD7,1987619.3482436691,-337073.52036602725
MD71,1981126.7465511768,-352390.58623827435
8MD3,1976286.0353990244,-346333.84716516157
4MD1,2123598.8394598397,-416908.44145630987
5MD9,1949795.0779168317,-395401.06112298666
60MD,1950910.1283748858,-394814.45143008145
4MD3,2127269.644635116,-407355.2515779892
2MD3,1923768.4160773216,-375853.96894672845
02MD,1992255.9330046505,-420971.92095460393
5MD1,1973073.948726942,-339720.2083865595
3MD8,2038557.0787088017,-414304.7367706673
CGE,2052357.3748284208,-418701.2141974867
MD33,2048346.8213856977,-416014.69674276025
1MD1,2030316.3209420368,-421833.51339013636
MD82,2032076.1977096887,-424718.6699547932
MD04,2034495.6758323999,-420601.05778508406
MD91,2034905.0590409387,-352204.0851071214
0W3,2007303.224330515,-311867.56679154845
4MD4,1999620.3412369941,-457554.46573128825
2MD1,2001592.455969666,-460723.46440019517
3MD1,1976244.1490136767,-416830.98647336033
CGS,1965764.8913108548,-392758.6889331402
MD25,1961851.6904674277,-366559.8043206332
2MD2,1966213.384201625,-362761.72679099586
6MD4,2002294.5189807122,-295632.19918730494
W41,2084833.1553404168,-469882.2387689703
MD52,2083259.449278453,-472778.8425529758
1W3,1796885.5845573915,-366970.52195278823
MD65,1798106.1004274795,-361908.7612243398
CBE,1796550.6654858429,-365980.5127847961
MD46,1950545.5396260961,-363453.03378936386
MD22,2000997.824166048,-405461.1244465176
6MD1,2053649.1564319436,-383529.0166596461
9MD9,2071016.6704486597,-376407.2381274751
3MD6,2028181.5827698356,-466863.0882345829
4MD6,2000744.6126976379,-307152.4290447063
MD27,1997042.2607930414,-433113.0110675791
ESN,2041241.5628777384,-391054.6520928123
MD28,2047411.1610265556,-388593.2741667788
MD29,2041601.5176158205,-394911.14096953766
MD72,1967287.5366153086,-421773.56531059963
FDK,1915977.1533871305,-356176.0477942961
4MD8,1920544.169401532,-361683.2218870938
7MD3,1912520.8660597177,-356516.1337199285
3MD0,1921119.1462482938,-362732.460784528
VKX,1969685.1133835686,-418655.8080660675
GAI,1940260.5440286782,-378211.64630628424
MD34,1936520.7868407154,-381017.52865655435
MD36,1995548.8458684578,-364820.6218663261
0MD0,1986077.562206641,-368610.17039051076
6MD7,2049806.9569899775,-325773.83620212966
MD42,1922211.7735634334,-330805.96232150315
MD83,1966939.9637213906,-445993.96852471656
MD97,1970440.2316265902,-451899.15946471656
6MD6,1974778.8928309877,-442843.5931642742
MD37,1964726.6012276087,-380629.75250533485
W50,1939349.5001623095,-369745.5722036298
1MD5,1944458.603002096,-374242.4880203845
2W6,2015725.856641027,-455740.29103966453
7MD0,2060856.637738281,-354344.0622335348
MD1,2048354.3144493855,-330885.830938023
W00,1979247.2305821779,-393402.79692902917
0MD6,1939060.7257664725,-353746.27433920885
MD55,1960642.0866456202,-462145.0948458081
1MD6,1971199.0180918465,-395177.47868643847
MD56,1932348.2222642824,-333787.9373081295
16MD,2023955.47889575,-295204.5558421716
2MD8,1747884.4288325266,-411266.7864801161
3MD2,1749135.8983025907,-401775.6774556759
4MD2,1744343.9855983227,-401045.7291252431
42MD,1745712.0576237538,-396255.50180555537
2G4,1750147.518322128,-382116.523741124
0MD7,2033921.3747337773,-380954.92801172496
3MD9,2034880.6834724725,-473155.3226904772
RJD,2052893.8315789436,-368092.34964981617
8MD6,1963917.7231189245,-461274.1515091757
1MD7,1939379.4692965227,-386300.54121476406
NUI,2030973.7868297398,-471061.5348687178
MD64,2024621.3892059554,-396576.0410826582
SBY,2101429.6643839274,-427071.03499640053
1N5,2090339.4541225848,-421971.83597110317
MD49,2093494.9670877645,-426919.01153444033
4MD7,1910062.6404287629,-331147.26709688985
7MD9,2022859.4736761253,-404519.82266025967
MD13,1980913.1885020642,-339477.2350233301
08MD,1979384.7797393517,-341163.3896304515
MD74,1929042.4109321514,-345778.2436168008
MD75,1923970.60405474,-362664.32245117164
MD05,1962872.5538282318,-448713.4061242707
DMW,1940496.440916508,-326854.42542887165
2W2,1943811.2239518417,-342371.3837941384
07MD,1937180.2794683268,-327723.62382035976
M00,2336700.2438826095,363211.3453096025
08ME,2273782.0673397994,404601.4144492285
BGR,2383155.416950591,448230.00171095855
06B,2380608.138111781,459371.114336332
ME02,2388559.127817435,450592.1592469981
BHB,2431751.7851716424,424809.6504416041
ME07,2444143.0990961646,423737.575461951
BST,2386635.024630347,400922.1386492833
1ME1,2386773.355796842,401132.49273799715
ME60,2325920.0101785557,383328.8377763765
ME61,2292964.5036719777,228037.41751770634
09ME,2294506.973272245,234224.53986284547
0B1,2255506.759417243,350305.69721091376
B19,2318099.971624969,258260.05924371508
39B,2295102.2715956583,582455.3234440705
1ME,2289231.666299285,562705.9409762104
ME18,2309106.459509994,549198.7878513698
29ME,2347570.6260583135,389598.2306998174
ME19,2257993.6180778,617741.0961343078
ME04,2257695.4466149276,616803.6580523911
ME28,2314412.6967112985,300404.02076297044
ME2,2500090.5468389764,482891.6699448614
43B,2446345.8020412866,465178.54269612726
68JY,2278773.0807125852,299589.99792785186
1B0,2345622.339192513,456768.3824391527
44B,2337888.261945422,474730.75926103827
ME85,2338287.1377519495,475618.8677984133
MD81,2002077.8428362664,-389809.4850033249
EDG,2005411.3801099295,-333034.70480885584
58M,2034226.0104919712,-302981.2598329756
93MD,2037443.7990383974,-303444.7885538252
MD12,1916389.5653044407,-330508.4339913514
7MD2,1912901.6218769276,-325840.8234631567
W42,1992325.5780354093,-324135.44544619904
00MD,2068598.5961286032,-388271.52050934907
7MD1,2062219.225020012,-396497.9727250277
MD95,1954481.4061956129,-337523.0045795294
MD31,1993033.9572294785,-314792.82934453996
MD32,1911659.5436701719,-355161.2542187596
FME,1976105.6457130783,-377516.8141358178
50MD,2026990.5468452882,-376221.0943235375
8MD4,2059839.0347006954,-364750.8715754825
HGR,1878870.2137037574,-332720.2222613667
MD30,1878856.4641056934,-340484.7240639152
7MD4,1878897.4460399752,-345425.9596769295
22MD,1888983.1782112315,-344024.2835993285
M06,2018959.714712345,-311445.52229120996
MD08,2016535.3950635477,-313261.10710016504
MD35,2086828.2331929812,-420461.5416885054
3MD5,2065503.5817355914,-405130.9520076404
2W5,1964391.6893713684,-437846.98652965546
MD40,1978538.1340540547,-322585.42376070545
8MD7,2009022.7974506733,-466702.2304317327
MD02,2009105.413590068,-459348.235861467
MD45,2011822.7979485586,-466808.0940384196
7MD5,2008878.5178965328,-459342.0472965289
2MD6,2027392.30793204,-472350.0140546656
8MD5,1926185.7408508158,-343792.4652484828
2MD7,1979604.2741717016,-361795.99895847455
MD47,1941188.0756767339,-358768.12185370165
MD48,1985900.2452401132,-329303.08606949664
MD50,2026595.551421372,-447218.14277476637
4MD0,2019756.6889854637,-447713.9485220764
MD80,2074154.1250631039,-421926.01698182686
2MD0,2094170.5369507489,-463460.8444844335
OXB,2134190.915985351,-420370.7349781157
MD58,1953252.4629001203,-379266.2457665323
18MD,1949783.5676767982,-377060.1381949978
4MD9,1964424.7592233485,-334795.35404044855
NHK,2028400.795523697,-455432.90941939916
6MD8,2107113.845811076,-413358.7716771167
MD57,2102585.0523601314,-465769.82025996957
MD00,2106732.8322272534,-459906.8154034302
7MD7,2105650.099447693,-465611.5289294143
0MD9,2004920.0514511683,-430268.5817141623
62MD,2003084.6740326458,-439245.7883867881
5MD5,2089238.8290838057,-447700.84853150515
2MD4,2095810.510088613,-422425.30787114665
11MD,2088818.6472277772,-420027.69665833423
MD68,1970078.5855059011,-341235.6365214313
3W3,2013986.7739184557,-385883.57711856934
7MD8,2015584.58469297,-392610.28189545183
W29,2014627.863091629,-378871.52637492045
MD69,2024166.0974187688,-334239.52727868425
MD70,2043009.6158512966,-346362.4036417733
0MD1,2052318.1700330258,-342808.66516217124
25MD,2049037.4332523956,-346130.60224554467
32MD,2045376.439945638,-344678.757717024
MD20,1930284.808441851,-326544.77659597585
MD76,1943319.4957034253,-331830.55173779756
1MD8,1931015.5999691675,-320892.9655338541
6MD3,1896751.6682739805,-340674.8809732407
MD78,1941911.0399979483,-352666.2372059849
8MD0,1946237.9466530497,-351429.31140237063
MD79,2026483.6857908221,-342972.94323437684
0ME4,2411204.0663020657,452067.5517122779
ME89,2275741.986313969,259343.6615260318
02ME,2281368.9997805054,252908.4821377729
ME24,2375428.936345296,380873.6532574495
ME86,2318262.9193637185,605111.4985471695
ME3,2303292.811283671,609560.6071316743
LEW,2308895.119045462,325504.41984912485
AUG,2333409.9988993923,368355.55204126885
ME08,2298919.912009415,442114.3362414873
ME15,2417067.948145832,413965.62008519075
08B,2339839.3486959427,331905.4961235955
0B2,2389308.0297372644,445459.63385080075
18ME,2372785.291018105,332228.044418441
ME03,2345014.066367912,497103.91120601894
BXM,2340389.9699500096,319033.22968279995
ME42,2343374.194965534,321759.122701253
ME70,2326956.7409813073,453145.36064483394
ME14,2386018.95978036,378799.64009636495
CAR,2350666.0279036043,688353.59655663
B21,2272155.5708703822,436886.07936748856
ME06,2481534.709552981,517763.58511176537
EPM,2507693.0375414896,514815.0277610181
ME01,2299395.679783797,310681.7674814542
6ME6,2288607.02597176,354508.72239478445
03M,2327109.4456347167,365160.5803660048
3B4,2308221.553217501,215603.32690639628
ME20,2334605.0694235517,402777.3935908662
64ME,2319025.5643743495,291964.72893728333
78ME,2322430.8779485933,294990.2685506066
ME23,2294584.363390683,390041.1356077648
ME00,2367059.470833713,682423.5478734284
IZG,2262378.004289524,300464.67514517804
57ME,2272117.146734753,295341.23908911704
4ME4,2262818.525788274,302523.0340536746
40ME,2257313.319477926,312389.4765295978
ME27,2381064.476714213,458812.95455515163
ME91,2308086.548199596,279911.51117255137
ME80,2308106.5292419004,311292.4444806248
ME39,2312454.3922489216,349605.15950142796
52B,2299967.915641122,495485.8619504349
ME30,2300605.063807618,494787.9497803157
3B1,2304165.0320699434,495759.6218817858
21M,2298717.5085728844,495427.1744863531
ME33,2339501.3159915362,304861.99328488414
03ME,2282286.1583286584,319420.9151530759
ME11,2296855.7427165755,356417.38437160314
ME47,2336159.797003932,434556.1993653575
LRG,2380498.4941937737,515160.2210737751
20ME,2322031.6008305843,331898.7140129007
ME75,2323073.0198987327,319633.70880948106
ME12,2297460.215074708,362186.64370088116
B10,2304456.718878025,367649.1913086961
65B,2509961.1519945613,506699.9482239807
70ME,2302828.6918599163,259154.4086646048
MVM,2483864.2734804926,478587.1775922175
35ME,2417596.6960489806,347927.0933421067
ME40,2375558.757971622,656866.0726124345
66B,2477468.612158847,516182.3110428225
04ME,2312350.2300893017,402022.36754283955
70B,2342986.9786090357,544335.4757319776
77ME,2298422.6308416333,368099.37305394944
ME59,2351986.7798524965,361530.936573962
0ME7,2304070.9875126765,298292.9709567295
15ME,2322164.384481417,302436.14208448585
OLD,2388005.1477308944,468037.94419573946
81B,2290089.2106442647,331335.3510453547
92ME,2379165.248140647,497118.9083948943
85B,2346970.7891484974,590841.3564689291
ME88,2499704.4674310973,521373.298297715
3ME7,2284188.7679752344,365784.5767050885
2B7,2345606.774822321,427921.78051462246
ME72,2256235.4066087436,527615.4149099891
ME05,2324929.1328505296,662244.6852025389
90ME,2270895.2339370716,368146.1395901022
ME69,2324099.558665538,334012.1282904011
98M,2310276.1233792026,268728.5990568404
SFM,2303357.0409022025,244039.00147794827
ME87,2296737.38364923,248110.5243851493
ME32,2340527.625926825,465163.023152561
ME66,2320763.3817091663,277296.1913369674
12ME,2376128.073601477,385934.13491551665
55ME,2381291.7306113495,387539.13896916877
ME29,2321588.8455410535,416828.26070328284
ME51,2297165.0966781154,283160.8808225142
93B,2420469.1227161987,386100.8845502928
ME5,2439015.28149564,392955.32647594373
ME64,2287638.544711299,235727.90800880693
ME79,2325274.32653857,485201.9276883623
24ME,2306177.7385033867,296996.6684071963
IWI,2354160.2142593004,332959.4302439633
2ME3,2361747.0060870624,467957.781288543
72ME,2404435.1238956843,436044.864804516
2MI5,1173854.4470413204,-124118.43275500111
ADG,1308691.9755356556,-220617.59058813477
35D,1154661.3297872436,-174154.68504385746
38MI,1143340.0871643284,-183326.28769765404
AMN,1229732.1273263867,-70532.76842005923
7D3,1127732.0172082505,-26492.590793517258
4M4,1258024.4579255958,-87080.28588828823
MI68,1110673.6891834487,-248790.81931521636
41G,1256217.2007201624,-120145.33476093128
BTL,1205134.4010666155,-190482.4750726846
9MI1,1200890.9648635536,-188400.26903945868
3CM,1287509.5051368114,-33591.5167710057
03MI,1290041.3608874942,-32634.176629601225
SJX,1113601.1700155968,176982.0612636045
6Y8,1116588.2559164776,180824.71945239985
56C,1188607.6812344652,-106232.45596411898
MI25,1107350.5660217202,-251071.5599969517
45G,1317834.1541317136,-138801.71881217972
6G8,1290760.9360918568,-198365.57366214873
MI66,1291621.3240567176,-202215.99655969313
54MI,1288414.18197763,-117326.76906869077
6MI6,1117493.2047286644,-257229.41593535105
30MI,1126201.022097005,-255041.2897034943
MI88,1144329.8469343106,-153107.27529675767
CAD,1153106.3533511881,23406.17423798182
0MI7,1362866.2047170675,-189650.88318538966
W87,1362393.0296270165,-192621.19307066474
CFS,1324827.7853673038,-35997.65724107779
8MI9,1297169.1764092923,-173115.43418122458
MI20,1306243.3376380147,-177274.97825051023
50G,1276641.9871919972,-77449.23432923543
48D,1215096.0857316132,-15090.693872880876
7N4,1311654.3894672487,-196110.1236834021
51G,1304004.1033499513,-76247.79636221111
MI05,1304253.4273820503,-73542.53596841186
OEB,1228412.8172130093,-228517.59346342602
MI85,1233438.2212002077,-227078.82017854575
53MI,1339572.1163646716,-131699.65797360573
7MI7,1177321.268546007,-187113.125356819
HUL,2399268.618249484,617263.3636955357
57B,2398406.8118298515,392722.7596684403
59B,2247739.1772167273,493683.57621948695
60B,2246372.295814734,493253.8821995856
ME92,2294634.6916243043,376720.5976957168
ME34,2366194.759050722,363713.2056110732
05ME,2480153.657857969,471260.22518047097
ME45,2323353.78125877,253241.92762775955
ME46,2322037.766185677,253521.02774239107
ME35,2365131.311213797,455906.81170932396
PG1,2369962.152130544,450110.90323565656
ME95,2311718.653337173,333266.212221881
63B,2291581.425881898,284141.80891360156
MLT,2357606.701456028,540605.5213126901
76B,2286765.087180212,309377.1779381276
71ME,2288826.7875813283,307760.504756685
3ME8,2284768.3529272056,309577.7533451402
5ME,2290343.1032126984,306769.49374895956
ME74,2374433.7136650905,437724.12269407406
74ME,2363003.9203039054,349178.88857187034
54ME,2310139.1748229046,313978.48410098837
ME68,2353235.4945988287,437353.79369069345
78B,2338744.5719143334,533461.6272886271
OWK,2312349.4888013927,407959.5754484599
ME57,2302681.7397426986,239565.14591604125
ME41,2407134.812516983,377999.3383829546
01ME,2321667.7582988846,664400.8218628077
PWM,2323046.368311461,282201.85932739975
PQI,2356920.484835566,668515.4202698894
83B,2355081.2195341033,669815.9457942558
PNN,2455940.6089670854,527861.046310368
8B0,2243587.6919787833,414327.6425447553
M57,2245277.4571020915,410286.70853896707
ME09,2301154.9101704583,308104.207769245
RKD,2394778.9671003805,361567.01723811624
ME76,2392377.0389597304,370724.7246627274
ME22,2277440.4492259696,510313.6733488788
ME17,2262362.1528473673,381438.25067195774
13ME,2272913.8256622534,521307.9009240382
ME55,2414580.986591518,371327.6029912299
ME6,2323184.039154363,346478.8589412131
ME90,2295674.59268226,267587.94706665975
WVL,2333577.2981783813,394317.6163169748
ME71,2273573.7309964295,386989.5448382445
ME65,2345757.49527851,317055.9325238525
07ME,2317124.3086790633,291116.91322620487
67ME,2317185.775616287,289260.29171173065
APN,1279734.5031956923,139445.8732619207
MI62,1288340.8898741575,141124.83164577768
ARB,1327908.5569104042,-176307.86332934373
MI32,1328022.2864940097,-169163.71464530582
MI14,1327954.650016762,-169429.09881713457
Y93,1238093.8200185362,121699.99777213496
1MI2,1357350.45345123,-115858.95961566747
39G,1395693.3977532529,-69882.78767539821
MI01,1394477.5292726534,-67021.12849737742
BAX,1353635.850746597,6778.591128870109
E53,1347335.8054175358,12977.094971949819
ACB,1155932.3882267778,104893.83520493234
43G,1345020.367922755,-178034.7896285347
71MI,1349266.6597805398,-187737.2074021937
BEH,1113489.3520718964,-226740.93327400796
C20,1121275.73309415,-245485.0567896981
RQB,1157288.808786305,-38540.10639901944
19MI,1160215.0358096599,-41158.22251843244
44G,1325661.149253586,-218671.05599110608
6Y1,1192787.1583928377,200348.92112457874
N98,1167449.2766541147,132072.77164004068
BFA,1173378.8058987714,128311.71139840643
MI23,1294098.9045427525,-55053.93759038228
28MI,1112356.577480515,84007.072544776
5MI1,1163379.4710589384,-90887.58009931254
CVX,1143620.7431224207,138524.56647076627
70MI,1143455.877944599,139550.65685032646
FPK,1235036.922507894,-154536.01123327686
MI11,1236699.2518253122,-158752.99366069507
49G,1227191.4992789458,-155575.46316235492
2M7,1212697.2643214723,177552.093303354
SLH,1194019.5087231253,187778.9611597885
55G,1394355.3897643122,-39590.39204092357
4MI8,1397634.6047513091,-45296.88275751371
50D,901637.246940963,177960.77618721072
39MI,906759.3564955782,196721.42294130693
12MI,1330158.7897512508,-81352.64037815199
MI07,1367896.383933642,-159595.00588210343
MI40,1367996.7222699178,-156878.93732071188
56MI,1368971.732389122,-160207.35110206247
DET,1382658.733662926,-143339.31329246538
5MI0,1380175.335329327,-150260.05694287285
0MI9,1377657.4719166001,-149384.636050299
MI74,1381076.0898947916,-153109.66196894247
17MI,1368781.697661005,-145619.7005353229
ONZ,1377555.6569314434,-180191.71842766742
DTW,1359641.6972549947,-170996.60408534826
YIP,1344740.8024600395,-170897.76048987944
MI10,1237661.6900345243,-120880.11878637678
2E8,1313730.121928285,-156131.1048138898
48MI,1159625.2979107886,-150958.44001497733
C91,1140003.5192933378,-237563.71838541457
13MI,1141293.058075094,-238430.2870064574
2E2,1389093.9662767882,-80332.75680541899
Y87,1097712.9700099567,71905.4960282182
ESC,996578.4609368523,160314.38923013682
9C8,1171144.4041486369,-16469.41005668059
MI15,1402974.057902095,-102762.10705369369
MI81,1352674.2659486916,-138098.6314564594
4MI7,1209135.565706102,-18622.895308056748
MI76,1122685.2495652863,-177482.6954690351
MI60,1155232.513405941,59666.1277395625
FNT,1311994.7209737645,-94908.29069657823
01MI,1315331.4388830597,-84651.45475963163
3DA,1305271.1944560162,-85857.07569586136
5M6,1232447.6158621574,23056.466834002822
3GM,1115294.860916158,-123965.65815894748
4D0,1237297.0714473084,-131292.40174402346
Y98,1068528.3281587693,274137.6562077043
2MI1,1162758.7644564488,-124744.94444063172
9MI3,1158651.3700023878,-124138.43600877034
MI63,1159366.2350010672,-124725.55239015294
MI97,1159061.4138242397,-123677.56807252068
GRR,1172122.820083283,-131332.61154739256
MI78,1150618.1345991504,-131105.2505807085
GOV,1198483.3376540423,77905.74157123199
6MI0,1182572.7653456083,67418.91795772953
8MI6,1413541.2670849937,-116129.66118869558
C04,1093716.67033281,-58885.97002843049
9D9,1190501.5371511686,-152674.2046071154
1MI4,1266613.5428583412,-52007.7472600088
5Y1,1193508.3548996085,231127.76104980143
3MI6,1326197.2712547977,-127182.82208953393
13D,1324177.8391248733,-130764.88145165949
Y95,1250675.90599544,134071.45836204823
MI49,1262815.2320509604,-224535.20388021565
JYM,1266367.3344851474,-222751.98717832685
BIV,1127893.1721325251,-154771.3615237441
Y88,1120344.2013654173,54963.02965447538
Y70,1207895.4000249445,-118304.03702113926
IMT,916930.5667472571,158729.1077545252
Y73,872978.4000275503,181668.03224918037
IWD,752679.4137204024,216100.72925615896
MI16,755299.7426398888,211220.1526923084
M61,932911.6887853555,220558.5391041753
JXN,1269512.506784944,-183594.1823839854
06MI,1275397.5613250667,-183515.3027956977
5MI7,1270446.5243896586,-171970.48302892258
08C,1148450.6633950248,-129218.50234216281
4N0,1165145.1603747068,-199666.90022888585
LAN,1248951.34816597,-128636.48331963854
09MI,1252424.8002979148,-135990.6052956151
65MI,1255718.5767179409,-138487.01296916982
08MI,1253879.7037212455,-132713.9727413487
D95,1347272.5172070095,-76105.17252066737
4MI2,1343419.625330997,-77229.5438298029
88MI,1230749.2046887772,98555.9574862054
7MI,1398014.6749868167,-33760.56640686909
3L7,1301257.9337268847,105149.56471216319
9G2,1313479.166505521,-112599.37821107534
MI35,1243613.978502324,-209289.52725415782
2MI2,1351557.9644838609,-152162.07068838435
59MI,1412399.0216625882,-104998.85997943803
20MI,1409557.921899115,-102958.2588018001
77G,1356020.34996422,-46239.395349151215
1MI9,963816.9637243114,239719.12009291875
SAW,962492.6464049451,225618.60181800136
RMY,1229969.2986769811,-192161.67461049522
TEW,1266358.0420960635,-149482.8979447125
29MI,1263508.7922595134,-146137.94191405477
8MI3,1162326.4896122285,-210547.63250041727
60MI,1346200.1435883113,-193270.24266832374
MI71,1083877.2344920477,-60235.28751175406
58MI,1363087.6810995834,-203172.8878023415
6Y0,1182213.972063957,50108.11374161328
MTC,1391958.6980078225,-118325.13728500306
MOP,1219695.5219286939,-38404.101891817976
MI44,1218706.3705008572,-32839.475473890045
44MI,1223993.462934218,-133949.02131600384
5Y7,1020944.3894621953,235740.30124468825
MKG,1109863.379497719,-109772.41771372539
MI42,1108020.9095808656,-100201.68734405728
36MI,1111387.9899735153,-105174.59677516935
3NP,1287686.152940966,-190231.32552002888
DRM,1244836.0303072548,238498.3550757544
1MI0,1244985.4476569432,245297.6690067907
D22,1243841.7435607996,240060.080079772
9MI4,1298709.0014504136,-106108.09769658219
Y94,1160091.004061851,121754.39965380056
59M,1142392.8928818004,109915.42758688524
6D9,1307567.4632329743,57884.51454360628
04MI,1250568.5650023825,-156082.91641920476
60G,1247708.6254130246,-151023.14110387085
68R,1219191.3822455602,-63750.26296970337
MI18,1301995.148044558,-82389.50414722973
65G,1292148.7165056185,-127085.06679647132
E66,1292068.4901858512,-127212.03036611405
66G,1307161.269285195,-56116.858164337624
FKS,1085480.0827403176,51050.11194929575
15MI,1385989.867929142,-127536.2690840496
FFX,1123929.595371719,-76585.05271174712
39Z,1120117.6869386449,-115091.5977362497
16MI,1303956.9815862512,-105230.51014868672
GLR,1193499.2103313005,114783.05345291055
4Y4,1182379.1373200293,101145.9969512779
43MI,992281.0730653349,175216.87384293458
GDW,1233042.9973411383,3853.527811437609
6D6,1188466.4160841093,-98716.38538829732
02MI,1196511.7678825068,-95545.10443694355
MI80,1177179.9904659712,-102343.15139783885
50MI,1184963.6085492654,-97644.07764271407
69G,1297681.3837561295,-157408.05734954734
0MI4,964623.1952755416,217042.95160132795
H80,1280023.847681016,58114.08029527876
M47,1266435.3568408217,53679.34637774187
CMX,866587.4850220412,303449.79385067365
MGN,1168814.9824708505,156956.31242189353
4Y9,1124950.376796622,22009.849024957966
80D,1204906.1271908204,7737.154714919621
5MI2,1308587.3997233622,98680.61288254423
92MI,1413307.9165075761,-116497.41812820145
HTL,1209753.3419604017,43628.07194031657
5Y2,1200898.1248104225,38675.754508823666
OZW,1300292.4161194288,-135554.69074341573
MI27,1310881.9577689848,-135354.4723016234
1MI5,1310636.8331220879,-136483.52754290687
13M,1310701.8197512177,-136343.8471307846
1MI8,1279048.9195531067,112895.55182341745
MI82,1137605.6659167418,-137954.10167126177
0MI6,1128423.815306117,258654.2686250393
98MI,1361370.3621776009,-176239.2866913228
Y65,1193264.374198507,159459.91291135288
66MI,1187736.3064029852,-202499.30904466068
5MI5,1180062.3653503857,-194800.5934919562
9MI9,1178869.0646073692,-197509.34659350303
AZO,1182201.9828600355,-202811.92784986377
Y89,1160875.1126138044,75901.52774864032
24M,1150088.2810834695,-94020.55108449963
Y91,1171604.0811730293,31898.127966643835
3MI0,1190912.132004134,-8017.0815309465825
D15,1199964.0209473758,-39544.62820208917
13C,1181494.598267604,-64802.697833479564
DUH,1345593.408759209,-228221.68312409555
6MI9,1266024.9007524773,61038.702692992425
24C,1184836.0797400589,-120654.60175823848
26MI,1182845.7912895614,-124504.42449113085
LDM,1081603.89463762,-24628.902397769936
3MI4,1080089.2519531043,-25404.5517510264
95MI,1132410.802333925,-1689.098911617891
MI45,1236901.8577402406,83092.81006640305
MCD,1180589.5059966655,209201.05272970832
MI70,1320051.97482927,-195182.25399820015
D90,1167319.5738190925,99647.91216599582
75G,1305572.6419850371,-183959.96254465304
MBL,1088495.583726624,11629.152781146044
ISQ,1062091.4765948912,199831.37612865484
76G,1408627.3652965005,-102426.34901123527
27C,1178225.552655384,-45224.12977013063
2MI9,1173899.7458747723,-46683.20930358242
0C5,1177499.373935976,-51377.19978159948
MNM,965079.0692835362,88029.91214172648
91MI,1178334.7814890505,-145174.42295394707
IKW,1256273.4366115485,-26611.381110706527
1MI6,1329203.34003352,-191428.78866987277
9MI5,1323492.1905073146,-61497.20585515162
6MI1,1319822.2267403626,-59370.10937241867
51M,1245472.288834744,86483.38193184539
TTF,1359056.6114995163,-202206.54828624785
MI54,1353876.6344090465,-219950.75343775834
26W,1289107.8152150172,-185547.36307689815
6H4,1281958.448518788,-193083.79306553156
61MI,1397398.707868751,-109401.84236534037
ERY,1109455.7954038621,246446.4488457882
Y47,1331649.6652907073,-143609.49053676258
MI53,1371753.5299838448,-191663.44963429603
9MI2,1368247.834182633,-194831.34602296603
3TR,1134976.9197614805,-256190.93774704915
MI86,1110495.9069231804,-89873.84906252395
5D5,1123405.2004726098,118871.27255956121
3MI2,1099263.5813715311,141163.35365869827
6MI4,1345101.1324991758,-146901.15201877555
7MI0,1342150.4893525464,-140222.59929909688
9MI7,1344604.1062876766,-142441.20454697148
63MI,1340302.0486883793,-143762.5596216282
3MI3,1341641.4926687712,-148733.1301409988
5N7,1122389.5824372277,-115596.20768698453
52MI,1362102.684706005,-112360.85786053386
7MI6,1278622.3063892138,-85108.6219259211
1MI3,1218895.3129080476,140542.5455105688
11J,1256832.97016719,-167327.30316103023
OGM,805824.6262503648,258650.3254312021
7MI1,1348457.8259889868,-132263.81436678566
21MI,1348723.8470188635,-132208.59223861794
52I,1271834.942918659,-2572.1704262036696
61D,1169984.8267515313,-178539.89028729152
1D2,1348423.6226247991,-157875.97375229292
51MI,1350548.9844353946,-126821.54949147553
PTK,1344321.1963310787,-122467.14603177355
29C,1353041.1022914336,37124.28916519945
PHN,1409580.0105430388,-80526.44241824026
73MI,1415692.7451785614,-70498.11304432568
M86,1131466.2638087755,-184924.21534060116
3MI9,1002738.7042910524,181798.48114378305
57D,1385037.2677264898,-105767.3857597907
MI31,1152866.6170060737,-19214.974796228762
10MI,1286650.6014887795,-47570.217767070775
MBS,1273323.1055978984,-38034.09208011601
4MI4,1411603.5474216745,-93034.90014112985
MI41,1410962.1388929994,-89293.83324843354
6Y6,1230351.9600110499,48552.77037816712
83D,1172383.3171485935,210623.55292336835
3S5,1255748.1062333938,-98034.29480549478
MI28,1255400.0532750776,-112799.71773719662
97G,1243646.2134596976,-104485.61581277235
39T,1250789.9613605288,-95747.65142340519
68MI,1325827.8433420158,-185449.58294088318
96G,1375968.1778988387,-34669.26861108063
LWA,1123157.5142999897,-199886.65304293757
MI46,1329739.5857985122,-145808.5589650715
78MI,1367419.2009474963,-188985.1438175371
8D4,1154921.8937292257,-106456.6563711156
34MI,1112063.3301290786,-117021.91942167442
38C,1160623.7090991235,-52020.58635538967
8MI7,1034864.8640537288,216347.3526166126
IRS,1199359.2160212253,-247464.71605510937
C43,1218874.4854059725,-135319.92605605745
05MI,1365293.526863481,-167086.4015673945
3TE,1316532.1752239405,-201130.5876272507
34G,1318725.3838579326,-206393.39777588175
2T7,1323967.1666342467,-200309.79752408137
9MI8,1378207.555604293,-115896.85428223682
27MI,1323493.0913445593,-46094.770191189426
7MI8,1325064.7551913492,-49607.13916297297
35MI,1219919.166167183,-150580.86169092514
7MI3,1187266.3363897435,-215242.96674422303
72MI,820902.7277297481,197796.2747792692
40C,1126406.2888081688,-216373.7162694044
MI87,1126598.903844216,-218138.26335713058
41C,1165898.3010297548,-153890.43396327939
46MI,1290413.7342363584,-147005.73723070454
D11,1196830.5384118317,-31479.419424296386
MI59,1347841.8581396411,-129108.06888582937
Y31,1250254.4941549485,38454.39974415597
6MI7,1140632.0046340968,-145385.2414578881
Z98,1140928.8396096546,-144082.88549212995
MN01,255165.9357913924,259259.61925597084
D00,271615.2764594715,257434.61807813545
7MN7,261598.7383750241,261212.6064817351
MY35,564895.0094191628,17421.466448104213
AIT,483006.8284634981,191172.27107529272
14MN,481407.0468834959,188938.33439413324
1MN2,397781.0254196183,228513.00740142184
AEL,532620.4402543096,-124930.22452311104
30MN,532599.729159852,-128126.58332982032
AXN,356376.45882868406,106502.64785853073
7Y4,347991.68893848377,290710.8682311688
5MN2,348547.5032060685,276456.6676750139
9MN3,271511.6606954697,191170.90455929248
9MN5,278111.54062569584,196661.88080981173
94MN,266545.4506455596,181089.2722785983
00MN,330160.74603877147,153363.07118871677
BDE,395101.5636054467,428076.37896992674
BJI,380231.5873835387,291183.0198482389
40MN,399427.1920984916,-113784.96252353827
SBU,475240.0031299847,-138950.12376521307
MN14,474365.23873956455,-134777.77062006833
2MN4,462368.6428710619,-139528.11968254423
9Y0,459552.55243565526,302036.9078571366
MN17,442339.8796741451,157285.56406529743
MN18,454670.48236483027,147691.43532791676
BRD,449352.04489737295,172521.4937375619
69MN,274335.58307954966,148158.5959928578
8MN3,441215.55016811937,193305.70211285428
6D1,381439.9557679348,66883.4441361808
CFE,482173.592458363,36013.14841442226
3MI7,1344849.677869572,-103694.36240386157
OSC,1306623.6101756298,73522.32403894221
RNP,1280141.3396069757,-98166.72090543633
MI26,1292659.7949167774,-145947.41084614015
2C5,1157609.6554305973,-205064.97894173898
PLN,1174680.9113424467,174612.44668194893
MI48,1341281.5196917385,-217986.227649421
4MI1,1341004.0878354611,-218359.06986361512
33MI,1153001.4267040547,-21621.172200361245
D99,1401757.5809268646,-94849.22191625326
75MI,1382950.4002247194,-79394.8771890224
5MI9,1365549.2823781837,-118640.03817693875
35C,1168738.0151527023,-103873.13269919249
PZQ,1253101.9289676978,171495.32302008354
MI57,1372858.9285146294,-101931.94351067225
D98,1376903.268796073,-100697.04634974865
3RC,1215590.717550479,57702.77870155831
32MI,1365702.1509229715,-135190.18579252288
4MI5,1401622.4398194246,-71280.31208748062
HYX,1292575.386916135,-45511.58473779043
Y83,1372328.4748181156,-26316.268931770606
ANJ,1187581.810246595,280489.77704958123
CIU,1184744.0636290386,253915.99189369657
7MI2,1104422.4175190865,-255110.57300426497
MI09,1171465.4460348785,-217263.13482059885
98G,1317391.1057729234,-6654.47219317545
MI13,1203350.6577138668,-93745.44235816783
6Y9,860856.9407693137,228337.24496166743
5MI6,1365071.2237913248,-141542.8255867961
7Y2,1105420.4993355125,42356.823846931155
4MI6,1102876.8458946552,-259097.7398319414
HAI,1184060.2020778917,-233608.87910695188
Y30,1193768.1873573633,173775.7728004536
TVC,1131251.581673923,72331.77434956355
22MI,1126050.1155432046,73418.08658287945
4M0,1106396.1282180264,62740.23958392268
VLL,1366381.0965871585,-131865.97130544102
MI90,1167260.4380687964,-255771.73378276723
64MI,1376854.810858016,-115743.92912649876
89MI,1249915.7262309347,43470.72276736427
3F5,1239164.8633465625,-115402.16981839707
42C,1139118.2040593226,-60254.826027211304
MI29,1320847.9729380421,-160245.48966915015
86MI,1343746.4802380567,-181073.38325714436
53W,1202014.2555817836,-49368.56271839846
MI61,1376502.8435659,-167817.50383473386
D20,1384578.6737894767,-63075.7964652058
48G,1376580.8653459123,-65667.02162828209
4Y8,1385071.1467747944,-52540.65817242833
9MI0,1334415.6318550527,-170303.3085187802
6MI3,1137540.8082874212,-150800.6215143785
85MI,1131904.9466505563,-132614.054167023
MY91,357894.0497588516,107478.45556068643
2MY2,458234.3742890316,-105359.8028169878
MN06,239105.24478604135,343914.9367476047
3MN0,461445.8347778551,49348.01108303728
MN07,518918.44802212605,41622.12707760767
AQP,312766.6835956161,33022.58392223191
7MN6,230578.5678694053,376151.8827668258
67MN,406999.49354540167,35531.70917397386
AUM,567644.4118985144,-124061.03400271028
MN34,564005.9136430315,-122964.51311060158
7Y3,417587.27728993463,217445.9066974979
MN05,386178.02037791436,301198.2889610945
98MN,385528.27574453544,267635.805092037
MN13,378983.17611955525,289470.35461442
MY63,379370.34493612126,289740.22764282563
MY54,389942.7966612782,283732.04717653594
BBB,339813.20395466464,46048.71404608278
MN11,348244.7083257894,42948.15676458367
7Y9,461904.5118693863,373877.9880417575
FOZ,473898.81803276675,328342.7517470301
1MN3,474549.8378972679,324289.35030405043
0MN9,490657.99757177004,53901.82986518698
CHU,682697.7909936534,-120434.49615127337
CBG,523699.77191754914,83838.82455119696
2MY3,526169.7162413154,84934.39116696948
9MN1,528364.0930448713,90276.87862935879
RYM,434491.0915331858,136481.45956827299
CNB,294868.2808500596,-23286.17316904735
91MN,293958.176106482,-25788.378830675283
MY80,436461.6234849456,-149811.5355904099
08MN,519418.01360440155,319345.29137387825
MN24,538562.4865591531,40890.157172620035
66MN,359816.9658401385,7633.280648500795
8Y5,392328.1780758944,136162.1694379016
8Y6,469819.0020622005,66947.66581760031
2MY4,471646.6408382459,65908.42427621673
COQ,570702.8533225325,215784.46325138255
MY94,576557.0045297823,222081.01215984987
MY52,548774.9810850074,-7735.052862578888
CQM,545025.9639986362,338717.3779385662
1MN6,545490.5207655006,342153.5996971258
01MN,554022.4082524253,348195.4434238575
42MN,504618.90227406705,29425.75876361744
MN28,412724.8224368689,11498.893787731087
CDD,555569.8074283766,389352.7311583952
MN33,600445.2588593555,229016.7498742661
MN48,601235.4324258913,229606.94610594196
MN35,594405.7779527646,240288.61027442315
DYT,605283.7757504646,221472.6505139391
MN08,488587.782188588,-78702.36401628931
2MN0,221691.88043117922,346815.18622480717
MN81,220977.5904861694,336414.70725659817
9Y2,431182.4497149734,168949.81130210584
MN27,525047.760507634,8982.971908796706
Y63,310023.5452293203,117374.70025048542
MN40,500274.091434485,60151.5566067266
MY96,528966.3234713997,-43122.81398826816
MN59,535900.4862352674,-56748.647472133045
69MY,544903.6626666547,-14489.932569210601
MN45,543239.5288085025,-24773.581372854642
MY97,543395.7503391731,-21661.720112086223
FFM,295239.829625813,149861.93423316674
D14,278235.54584820976,290172.7576547109
25D,547724.4342756091,51251.73435020651
FSE,316863.2572368921,296649.4414441285
6MN5,456841.625005416,39588.314744003845
MY50,604699.6472826028,-26805.976329165154
0G5,714252.6053875876,356755.52353157656
GPZ,489678.20244555775,265469.8033942047
9MN2,486978.2321718752,287699.49078819895
5MN6,489112.19728599873,259519.17534942683
GDB,350764.79291749693,-17907.57593634066
3G2,323538.8777569258,375100.263316964
MN00,422746.9097901841,232669.34850249183
HCO,224192.27490747714,421512.5009857405
26MN,242392.7502251781,263927.6711819555
MN87,529928.8042504987,49306.03062144465
4MN3,535149.7559768705,53493.8395488149
07Y,485379.9290724376,236838.33198004958
04W,547716.5179646444,137890.1006341757
MN57,540435.6492559518,138725.62438181066
33MN,547558.40751874,134073.9409614037
MY57,429550.92406035983,99629.06158364321
HCD,442341.4120242369,-240.3507542361425
MN62,444951.53510841815,-1165.654017090823
INL,485053.6302311374,416491.19527358667
MN83,482599.27912856394,419626.06736423034
09I,486968.38765114214,421142.81714092585
35MN,550251.9434771866,3222.1229582368483
09Y,550515.6238780466,4589.258944403908
27MN,245406.3496993069,420668.18624048185
82MN,610916.9326476918,-30982.960339245594
03MN,384139.78828719567,-141602.02945293204
MY29,296822.4831302725,207003.6763765724
MN12,396219.2226790783,257456.16964359142
12Y,482482.0475798217,-44080.44346373654
MY26,482394.39756915777,-42705.37136204751
5MN5,558162.7183961377,73280.36458583246
MY18,537567.4311916544,43650.4898077911
8Y4,538411.0406187366,40225.61893166413
LJF,430750.83993652737,25421.830294539082
MN65,428813.22010621324,27814.92774527905
MN25,303438.6289437672,264636.7758371199
3MN6,479363.30042532575,-75283.42193364551
93MN,483268.4771376956,-89634.1505928374
MKT,484011.72670774837,-68303.15613890797
MGG,470418.9897788794,43737.01933449994
MN69,496918.58475881774,19731.728971317312
MML,331284.07129465387,-52442.8391496559
HZX,510286.73983783217,201238.18574479246
MN75,511063.8698123033,216866.76426252365
MN74,493540.47249600955,-111355.13352527567
MVE,337285.602077561,5508.910124672405
2MN3,337283.0517694193,3941.577571064088
MN49,516756.84966393793,-43314.95006405994
MN77,249399.39703444988,218983.6227149595
JKJ,253710.03344529954,209779.3593305499
MZH,550694.8043240089,182375.52784301067
3MN2,552689.2891364532,185014.56450755292
JMR,519905.9472069201,120867.0663626219
MN43,518759.09385632334,118817.44483229367
MOX,313985.150403018,70512.09944155265
56MN,398316.3172044262,-27040.35134905901
CKN,252157.09387390214,321272.55875076726
1MN7,463272.2503851594,182234.62645762498
MY95,515520.9531828126,70753.70248703702
M69,474315.62193007744,170523.7559971526
25MN,472105.7814193661,177164.77706251704
MN19,483660.5533004069,23682.102905988788
DTL,313152.2541469721,210731.14928572866
7MY9,583504.4596478939,-113265.5427798787
TOB,572313.8878052585,-83950.02474683206
DLH,592690.863366798,233648.59908272402
ELO,608867.7928011522,345116.02197078953
0MN7,604761.247541646,353098.6049486724
75MN,500611.5442396869,-71070.39270782835
76MN,298256.1822163974,296087.4778558038
MN42,303556.4839706206,303281.3450761573
MY59,252551.58586726923,327964.2842861332
EVM,563594.8712541914,295946.6503291599
9Y5,564913.8676906441,298259.3640901646
MN02,502905.993412413,6560.081577962417
MY37,619285.7477289464,-83678.07481079719
FRM,448962.860082198,-135388.61883712126
FBL,531168.5633101964,-52733.832421439416
MN44,345831.24386109045,113687.83023608006
7MN4,473234.5825280508,164847.30909453199
MN50,309712.55954376777,382838.1048922701
79MN,313540.0247729151,383875.64558915683
78MN,309312.57761862635,383775.8662499349
77MN,311099.35379476997,383034.87682899315
GYL,466834.30340207013,-10081.386289514712
GHW,363553.4619450853,82127.06805145227
2MN1,356117.15729539486,15100.131603367483
6MN7,579971.7696481148,-40461.36427986227
4MN5,276234.64236113214,67283.5351259316
CKC,715721.4201931598,358682.8937813211
MN58,563133.3533953431,-8810.4074444764
49MN,566357.9720660539,-11411.41727005305
04Y,277295.0442313622,215758.6452121406
MY99,286194.65392955224,213239.49806011832
1D6,417236.01337820094,-16293.09197798462
05Y,349923.44708573166,154899.91465680063
06Y,297365.84495131107,99363.50980767724
HIB,538345.3992545514,289426.3173118937
MN52,520994.6717097101,270239.6746925512
9MN0,538869.9967632253,293014.01964899705
MY56,538171.3787750632,274423.5074214278
5MN3,531407.1031680638,291430.97058593086
MY72,502953.40421427507,149369.05532447548
MJQ,403093.43486399174,-137614.89910705652
1MN9,401873.5066941264,-140583.77381482295
81MN,383852.8382778228,-96459.26227578647
MY62,431271.794772265,200338.42268897052
0MN3,435038.2314769694,202003.54671554654
MN63,502442.34095369186,-15491.664523458014
9MN6,497840.9559784159,-20301.125470626343
2MN2,508165.47662428004,236968.9365957823
23D,254498.44658566735,403267.68939086515
04MN,395212.2649698611,345105.7014479592
52MN,234641.5262352905,409719.23159239837
MN31,425382.8729636544,21161.490072791694
LXL,436637.6228166689,120839.84140273002
13Y,473507.6439927595,397988.8691278109
14Y,396405.58218353376,112407.3925877371
XVG,439255.937662462,237120.6859572447
MN66,497925.4329956867,26552.55029175952
MN90,304733.0746550248,-140476.7467990043
LYV,304389.7638101123,-146737.52819586833
MN67,511992.0930889201,-17368.99454891541
DXX,300478.7438318264,5584.314653341293
3N8,307201.9904182005,259142.16627750683
5MN9,285662.89428986603,387559.7350709709
18Y,493272.7535619284,105364.531258775
MIC,521270.26694869885,28356.658747698606
MY65,531740.7363546466,19034.93569266048
LVN,535141.85031312,-19025.24355766517
MN10,529584.1628087955,16991.32241679506
9MN4,531267.4507954794,18531.017096893702
25MY,529438.6935539317,17232.93797945856
MSP,533284.8020873081,9198.644163724859
FCM,515195.2582216568,1625.447037217776
ANE,531744.6551180626,38432.94355034888
18MN,415504.50321265205,151517.91905438984
MN80,496380.9116940588,9825.574511581968
5MN1,391416.03520117054,276816.97286281554
0MN1,508530.9745812533,-30315.925613328236
MY84,439117.7632404803,-61436.127490624945
ULM,437040.9113974922,-60993.04811490134
MY46,460216.8387595021,-63754.03285394502
0MN4,435835.149285226,179687.49360697178
MY90,545791.4278280984,77312.49123515439
48MN,539409.2917341585,-35814.56959438509
43Y,427837.973749667,336461.868389123
2MN7,438351.94975870755,103400.90039072206
47MN,485128.4557786584,-14371.874093660035
OVL,391778.56061085005,-12614.012822219123
MY66,474113.72719850024,137139.69160961758
MN94,488379.65467847715,138512.10116696786
11MN,505765.55012702965,14977.593209345512
MN32,600687.0960196847,-61997.12230932829
ORB,530684.4766916657,359051.3032066996
VVV,279537.5638139122,39998.81535313509
50MN,277737.39493108966,41182.2289484085
3MN9,476377.5501666803,16110.633186422952
46MN,336572.73642657686,186363.70977707207
MY15,464138.8654703619,123584.11528266886
48Y,293160.70784894266,451976.40799072775
PWC,427883.460628602,206741.43986160296
PQN,295917.67217724887,-106448.62410906136
85MN,620899.8839749859,-63745.819904792006
6MN0,346573.2246527122,238439.74136384364
FKA,627767.2126241629,-116967.65939535366
23MN,640754.8974822985,-119692.39568746992
MN91,504501.37724367745,80026.44767195478
RST,599807.5947173922,-93723.46314880432
99MN,600026.5581134172,-81240.59922290387
MN56,601262.2341527942,-80653.19116499546
2MN8,611988.7563119598,-82768.0755175695
59MN,353859.0085463882,410855.49019018625
87MN,351324.47405987856,434187.9790814027
ROX,314823.8272171197,437221.30582402094
ROS,546520.091365868,101392.98548987016
55Y,654186.6427345845,-98804.42703251337
3MN7,259140.53662006723,205693.01418653555
0MN2,538358.0282431291,149404.49354877617
D39,393144.5598291463,90911.25644525628
60MN,374024.5443348672,-48284.541741077504
MY21,539432.3876013638,26620.222994396507
BFW,646541.0413604068,284716.34988972754
MN41,454666.1013261543,13293.019242425931
DVP,337259.4719614365,-103915.98838251931
Y58,420971.13410731615,-69727.28282899212
SGS,548338.749547674,7705.955494167371
D42,398176.9122273228,-73244.66132118652
MY10,668885.8846853859,-125815.79064521092
7MN3,605005.5649656187,-115937.59466555969
MY76,566782.1852912423,344533.8028226521
TKC,349702.9847843782,-74024.16863448294
MY12,300212.58291388396,-117534.03050455492
MY00,440825.5909094115,-108046.11944410854
TWM,624153.2275774465,259977.1307704832
63MN,634534.9518158395,266123.2703889137
63Y,306260.9991442095,-71880.41478411632
MN16,558610.0606676205,307464.7021727019
8MN7,630593.269390379,-37106.18867809779
1MN5,492953.4626249225,1657.248005505909
6MN6,484563.2986862117,5917.197842191212
ADC,366687.784883013,172137.0894663192
65MN,297486.98284330295,114308.64410534248
92MN,300923.6588269502,120072.35508512809
1MY1,293927.8443582806,116494.71547890962
ETH,267952.2251029264,92527.25503423509
MY68,279768.67860464763,92674.73108450598
6MN9,548734.537143839,36729.40982175896
BDH,381915.2367775243,24507.6314858666
MY44,388428.2503341135,25214.923437604586
MWM,391499.88654235314,-109052.37408325433
ONA,660674.850828308,-68626.15414522999
MN39,668204.0428903135,-72969.50198887318
10D,466491.47181858704,11966.48254354333
MO16,517478.7784935445,-852656.2601900056
MU36,638515.3540864604,-729387.9130697992
2M1,511054.00040984445,-646508.4957857315
MU21,737523.4940982801,-682177.209935531
16MO,770012.9650432713,-691976.2802548544
MO78,716632.2241360717,-707396.7696180353
MU14,724964.9908715403,-708481.437592596
MO86,751260.5674445342,-632015.3220651802
MU61,476485.86203176033,-671489.7032443483
MU26,472004.4933176936,-676883.5959012089
3MO2,750999.6875180887,-662095.6302761886
75K,508273.5549697062,-506619.5291918135
PLK,605072.8059667263,-905948.2125069881
5MO0,605431.5968387729,-903191.5679800063
MO38,600526.2614430928,-904926.09376442
FWB,589041.3169114987,-899147.1515118486
MO92,828652.4085710447,-646688.9482577532
MO8,596923.1483664798,-556017.2640322163
MU54,592157.1458902796,-556095.5928108247
H17,608995.756314583,-791098.8803062607
MU09,421228.03148683475,-491259.6733987651
81MO,494477.46991600667,-733552.2070501744
BUM,494367.3348419954,-728947.2298613357
TVB,702133.7692830953,-840980.5510899635
OWA,537350.4871787037,-75227.03960064107
MN38,537998.3818304566,-76459.08921205299
MN86,369360.86890763015,238695.7545874004
PKD,374099.05081162276,222872.7483203235
PEX,410174.44758981396,54707.15699961812
47Y,297328.0069032642,189706.60227647919
16D,335475.0679828131,188293.80256223312
MN89,332069.6497927369,188738.26548592516
MY93,327977.9588953337,187872.8774553806
MN47,507832.7142992264,81660.10030094779
PNM,497004.0132578635,81927.49186519824
MN76,515287.25738769164,-12607.139978792335
MN92,585598.2180318077,222658.23900551017
57MN,540597.0816583768,403631.07674256066
D81,279203.85837944347,320791.3491361584
RGK,594057.394649885,-18119.98761312994
97MN,587444.6987941116,-22089.66573867871
RWF,389458.8845466025,-38577.36001289414
52Y,460577.7953639225,247415.6584565958
MY77,524339.6937454194,23256.505975455086
2MN6,630751.7390433539,-75248.19947563617
MY87,453361.00843552063,80220.73343433156
STC,462119.35062334547,77735.89355881707
9MN7,429958.8259927899,-100376.50445853385
JYG,435023.3783355699,-98153.09530541844
21D,561023.0679659797,24462.741016128803
7MN1,542686.0649406388,18219.95928290609
MY79,541648.9719261508,16676.414226218694
0MN0,552742.3538140637,1358.8785110600666
STP,545446.1929407354,16112.45702021921
SYN,553275.5766789317,-34498.603017020236
SAZ,398084.5062515027,166389.42464541466
D32,347094.6320753853,76217.60557430149
D41,231393.10998195442,389039.701542087
62MN,570556.936661256,68248.27641774296
1MN0,266506.15182931814,121749.35920095703
TVF,283480.7571668851,347615.53771495953
7MN8,276448.3994621123,347734.01398002973
29MN,280716.7219824293,120673.88340387352
12D,575034.5554031695,341085.89301435906
MY38,569961.2304242785,343402.35791989585
Y49,404570.62139404536,253615.82825417985
2MN9,239263.07354540928,359735.43661182077
D37,243817.9375474873,359817.1347267008
MY01,240972.2085211572,354653.6365146999
RRT,339709.8234968476,448111.7449654229
ACQ,514402.5516913755,-82618.25121008493
VWU,406560.11940762185,364006.4003126254
32MN,437105.21215197514,56005.61578403632
15MN,429238.15601827163,43727.125281952205
M49,338017.3560918726,247699.64277301845
1MN8,528241.9653596756,-31003.022763964884
68Y,499352.3738432872,-120876.34717860211
OTG,355486.1223442627,-139899.27910633868
MU07,496227.3635300246,-717134.0712203984
00MO,495586.8500626049,-849823.2562279586
K19,480311.87858933903,-510225.55869068945
38MO,786371.4080206054,-595132.3630039326
03MU,486657.53151801723,-706960.9507690057
MU35,442366.5207308024,-512135.10860498896
4MO8,493897.2204121841,-626880.226766813
2H2,560906.8174504167,-871947.7107070555
AOV,650710.8028824229,-863569.6231848692
MO77,663025.8949093891,-862128.4807821981
H57,824397.6811862316,-758327.8211831981
MO81,825590.3481113621,-768026.455134344
MU01,585617.2303186803,-921597.3603139849
MO28,495653.3994190215,-646779.878445997
31MO,447130.5048594694,-529869.3923501094
M17,586568.9097047395,-799381.9581597168
1BT,826161.4931525834,-740211.9888283709
99MO,829999.3553203566,-740559.0029554933
VER,632689.7978935858,-644933.1194229226
H19,753886.2508300128,-585783.8009776556
BBG,608378.2582511718,-916129.7290511117
MU47,641781.1069695523,-582338.1623135611
MO23,648797.7713701773,-677616.4235921821
48MO,647934.8718337637,-679209.2048564106
OZS,640931.9049080577,-752852.6451515999
24MO,627266.8624702184,-736202.4424075445
EZZ,489534.6795103799,-569157.5734283675
82MO,494416.51555745606,-568494.9861962758
MO27,496618.44893944776,-567803.154323313
34M,892494.4100163485,-892771.6291177245
CGI,922600.904552778,-806335.9826715062
MO50,921682.9643790227,-797694.5049945435
MU10,924306.0361766485,-796542.5760524966
25MO,483424.46850615495,-852516.3925130557
MO22,483448.9907276808,-851747.552928262
K26,558646.4063196788,-610348.6183405613
3MO5,513460.00746905577,-856896.1827504954
27MO,512316.61889180215,-849682.5131229805
MO33,510197.58803965244,-856967.3119533384
80MO,500445.1292258552,-841304.5499617952
M05,926594.6443784296,-924085.25107809
94K,544666.88318848575,-902630.3081815202
MU24,622647.9071810925,-910543.2747600906
MO19,659185.8695994099,-679780.680511913
2MO0,531764.229094063,-670989.6849558712
COU,674006.3754738711,-655564.8492839744
91MO,664321.7279951809,-641822.2899991926
MU23,656943.4517983386,-633388.2283096311
MU32,652920.0154081548,-642624.0087751527
MO24,392125.7391929636,-529009.1519690687
0MO1,513880.5205258254,-699232.7890066395
58MO,838706.9973757,-707826.799897084
UBX,750079.7473953501,-731710.1288960857
0C1,448035.06736421044,-598608.1570501599
DXE,895566.2666708843,-860028.7973872883
68MO,892860.3658523681,-856779.3723729091
X33,821800.2172790314,-877666.9004635451
MU62,470637.19258320157,-700071.5645950319
MO54,882409.8200372289,-860867.8116975054
MO68,610005.9228322583,-818734.3118208266
MO14,600252.3245035561,-817589.2670718202
MU65,837478.0320471259,-755642.8044463772
FAM,840813.3014775146,-756221.809343306
60MO,839824.6191628835,-754049.6148431547
61MU,447138.4721459655,-587481.335137084
9MO3,444239.25557336916,-581709.7119205352
MU77,626871.6384168982,-625085.3831257437
42MO,839954.2886523161,-715790.3566342023
0MU2,844972.4396552815,-642035.000429356
98MO,784321.5521462448,-647876.2699866997
66MO,783002.0103268554,-642730.6925799281
MO32,565876.1946052453,-919752.5799810134
MU98,565315.8582696693,-921058.4388850386
7MO7,512139.8861637975,-826789.0196270624
MO82,671800.0464699431,-478048.75169955485
3GV,500020.7346701939,-647842.9631456626
62MO,500683.22047701094,-642682.0748895825
61MO,676967.3133536734,-573664.4633001923
44MU,506711.96742557216,-881865.0951494043
1MO6,825701.9765861549,-861333.1033228731
1MO8,628586.7811422695,-722695.2257354509
MO30,627668.5373300366,-720862.5027686277
0MU6,540854.8258927566,-638293.897228467
HIG,545906.6619414245,-638054.1041439626
0MU5,521285.2651593251,-679100.8454012121
MO71,479466.03468120756,-599276.7918030234
2MO2,488745.3895118722,-598552.9502455151
37M,885929.9166845467,-943209.3018981613
M48,709973.6327690856,-818166.9235512266
MU25,711007.4810210315,-806060.6130649205
6MO3,696116.6441414917,-817373.8855641413
MU44,711179.2329227505,-819557.4558415832
MU49,636905.8885394208,-576793.7721379055
AIZ,652110.4583988562,-738109.0997034211
MKC,466673.9247362231,-638032.4423228732
0MO4,468313.2985004955,-642298.9418877349
7MO0,484932.2511598693,-653452.5219910174
75MO,468312.19424724847,-642281.0757624934
MO05,468547.0755386625,-642226.7521695865
2MO9,480169.44319938816,-656396.3183516434
MU58,472879.3612697093,-644168.5319966843
3MO1,475425.7263659544,-646041.4507128295
MO21,466885.1861035517,-658794.2246466051
3MO3,470570.90014351485,-650552.7019401749
MO69,468723.86642533424,-650753.0639578478
1MO1,830724.2395628731,-667053.001963266
SZL,559841.6494918041,-675111.0412912976
0MO7,798433.0685411704,-644402.0140156244
LLU,502495.60264053574,-817855.793928073
4MO2,637898.5415780967,-464548.11045151117
4MO3,639162.7385825046,-527714.7249603507
LBO,647210.9169991536,-788473.017312736
30MO,661088.4951181799,-787509.3051239501
LXT,486869.2892103197,-654933.0749237719
MU08,484203.6578097438,-659186.8846816921
MU90,486476.8056262921,-655198.595389056
4MO6,761840.9679502627,-577300.4620162505
8MO6,766436.4956347329,-576598.1333518813
MO46,756349.2181452473,-568869.1657396479
K89,644667.794699072,-556454.6471836664
MAW,893186.8168992432,-880142.8477741915
MU04,899718.8848311368,-880299.1712117392
03B,654657.6824833407,-845959.1129086385
75MU,603106.7758190986,-560141.8450929695
0MU4,610881.3958155973,-572270.4971691045
MHL,586554.2123878546,-632269.5728144117
9MO2,585831.3767439601,-632717.6194843752
CHQ,946145.8386355905,-846277.7382004216
MO12,823768.4430913328,-658656.1229894317
CHT,555644.020241511,-558199.2878780656
MO98,470150.04674890044,-683437.1779296702
MO99,605888.7540807998,-739827.9304333447
MU11,610360.5365481651,-727811.274130322
0MO0,536137.5366225059,-712561.9579197025
GLY,551451.4574352218,-717607.3183131653
90MO,543515.915411126,-714365.3163086808
MO74,677696.5207434807,-643896.4153192813
MU37,663337.0886433007,-643152.953142614
87MO,498603.1196656514,-683413.8164030135
MO57,938422.8976625598,-862395.4196176761
0MO5,670947.2256746484,-508920.18616717
H79,647743.4237590069,-708877.147931744
87K,527451.1754907245,-774795.9796886249
MU63,612641.2608019701,-815204.3207423178
0MO8,797891.0060712359,-606717.0224532398
92MO,817236.4544281454,-682493.1129024926
3EX,499155.91316488676,-611965.6674791293
MO58,834987.1955464389,-880164.0894032171
24MU,386566.0539121787,-504828.8489697691
TBN,691216.0717374396,-774048.5637713483
H88,855013.3925940635,-771944.7574097691
MU15,854142.464530802,-777322.1624932893
0MO3,476241.97576628404,-692849.9204115173
FTT,692369.094877278,-651541.2709300679
MU48,694677.6231334549,-895661.2186664218
1MO3,505263.54715092183,-545120.3297031424
1MO4,523430.7281245467,-548437.5795831942
MU94,582855.7224004059,-766574.1084207977
M85,902952.3444824833,-896246.2099532763
HAE,730916.5544519059,-548558.0125479432
34MO,730058.969582576,-536640.0233987498
0MU3,730382.6069418727,-550188.1219722925
LRY,491801.63874073554,-693448.018811736
MO37,487675.8535388466,-681160.4237479719
74MU,765276.7375049946,-621562.5264963502
2MU9,767170.519638344,-629710.9130646567
MO93,763706.1302233265,-621179.7860755433
M28,921240.1038094413,-918576.7002862433
63M,737932.3449613719,-661852.9410549242
59MO,741534.6022029041,-662813.5923036397
MU68,734397.8409956867,-666299.9179168456
69MO,648937.717186988,-603113.9963672961
2MO3,480461.0083922618,-640326.9859913555
78MU,514146.94725610473,-838144.6843026831
08MO,505615.7432949581,-827698.2967240595
JEF,681558.6857846298,-680145.6416759636
MU64,679528.2228353339,-683163.5904761764
55MO,755987.5796808852,-641368.5662255099
MO07,752537.4547194432,-641627.2532808214
JLN,488277.00854574726,-855832.4122462367
MO49,482550.13529780007,-876654.222002603
0H7,701157.4690731014,-473720.4735737965
72MU,458845.5543740043,-620989.2986498848
MO63,461108.60465539084,-624415.6045083496
5MO5,467497.5547149182,-646489.9973546875
MCI,455074.4312943624,-619331.8913740775
3MO6,474600.53052105726,-613834.3540501861
MO26,485393.04087547085,-606610.4820765209
TKX,893775.5472539237,-921720.9294652751
MU53,893262.9375334298,-920797.9509156273
MO64,585975.8033367713,-909263.5723253627
MO65,616654.9476889373,-909739.6751887477
IRK,633688.957010017,-516848.0578961484
MU92,628883.8276445752,-506271.638883267
13MO,729918.6467547062,-777572.400016434
MO09,691241.8971966195,-519206.4228039683
MU97,523284.4316818664,-624429.2924580275
0N0,478453.5777359492,-618668.9740238757
4MO4,488334.25761597307,-626148.363364586
8MO2,480111.8542878358,-620320.6271177891
6MU9,708653.2787025571,-795469.5593962485
0R2,581242.7187528571,-709973.1652789788
1H3,712117.6411149426,-690543.7654875609
MO95,534213.7351872154,-825871.5174675668
MU27,536357.9374898603,-817461.9505181864
MU84,499605.7655439687,-660700.8815019038
4MO9,510096.7524730339,-660737.4613472555
0MU7,507538.0126467209,-662867.7000107149
MO85,634366.3416562739,-832234.9649560421
EVU,430792.8297645077,-503301.29501519556
78Y,437868.86568706745,-505267.18715546926
MO70,434332.80823362654,-506012.2537600867
03D,657083.859961031,-475172.2390502996
MYJ,704964.984853991,-614634.0737149429
MO47,699601.8027759884,-613461.1895179986
6MU4,714181.2480757852,-627090.3556983481
MU38,583292.461038017,-511754.78755517973
MO9,538066.1216994376,-843861.6574702259
MBY,649864.5350007759,-585748.0487993993
MU50,647251.0503955398,-591639.7182350106
5MO1,654869.6558043404,-594104.1221146813
HFJ,533022.7222752885,-880357.0975703659
K52,707789.0683307669,-561062.8944578001
4MO1,740747.1312182539,-627197.7580889896
17MO,731121.9117912377,-631274.0981507458
MO45,729433.2904236063,-641819.2894191579
MO43,739173.0787928309,-632272.0189275147
6M6,706677.4897192693,-505869.9950196087
MO75,519256.37194781663,-725513.6831111457
GPH,489555.4440121866,-613162.7778531981
M71,781459.6013662871,-635257.5193331726
4MO7,404656.0349169584,-528453.0016303434
83MO,470118.6951924719,-634679.7470639035
MO87,505096.10837296693,-655150.4493177786
MU20,522123.84548202314,-653963.274400215
6MO0,793347.1261811185,-627925.3721664578
19T,635715.4973259452,-735395.1533757449
MU91,640352.8190411988,-736415.9687773912
K15,640543.224103538,-737528.0982606218
6MO4,544795.4021370048,-752973.5854442465
23MU,552873.4549099689,-754940.7525909645
6MO7,607238.3142051398,-860860.0215861714
18MO,607317.3151289981,-868167.0947303936
7MO4,446528.6615240055,-604916.316721906
51MO,474678.93048108596,-584980.7314134447
MO29,491503.42001838516,-675468.0214577459
43MO,488271.70471854287,-674408.6020741803
37MO,498557.26437355793,-586512.9360404096
POF,861622.0725414186,-864210.2922859101
MO67,863325.1170143794,-871031.705657268
MU29,850870.2518255847,-863979.8840973617
3MO4,927370.3460050069,-892486.118555355
8WC,812415.3245147768,-740616.862907031
MU41,544028.8576039481,-891795.1312963428
5MO,629155.3823660142,-483929.9319920492
1MU9,822657.5972236117,-626877.3642100517
MO44,823739.7271229835,-644047.7482243561
6MO2,872546.0231784091,-727273.1113653333
2MU0,870938.6804486352,-729441.0661215306
96MU,736289.7452106924,-747121.0984195914
STJ,435172.919018398,-567766.5897050957
64MO,427009.0989972039,-580139.6490710115
MU05,849083.5734912731,-658509.0671672425
MO91,844407.4558706135,-657827.2762662937
2MU1,844473.7644330868,-657627.8784211194
MO7,851693.2111854673,-658189.8440865687
45MO,809733.0687181427,-638209.6168626379
8MO0,815358.3980143461,-643538.8375674149
MO76,688635.7586146625,-765158.4490797272
K33,739502.2746647625,-783446.0400002233
MO40,742005.3565555792,-778204.2136408311
9MO4,436874.3620334496,-544588.5774883166
DMO,592222.2020020235,-675073.3295419284
86MO,588269.468718587,-676257.8836804332
MO08,579026.2114412448,-681120.0082450908
H58,643936.7387238721,-840514.9397308356
6K2,678438.4740386446,-544041.3667455193
21MU,580534.3608858981,-914680.3620877867
MO00,566566.4643265211,-912711.0818587145
MO2,609368.221528684,-844430.1160959499
39MO,603120.4068132783,-851233.1624880902
SGF,585825.6252497791,-838475.0991829366
M12,911170.2496740173,-934197.9438648709
MO3,544811.1507683286,-795446.5687171392
2M5,550014.2754250565,-796199.2444331736
9MO6,612612.2310745115,-730718.6041856777
MO01,610675.7801503335,-835898.6653338283
UUV,771314.0937554063,-711079.2744990133
9MO9,578601.1945715145,-582229.9548966214
K57,392105.32757332735,-495312.7990986499
42M,753640.8670747734,-904017.1752632123
MO56,658522.7761549079,-913882.2725891931
MO84,779685.1393556435,-767941.5340540161
71MO,569323.169934424,-611755.6757788565
06MO,447981.5122459805,-627209.9415867401
RCM,537349.7156614384,-670822.077160152
MU60,544495.805457785,-672217.3160136975
07MO,554512.1808692516,-684470.2314279331
MU02,770172.6824355581,-646770.9115636299
MU18,765234.1856830973,-650512.6083526477
2MO7,771030.6790033806,-640315.9591071145
RAW,580553.9937443788,-716100.8151684869
75U,575412.3927317001,-731125.625267606
FYG,782134.7739369954,-670324.0175617591
MO17,368134.28233029606,-492725.1559771747
11MO,723376.3286924936,-641373.9771291577
10MO,719075.9996742172,-639967.3041130094
79MO,839810.1546811652,-842926.041795235
MO73,838464.6340821563,-842979.5603566292
1H5,715019.9485363634,-855681.7660084437
12MO,556996.1765585757,-692017.0314383266
1MO2,564830.3195409763,-695298.656572475
53MO,879484.3597984973,-819873.188823525
M40,1063693.0289508468,-1163146.0620173386
MO80,680698.7573618152,-839840.8199486176
1MO,682256.9370847894,-844129.6276514566
MNF,736195.0236464592,-853252.8290551179
77MO,553324.7454196587,-858252.7673050468
2MO,543282.6668077966,-861447.7465421143
EOS,500117.40901622956,-893126.4037224222
10MU,501681.3663050084,-886897.2499338038
NVD,500564.3388757309,-777200.2852508762
MO20,495800.42141317576,-779813.37240185
35MO,501201.6555395534,-781138.0616103043
5MO9,607630.299366927,-531540.9767699377
MU83,761029.2819042578,-681769.7318034801
EIW,928824.7679525177,-882825.0161056976
MO66,608898.0260995291,-857408.313937221
MU70,610011.7816382836,-864438.5160263004
MU00,690574.1827779775,-583986.7218346718
MO11,722568.8225449815,-585718.9764066065
7MO1,711020.5591097585,-578766.8026858293
PCD,888931.3647522354,-738445.1722178415
6MO5,890309.9682005248,-753556.0968386215
PYN,823186.1282847701,-829203.5751255085
OMU9,607140.7190119647,-654117.534782913
7MO3,505261.1178306369,-916217.4096124112
67MO,582850.6472861272,-775765.3469503265
1MU0,571064.6983681545,-848417.7526237187
MO1,666532.5962825469,-761472.8179061543
8MO3,521290.1480135668,-611623.4704892806
1MU2,458330.5763119493,-602710.3310881837
2MO4,509889.27012172557,-747395.232052676
MO31,615390.9071642517,-857873.9770387104
VIH,719790.4905882705,-728221.4772964191
K07,717907.9706738015,-749820.6290305918
36MO,733327.6319128547,-757536.3180389134
28MO,542231.90923431,-760712.3960269928
1MU8,428972.8021783193,-592389.8420659383
8MO7,428682.99828877626,-599365.2365152868
SET,826723.0775746279,-627038.176141361
74MO,843392.0081278789,-651519.4956293005
STL,834066.6669227502,-646449.0468188728
MU52,846838.6261753892,-659285.0696064049
MO55,846879.0232109809,-659033.9586762739
8MO9,828581.4793737744,-658842.6758555506
9MO1,828932.9141371633,-659704.7318625121
49MO,833964.4746763598,-660676.4365477093
73MO,840511.305011771,-658618.4183550553
84MO,827944.6760152772,-653288.9753379504
1H0,822400.6651777283,-650189.4179208379
SUS,810786.712872984,-658811.0120462059
SIK,927568.1874894864,-842272.4683232964
MU45,925917.8175784062,-843380.5990071889
MO39,772102.3194508547,-612807.8414750565
79MU,468296.01581618574,-614841.9454491017
29MO,471555.1333177175,-612257.2181613726
9MO5,613022.1120563252,-856678.0044238394
3DW,598412.4242445072,-840025.6334705005
MU39,608135.3263192821,-839436.9702041615
56MU,596214.3024471141,-848907.8211539587
MU59,594643.4523061751,-840037.3230271013
81MU,596339.3238536846,-844900.8444703172
01MO,825503.1191918944,-659415.6898435447
TRX,545126.8536763265,-525400.7589408446
MO94,465167.1934134964,-596144.2131753974
02MO,773982.1969010829,-619910.685825253
MO41,780304.9474555897,-626395.340812542
MU89,774816.4558366912,-634845.3147102683
1MU3,591082.6278044728,-477051.5019615201
K43,588954.6766315133,-470895.6397498777
MO72,811370.3331690838,-840251.0191725635
MO5,798594.9777554448,-844945.5468282771
3VS,620729.4720729953,-703804.9411825907
MU78,685962.0087472028,-762679.11901044
MO97,789147.2766034422,-643256.5244556376
96MO,850989.706328816,-631644.1267403758
89MO,471154.8156385431,-698250.399225022
MO51,442754.1339625964,-606037.6599190515
88MO,731307.1391545078,-886215.9191607456
50MO,724479.6462145632,-882736.8643677043
UNO,720671.7274851442,-867540.4073011919
09MO,586984.5251761419,-823601.8360627819
2MO1,582458.2829072302,-830456.6158511724
9M4,1003015.8052746033,-1234918.4060405726
MS09,857972.1204823637,-1163030.545474153
MS56,1063635.2770776565,-1151529.8773433012
MS14,986614.2903135424,-1068158.9185790762
20MS,886802.9107353413,-1413098.6502315742
MS31,927840.8102628376,-1132159.5232106051
PMU,929035.1945127279,-1125653.539837719
HSA,1016941.4670478066,-1560536.1954959962
00M,1018955.6795393836,-1383566.7713905005
01M,1081603.5414579615,-1091447.8723950468
1M2,885568.4059871386,-1266611.5809422128
0MS8,819511.4078143486,-1212010.8779559066
MS37,836252.5605166078,-1215353.4805778833
BIX,1067214.8850006568,-1549456.0168135667
MS67,1060331.6939025996,-1552520.6624915283
8M1,1039570.6188951007,-1086029.0279136475
MS11,949582.115547919,-1363644.1415657506
5MS6,940961.8897390737,-1340693.626147462
6MS1,944138.574706326,-1336717.7500439468
MS20,950252.3991956173,-1336807.561291898
1R7,912189.9777394827,-1435062.9503220757
MS80,986331.95527019375,-1158992.4083681726
MS76,995626.1757591104,-1183186.3079544562
SH1,1033610.5610435364,-1465153.317953797
4MS9,932593.7157297941,-1314648.517001776
5MS3,974436.6500991611,-1475818.9794921707
UBS,1079191.2867676516,-1206731.5763632027
GTR,1059998.143949018,-1211256.2791352735
25MS,1074035.365300342,-1200815.367402608
CBM,1070776.1561964585,-1187760.2287831034
CRX,1039310.8288438949,-1049878.8873550014
C71,854390.5931061157,-1475735.1940767653
M11,913003.7718566423,-1401956.4464086147
66Y,1023414.9887562466,-1560275.5652754207
M37,877743.458962748,-1197120.2724220343
MS24,889008.2303939705,-1366297.3717819285
06M,992319.5524352517,-1210427.0821954508
MS05,834601.1532045552,-1242474.6624440379
GWO,921384.2350719337,-1223696.3438233554
MS16,910447.2981968053,-1222274.7478979144
GNF,944026.0452728109,-1183154.1128824933
2MS8,937537.5769264103,-1188721.9759085125
GPT,1053309.932237782,-1551591.5360315368
MS17,1049302.6445151567,-1556488.2412991521
MS89,1053873.990620538,-1548068.525334255
HBG,1025607.2291033944,-1459534.065743511
MS81,1017573.6210782321,-1454438.25739946
50MS,1014173.8900315465,-1454108.7079502952
PIB,1015217.7199104078,-1438297.6383228407
MS59,867185.2165849297,-1396476.4618290216
MS21,877337.9808781224,-1246700.286526555
MS77,871676.3518105833,-1247357.9746049847
15M,1080867.5799033178,-1059996.4354832154
16MS,1076691.1116941168,-1057423.170010012
JAN,935832.5831907021,-1353814.4254133569
4MS6,926441.8939721163,-1352984.563194375
1MS4,919458.7875477966,-1358394.2116599854
MS07,924551.9854731325,-1346817.1694585297
MS91,927237.9104468259,-1353300.572894509
MS46,927336.2663657151,-1352326.6983302718
HKS,921817.2743712049,-1352805.1007945954
OSX,976564.5531301341,-1262041.5251677071
1MS3,971604.3585265233,-1265270.1345129267
MS82,1044690.3648782359,-1541191.0879773407
20M,1069267.218060912,-1245185.1800714023
MBO,931845.6790688812,-1340070.5535090414
17M,966813.1255008996,-1400121.780829363
MMS,894279.7065102716,-1144479.3316455272
MS47,909796.5199668254,-1474820.2386064893
MCB,910820.7437644516,-1482764.2528495826
MS93,986317.8875013822,-1524318.000021152
MEI,1059604.184615023,-1335989.5942862805
NMM,1075089.5059987872,-1309269.8809919194
NJW,1045912.2648905382,-1285730.9020100187
0MS0,1070352.8406600417,-1318656.1230103394
0MS3,963383.1863549729,-1123210.1688888634
24MS,963342.7874473156,-1123387.494120312
UOX,961308.2631718399,-1119388.7286077722
PQL,1104366.0999328955,-1538735.7751405537
MS72,1105039.3289558587,-1548144.2159515072
MS87,1102875.390523823,-1549225.329292313
MS78,1107940.60716798,-1552904.9781873957
MS02,1110697.7764174994,-1550593.0727606942
3MS4,1101688.3904819808,-1552963.3514864072
0MS6,1038820.7979106356,-1565222.901692571
4MS0,956295.0329264756,-1352600.3323752573
MS84,1033119.4194967825,-1447815.189505618
M13,1007314.7506519114,-1515096.9430089265
MS88,986275.260361493,-1518649.8000508032
3MS0,847335.0213703306,-1396750.5313574485
M43,959872.848398855,-1430742.4273885514
33MS,1011906.8251383913,-1479561.378926946
23M,1063928.3065925082,-1362992.398705064
1MS7,991680.7796387349,-1381854.5435368652
JVW,904515.0005830762,-1358147.8836809353
4MS2,901785.840658597,-1368745.8847962352
MS55,952267.9349937204,-1072825.428457906
M59,1055111.0539551196,-1449959.6797307655
25M,1004574.4620879091,-1076031.5491003566
02MS,844624.5265912432,-1164673.554262696
42MS,1038471.3982165382,-1211119.3422682919
M51,1051046.8433744898,-1206934.6646026934
MS39,999550.370488659,-1400797.7367188747
MS40,909612.4321795399,-1254925.6245283636
30M,881500.331080866,-1098213.457700183
UTA,883795.8607673591,-1095051.5184145856
4MS8,883794.2383653723,-1077766.277754901
4MS1,886296.1506228731,-1080117.248111304
TUP,1032797.4348118143,-1123079.5921305898
MS41,884349.6594057978,-1171099.3120135833
T36,940082.641039988,-1483110.0496089582
3MS9,1020511.2921006472,-1313369.6940473167
MS36,941814.9233184861,-1315346.351552887
7MS1,941139.9232262163,-1320226.044979719
MS29,952355.9616115004,-1319454.0164065433
7MS4,921603.8613332821,-1322864.0964191426
08M,981591.4599036456,-1298102.4478174346
13MS,993860.2994168225,-1533789.7674973335
09M,916389.6055615767,-1168704.631971967
CKM,873112.952561265,-1139267.667291577
MS94,870647.5698165495,-1151223.3637145953
02CD,873928.9038815475,-1158153.8776874575
RNV,856420.219408701,-1201023.7336158317
MS01,861177.1224980352,-1202115.936596948
08MS,927715.70167239,-1092442.5221810057
0R0,972240.8042379265,-1462401.7605992923
3MS6,911860.842914328,-1329486.0051119463
3MS3,907765.6796308616,-1334234.7686573765
MS58,940470.6591983499,-1369512.1451935365
MS90,929432.2565548418,-1354068.8075463262
2M4,990398.0483514203,-1342383.1895190377
32MS,960021.5265981418,-1475390.2613193002
34MS,1088267.373234047,-1539642.0029730657
MS13,845576.8381717441,-1278718.291698236
MS75,838251.459940211,-1286361.074830106
1MS2,942260.2630637144,-1282625.6348238438
MS30,839818.6736398372,-1254112.0700875497
GLH,838427.2129001993,-1233860.890741627
MS9,922030.0981381697,-1078130.7693992443
MS64,924609.8182574685,-1072020.626469141
H75,910757.1083755781,-1079281.198853793
14MS,1033010.8167396474,-1338079.3950005728
14M,855886.3220835959,-1265713.428407939
3MS1,962917.5675011524,-1071943.6160887287
M41,957552.4139495142,-1072903.0464540757
19MS,980715.0568751438,-1066282.91507885
M44,1014592.5290643389,-1168266.5050088044
0MS9,1015293.7182315179,-1177771.3744074202
IDL,866704.0007482872,-1230749.882607778
LUL,1028256.7081404771,-1413700.2079320473
19M,931268.5649723884,-1263569.1707571496
MS06,924607.2622073806,-1301706.8504659538
90MS,834965.7911482968,-1272308.0073789987
LMS,1020350.1012098793,-1250287.8847988318
4MS5,1098705.5426037137,-1479413.0470397773
MS26,1098333.4117510356,-1501686.6258306224
22MS,1095260.52694193,-1497852.6826140678
4R1,1006746.283551005,-1489690.9515981532
MS32,1064073.757339489,-1331449.0456618187
MS95,858533.5720616682,-1191338.6820919972
54MS,980581.7068622415,-1052604.3530540352
MS50,940685.5150912587,-1434764.8039354787
HEZ,828026.0147417455,-1443193.4260654121
5MS7,1006419.4759343044,-1100979.764007829
M72,1005938.8053213918,-1095290.9383654895
M23,1023924.7912602013,-1342960.0529847082
5R2,1083836.76117558,-1549630.564418251
5A4,1040126.9431122744,-1150433.5292192241
5MS8,1042215.6338029404,-1166125.9533945122
OLV,931306.2427234339,-1056636.9148845035
MS96,1021607.8755859911,-1292481.5300201045
1MS1,1021158.093499462,-1293738.0036991448
MPE,1018789.8230502973,-1289223.6865819993
MS70,1038218.0527286405,-1293835.8352861044
MJD,996735.9729812994,-1549675.9315354102
MS61,987323.7413772568,-1534903.428148046
5MS5,1014077.6265716892,-1541149.7921176394
MS48,990825.1739891067,-1535428.4948882638
MS08,954968.1790347003,-1333420.41061035
04M,984640.3342826844,-1167233.275555926
MS71,913450.5456434246,-1335896.63230214
22M,1008224.9225839069,-1125584.2788717397
04MS,857811.1996144337,-1292564.777088449
MS35,845445.9572594352,-1289248.8716698654
5MS1,856854.2069117613,-1291028.406402784
3MS8,1087797.8323609245,-1264077.377139241
0MS2,1009157.9259466772,-1430727.2443091678
4MS4,1035145.6713772165,-1135222.0590483719
1MS0,856017.1512552068,-1219200.8927483093
MS03,852001.0712639662,-1183474.6847563924
93MS,853246.4905245344,-1178061.905095197
1MS8,1067815.2207789388,-1267077.1173493133
4MS3,967185.4353474485,-1054734.079423374
MS63,1072111.8316511814,-1141779.782378781
MS69,940874.2086884794,-1375778.3795757417
STF,1036465.2311044536,-1216093.7144779158
3MS5,948804.5455227036,-1241807.1528622624
MS43,862524.348386225,-1335232.8086735106
17MS,864990.7868109813,-1354786.6450723954
VKS,856591.0271521258,-1370666.1462033147
MS65,894149.8718828843,-1065333.0058998687
33M,950405.3595016226,-1144918.8804298814
2R0,1079340.7266457735,-1410339.5287077252
M83,1051270.5618675095,-1197246.2519701126
M24,1039351.9381283701,-1504822.2139209046
5A6,954656.8006128048,-1222890.5522472989
MS57,836773.9652862827,-1485973.2468669862
87I,893199.902983553,-1294919.194911934
MS45,838966.531373654,-1381740.617988106
MT50,-378025.9923195775,21017.45118837506
3U3,-985881.6580177422,207267.70668561434
3U4,-487413.88300791284,86391.30108867167
3U5,-926167.25016512,345700.15717821993
0MT1,-926364.4664285509,349577.7224453316
2MT6,-945325.8686937867,364154.773327832
BHK,-326625.2925828263,158375.01773585437
MT43,-942814.8481265747,222223.709969366
4MT1,-860188.1957307858,150820.70043302217
1MT1,-865319.4024931511,146302.48191322468
9MT9,-859081.5548769451,147306.7734826711
3U7,-962259.5883244323,353563.56482761947
53U,-1034128.5001501995,431270.0651792548
0MY1,-852799.1904958116,132745.34874003846
2MT5,-864220.768172934,125888.14579221714
23MT,-854655.7736475139,131660.67843460277
24MT,-859219.2364950492,128031.50611391266
BZN,-861247.8507503188,146078.48264388298
6S1,-696388.4894841379,70914.50875886733
00F,-425087.99152844324,66674.46424800961
8S0,-959342.7297678776,479562.36228950595
BTM,-961248.8541043275,180910.9667652822
1MT8,-963876.1672964033,187447.05482508484
2MT8,-920005.827145677,158832.97010920855
LTY,-806728.0340378812,446043.4405030554
S71,-678699.6914557986,438800.7097139575
S85,-333977.02641413774,360035.5927501308
CTB,-905709.2500947218,471704.9675515783
7MT5,-1086598.7097927995,216142.70283181075
38S,-973924.1558908924,231824.22051098876
4U9,-999494.7994488723,49306.15611898824
5U0,-747084.9697284484,304470.6168898006
DLN,-977556.9933939383,104510.27066732962
M26,-1002838.7810357674,262882.7134134408
2MT9,-988445.1117346513,249468.52376916737
5U1,-869266.7292640893,380319.4514265907
MT45,-353773.74498192297,111102.74984793368
37S,-481385.1825917711,353605.23499959335
5U7,-618807.4320644746,66052.68889842635
9MT0,-605724.6953444143,73962.50475076157
MT51,-440799.3076759351,380800.55604988686
1MT0,-883550.1544126557,69316.42905260192
29S,-841071.3170091468,61510.29205660804
5U8,-767267.5589542013,337982.4373609792
MT01,-754106.4876555194,338568.3062023558
14MT,-756771.1467564619,451352.01600784657
GGW,-489572.2979554197,377452.46684191155
25MT,-461011.4882986982,398555.56385134126
07MT,-481196.16947338154,400051.0421108457
GDV,-363348.8406845295,248692.10484954357
08MT,-666227.8199637498,266133.0961478834
HWQ,-752495.3275161813,207234.3956198902
HVR,-716703.5802039636,437854.42715454777
MT58,-461999.5321174133,325487.7977031016
10MT,-483415.52473501017,334628.97642074985
MT35,-912576.9618877425,244146.3570118926
MT86,-911736.1439888962,309549.488101141
MT06,-926255.5314283465,244931.45315519793
MT15,-920503.8470883399,250231.03248890935
MT83,-926671.4248359466,245151.84806779138
40MT,-916015.6094559144,258634.89632933962
HLN,-911193.941833045,246760.4103523091
2MT0,-1059263.1436482328,462979.4867158065
MT10,-1052607.8289490382,452177.1218332219
MT54,-1048128.3858572613,454577.2703365662
MT28,-1054537.303408164,452279.1684791433
MT53,-1095327.3223827358,446390.10382593964
MT37,-1050263.4624062462,441447.99651735654
MT95,-1046458.2568088262,439877.64556280925
2MT2,-1050039.2913086417,449952.3235926415
17MT,-1046023.2517574326,438682.83261747606
22MT,-1045057.1582629876,440894.0175526193
GPI,-1047623.0480963927,462044.97058787453
MT03,-1051748.0256146973,426828.82615414064
13MT,-742617.957448747,438621.710328294
MT47,-935976.9109611915,34033.477900896134
MT04,-443189.0648981334,395170.9248167542
15MT,-435075.39530566655,405296.0255630717
M75,-584015.1561370108,403344.42343064275
MT88,-1107970.76811903,438534.69761608774
0MT6,-1083655.854769859,437721.72298180434
97MT,-1083131.9169121077,441733.05430777266
0S1,-995560.2379013982,400646.8644094154
MLS,-450778.7311153997,175159.5833567517
1MT5,-446544.80478815397,171278.05341386216
MT29,-448069.7973772803,180763.04771572517
MSO,-1063417.7421266045,306790.99797850905
2MT3,-1061563.821524384,298772.9187217243
MT23,-1057456.128915352,301101.1381650542
90MT,-1065359.7556603015,311593.9933861946
PO1,-382840.440568414,360863.2683805373
H28,-928664.8713124758,519596.05842270574
RED,-723513.5657009406,62014.287615810004
MT99,-723278.7741798214,61155.138650807865
MT07,-1097405.530133663,533729.0210506299
7U8,-380399.8515525341,304092.1459644824
16MT,-710807.1513055781,85266.24577915014
7S0,-1051277.3851497932,378411.17075873533
MT19,-1047215.3592673636,380392.73701890296
RPX,-652682.8245354415,198708.96170001084
MT79,-651683.810941432,322812.46810288983
M42,-791340.823217053,243130.5395150845
8U0,-708584.8308840449,184249.0224273671
3MT3,-719673.2657599696,167047.20361061807
93MT,-1039734.366325769,436846.56716866815
3U8,-747859.4980147617,399163.53052962857
0MT2,-747206.3556825842,400886.7059696719
MT94,-883198.7851678209,89435.66399818702
6S0,-770927.8588612006,137438.2072630277
BIL,-660622.9347007086,124849.87077441439
MT55,-658474.791337584,122570.71306550487
1MT2,-659452.9182053851,139865.3666522711
1MT9,-671691.005074062,123945.65209533677
MT25,-658867.8579226962,123087.67561109293
3U9,-927229.9561429517,204638.41439609783
MT71,-853840.0532012519,139070.82925815284
3MT4,-666153.0481866637,428540.5643059797
CII,-904189.0577312681,383464.5210031117
4U6,-418016.819969735,283398.91404237447
RC0,-1034764.659997193,280333.8696257902
04MT,-490117.0172136684,257497.64477949994
M46,-518829.4773868971,116420.50036646788
MT18,-1042736.1323659117,458829.3901187273
6S3,-716401.280001233,111162.35383207552
S04,-1023798.7040365079,370351.12597103557
4U7,-1093770.9259712081,192703.67176500958
MT30,-1086115.340657859,200174.1434949834
92MT,-1085162.0522582624,199399.70394310495
S01,-884273.5168875363,418755.87739686656
MT72,-1081095.6663427234,245291.9653376939
97M,-351005.5619501946,107336.20788101743
MT74,-340138.3057942908,132406.72164670366
MT05,-365166.9155583849,84923.955622845
1MT3,-944356.248231473,246360.12106712302
EKS,-907494.5773521448,96202.94038141106
06MT,-887232.9296037396,463188.6127860742
88M,-1093042.674453606,545261.6719831342
5U5,-893719.4687196724,359929.8828510378
5U6,-303619.18480006326,325997.11739610863
2MT4,-1033275.2520959418,433646.2978144223
1S3,-508392.71551980963,162267.30379611815
79S,-791053.768271487,368952.41440999164
01MT,-1082665.050255608,522895.14217406686
2MT7,-1089208.0950927306,522900.679451558
19MT,-678044.5460188704,242150.23940458547
GTF,-850982.6218190015,336557.8527662991
MT70,-842630.7728432986,336440.09447876137
MT27,-845441.0997229369,336413.5725968561
MT76,-859723.4277731248,328513.0466233395
GFA,-837049.0956001851,337094.02207340085
HRF,-1078900.6524670466,234824.06241057633
M62,-1082097.1106604629,229668.8545576009
0MT3,-1074775.764796198,233372.55355279404
0MT4,-1079780.8069237645,237412.3926419473
99MT,-1086154.7368874794,218016.10484837767
48S,-644240.1223712324,431988.8361964555
U09,-644946.1945270064,422526.60950640147
41MT,-1182171.5441209418,462658.53817181406
MT77,-814528.4438404291,345617.42363831407
12MT,-762763.3234495455,469693.86853558384
26MT,-761870.0330957219,476481.4840357453
45MT,-766989.8723325081,453868.6094596004
6U5,-522359.09122057667,399880.4309533867
6U6,-632321.1097901778,463581.57000703836
S09,-1088016.0180602972,390246.38833407126
MT52,-1084133.6839805432,328835.1980476281
6U7,-551734.396663498,168491.51288398524
18MT,-1051192.2450302108,112075.52089467482
JDN,-523232.7945446981,281637.6291543664
S27,-1053774.2322537983,448198.628810762
27MT,-1052570.858862621,464240.811355267
20MT,-343215.309198159,309113.818692302
6S8,-678584.3411686782,115287.251156656
0MT5,-686244.9064073344,108172.35605824758
50MT,-684726.4718636996,107382.78341511787
80S,-686049.983927789,183569.5024440542
LWT,-715210.991356497,270110.49550513364
MT31,-713418.901892942,270996.3790498852
S59,-1137529.7093408161,476072.8700039739
MT21,-945705.4301336788,302514.57422099955
S69,-955229.2546896731,292859.4182896253
28MT,-962562.0510958174,293904.72492051625
LVM,-808523.4181237292,130209.22625321764
MT48,-828518.1669073383,102177.68504617039
MT44,-1062245.1648103255,299686.7124566926
S00,-468968.38936542685,448784.0578784402
U05,-1015984.7316369808,230760.82777466666
MT67,-1014967.983988194,232005.70217250288
1MT6,-1030720.0402769187,237730.45918379232
S34,-1112486.5128194802,379061.83201007516
MT78,-1111242.0110719516,378318.8756667409
PWD,-331303.9325238995,430820.179451988
MT60,-1044377.9992675219,518615.41601927957
86MT,-1049223.9577599165,540313.9704423671
8S1,-1054897.0069960386,393606.1731225713
MT38,-380450.843875396,390679.44131643896
52S,-1054601.4989151193,351550.7947640752
1MT7,-836233.7300178828,327570.9618742552
8U1,-566874.2766221983,260486.81175963607
8U2,-978580.6209709736,423822.81253665354
9S2,-398121.705425815,436921.9341956069
8U3,-393763.725133581,458002.32002080133
MT39,-1002218.5220948191,317670.84968573053
23S,-1010282.0322035723,327623.13780526834
M35,-1013013.6971460765,327232.2295167245
SBX,-870261.5708815375,458620.26590730937
SDY,-313571.49054723047,309178.3562511069
MT14,-1050955.549625395,433229.7010733154
8U4,-1003811.3559564266,414769.8418636054
S64,-771101.4789773114,287977.3363237157
32S,-1068297.0771725534,263313.0543969947
MT32,-1067054.4579920098,264645.5183318623
98MT,-1066180.4806165963,253610.1389213756
48MT,-1070500.8689665727,254812.31557318402
MT64,-1116345.234881169,347071.73436900275
9S4,-1114953.821255695,344837.630700616
7S8,-870153.8072991032,510215.17789176956
8U6,-404225.33527322137,210971.727550788
THM,-1137787.040368549,395283.1411320212
0MT7,-1144931.6316115106,406610.5129283277
2MT1,-1022672.9076690633,477124.6543076349
WYS,-875384.2589130607,25518.63433075939
0MT9,-1061186.3207571097,484139.69443034683
58S,-1048791.369087318,473319.1034011209
MT41,-933567.1426651352,167998.7121553141
7S6,-832081.399466395,222867.48369694382
9U1,-821541.3316907606,171283.10416938862
9S7,-702496.2503934299,325365.90392276266
MT3,-661626.1674004138,327550.5342024298
LC0,-671182.4750230904,358719.1800108215
CW0,-669295.7788950185,365477.3027899898
BW8,-677340.0641639745,355218.85580531595
BB0,-683846.8174993191,355718.3749014997
WH0,-676678.948856141,347485.2083731388
RHP,1460724.7474019683,-948799.0048871593
27NR,1914308.6000680202,-814124.5800016561
NC44,1911801.798242274,-815068.9448890546
NC11,1883845.8393444654,-790676.1490434759
NC81,1889243.649058269,-788092.6888511594
2NR4,1888956.6761745506,-789736.9790002881
1NC0,1795633.0197317186,-815141.496407601
7NC9,1798152.5843211592,-813916.8044594114
25NC,1818009.8069465116,-819814.9219432657
HBI,1801340.5080396133,-821498.1465457348
AVL,1573260.4963683207,-898595.7508630514
NC95,1569786.3242667455,-883485.9891176409
NC67,1580522.7942178454,-893451.2330913055
3W6,1926799.1500453837,-917675.7060141973
NC14,1636270.0364324537,-798156.9923018786
NC04,1635171.190660829,-798117.3686232493
26NC,1716247.2022130587,-776789.0433019389
3NC1,1721636.852133499,-777521.4287169185
3NR3,1567650.3556006174,-918646.4001978161
97NC,1562013.5460890254,-921376.1260916827
09NC,1885002.4237925224,-837875.0559028282
57NC,1492238.3624286277,-916356.7440274609
7NC5,1938015.5795349206,-754523.5040770917
1NC5,1928969.4822081402,-756708.1611357252
7NC1,2009090.7552542284,-897574.5069294499
BUY,1828464.9749916801,-769316.2353470265
9NR9,2012577.0528977166,-916168.0424245885
25NR,2010240.7912677117,-920562.5456414409
3NC9,1866285.2932940554,-779455.4315207871
NC34,1860293.606736467,-769383.0652786349
5NC5,1847527.9725291827,-772342.249163175
34NC,1728929.1954022876,-890468.8267642745
99NA,1731542.7287212387,-906269.9633452039
40NR,1717685.4850415285,-905184.1526843645
2NC5,1719854.594547212,-888898.0831401414
NC90,1725690.2420634087,-888400.2047611268
9NC0,1730072.7494724253,-889287.8095508685
4NC8,1743136.379820261,-862149.3802482741
NC41,1737129.5993502068,-870987.3827435909
NC60,1744533.4975670367,-860359.1704736813
NC19,1747802.9690688525,-864545.5491077049
NC77,1746322.7278410208,-857578.1745641214
JQF,1736144.013553082,-867757.3583542762
7NC2,2140261.940849558,-659524.7510675404
ONX,2116648.518502706,-649502.6538885091
6NC1,1698901.7178648007,-853077.2724018699
66NC,2024181.2914678876,-818623.2507212738
NC82,1930309.9379309155,-902161.9499557784
NC96,1920026.9134290186,-831310.3076909557
NC22,1929149.4221490114,-838138.3763397563
EYF,1942893.683627871,-906691.1805866986
NC94,1939767.2329602,-905102.0864404076
ZEF,1708789.7814815394,-772003.9559977467
0NC1,1822202.728507313,-746910.9651085926
76NC,1985488.9362659922,-715129.2339515899
7W6,2145952.42692637,-738553.2333094279
64NR,2141677.5077723716,-746089.8495622049
HRJ,1909781.2290982318,-825605.7821013214
89NC,1911890.7557038951,-953334.6302166756
23NR,2121920.3990836153,-745845.2484512653
NC70,1899032.3358324354,-929181.2426671047
N08,2007254.0343275692,-779022.5381988431
FAY,1906593.7746134074,-871259.6974038639
78NC,1904050.9052578053,-808281.1041315
NC99,1913192.2600575355,-790778.3751330643
4NC7,1918695.8571951287,-786796.8412620297
AKH,1701463.8500178626,-896981.8978304019
6NC6,1691102.278991235,-890259.6137988922
9NC4,2058179.7976156068,-653935.9435373696
59NC,1820142.0542649499,-765927.5749487735
NC25,1768310.4882784954,-846221.844123035
4NC9,1766973.1198430413,-853482.3248733941
GWW,1974649.926682806,-799074.6741430081
2NC4,1961311.6650711147,-816847.8043977348
5NC0,1977667.055233796,-805068.4378333791
0NC0,1977192.8618948557,-805453.5495236468
GSB,1978209.4710884432,-812125.029037476
9S5,-891737.4390177571,161772.2550762724
MT42,-886972.9274314297,164729.59565609423
B70,-818467.2712085379,425539.0367932961
8U8,-877869.44895614,210803.8111928687
8MT4,-875822.3249749201,233551.54589097732
8U9,-883626.3721103685,221502.65706207318
29MT,-1150439.8526197856,416586.45980048616
57S,-1162921.4396216967,503542.09857374907
9U0,-613750.9027165908,460481.7561102259
RVF,-953517.318990683,132376.76009206637
MT33,-860861.9580134816,329772.790664811
7S7,-902053.0887782469,436357.63766250014
0MT8,-1025372.5930658464,478014.63710168743
33MT,-1025735.9494026147,477386.81605313893
7S2,-633231.6412102396,252817.5819430314
7S4,-1041151.7447984508,152883.75513573008
02T,-1001325.1530292796,166450.31557590872
OLF,-413723.88278689596,358492.84490107273
MT80,-416641.05790349643,352963.3978668964
MT08,-632224.0889421018,357008.034352035
6NC8,1751784.713095286,-800976.1844836613
30NC,1742863.241946731,-790449.7563755991
ASJ,2020742.1227971949,-689299.8362727846
15NC,2039238.772034001,-690763.6549972651
NC18,2040423.1484439576,-673016.1610786389
VUJ,1784571.746187011,-852888.3791630233
9NC1,1781994.38956394,-859515.082446448
NC65,1971433.6676199313,-904029.9914045868
NC54,2130576.595364789,-822825.3555862497
12NC,2130991.973791333,-822044.4519425739
NC12,2079126.5872067017,-778170.1311237141
NC06,1614585.3189038371,-807129.6293932243
NC07,1617325.9860966648,-817889.0697032851
7NC8,1621293.058872036,-804706.5319100072
1NC7,1620213.595534165,-806411.0559516496
MRH,2108043.026828178,-846082.9538366408
05NC,2108702.7362501505,-842908.7368210063
NC89,2088921.3537249076,-758143.8082430089
91NC,1825561.9805701398,-768595.8916429441
2NC0,1581833.239657991,-847510.8313607428
84NC,1867233.0578301216,-848857.3623357678
8NC1,1865369.1217062445,-837485.1668229477
HFF,1851160.0824001494,-880167.9159929479
N39,1554342.9454662425,-894883.3545953098
4NC5,2073984.822493451,-856168.8235389249
60NC,2074619.950850282,-858921.6548057573
8NC2,1643373.2430529348,-900160.0862721665
03NC,2015304.9351247973,-944838.9393933623
BQ1,1849033.8631951658,-845594.3461303216
NR88,1854838.1221362588,-851129.479345627
04NC,1896257.9957513276,-787716.5124109169
3NC8,1532369.160127649,-938759.1612025368
CLT,1718765.5941598127,-891788.5105128315
NC24,1739306.2857258893,-887220.7153950763
NKT,2084133.616006813,-833246.3274023823
1NC9,1671542.0178303514,-875555.7986199677
NC29,1740580.680650838,-840100.1817394298
2NR2,1943065.8683366324,-923246.9639617902
NC32,1745191.8372576975,-792504.8861311281
0NC8,1725361.371626096,-828163.3827376015
CTZ,1952220.0405355892,-861196.7570641697
NC85,1955067.7453616185,-856864.881247234
9NC5,1606361.886383564,-913728.0878488686
8NC8,1888032.315516668,-752845.1779182449
NC92,1876034.1289441618,-762088.3497280854
83NC,1873773.868322747,-772437.8362876122
8N0,1794405.0477249608,-726772.1239103728
EDE,2079835.565704228,-703638.4464991532
1NR1,2075129.7787389243,-700290.7075707696
16NC,2066922.8185402555,-687881.4465545662
NC28,2103591.7384905964,-676690.7290269515
3NR4,2092653.5570666264,-670507.0065613883
NC98,2101639.1655471106,-662770.0911464777
1NC3,2111564.888221415,-676599.9548467107
ECG,2107090.702308723,-668609.3150832336
17NC,1968466.991135325,-915586.4204341872
5NC9,1904125.9579445994,-864818.0045027201
2GC,1912266.0532304663,-881027.2066987773
73NC,1899943.479133101,-864169.2014781947
NC83,1901009.4586635376,-867933.0507792241
POB,1890316.2014996673,-854757.1635357557
47NC,1907961.8892939,-853986.8093700176
NR00,1898585.027085494,-862970.2803427777
6NC3,1913698.5601964986,-858452.2593939175
4NC6,1578459.4494700257,-896903.0716967664
69NC,1634885.7198174633,-885585.1019497401
FBG,1898232.070611571,-857188.6570610313
1A5,1499665.1046001043,-938040.9202661504
93NC,1503968.1151708877,-941464.3101924208
NC36,2135081.4883808945,-666294.7757917508
6NC0,1960409.494687755,-822737.7097653187
W88,1796760.4883217644,-762985.7583909271
9NC9,1787886.5537673645,-760980.3205135133
3A4,1812632.2099980994,-785677.3085822944
28NC,1800679.4983661843,-787046.1213195923
GSO,1786518.0109945685,-773819.2638128912
PGV,2020431.9638886156,-766201.6560213559
02NR,2022185.5566626068,-770785.9209846428
NC91,2019325.3061550925,-769633.3988308815
NC49,2039457.5310285205,-773315.4374112932
IXA,1979994.5557271119,-696949.58549176
NC75,1723380.605660292,-812292.9331210521
NC02,1637824.8942759784,-910126.659394437
3NC6,1743609.2125163341,-874697.534144403
HSE,2184616.884743036,-765376.7805269464
62NC,2077635.396819917,-831186.8352218735
NC08,1474146.83607684,-958629.1954129642
0NC9,1909838.2500922023,-715876.9225459024
0A7,1585587.687397317,-910605.3900097372
8NC9,1585557.2087164365,-910656.7737134334
90NC,1582279.9525838057,-909739.0349920976
NC01,2098744.1837072456,-690235.8059275085
86NC,2079935.677714326,-676366.8734716683
21NC,2100240.2169087273,-679252.3465692062
28A,1753031.0681253858,-894323.9855824577
10NC,1990437.7987947133,-692514.5298414291
NCA,2040451.5996979359,-868095.0574621349
04NR,2042850.0789175632,-859655.4602933755
OAJ,2022119.878178968,-859175.0999656057
N22,2027629.6523916693,-871354.089213434
52NC,2052019.4174548262,-849104.5518407918
NC50,1654611.1984569957,-763920.542462928
GEV,1650275.8305877873,-768068.1273698837
78A,1703469.1822385914,-782089.2630381655
N88,1818057.8627080698,-786098.2197607504
2NC8,1739068.3154906044,-851307.4050262603
6NC2,1746571.918215176,-851155.1897068282
NC39,1738386.1932294543,-851595.6107694571
44NC,1737586.1332048974,-849605.1433324176
2NC9,1860587.2858858427,-910400.767339922
NR94,1747180.9328037421,-734977.5870946659
68NC,1849594.700179189,-723649.6971490775
NC27,1654948.7458253433,-822772.5077150892
18NC,1645344.0844712176,-831276.145296548
2NC6,1754029.8120854797,-816332.6633193454
EXX,1762544.910679541,-816403.2209577593
48NC,1752630.4788658507,-818786.0335657184
NC74,1819279.0533707861,-787488.2450837673
N61,1828061.219850577,-789664.6209487867
IPJ,1694139.437054548,-866595.9110463336
0NC7,1775433.9050970566,-747141.6587501743
N92,1695975.3673208994,-855752.006048572
MQI,2157979.199963776,-693266.4662977222
9A9,1614209.7405637864,-857373.0944139304
NC33,1613739.55985145,-864116.519272165
33NR,1565066.27847626,-843096.0736027756
3NC4,1770346.7678011253,-897944.4205759037
46NC,1777229.2288564923,-914712.3044638885
MEB,1868709.6742362836,-903824.6176623949
8NC7,2048946.2307268702,-839430.6679626395
4NC1,1831339.775281752,-713336.8864105028
NC30,1728093.5757838634,-843743.738818503
NC52,1638751.4285545195,-851076.2773038439
MRN,1647064.6753453442,-838746.9942005215
92NC,1645418.1631920899,-849778.1848844911
3NC0,1641051.2068253453,-854908.5109448942
MWK,1724771.0149524456,-747436.0241265581
NR02,1802466.123097571,-869065.1168929779
W40,1974484.877399838,-826768.0104057653
9NC7,1760249.9571376946,-864118.8192742795
NC61,2098272.693961592,-648020.1034844227
5NC4,1453707.4471210814,-964128.157250419
NC53,1448104.6339346007,-964349.9436443831
N83,1778672.9256238686,-764967.9270053797
60J,1973135.7535057575,-978572.0688285677
W95,2158241.130834048,-788645.0393751313
HNZ,1902184.4374263233,-714375.268752655
61NC,1902076.0355885394,-886236.4624043141
NC71,1893258.5824355537,-883125.6940287598
32NC,1894627.3818913768,-885256.1905442035
70NC,1930207.6333186955,-685672.7485957836
65NC,1736033.3949481521,-757709.9606696325
SOP,1855792.1490216756,-855881.7641369994
0NC2,1850511.2011468653,-860939.6488180092
NC55,1721042.0359770807,-903887.7296674651
3NC2,1909842.518625084,-784988.9016759649
96NC,1909295.0983505955,-775999.0462928596
0NC4,1911937.6881034172,-778217.2384892263
5W5,1906466.8543138113,-798763.9395389078
RDU,1892329.2704660424,-772779.4700067013
NC13,1818764.8041714637,-805784.1639686811
19NC,1962309.0888047896,-732495.2149288224
9NR8,1883544.344620675,-900075.2518712654
SIF,1786175.1217064604,-735302.4481427775
NC37,1789397.4674561457,-745665.5869537934
NR33,1801210.8548869581,-744588.9453400589
NC51,1976380.0207790292,-686085.7751583052
RCZ,1831538.9328340755,-901699.4903018734
06NC,1906276.32347813,-890196.4042960706
RUQ,1746759.2912298406,-835685.1251301108
NC46,1748472.2873162227,-830975.3458806693
NC93,1745335.2938086302,-820908.4155607034
88NC,1732598.1947699673,-840569.0771976896
TTA,1872445.083520729,-811942.9396362767
NC00,1864945.691250551,-816443.1569375505
82NC,1881738.9229695161,-841161.478964546
NC66,2014574.7245832463,-710343.5269431493
0NC6,2003180.8528723242,-713887.6038237278
2NC7,2004707.863261273,-708852.4831250275
45NC,1990086.1883740185,-671147.2329917169
EHO,1660413.2290188395,-900200.7016449005
HKY,1668302.71021165,-842996.8423122775
E40,1673074.9525907014,-852092.1064025868
NC68,1672412.4683634904,-837592.2208851492
NC38,1672097.5618027318,-855026.6414642053
7NC4,1679717.3339541317,-843615.1142291953
NR03,1523132.5111915518,-948782.0072275759
NC03,1786965.2269798843,-796042.3324289157
58NR,2007572.5688652361,-794153.311067419
NR32,2038097.0312421927,-893976.5934002807
01NC,2034159.2598267675,-896820.5551816063
14NC,2035907.9098865807,-892385.3511393376
NC05,1728169.1938421843,-867225.3390592134
31NC,1722499.3036771247,-868787.4852547401
4W4,1856777.1697531557,-735187.8929344529
41NC,1749499.458424226,-849251.2148268137
NC64,1734016.0393447576,-852227.5372502998
50NC,1736083.5131011708,-849768.5438803185
DPL,1985244.43714242,-849459.5074185876
23NC,1987986.733592595,-852796.1305284458
7NC3,1959455.3457793752,-787471.2950287823
FFA,2157149.795909557,-681994.1497026251
ISO,2009076.252069452,-804611.7549200612
6NC9,2000152.9956412164,-822034.1905313289
55NC,2012309.917713258,-808528.4488117492
NC56,1911504.448826246,-729977.5332193099
W17,1924813.8958694031,-773463.712582521
43NR,1690281.9615105197,-866869.7903983126
9NC2,1908256.1916951907,-844671.6903590999
4NC3,1906195.0032229002,-844135.3195487332
98NC,1618677.805768639,-811053.5589417386
72NC,1953115.346534851,-683342.24394338415
3NC3,1765973.4064491019,-876822.2258947224
NC26,1706665.495677594,-843396.7243937703
LHZ,1928207.4898107909,-746492.5163822299
79NC,1929485.8453072899,-733323.4845286275
00NC,1923040.0594018933,-740727.800322529
LBT,1900254.6738946557,-916798.7625320724
53NC,1904189.761794329,-942375.1138044414
NC10,1938005.184972942,-683884.4105247074
5NC1,1744021.625113185,-819454.1814434147
4NC0,1732335.7678580307,-810096.933750967
8A7,1746018.9496891538,-805025.0902657788
5NC2,1739609.4579230861,-798535.0197636285
43NC,1738331.9641795352,-794715.5563415497
9NC3,1756033.5223839672,-899356.0832058389
2NC2,1761820.8825198475,-908841.6095015785
EQY,1752340.679514901,-906343.3536311688
24NC,1762802.4561610469,-891293.5602580691
14A,1714225.505562141,-847003.8543810879
1NC2,1722945.1030908762,-840291.8902906999
NR06,1721420.3292174332,-851137.9131974636
NC88,2164037.3146198657,-689073.8961486225
6NR6,1627541.797491842,-861114.4911472733
71NC,1825193.3891195524,-745556.4322686957
EWN,2065347.805731998,-818880.379685236
NC20,2053739.768687386,-820179.9271367742
NC57,2062338.9180014723,-814799.0053046116
99NC,2054937.7840766886,-805367.0909116846
6NC7,2086059.4288446885,-850318.5766316608
70NR,1945837.2985343623,-834661.741622204
UKF,1682869.9828630304,-784498.1557012503
49NC,1679203.86122047,-792755.6579562513
SUT,2004739.0833537895,-967712.550932393
8NC4,1850326.2756843376,-800605.1075068433
1NC1,1854751.1985936651,-790031.4678976872
9NC8,1859590.3881110924,-803198.2770795141
64NC,1806029.4944228407,-791915.3359603804
0NC3,2070747.7130482472,-725653.5804198935
7NC,2079428.8182937698,-738307.9099283037
PMZ,2069709.1944145137,-731909.4023121616
1NC4,2048703.136218664,-832542.378709572
13NC,2048381.5768361932,-828220.1127383395
NC72,1957957.3789334125,-804678.5462127925
5W4,1878548.275443057,-875149.2448967608
94NC,1872724.651139634,-877806.5068261337
2NC3,1904675.9223503661,-780864.3843349296
92NR,1831571.4001338484,-897336.1007806582
RWI,1970538.0656512668,-754404.4758456807
0NC5,1970777.2944702676,-740749.2350353807
00NR,2186813.9733629664,-722414.037132788
NR08,1884328.1638495054,-924725.1498962452
87NC,1933103.4912740856,-873019.6967287511
TDF,1864896.7744998492,-732962.5091457318
NC40,1847878.257484542,-712547.1212322249
9NR7,1933538.1528918988,-861117.3343275504
38NC,1807319.305620605,-725574.5116954638
FQD,1627108.2351548455,-887896.6694668336
58NC,1618434.6648422254,-898892.1177538988
39NC,1628304.1980881765,-899452.0591531293
NC97,1664753.4796390322,-886330.954937431
20NC,1700964.8498116706,-852538.0257703628
8NC6,1842656.0209946553,-806702.745608433
SCR,1834249.6940110247,-807605.1803478149
22NC,1834513.142533179,-794098.8636962319
NC73,2106804.8531109444,-764453.4057032806
JNX,1935507.7815129778,-800283.1508141342
NC23,1941115.3808364207,-801714.5282625259
27NC,2008578.8553104755,-964385.7118519129
11NR,2009517.8091010775,-966747.5624688755
3NC7,1672792.5369057825,-752984.3879117282
42NC,1943742.5812785,-749911.4697305256
7A8,1610550.2829882884,-832550.3525305177
43A,1816991.8511672518,-848638.0537893282
SVH,1705992.796973513,-831623.5982084261
NC09,1719116.2740865024,-814909.1474158545
22NA,1715587.8979130383,-823272.9969889766
NC15,1699407.038110045,-811170.8258029206
3NC5,1694779.9767916074,-828684.8585553081
NC43,1976286.5543717619,-952859.9092676968
12NR,1985580.0241967859,-961380.1868521129
NJM,2076968.0952330392,-859979.9320459235
24A,1516480.0987410212,-923878.9221808341
81NC,1942674.5316312062,-971371.3813958382
ETC,1998238.7635911484,-737406.695280154
5NC6,1997956.6119953296,-737568.1137007297
N63,1763691.3026448365,-756407.3902936811
13NR,1762634.7218975245,-757126.614390758
7NC7,1760411.7141988012,-752006.0101423123
OCW,2051166.8377159033,-765128.5744951202
N52,1744699.6480442532,-925714.7314960357
2NC1,1736904.3797951713,-912249.3028746508
07NC,1745112.893623689,-929120.1647875626
NC21,1741745.8166749119,-911761.3097232642
6NC5,1986130.4125557751,-730588.3275507613
NC86,1924246.4145100866,-896364.3879250947
CPC,1939128.3504734982,-945573.2995921312
NR82,1943078.688057335,-964774.624524751
85NC,1518045.0211246856,-910842.5485847777
05N,2027036.6977505295,-782160.0116367526
5NC8,1724285.5604756933,-784789.5901069759
NC42,1721131.4591428104,-793459.7803896616
80C,1722251.2551685504,-793980.0593711459
6W4,1826731.5199080193,-729458.3858903545
11NC,1912107.9905973827,-750972.6623746456
51NC,1931150.204768852,-764565.6078691437
08NR,1588092.984754448,-920298.0700363276
62NR,1757953.527721164,-857822.6660948122
ND07,196669.91826945674,225923.37374586242
27ND,-254955.2620540165,403405.2677956185
ND26,-272983.4929590236,328647.29301411513
ND01,213218.98962897854,230909.07193644805
ND73,207939.53019476082,231306.76747453734
5ND3,196018.43834744662,431933.33711713407
20U,-302241.87207953655,221556.17641745092
6ND9,-130253.39839963347,378649.64653464075
4NA5,-135265.05949829874,367149.6838909806
95D,-136966.18764015194,251861.49553734815
BIS,-56761.23657923168,197379.0320391729
ND11,-54772.79294203138,203850.9046440234
ND30,-59526.02154456562,201353.33146237384
ND46,-59091.27891241381,201227.73520710474
ND96,-51624.814529189774,200444.22651234636
D09,-30526.443980709315,425933.468257236
5B4,-164452.88481839772,425867.8549661153
7ND5,28465.806549142108,262441.457732722
ND81,153315.43166648818,415799.5864205026
8ND5,197639.55146986118,199318.02846384098
8ND6,198926.29218004708,193673.16301528533
ND89,113141.26437222515,229640.70804906878
3NA0,187272.07413249902,271609.9912869608
ND90,175165.68759430546,109947.46574974518
D49,-204132.320585598,437093.3815790982
S32,142545.5945351106,271067.7993201385
8ND7,101595.88792674606,236646.95703063608
D50,-240916.56248434796,441713.541818912
80ND,-246479.49161811962,436422.25523153646
34ND,216817.065616916,193507.0174628059
Y71,-141470.17199121226,155376.86761559625
4E7,114645.24864837111,114068.60991931993
5N4,181739.46030208818,183584.81868885845
ND47,186966.39560002243,185292.91474802885
38ND,196735.4826355437,236465.94965406647
NA33,5545.534628436348,333677.3736225609
FAR,241816.32110393248,218351.52326654957
ND48,244263.36723400373,214438.87669358062
ND45,241194.20226948298,208408.59179680044
D54,234105.46503168475,215796.2069576718
D24,25433.373468143996,295779.24854721903
0ND0,44720.88094992883,325845.1118831842
ND14,163066.79139825684,362051.0100514524
Y27,-48782.67743017053,118826.26653579014
NA60,223607.1482999692,252633.37862536515
NA63,-283157.790193218,414501.54868259403
ND86,-291573.47043101396,403471.45836842107
GWR,181319.88065599123,138118.91652364933
0ND6,6435.676614992478,117315.22089708377
10ND,-178417.7114172505,245855.37099544765
44ND,-168252.98555472874,283411.6977421858
ND16,-168589.124845049,273843.6514179142
3NA6,40267.81764062111,308181.5446449904
5H4,5135.299469731494,310345.43593508244
ND27,5115.294781186541,307569.4592487924
ND72,-6317.785279143906,298476.72661194083
ND20,198329.70843719118,303945.42341584485
ND24,172760.43291277214,351657.3145158324
JMS,100410.82615517436,215395.2558854259
7K5,-150412.39427672554,409686.04084626544
9NA4,-138864.99751116167,409236.4057944575
3NA7,96634.63609643828,266080.9403341606
9Y1,-208605.44535862308,269495.59397065686
55ND,-204147.80786390766,265364.403981549
K74,229055.399555911,187601.1573055371
57ND,224605.80117565478,182937.63336076174
D03,81546.30038257352,145843.69538247248
5L0,124563.72741246037,338068.65952354285
4F9,131933.85096588344,151218.86215266274
D55,117839.01352993872,418444.9944631749
7ND8,91670.2353563448,428990.9536572611
6NC4,1686527.6803185095,-820026.0879116561
NC2,1680955.6012420026,-818429.7028117981
NC58,1687883.4725070354,-817966.595010947
NR04,1682355.8567093138,-814741.0212308759
NC59,1687384.5004406655,-826119.6160271902
N97,1778530.506662034,-806913.6684945407
NC31,1787371.7885044417,-812251.9877303296
NC62,1808922.6370813034,-853694.5147593395
56NC,1623289.8911911221,-913986.2700990713
37NC,1656481.7665324844,-845004.5789948486
AFP,1800423.244528954,-894473.0646202251
NC48,1984726.8336182514,-878481.094800496
ACZ,1990630.6162023393,-880617.8086874596
MCZ,2032072.9069810205,-736655.244212275
ILM,2011109.1479966196,-926704.3084000077
01NR,2011575.9265215711,-935213.2901269904
W03,1966064.9770414387,-765555.9771106269
8NC0,2050044.7090141994,-716862.8144142113
54NC,2086942.935695682,-677006.4760341225
1NC6,1766656.3054448415,-898537.2094621223
N46,1771050.893070321,-905697.2167610141
77NC,1996226.1766463716,-944449.7290098656
INT,1761310.1207465574,-776249.5600015958
5NC7,1758153.98196024,-782078.3038022183
NC63,1764514.176934974,-775309.6431551038
ND74,215091.1120827234,228031.92863595005
ND75,-20094.023861647944,302459.59984986385
ND02,152386.65622451936,314494.7712185819
4NA3,-95270.62691279319,429607.2300630512
6ND3,231697.41927809682,234545.21719590147
1ND4,225964.1679366544,233062.24455512097
1A2,211282.79283276052,238579.06074185212
ND60,187713.5683303096,331936.5383822661
ASY,50022.70479536847,113973.33278716987
NA55,229341.00051304317,145028.58455818394
NA56,231088.25820421753,149112.23190586158
0NA1,227783.07538417215,142683.54951514068
1NA8,-7240.487027726887,187981.65034883516
NA75,45686.03261917362,297751.8680712349
ND59,187410.5242278559,223872.30521000153
5ND0,-299485.94538218476,349600.398277924
12ND,-105598.3476149215,367340.6036540137
NA81,218359.26533068143,296204.5809353691
9D7,56343.17422027322,387175.1809201499
ND28,58108.15728606741,388551.16204214795
46D,63859.1787220954,272872.463795911
5N8,212321.11425665332,209832.53604784614
2C8,173588.84551950777,423236.20412903035
9ND8,170627.3036852483,423352.0181634007
ND33,18862.2378038131,208699.9558264761
ND09,138661.63697745898,244940.67553729136
81ND,-77148.0291698557,377252.21603004134
DVL,80976.85276553665,347062.25615692267
8NA7,79626.41345434291,341030.90090926306
DIK,-213395.45801722843,203923.04713975635
7ND1,-209167.69350358428,230130.84273721452
D29,207669.39811889105,405973.5309233745
37ND,-189402.11802104412,251132.9667597456
S28,-3154.1184500119484,444394.4142022843
51D,97125.9601979398,150842.60224090645
03ND,159645.7539779524,405344.1743486639
NA32,86753.42941999077,211725.1134203067
NA84,75767.9969508884,200675.6800110275
6ND2,123968.54968670687,141219.82057008674
9G9,63848.09270896527,180639.49909606043
40ND,243684.99143905524,158777.7204014275
D05,-107596.77237139455,296281.78722953395
ND22,-119791.28651765882,299547.531915966
ND18,-89643.12750404364,390521.47344201436
D57,-141898.66338122071,203384.31439462752
08ND,-158080.77737876,260367.262350447
0NA9,-289448.90146901604,201433.71495380602
GAF,194141.3500112196,381731.6066639865
GFK,210394.09105783043,331469.9735751621
RDR,193584.745836142,332391.67266779806
2ND3,214141.39593200193,337493.5935792653
6H8,-20158.675939855362,164847.98011515793
ND85,-13659.440104370213,166035.24514901356
ND50,-121480.69674187846,256848.18239993262
HZE,-119215.28160360057,255791.70554341155
6NA5,-152564.76234247442,214594.36573341527
HEI,-205019.69584208596,116229.78613998718
ND99,243186.5252356517,196103.61049404216
3H4,221430.54292427519,266398.1257330932
5ND9,219828.42634511157,280280.11796735646
NA65,174729.63776553827,395209.89494022477
8NA9,174964.4482847953,261384.30347055668
52ND,204834.12383672255,246901.12761763242
2L1,175891.45325698162,325774.03910843213
61ND,174186.31271267473,330259.11151078425
62ND,167462.90865165307,311345.15552486706
D31,44283.992007179295,365395.61934239423
4N4,218519.95606583278,125010.27584302712
ND98,-49882.823480238505,195995.9197010865
7L2,-18861.761899431443,135759.84580516856
6L3,174069.34874598813,163351.7351428687
ND35,175386.31771316144,191533.1956793366
NA86,158226.29160250985,261510.17785704607
84ND,166941.70669048186,335983.16184827534
7G2,-36599.602123224795,273861.75233167835
8M6,135705.08114730427,309557.3780229589
6D3,35255.24607949633,331460.97399332165
NA38,42529.788104829124,328206.8682499843
Y19,-68086.10387850947,196965.09552739144
64ND,-81750.47568805145,206345.29730790973
25ND,-74963.02309046968,208010.76449562778
8ND4,209108.36800988638,345410.82879136136
2ND0,224494.93742401147,205869.14092549123
67ND,123752.92795349403,172850.83476616905
5NA0,-95293.0198994263,309144.9467620956
69ND,-76405.83963042394,416671.74176406296
HBC,-112703.76804982088,420096.4899090488
8NA5,104554.64566522311,185808.94132786908
3P3,-178607.9798981591,153715.04254498798
5B5,18506.7643077599,166181.70062152893
6NA6,-72034.39407838664,402851.2279107833
8J7,65068.88215023677,300153.8851190714
05D,-184478.97186628933,332836.1337266056
2ND9,-140388.0050056013,426010.67233724793
4V4,180327.19376195504,305682.98008944123
72ND,180379.1844297121,298589.5568145288
2D5,147857.68192917207,132227.2737431659
3ND5,168855.41502597544,231517.8991957777
64G,190372.41705937163,244290.55644075936
37N,-105796.71509687815,276979.07920445973
ND54,20434.65283491948,236776.4897949851
2H9,10823.933146324063,407680.63483078266
06D,27767.82797849306,431914.38484360377
23ND,134550.38281425455,231816.15853562896
RUG,-1757.9726851271696,376940.16182005533
NA49,-3994.215690224998,379988.2551823696
4S5,188301.08853812554,406200.61523852084
8ND0,71939.07972023182,434178.8883544812
ND42,-80070.06585499189,345546.28840219823
NA98,-243422.61568669695,149624.6104066575
NA05,195880.077053829,182387.58460565793
NA06,76698.20702104602,318789.2646734687
NA12,-63274.73922787376,270704.92584906606
NA79,-66381.004260937,267680.83451131324
91N,-68821.09363944973,279431.29978332255
NA90,-91884.82426889263,274964.6585480154
ND44,-85211.9291408012,274866.87647098245
NA73,-73613.74301207809,396690.27770482143
21ND,-62874.27807204772,398607.590409383
BAC,150507.36958228677,217700.9559271288
NA13,-69792.6902577431,347531.5593215025
BWP,260856.93429165237,143852.80176337957
NA99,226945.08031446478,176594.0084730443
96D,153273.6239517919,440106.39907033107
4ND8,221241.6810999443,154532.55460975372
NA21,212587.8509854851,140227.06692026716
ND49,220741.89185627524,139986.70112804128
ANW,610.9273165333904,-269154.9124392177
BVN,161420.783633291,-361804.95278405637
AIA,-231468.43455597493,-323673.32555627835
NE32,-236602.47806489991,-316404.69670101965
4D9,55664.09776919915,-543083.2117505344
H63,61202.63980554427,-548991.6081513831
37V,7855.35416025357,-517844.25524402194
96NE,75362.15986716628,-399745.3185529207
0NE0,-161555.0166767396,-348300.86281034007
0NE1,-158568.87217423282,-286408.1784440155
53NE,301540.5793900434,-429063.74398641754
BTA,324504.30445079476,-390916.5071853186
84Y,190511.76031227576,-266393.3015304507
78NE,248600.8006394211,-421763.1607897561
BBW,29878.535482277828,-396118.12373390974
1NE0,-34265.425520725585,-298255.6883073713
9NE1,-161354.90614766805,-426749.921477095
37NE,311811.9796883181,-481302.2653479605
BUB,70525.63872287504,-357902.86989172007
1NE2,6964.141121102261,-408565.06814300455
CSB,-13718.822511955237,-521723.92734203086
79NE,-15391.475045325751,-524573.1686582864
13NE,-68588.76000144436,-520281.21595019393
47V,-39937.97726961062,-484715.88879040966
1NE6,-231915.23213622483,-402898.5865552796
68NE,283809.6721672156,-439827.28601224854
93Y,240727.9621936638,-414886.2469060701
NE40,264116.4179727016,-471254.8147105312
NE44,158461.84100949054,-333546.73040542786
NE10,314058.878645414,-408970.18041221634
8NE4,312507.5394600082,-452343.96437863214
2NE0,14015.327472181474,-478380.18228410365
8NE5,105373.97928015083,-356009.6723475059
FBY,240778.00838572838,-531461.96350883
17NE,240362.7612865612,-534487.8502789792
2NE6,-109031.38282824909,-452627.80990348774
GRI,142031.05295184616,-446839.3470937526
NE76,136972.91077112497,-451593.0486899086
GGF,-145833.29845578512,-457527.65295900614
27NE,-151379.6407009685,-473847.55585232907
2NE7,-163444.10136422917,-459278.2060509987
NE46,121054.7533003025,-381659.9917123991
NE49,314807.7699643051,-429716.55734324607
NE01,140118.7417896429,-532768.8692329859
85NE,175421.4862320308,-551302.7142559177
0B4,224815.07740446817,-262731.85887144215
08K,162113.61199700457,-481548.0941791455
D56,200837.03241973196,278742.1785330234
7NA4,200262.41938300096,283213.52466197393
ND40,57694.908665791765,201800.22811522248
2ND1,-52556.54649590979,277365.200878355
2ND2,-54087.85977460807,285655.0823641007
4R6,196978.03288247154,143048.9325917197
88ND,147280.16696382803,414192.98955887294
ND43,-104081.92569337653,357157.4175876263
89ND,-93111.26667574739,324393.7559703352
MIB,-100225.88162396936,380616.51464115607
MOT,-94608.66091753704,362945.1866282831
D06,192857.446456133,369220.0890598172
Y37,163928.77019537284,379631.4706167886
Y74,-159568.13530942195,328538.7006384969
PMB,201623.45729143504,441785.9894746059
Y99,-145233.12223648987,338722.86035741173
6ND6,184000.24893693737,282632.7380864841
14ND,-223722.38047284383,138339.54404884766
NA88,-31946.920598998488,247357.6727036075
NA02,220410.45523353058,304809.30104737304
4E8,-179021.71049783827,213425.9585210175
NA07,-50786.446436285856,432314.43017160695
7NA9,-42208.04828465675,436883.72019420203
08D,-178023.00386662586,369677.5478360608
NA10,71422.8680820979,376282.3283607944
ND41,-8684.924222160053,126182.72257383779
1NA5,42009.07271160114,180831.18587918766
NA71,24973.236914910107,221969.3425685674
8NA0,28087.75150782212,209227.78947777802
ND62,-186872.47916041655,208379.77153442067
4ND1,212660.0083462418,314294.63984193903
D60,-213971.87405994255,379702.6760038033
D61,-29198.894766450143,373579.63021884207
5C8,-77261.18929755394,261916.21072433307
3NA2,-80437.88669458636,256578.90587558266
S25,-242677.00672039783,315468.04733513854
NA17,233129.13834679927,220473.29730871686
ND52,227401.93913137593,204681.7248732547
NA54,-34138.830630109325,106287.5618512874
D64,-75545.12953776881,435523.6967238532
ND68,204841.4109570164,220910.2615795403
NA18,-283044.05848608015,386298.6544915494
4NA1,-272930.4933499611,366835.7530871107
2NA0,-60065.203583164264,251215.55476115024
6L5,35433.138448410195,139055.3067262278
8V2,78769.00211451402,-270529.8082992314
K01,356861.00078581186,-503748.04910176276
77NE,351373.58912117145,-503555.3243455271
NE84,167299.67976317345,-457028.75806692714
AUH,168684.188427153,-454401.7070536744
40NE,122749.99906617225,-335213.01430682366
6NE7,-28669.18127595774,-528581.7572946809
RBE,35293.1323435024,-269962.3552336365
BIE,275432.2815269383,-516922.3367197225
42V,-131720.9546845506,-548118.2720356169
6NE8,-133531.76898005593,-544874.1620302766
09NE,317856.0737811184,-400295.0922225056
86NE,310138.94766333926,-377464.1805132701
30NE,111474.61180418299,-515389.33552952914
9NE2,193325.37246371649,-520733.00971914636
07K,163359.73775334234,-430358.97798468295
CDR,-252317.28666404908,-235659.15771086566
60NE,-245813.6902878375,-237585.1561727816
8NE3,-153395.99446816865,-500571.37551641057
CNP,-206580.66137128364,-432989.9474328962
NE35,209451.40379732815,-546207.3191535785
OLU,221708.18558600114,-391237.05665754643
NE37,227416.00113829962,-388404.45460576244
CZD,-322.2818164183606,-459179.26101729303
6K3,173538.78021425454,-278915.1516955664
CEK,259624.54689441845,-482262.66559444944
FMZ,205079.94516557708,-487668.9263660896
FNB,375190.61972280673,-537055.9836735674
NE05,282156.2395305738,-487292.88959600596
75NE,337027.45529574755,-386859.2979047952
8NE6,89951.77164455855,-540858.0277190347
0NE4,89048.76970746765,-543840.1994466
FET,289996.64248164475,-388552.81053053384
8NE9,169895.7518044277,-399212.52119754144
97Y,191108.29202583685,-397089.85103935545
GRN,-177420.21671429827,-241586.3953771555
2NE4,-175048.98051045023,-281241.68899813783
GTE,-12285.942345071564,-452957.47077266837
NE16,-12901.739878785267,-451410.46015815757
HSI,132837.18782752007,-487289.07228063134
NE90,136215.06810539897,-488722.81112093217
4V6,-220717.65222565897,-254095.69712290957
33NE,-211494.90622756185,-287302.5633120448
HJH,205468.4621174346,-535919.9082604011
3NE2,-262475.5024475759,-291997.78678427025
38NE,181107.77647635032,-469709.6661122101
34NE,-78166.53938268022,-419363.29215753084
81NE,84272.82024429106,-524894.0298923941
HDE,56258.472227807746,-505376.20108688454
3NE3,57823.64366328833,-500007.3494867629
NE30,49035.27190259582,-491902.23863353726
1V2,-146239.77500862107,-330856.00487452757
9NE3,-147413.4019271421,-311094.9301444317
IML,-137022.01201189987,-497756.60045949765
88NE,337372.5924048642,-502798.58004907164
EAR,83784.37373168522,-474516.07988822897
76NE,77549.02617406409,-476794.0472669929
IBM,-307721.75356937485,-416919.05537125247
24NE,-200281.39469184773,-287892.27230222255
NE08,-167212.75542026543,-492937.25641014765
LXN,18912.43468716958,-467951.08212881675
NE57,299781.6214221773,-539175.5689088532
NE59,288941.4055922227,-457197.7595284591
20NE,281952.72314968344,-461650.9631399005
25NE,-291373.29906397796,-357981.62719756627
57NE,-137881.3634656397,-229377.47172426042
4NE1,20402.217335305384,-360838.7252871093
NE65,246226.18693235383,-466226.77402565884
0V3,89227.70081483916,-498020.98098091997
NE29,83613.16316493718,-498203.02519941493
NE43,270784.49918974924,-390620.3634493599
84NE,-87493.7210881909,-328292.0882513287
NE82,336098.7673838271,-444007.8939692333
AFK,349031.18038211943,-479676.3856969085
4V9,161757.01367132508,-319134.56091846357
OFK,212053.82049516682,-331848.02771333844
61NE,336172.65989837854,-408099.31359768164
OMA,343006.6325637459,-402442.5398354072
91NE,331945.34203620336,-395625.93820072355
MLE,325340.19709736307,-415229.90367790085
ONL,107682.92328196831,-280506.0866534201
ODX,87189.56570300453,-374815.88478945557
OKS,-196555.73991116436,-397207.34330244496
4NE8,-97573.97693713474,-512592.25182790286
16NE,296512.1455283873,-487284.77420334675
50K,323748.28938538145,-535450.7676734793
4NE9,-121423.15602303353,-443715.5381965575
12NE,-306103.41834424564,-337025.31196072034
NE41,-303366.00773289177,-339405.24556391675
SCB,280243.1133862223,-371071.906045101
64NE,244611.76219805775,-450405.4817214242
SWT,243214.97818534574,-455459.97335685947
5NE2,371352.0200774707,-524232.6433683688
SNY,-250154.13422437862,-429070.34823629726
NE34,-247682.59558696987,-435931.1144334807
05NE,140421.59733408765,-362974.74534584896
5NE3,-42309.88512433086,-390094.2045203563
48NE,305123.13706041564,-403345.09643599205
NE56,301018.20298844523,-400156.9838658815
AHQ,284817.7948064654,-412060.6121482856
95NE,145240.40439620838,-257513.45842200768
64V,-97956.88375152729,-462640.66584795027
6NE0,-98165.60596748332,-467669.5632918366
1NE5,309834.1276637462,-392562.59700966545
36NE,198316.2481699087,-273458.70911992015
LCG,248447.04247695248,-302115.6616195151
NE69,327286.1527170313,-451564.6762188281
NE92,283969.9860122492,-544587.9902375165
NH67,2296915.023485323,191376.91591289605
2N2,2218171.3016232583,235667.21401922024
NH16,2253336.7561314395,146505.93701466228
NH18,2257355.022004778,267419.29386091465
NH73,2253132.3154854486,272987.21500612044
NH61,2284459.6106300815,185325.9269647082
CNH,2180298.943618162,195227.19376590388
4C4,2186672.537704564,379861.3832312158
CON,2251458.798490219,201248.32038464572
NH52,2252720.2274252926,202004.35832866182
NH13,2247284.6224539424,199062.210867989
NH55,2286206.3018327802,171467.15000572038
NH63,2285529.629922437,173588.62206819645
NH56,2297950.7451660684,220270.56259343852
10NH,2288130.6296522142,175455.43062259036
7B3,2311011.133178763,194696.68584079857
NH45,2310995.316136206,191829.93391951878
27NH,2181199.7840316035,231914.95804519035
5B9,2180781.618047307,280516.3900175437
NH86,2231135.4876265684,190365.36403056158
8B1,2226513.4689134327,174990.79468241552
NH28,2223799.2207027185,179842.85800071433
61NH,2261170.8219354744,187218.20102004107
NH51,2240610.3757173163,312045.7838655406
NH21,2240085.6419880735,310902.7264599303
AFN,2228650.921738457,145031.13525882308
17NH,2276092.2928031944,164870.17420824978
NH74,2248571.152794486,216803.79081928672
76NH,2250126.346071553,219494.20206517502
2NH6,2248750.835986477,219871.9833144261
NH07,2251935.30252253,210773.8036519484
MHT,2266652.2564188894,174443.80657271238
18NH,2261545.2950340975,179621.3894232748
NH17,2253107.550391666,144716.21989694497
NH76,2248018.201009248,143004.85713253092
16NH,2235494.21760525,243587.53520865855
92NH,2232116.5404559677,251386.40243641805
54NH,2233182.496907472,253960.29793330884
NH77,2231182.7499797046,244624.70533403906
NE60,283911.2503328289,-460107.7948977597
47NE,278084.83108410705,-462503.0345757588
NE42,277276.7168232533,-446549.9833614989
LNK,272706.711546898,-455901.6927493456
9NE4,187324.85545571748,-363948.8781017535
0F4,84461.77574986433,-412345.7645132381
NE06,128462.6412227108,-240595.07657066226
19NE,-68805.18986970611,-543426.1894793869
MCK,-50288.45256843812,-532699.6762883937
NE62,214033.4876322477,-347562.16128699784
4NE0,-131100.452459924,-452829.60211128334
46NE,-126311.364758508,-455200.99268560647
66NE,-134818.1795476435,-451253.96147613385
NE15,-61319.39551519041,-486972.5039316312
NE09,209470.2803808522,-334388.7483931684
NE68,210415.60697396562,-326375.09920992074
LBF,-57256.6972608138,-430423.9298864418
NE25,-71972.40757867812,-424137.8160959461
NE14,-143946.35131460318,-426418.537455238
OGA,-148273.62145125133,-429818.4009007904
35NE,-151363.13876849823,-437474.8959842973
OFF,342780.18614813505,-422916.1132112652
55NE,331990.39241703745,-410016.1222177223
NE71,332315.07507018297,-400886.95493672194
58NE,330984.01282012375,-407929.42583309603
7NE5,-114560.03837496744,-436010.1926106904
0C4,269934.15066056896,-315553.9109745272
NE02,271339.6361498662,-316311.0430462763
PMV,342948.0115622573,-441935.42645540397
NE38,121478.97961454751,-475914.6241041885
56NE,99732.81670726911,-440325.4141728296
7V7,124235.41807622279,-545575.5848808524
43NE,71257.16183692381,-469325.9311996016
NE79,285175.68740055215,-477437.5512470962
9V5,-199592.22844716624,-248679.8644509154
04NE,-108767.77217400823,-426049.8309030787
09K,54728.88124860164,-373905.1973975609
BFF,-297656.53178667714,-341029.49284539936
9NE8,-39913.52115739359,-399932.44634881755
NE20,322002.50037504075,-527750.1930611383
12K,165196.68929196347,-548731.8585712953
5NE4,-97528.30362986874,-380397.7631913986
0NE3,322132.14683007577,-473234.5400163438
0G3,324421.42225097324,-503738.77765472466
TQE,317012.05294079357,-352454.8821165247
TIF,-47132.399053887544,-337526.25300434703
15NE,99906.04237601293,-522744.4581688124
0NE9,222635.11154623542,-455812.6239961053
VTN,-44718.443554686164,-238157.17690826746
JYR,199823.2526500521,-453321.3903830289
87NE,203142.8122294451,-462924.40531222237
NH38,2246752.3851540242,292250.132269542
3NH9,2258877.196127074,245578.23718503944
B18,2260814.1761062937,237869.9006939375
NH50,2290877.412842521,172597.40401230133
NH44,2261517.9875933523,170590.43366220949
NH26,2255041.8173271664,174257.9359363014
NH65,2261583.6584547795,171284.36875152326
BML,2222931.0827693846,355948.07597806276
42NH,2227954.0515159504,347160.7017878636
2NH3,2255103.5131724635,191970.46527689518
02NH,2216604.9594266857,363410.8365298454
NH83,2244768.362398225,187539.72662990764
01NH,2191200.4970969157,232033.50718370065
ERR,2215309.689539926,379223.1247768895
NH32,2303603.455660913,194299.543397382
NH57,2302268.2740082964,193849.13412984944
1B5,2195381.81002879,299837.2354103761
NH58,2232692.8123194333,220118.11309609303
NH81,2231494.912554174,223339.58193870113
NH88,2248399.7273820867,183812.7991804349
2G8,2228374.8107357696,336074.7632066263
NH24,2201684.690614218,223965.201550688
NH91,2244223.544030952,299889.1695834155
62NH,2244485.774281653,302376.4539886728
NH62,2230413.6457971013,144903.81112061464
EEN,2204973.643067254,147593.7385644295
14NH,2201523.1802908676,152403.1683713025
05NH,2303359.7419842547,187252.64068017586
06NH,2301561.18718559,187113.6835178187
21NH,2304839.12972299,186979.68098849856
LCI,2243716.922238406,242924.99800110378
NH22,2196962.3545886576,337473.5212725973
LEB,2175681.6838295083,224170.0985590706
NH82,2176246.3835596745,230546.2166086575
26NH,2181707.324267317,231363.61517276682
2NH2,2266734.9339414667,165094.46836247225
NH92,2185165.4023777135,310671.0583491445
NH53,2264836.0859435354,161502.49976807367
03NH,2294520.0179299805,170805.11966344208
NH94,2252511.905949626,154135.40658181606
34NH,2254119.2700747033,155567.5311476414
4MB,2238537.411607405,264401.4674058275
NH42,2270599.292450241,152324.25920228468
15NH,2273413.9232149636,149955.8992090726
NH37,2271391.521099176,154885.35566609196
ASH,2266419.6735181427,156257.42031848824
NH46,2245335.977520986,172153.41249442718
28NH,2248909.5059547923,168316.40345517578
19NH,2245533.540620689,172033.02946938458
NH60,2249312.8181257383,171134.55253579633
NH68,2265694.7601561192,240007.8420671617
NH40,2210470.6599754333,210305.8041668184
2B3,2193225.836101565,201910.13824149186
NH70,2244952.168658873,300078.06238225347
NH85,2246140.196510924,299359.97700259794
08NH,2245677.7731095273,302694.8257214172
NH84,2272304.182500057,209676.64816782487
NH78,2278672.56895949,156600.87127462277
36NH,2280280.1845686873,151624.5532167688
NH93,2282146.9819980487,159795.52274529287
NH33,2253587.0700930962,201225.37040131728
82NH,2231909.6866674395,157162.89203219744
NH19,2175149.9214172624,214032.24601967167
8B2,2207794.4762683553,312675.612940716
NH39,2188017.2682564664,157643.06011389496
07NH,2210348.052847608,182779.18384731337
NH96,2196185.242998572,261358.0542390966
2NH5,2191718.5825778143,153811.70394500298
24NH,2187164.3529449417,146587.98111805634
NH79,2285832.0381878032,194669.38027171174
NH69,2251287.8794314875,276316.9858004612
HIE,2203899.78240001,323680.6588949107
NH80,2247667.4888030593,154496.93233228222
23NH,2215702.648228259,179305.68495865713
48NH,2254545.5835872567,249522.43546158492
NH27,2259421.815510526,249967.42702108264
NH31,2260688.239887279,258630.4700922409
NJ48,2157344.3320502792,-287083.73953762336
58NJ,2157264.0430511036,-286322.97254605714
9NJ3,2104097.5149596753,-146509.24553234634
2NJ9,2142166.4227570533,-140153.59737052448
0NJ1,2155718.1258252375,-225274.73625941598
JY06,2094079.54531973,-155006.07664825374
8NJ6,2094509.2989950276,-157227.6905736459
3NJ0,2093732.7087137387,-150933.40502741924
15NJ,2149454.4346905192,-166099.85669751253
35JY,2106536.0866756425,-179053.97424976353
BLM,2155353.865220807,-192348.9689618085
NJ09,2060315.0446780652,-151748.79627192422
19N,2102519.440832177,-257690.49412407225
JY26,2043471.5139234464,-318936.94698998216
34NJ,2093070.4468599388,-293094.1909327664
3NJ8,2100571.8286670116,-158777.9597064014
90NJ,2103385.500666119,-162629.3788547235
NJ19,2125369.142080276,-226742.7896879655
29NJ,2117203.5935635655,-287658.9385361465
CDW,2120118.827317083,-122532.5993405011
NJ17,2083766.9015036942,-244487.46082008284
50NJ,2086014.2671247702,-242455.17334324832
2JY9,2084606.3585570806,-243600.72599627814
NJ01,2084573.2585271995,-244310.9103496337
7NJ2,2074828.1660434133,-301359.4095873664
NJ29,2119028.7163692717,-190861.31560499678
17N,2097956.75874395,-267731.95438227523
37NJ,2060809.046257545,-280331.5523375736
NJ36,2128175.0954657597,-130800.88348176116
NJ37,2129239.941265988,-133933.14118324232
NJ38,2129173.4501917916,-131522.90503516071
0NJ5,2138759.071199177,-123416.50438704024
NJ76,2120237.8743278976,-163955.20014996812
NJ44,2129591.2250403143,-143084.54199761996
04NJ,2085159.4764853795,-284558.58848708007
42NJ,2089609.747676794,-284052.37106392643
NJ46,2131333.028126708,-189639.02228450216
JY00,2117680.536557106,-124796.06408655358
NJ85,2112148.2507780856,-165149.96416629906
NJ77,2065836.8829504023,-155975.71180050567
79NJ,2111742.8675315804,-165130.06246059874
NJ59,2143165.6704576216,-196824.8929817099
18NJ,2135955.4790697987,-187764.41542056666
33NJ,2138823.4149324917,-191880.79059793495
64NJ,2138067.4346990944,-191963.91116903376
JY14,2132900.3603110285,-195703.9642194908
NJ60,2143961.0135757914,-196071.07082683893
NJ61,2072025.1934797561,-177524.07336131344
NJ63,2072287.7996260244,-186098.97742818878
JY42,2074404.985616726,-185372.24817760722
49NJ,2123119.624874525,-267928.75355955225
2JY3,2121339.623511258,-269001.6153768662
9NJ5,2081015.1748566888,-276060.2711139529
21JY,2169107.7889143834,-245380.88012165608
2NJ8,2121342.2097412655,-194635.70434563333
NJ71,2142770.2599797496,-206738.73407594228
NJ72,2145400.3758579777,-176183.23308307398
NJ73,2144132.418427756,-171508.5264418578
9NJ8,2062585.3838431216,-138749.01865474237
30NJ,2096385.5928808746,-187298.9055062392
16NJ,2162686.0312399324,-219432.75408488754
2NJ4,2131907.386497294,-204850.48613006817
JY21,2121915.3237580275,-187986.56926420477
4NJ4,2108049.4290313306,-195893.7566923057
JY32,2119194.12554193,-315592.60558399424
N07,2115099.8874106347,-115620.5698717316
LDJ,2131564.6583747463,-149253.90680619815
NJ82,2131759.456645509,-146969.95491788603
0NJ6,2142723.31766116,-299220.11480273417
2N7,2140580.467445974,-118729.37302550976
08NJ,2122052.768949697,-135217.5114527497
NJ27,2079689.1093122389,-139096.05574107167
N14,2108867.266897837,-237301.26795900252
21NJ,2121869.843830901,-100471.54864194228
NJ89,2157937.5597234145,-246581.8089113658
38NJ,2162569.9234109847,-247615.40557929626
NH29,2184860.2884781724,222220.05323106414
93NH,2175371.9787060744,211940.67515807852
1P1,2210968.2371730627,255388.647377627
NH87,2218194.2853793846,252743.84040539662
2NH4,2216071.8337373747,254763.48155647216
PSM,2307021.304928478,207262.79119878725
45NH,2284001.8219762407,187285.74916414946
DAW,2291123.6901894673,226088.8833288087
NH06,2290581.3317623227,167863.9897639425
NH20,2229799.2787424456,227996.133473092
12NH,2229050.4274830953,228075.74387225634
NH09,2311205.31538706,186877.18277812717
NH49,2209201.505567389,277839.34094035404
35NH,2283447.460329557,165591.934385282
JY24,2072882.3261762792,-132835.03426148838
NJ41,2081332.35309382,-121879.7912027903
12N,2079638.1176880552,-119978.68964045064
52NJ,2081311.2515168285,-163304.52592550212
70NJ,2067643.0390400488,-162933.59659717785
NJ04,2105761.5578513374,-260485.3849270703
ACY,2142728.8483842746,-282614.94798269024
0NJ0,2157439.0302201523,-289481.01453167317
28NJ,2158858.8252616078,-289323.4529916829
NJ57,2158678.08532969,-289305.85833312117
1N7,2060326.8217972168,-130605.31386620784
NJ33,2063545.2162841528,-129731.22264192111
1NJ5,2067172.2579517574,-130677.5290387811
NJ12,2129406.2781784497,-123772.57097081782
9NJ1,2108655.434130331,-163005.4675857383
9NJ2,2108321.8977933787,-164065.17214551914
6NJ2,2076838.3646085311,-103690.00666762648
JY35,2165745.5511765964,-207051.18413253193
6NJ9,2067631.402310315,-267122.75680712255
00N,2092989.2151628565,-296567.73868955515
JY31,2083384.9459125402,-302749.31106638705
8NJ4,2091185.5782242203,-301507.48546255886
NJ84,2077033.8951072965,-306344.2819190562
NJ08,2135182.5307070045,-326384.4659510652
26NJ,2135071.4627727685,-328658.5283040348
36NJ,2134069.7975334493,-213914.26856788318
7NJ9,2096097.7404148611,-313884.57220229803
NJ20,2143567.27618554,-240441.39880644457
2JY5,2092706.6466557775,-232853.1439319351
NJ25,2079517.1302251688,-263644.6138672021
NJ26,2131632.5376888155,-123510.02846671017
47NJ,2128996.748763642,-117391.30186580757
51NJ,2139273.978484888,-279859.5922535146
NJ28,2149575.7517724796,-186272.5573977766
59NJ,2152786.091215647,-179262.98820055992
9NJ6,2089544.9678684564,-310270.8021406299
32NJ,2150644.5159920044,-191341.14808505494
63NJ,2151542.7434423375,-195381.59629683255
74NJ,2153266.5999560934,-193038.4388143952
JY01,2085256.7189684745,-174404.43827432967
NJ50,2078951.6890743987,-182470.59244042088
NJ51,2114843.073115504,-134136.48347628562
NJ53,2129953.9544069073,-159259.97480929949
66NJ,2162524.2322180597,-231015.61789770419
NJ54,2145843.810565565,-116974.25379448404
NJ55,2157931.3721254067,-176086.7809412539
JY25,2092910.1103547004,-149384.61821131193
61NJ,2089488.1147196456,-272054.4153490031
5NJ9,2098835.4744928167,-248916.88913565266
NJ65,2069508.2701856487,-141545.97321605636
JY27,2073873.3527502962,-131323.08600816532
JY04,2128212.7035120493,-333510.56587329326
98NJ,2139559.3706380134,-116075.41039156602
NJ22,2137604.094358979,-115670.71880687817
NJ66,2078355.6666799649,-137733.1409550247
94NJ,2070004.2224607896,-140142.47615392864
N05,2076491.725831142,-143237.3577660864
67NJ,2054877.392073601,-132498.24922984917
N81,2121401.712392328,-264731.6011503306
77NJ,2143812.6079285694,-136240.14796479006
91NJ,2145040.4480243693,-132114.77338540883
20NJ,2142529.7157812337,-136070.07623654132
05NJ,2145219.862826872,-133375.4485759678
2N6,2115230.278449207,-224312.64808036684
78NJ,2146160.677123688,-167025.9612940306
65NJ,2137918.8205873664,-133654.00772021545
02NJ,2127009.540757161,-143993.1102543888
92NJ,2076106.7845643002,-184818.0797349799
NEL,2142174.6060008076,-214535.22440210724
N12,2155070.694341395,-206623.55254533247
NJ79,2087292.5646811782,-195029.41512898682
47N,2106508.3379649753,-168438.2092873962
89NJ,2129861.952345926,-283033.7811940021
7NJ0,2116956.9719829364,-250358.0137667808
JY15,2109911.5949179125,-242008.9736405265
NJ93,2126202.909818794,-159309.50941543307
NJ94,2088857.9438217934,-241815.61875859456
NJ95,2067728.2985870477,-177208.13912309942
2JY7,2058493.4222540492,-173066.63732103503
MIV,2105440.2571598464,-305103.9068064339
73NJ,2067582.3456701082,-88001.7365740242
0NJ4,2103717.1365635726,-120179.14091767331
12NJ,2105927.814111016,-131697.48940611008
MMU,2112063.0457680747,-134152.28169504687
7NJ5,2108357.7188544087,-136542.75358244768
0NJ2,2111613.055463193,-139791.0349978659
JY13,2106962.9818082005,-134088.6250483771
VAY,2105492.6595215118,-237367.1021326678
0NJ3,2108437.259664862,-233607.80947085892
56NJ,2102020.293798289,-230948.30971266347
NJ97,2099157.6353128534,-237898.38051990027
JY02,2084787.5601784906,-131517.8004983884
NJ05,2161255.473765955,-187667.53218491928
40NJ,2096805.4626769202,-176088.1531380179
EWR,2135095.905011877,-139210.669492847
NJ92,2132987.3674845956,-134765.5404257897
7NJ3,2075527.1139491878,-115569.60284486704
JY36,2070094.2592369488,-119745.82543014624
27JY,2069115.0468944348,-109499.2823412383
07NJ,2145476.8908650815,-123771.57447063019
99NJ,2148717.2699906933,-290340.26229818974
2NJ2,2139414.6131397616,-338786.6703586473
26N,2146495.376438116,-304289.54401993915
3N6,2132909.907446702,-182813.57433219402
3JY2,2107474.4514071844,-127242.46833957211
8NJ3,2130922.7137526264,-115689.0267546604
03NJ,2128332.1255272035,-116473.08828211682
2NJ1,2068603.8360484303,-167752.10916811504
12JY,2078248.0422771384,-168137.44657488598
N40,2074821.3978953413,-173744.94341337454
11NJ,2097479.0165365064,-157637.6971479471
JY28,2145087.9052144685,-279252.1297516738
3NJ2,2102845.4605288245,-190612.42604646346
3NJ3,2112505.9606341994,-184681.59256854028
13NJ,2112921.464921628,-185169.87424683108
8NJ2,2109130.564474262,-191479.78333018877
3NJ4,2110026.08938092,-188350.48217910455
39N,2105747.509617249,-183482.05612151066
7NJ8,2130606.8912159046,-150516.31956437667
3NJ6,2103522.6922750184,-229442.84263027136
41NJ,2139413.020308643,-126025.91420025451
87NJ,2146023.9005166604,-298417.47273686976
4NJ8,2093334.1551776507,-163769.9564832766
09NJ,2095280.9604453885,-156814.30261526402
35NJ,2094405.8831911634,-163392.21086406457
68NJ,2103590.5344066266,-162550.7867332209
4NJ1,2105362.598829123,-163556.06366040267
5NJ0,2093105.6351843453,-159096.22813932874
SMQ,2097496.187675367,-159371.17181430786
NJ10,2117900.5935219396,-182642.72211512606
1JY4,2112981.863871605,-204375.66042344866
TTN,2097363.962726827,-200621.35651207494
NJ90,2144412.138264599,-165973.5043066135
5NJ3,2089872.2953413539,-95089.18509450104
JY73,2114472.825138805,-239053.95247537683
JY18,2112676.9669689904,-236779.7055455274
3NJ9,2111563.805542652,-235641.44948368278
29N,2102616.082278822,-287616.38405911
86NJ,2098441.7177063827,-297250.75033033965
28N,2108496.8776346054,-283917.58969133015
85NJ,2102016.770006935,-249785.02811194002
NJ24,2149267.240714213,-252158.47149963005
1JY5,2138843.6833164888,-339459.53753098065
C01,2101037.958603244,-272631.68624815595
96NJ,2099222.150375973,-227129.0481176759
NJ23,2102679.3196663633,-227168.88034276004
26JY,2106798.3799270163,-261038.89609044956
7NJ1,2102237.734820575,-262425.0337395526
OBI,2132692.522851232,-313945.59390710207
7NJ6,2076873.8029869008,-155203.1475591556
JY08,2079392.5623444868,-280096.6879487501
WRI,2123561.9546471825,-222978.1515186605
ALM,-562275.7532634082,-1329974.69362045
E02,-535160.8886834597,-1354597.0235579743
13Q,-802031.3885718626,-1179833.9073659722
ATS,-419401.571638161,-1337334.6349584614
NM45,-413280.1412846787,-1339055.0715405983
NM46,-413170.31834294304,-1338937.669757317
01NM,-425402.5049870473,-1319664.300042951
NM47,-411674.82067112275,-1345690.0064920539
N19,-714919.9599257343,-872715.6454387682
BRG,-627048.2909296973,-1124487.2457510382
55NM,-607887.0461190165,-1144070.629551235
NM33,-370511.51006229105,-1040925.556869327
NM32,-367798.30906182947,-1023902.8951161508
NM88,-620871.9008598562,-1136391.7391471367
NM84,-500227.78313485417,-1255909.4037364272
0NM0,-724162.6019204581,-1429766.6127712273
NM78,-725457.676593932,-1423638.6088451599
NM09,-724628.9276968451,-1424884.2923005342
E89,-380170.29604999884,-1060395.7715387212
E61,-383345.6137329788,-1058420.608932275
NM25,-523881.937856473,-1190049.5564058828
2NM9,-476646.81533950137,-1184749.5963879765
0E8,-741377.4177981723,-994968.6031223785
DMN,-729045.9454688771,-1380621.926913146
NM08,-699375.5831663958,-1383225.5367649475
NM26,-740255.9615998729,-1397627.3255381016
24N,-613380.906924895,-882703.5506223305
01NJ,2135959.636132554,-133091.20977722458
NJ87,2131735.499740948,-134598.0824486958
0NJ8,2136193.6055787266,-137682.35106646686
0NJ9,2123201.419970042,-168566.5259242209
1NJ1,2121015.2315742085,-169051.34034235752
00NJ,2116467.307005233,-165613.01922595923
9NJ4,2119256.947038952,-167673.23249019397
1NJ2,2117251.8492274443,-170902.88960868714
1NJ4,2117266.729225101,-165844.46884463346
06NJ,2119389.2718934584,-166916.05196885346
1NJ6,2102446.7219844847,-107164.94059196257
NJ62,2128390.9861282306,-236221.16802209284
3NJ1,2116349.6319062384,-229248.6313188195
2NJ3,2092046.4119811284,-194817.39731399796
72NJ,2087971.6182400116,-237377.3298843131
8NJ7,2117127.0915592015,-115482.79630867664
JY16,2060377.849004727,-157827.59154791592
5NJ7,2054590.4662985557,-164017.47742695856
2NJ5,2055593.0730320974,-169703.58870318744
2NJ7,2114473.9401403163,-162817.3430614532
27NJ,2088935.2810741141,-265561.1996453147
23NJ,2099437.9129644553,-290890.39951858274
N85,2070928.4794917202,-172429.81568562024
N51,2093596.1539532586,-165728.55929290465
8NJ8,2086566.662833417,-266766.1664119518
NJ00,2141048.888044834,-119066.9048217572
14NJ,2131704.8907804885,-339005.60070832615
2JY6,2090886.2325258506,-183296.27074125386
N87,2116326.869759403,-201910.0204427097
4NJ0,2075500.9255801926,-187269.26630346637
NJ74,2068703.4987613903,-293716.8993233299
JY39,2064372.4677329054,-283492.699875803
4NJ3,2067833.4230646386,-287297.85902123404
48NJ,2066348.5348044327,-294579.222504442
24NJ,2072270.9884430862,-301067.07357708906
17NJ,2129738.5376143293,-165373.86937984597
5NJ2,2084982.1630103157,-167440.97180947562
FWN,2082437.9171233892,-96446.52105024131
1NJ9,2085110.2465832015,-84824.88683287725
TEB,2138375.677889807,-119461.72710017436
NJ40,2156715.8205912556,-188052.79841254628
MJX,2150238.2093678806,-224862.85031778703
95NJ,2165067.804126794,-211219.53868760585
39NJ,2123558.0609140224,-118455.16968083677
1NJ7,2111967.031811643,-116687.10729657151
5NJ4,2103050.0828280468,-206188.15053097063
5NJ5,2121581.545217786,-255749.64461186065
10NJ,2105219.377037617,-204966.02585960794
JY20,2068085.4742163273,-151738.84070066182
JY30,2113076.801266586,-260194.03480554416
25JY,2112578.532870753,-261339.21880996437
6NJ3,2119063.7435935005,-110571.41428324016
6NJ5,2144165.4358735965,-127668.78294069115
31E,2157735.3048243606,-253197.41674359667
6NJ6,2159506.296604646,-177560.38368194317
4N1,2106582.0538442386,-97041.54055015228
6NJ7,2105826.4134858414,-91173.69002579778
JY43,2108708.254409967,-101684.750074261
8NJ1,2089460.576563916,-160332.0016309036
WWD,2130092.05352888,-339592.6558423696
NM34,-560533.3184576947,-1315028.3076140606
7NM1,-566682.3338107219,-1319031.6077097233
HMN,-573185.0272174414,-1327821.4175253806
NM10,-344409.1086271201,-1005313.0375737979
NM50,-607955.015782249,-1063635.636956698
NM11,-603658.914729407,-1077188.6803598749
NM00,-605269.2680981101,-1076965.5607717873
AEG,-619263.8257454237,-1069617.590304406
ABQ,-603104.745800889,-1082686.4778323667
AXX,-474207.671594501,-938034.9832177109
NM64,-844641.1814293971,-1458704.6599187138
CNM,-402750.80438795575,-1395151.072583937
62NM,-416816.2784711333,-1365511.5197292836
F37,-547879.2929565449,-1241172.853606606
NM24,-583848.8718542503,-874702.81154772
NM51,-714319.9595188675,-1263496.8444786172
C12,-440972.63341102685,-929974.4370697227
57NM,-565417.9093941099,-1191111.7855608752
CAO,-282412.81181748555,-944965.5669661484
NM42,-289859.7624269141,-1169871.73469099
CVS,-306038.07695971505,-1172918.9076963586
CVN,-283359.4627101654,-1168918.025613935
1N1,-562290.7028700049,-1079583.5629974615
NM48,-579569.4285752971,-896312.279889979
E14,-544701.292967547,-977295.6217741582
E92,-553453.27664627,-1117027.434496669
FMN,-733735.8662038036,-881561.7681602061
NM62,-732858.1560303827,-883553.8342695753
NM91,-805814.0269888549,-1110571.4102420325
65NM,-331046.4321453088,-1133769.6494722
FSU,-387828.00320003444,-1157537.6948028642
NM38,-409126.4469329792,-1197643.2329803314
GUP,-796453.2238407386,-1012439.3710682079
NM27,-793230.9033731197,-911057.4548694626
NM55,-825549.3656522171,-1248852.8271118125
E94,-825973.9181472479,-1249861.7669988766
GNT,-719597.065541169,-1058383.383433148
NM43,-792921.4880066677,-1404374.8470739485
E05,-676479.8371516891,-1341027.4942215916
HOB,-302727.72656634316,-1360797.7559159542
NM83,-301617.4017741032,-1352049.8545631573
68NM,-480178.51349595195,-1314335.656422442
E26,-298829.16263348074,-1422477.7939595513
72NM,-558830.3493461597,-1317017.2990042036
NM77,-636167.8719824807,-1385219.9655522625
LRU,-653763.3398128734,-1384070.7437845343
LVS,-465767.9532473691,-1023872.7138494871
NM53,-415818.6861993437,-1042458.8514551087
E32,-633270.2006747593,-940867.7115161952
N01,-357988.922127551,-1015452.443750028
M10,-571825.292161723,-1141255.821749303
NM52,-298172.08250665944,-1041068.055918416
1V0,-681818.3539909719,-879015.0904969968
NM07,-611057.9371561888,-1105230.0746930505
82NM,-479992.79134136834,-1298674.949533396
NM41,-747797.2835273419,-1178876.473136626
25NM,-737868.1770877213,-1133536.2937822705
NM66,-742655.6543266979,-1139956.6686813603
NM90,-855595.8149315113,-1408158.1676792547
NM29,-310645.5024626618,-1011784.2640266903
NM87,-417694.7581939604,-1294626.5042323994
NM93,-421533.46241992596,-1274656.8580388469
ROW,-422865.2466407578,-1287528.1804344556
NM92,-510592.6611417517,-1060836.3286590318
NM17,-377651.2256546739,-998058.2473835503
SRR,-515126.34125610744,-1264225.7778533057
NM19,-528201.7781567744,-1275509.3839304026
SAF,-551652.9755948985,-1022273.902232912
NM06,-538346.1559448483,-1018514.5198574726
NM57,-536606.3322302727,-1013418.5590018218
NM65,-500305.2251694002,-942383.6515427063
SKX,-508293.3067098726,-932508.880661961
18T,-306301.45062527736,-1297189.7321950612
TCS,-678664.0777583077,-1276969.0595966678
NM22,-676866.2650752484,-1287369.4876943545
NM37,-734180.0248261531,-1234095.7297693056
NM58,-677419.4685064021,-1287691.382550631
TCC,-328502.48807246186,-1083305.4766434578
N17,-476721.118566926,-1139754.1283916126
NV60,-1686591.3288006152,-445367.58295908093
NV15,-1686898.989790803,-441678.53166033863
U74,-1391636.787590406,-369223.1212466965
9U7,-1335049.7292520972,-571380.6280566534
A34,-1666915.899460903,-442394.72541657655
NV04,-1265147.205669099,-291700.60051350825
E85,-1524655.4037832466,-164161.41558911838
01U,-1345866.1534729018,-556018.8690905307
NV27,-1578488.9579184768,-637381.0353311824
2Q9,-1574208.5263860319,-650547.3864165329
EKO,-1319442.86280465,-337105.2190591296
NV22,-1338606.9771506365,-391608.45201563946
ELY,-1270186.4551086964,-519517.0167242865
7NV8,-1264195.0021499882,-592572.099043047
HTH,-1606170.052383658,-536332.9258664672
NV25,-1354756.4484259721,-877245.0661431802
INS,-1393430.1979455345,-804073.0883041696
06U,-1204042.9783221958,-228172.71311807298
0L7,-1378099.6761351123,-899581.5933445678
N15,-1459748.2559783198,-493392.7248583406
LSV,-1343423.3995721613,-853007.562139829
VGT,-1358014.108144187,-853226.4304107314
NV61,-1352495.711741767,-853320.5805675453
L23,-1438818.2205184507,-736666.5204912766
67L,-1246846.869095368,-802545.6943262669
2NV3,-1246288.7754197335,-802113.163723367
3Q0,-1564652.2235055224,-564637.8600034692
MEV,-1689126.236055299,-464347.5691572973
NV67,-1175752.0244943027,-330651.4271588318
NV14,-1180889.491811277,-302611.89005810046
NV08,-1335112.6303063438,-230091.0828785567
NV37,-1349347.0454339716,-901884.4651585938
08U,-1310849.0455619453,-260220.79716411623
U08,-1285463.0243459104,-825818.2381956894
0L9,-1291781.0856681229,-853749.5874135378
NV78,-1676893.7723796864,-409303.5182167678
NV09,-1683280.6453182122,-382446.8937459002
77NV,-1662651.4660820053,-373446.42895699904
RTS,-1682807.691400507,-389035.1309698433
NV31,-1465092.1625397485,-537523.9593692883
NV83,-1477260.6984546664,-547698.4100238851
03NV,-1283555.8822505726,-371327.54280335415
3L2,-1403943.5495763777,-891959.2871602518
NV21,-1403743.2874428297,-891226.46918942
04NV,-1408040.0753829996,-895421.7905413924
1L3,-1346591.5390427762,-941920.0873377187
SPZ,-1637560.6414667664,-430538.399061255
NV33,-1663532.0043955853,-489789.42733465374
N59,-1658539.9280802016,-490284.2810242952
LSB,-819868.0974212167,-1363970.7563529026
LAM,-565881.0293424684,-992030.9283042777
E98,-617769.1558832765,-1112429.7587561617
NM89,-597205.7688475339,-1112404.4045333152
E06,-319671.7639787641,-1330636.801342851
NM94,-313765.2216211449,-1329625.5701607324
NM73,-353419.72837227356,-1127732.9742988497
NM01,-673926.9748751483,-1181546.9656261837
N29,-673898.7054285032,-1181879.7013166728
NM69,-744854.5858924977,-1317863.6510290366
0E0,-548143.7557921415,-1093542.5563189846
NM02,-563797.3178009669,-1098626.6240306734
85NM,-809132.2593060967,-1411652.254400913
NM86,-809128.1557085046,-1409182.805658052
PRZ,-315106.4323849366,-1198855.5456322692
NM80,-783472.490214687,-1144287.4953296883
C54,-764958.1051897005,-1148870.6392600094
N24,-499156.7206093809,-894354.2370835673
NM56,-770132.6094054081,-1053694.3669326527
RTN,-401881.6241975528,-906642.2756094035
03NM,-395972.7703291918,-893631.8649704411
T16,-820884.9303634497,-1212411.427694224
0NM7,-794233.5148323448,-1234459.879709261
50NM,-607571.3789221895,-1052393.3756474766
NM70,-856644.8555123139,-1402822.2938316655
SXU,-424531.16539099853,-1106039.4807269312
DNA,-636258.0373721867,-1430826.9895152035
30NM,-278876.95868083206,-981705.7757725347
5V5,-776014.4104769533,-882144.7595906466
1NM0,-749188.280274081,-1273222.3280151207
NM85,-775045.8800180665,-1316806.058486463
94E,-770429.4465881665,-1321236.3634389348
13NM,-757831.5490762522,-1249320.1038139667
SVC,-766736.7843265195,-1335541.0696774202
ONM,-638212.2444991363,-1192878.989387426
95E,-616049.57393759,-1217763.7370709756
NM35,-638810.8296634031,-1191222.7476614397
S42,-414544.52251992386,-951605.716436795
NM49,-557856.4434741326,-1136924.7593928904
L92,-1336748.9600008843,-726656.3639210628
TMT,-1464769.999328698,-462071.40377301926
NV35,-1509284.1226318616,-443737.7052542351
NV02,-1492366.8087279522,-501987.75281042856
BAM,-1413325.6730421842,-343857.4288639002
NV64,-1469081.4137319135,-399467.22161372507
BTY,-1484812.4261540547,-754858.2602340964
BVU,-1333328.8628216106,-887489.9802700572
1L4,-1346648.069922152,-957572.7475634583
CXP,-1682808.1712759691,-443823.8332316115
25NV,-1678486.4528034949,-443814.2183679481
18NV,-1616854.6875504954,-300364.97753414477
05U,-1361960.5861246262,-467630.58836900396
NFL,-1591216.478397768,-439746.54985526745
FLX,-1593465.2276897654,-429896.1178477817
NV30,-1506119.224247847,-396154.4214103283
1NV1,-1602775.7083369358,-437351.03178717365
26NV,-1604349.006674795,-432694.7262049776
N58,-1633027.9607503654,-413611.6313713295
GAB,-1540732.3821672448,-507929.7552515662
NV55,-1683144.4079053295,-477501.374143031
NV05,-1585989.0555953532,-245107.0005920808
NV06,-1582008.7458085772,-216254.19888703123
88NV,-1600827.658141306,-283141.9690617796
0L4,-1506469.5979740573,-678574.5877053825
NV40,-1360333.8290607925,-882292.8341655134
NV53,-1356567.0985313547,-858911.4292325565
LAS,-1356682.4796960566,-868251.8410072095
NV34,-1356443.2465621512,-859278.8556125953
HND,-1357060.5379932525,-880306.5581052711
0NV1,-1369303.2291682512,-854400.0412368056
2VE2,-1364177.56647262,-865633.9567193897
NV38,-1356346.4281198983,-862599.535050725
NV17,-1677435.2508201348,-389779.0589384691
LOL,-1564770.7694544345,-371476.0805706666
NV65,-1423851.14817746,-794412.6730490788
10U,-1327770.3120818958,-207002.66815860322
74P,-1427360.5529815252,-833189.570348597
NV98,-1421301.1552879731,-848167.2046982447
90NV,-1425492.8684767808,-840934.4555299159
NV00,-1427344.3798832868,-834558.3938256479
NV54,-1426125.331803616,-829464.7245594934
2NV8,-1428080.0225887,-842134.765243236
1L1,-1261833.1694467817,-692164.012785901
RNO,-1678096.5663649472,-409666.01939935604
N86,-1670229.8469880053,-391789.4572736889
NV57,-1679731.3516843235,-406281.55808402185
NV58,-1681415.1957618503,-404951.26171616203
NV69,-1671275.4951351532,-406593.5785754963
NV23,-1663196.0400321865,-370381.3867684284
2NV2,-1661965.8636738784,-374989.4777599102
NV96,-1660529.7546307114,-376428.2704626866
TPH,-1485694.6691917032,-618215.7900298408
TNX,-1464982.9324655244,-652233.9478709754
NV12,-1354482.082830107,-246008.23251245343
NV97,-1660960.5693108959,-507532.0647427747
NV72,-1655899.9433039632,-528163.1071204137
LWL,-1242185.823934272,-318593.3947931504
NV07,-1251550.6676875434,-343137.7157929454
WMC,-1483033.9693705535,-294854.072822209
02NV,-1564606.6014540934,-229843.97345062008
22NV,-1475008.1846766004,-287992.8102621556
O43,-1639306.0246689047,-475797.62820666906
01NV,-1634257.4033899615,-504712.4625365146
2NY7,1849946.9531894345,-59751.354815272076
8NY3,1974430.0014606386,-4941.503969000933
9G3,1724260.1618650514,9625.274686090377
ALB,2093896.6988834653,90839.80353075743
NK32,2094379.647528883,81219.42820177798
NK33,2099988.376791186,78455.77981499226
NK64,2099215.2720009647,81313.84461306369
NK43,2084204.2884212595,88663.16071795487
NY06,1737161.334265696,45202.58589854324
3NY2,2152264.9097882584,-122398.3292593007
57NY,2106522.511088781,40274.99441598911
49NK,1745632.4990412127,-10981.83834319523
0NY6,1871746.002335728,41117.97045637666
NY12,1875337.254366838,43625.37524841441
06NY,1887597.216748096,35794.61948301883
NK74,1873749.192777406,20122.658032359737
NY59,1943833.3738659811,117169.14779180677
GVQ,1748277.9356185996,17489.226539004325
22NY,1746980.6037205826,17083.143868024243
23NY,1835129.1480048758,-45550.8950632377
23N,2220991.989280106,-102376.95559894944
1NK7,1958911.404148642,131405.25053179194
47NY,1841329.683538673,-71168.77798757298
NY64,2054771.4093805323,119641.96578771123
NY66,2056680.707038672,123906.35529138529
7G0,1763615.3223444899,39182.4656199399
NY99,1666316.0857943466,-77008.0553099948
NK30,2159102.6062915954,-141545.21672915897
93NY,2149600.518204262,-144720.0531754592
BUF,1707245.286740146,-4371.266382491431
6NK5,1699777.900324098,-7693.157143374189
NY51,2036424.4402528452,85966.09207341948
IUA,1817438.9642161515,22792.53433909621
90NY,1823510.4668626895,25792.899547872916
NY07,1929963.2851517273,249418.99331432892
NY69,1858300.1064094172,176771.3104385357
96NY,2145740.48417911,-53841.91719175413
NK01,1914802.5190311938,180131.7582515478
28NY,1686028.3271192012,-83312.03400946049
0NK0,1719559.73532153,-71435.72919965141
NY76,1711550.1026298588,-75782.98214166227
28NK,1873135.3236460045,189188.9497786043
4NY2,2155978.5632778234,-121483.72691649963
NK04,1909032.2946301426,90150.02960664313
K23,2014407.3099977085,50300.78542185066
3NK2,2010080.8189615365,55981.0565290445
3NK8,2129543.4093527,30656.958488265278
6NY1,1859779.5200331844,-57897.06231316448
7N1,1855224.6188943482,-51367.50962627535
84NK,2120310.1728197853,-56240.63367407254
4B1,2068082.8184773605,83417.72646207426
8NY5,2064978.2699046945,89552.96700414948
38NY,1856871.5880066028,-7799.503330602207
DKK,1677312.2850120927,-64105.45494240483
22NK,1673617.6459636898,-67098.0069929643
02NY,1939218.6890709593,85663.34395856413
4NY5,2281767.7355278637,-53441.84515342463
42NY,1923158.7125518147,26223.816666434785
87NY,2242692.1816406352,-86595.55142740195
49N,2242357.7045719223,-86906.72312175136
7NY1,2056948.8634633499,80125.1091720783
NY83,2073299.5198744708,268327.500490492
41NY,2070235.7807911907,268731.6620999577
4NK3,1696276.0039905312,-38400.44194450067
4NK4,1920488.0546001035,43989.76535455633
FRG,2193552.214219237,-115193.3065829386
74NY,1817147.7277529575,34004.81780093096
15NY,2168934.654126728,-139640.86377049016
0B8,2283267.9054058488,-21233.700957183562
NK65,1692837.4409939449,-61235.78685038384
82NY,2129776.16074115,14200.031737770154
NY37,2062851.1644706014,111245.43788319563
K30,2091621.7387809544,141688.59990621108
NK17,2094610.5430843164,145800.9790730634
5NY5,2104016.6966880783,-34159.84401830306
NK38,2105143.0583096715,-35233.09976292504
9G5,1713820.2383863332,25469.843030694115
D52,1780127.986099687,-378.9431167599617
NK76,1839440.864642527,26118.79187198847
NY1,2120356.520974442,52426.47193992986
3NK7,2055148.0221208155,39413.02570004663
GFL,2087815.882379576,159157.87364651752
10NK,2086290.6192170018,154603.83294926235
9G6,1736024.930535982,30586.62878624909
NK31,1743251.8652454491,43761.07430580527
89NY,1882236.3470678518,207276.641173561
2NY8,2096894.1876869223,-20349.913485151825
2NY9,1880689.2506087762,-21656.34714316575
NY46,2140540.7122268723,-122.05623674329172
NK50,2055182.8794218835,102192.49677729458
D23,1741647.087003766,-38417.02261484678
1C3,2101461.340935788,153534.24288503837
0NK7,2156231.2799460115,-83558.1212460018
00NK,2053370.5718105864,322413.2102451208
NY60,2041195.9857088265,312302.44532715663
4NY0,2045513.1400850904,302643.9583588246
8NK4,1753279.4430589094,8591.031376787862
8NY9,2186898.7373707285,-115529.80357929338
6JY8,2185962.643246818,-114171.10552388267
3NY5,1951237.0937282853,-40945.45820542704
1NK8,1954968.0398788124,-20049.70120539618
BGM,1943658.012197118,-21574.67395116009
NY79,1747513.1040255646,-33319.992146007935
NK23,2083059.7885507322,-55071.67223331597
NY61,2004127.9028166838,188942.24805696087
8NY6,1703555.3779917243,-16185.006718250257
D51,1706625.8685540562,10382.474150343618
56NK,1697748.0490357196,-11490.266362275137
9G0,1710551.7298405091,-12582.925825927414
NK09,1871950.336919105,-20086.32857530843
3NY8,2236892.0349541926,-78098.33665661662
1B8,2116695.1139223264,134764.60552767394
NY34,1831756.9519424408,-60242.340169581934
NY25,1891759.1564458052,65502.902092735225
NK55,1892200.8412204334,65612.51297612526
30NY,1804101.6926430021,413.7888377968347
19NK,1897491.2144770913,85874.94780903507
3NY0,2045165.2232386225,83786.30893281505
0NK2,2069455.3597212585,110399.45194542616
4NY1,2101675.6680326806,-75057.15818920784
2NY2,2100277.594760059,-72939.02369515489
NK86,2106261.0506056594,-68941.0854323447
NK51,1927932.9248726373,70036.2068582216
NK87,1713849.7253295602,12085.636481598081
NK19,1709211.4366478303,10180.117688499306
1H1,1896662.0432047625,81158.22088538918
N03,1913268.8618891807,14234.478305842187
2NK2,2182145.460838421,-100739.99678935441
NY73,1969784.1910090104,-576.0374718592426
NY74,2103098.6679505827,43435.50189025758
37NY,1762662.0464737534,-73729.69528184757
NK05,1897259.1486924281,-18497.517937913195
DSV,1797309.0074370783,-22456.94287377232
NY02,2027722.2949990034,37900.764720186344
1E8,1942354.8735073365,234763.69684767647
NY77,2067300.9896140788,78208.06282639479
51NK,2242304.0392675987,-89964.5618852015
NY16,1822803.5631828988,46491.66517641392
NY82,2113952.354013441,77646.71570572363
1F2,2053647.0139049478,133821.16895320397
NY19,1880031.2250896695,57101.65062898176
N89,2084215.2923866007,-33358.58341575202
ELM,1873862.323108794,-48274.120694772806
3NK9,1880783.739599925,-53155.93086935288
4NY8,1874312.786894519,-52696.46783601447
4NY9,2170610.828561233,-124731.2165107934
CZG,1938630.3299424332,-38369.32487583196
3NY7,2031024.1420283103,97720.41702694706
NK54,1892977.8963387646,-40634.054005343474
NY05,2052718.241597925,80859.33824080322
83K,2091267.2909145385,168500.8807061468
GTB,1904288.9486458343,183433.24341200374
NY87,2052055.2268527208,102101.64589798069
NY20,2019320.7005765345,91315.95316457831
11NK,2026347.7642818186,87839.63780682841
NY88,2021277.1736314308,82574.25014755619
44NY,2022546.9233844788,89005.00254553935
1I5,2086943.790099611,42785.209136422025
58NY,2184077.1923925383,-127831.67039798421
39NY,2183492.9653949006,-127636.53510581765
FZY,1876075.8838689367,91894.06486759796
N25,2065244.022905341,75051.59207975393
92G,1829781.654643435,15315.338763160522
NK16,1917862.0022491775,224559.75664247567
D59,1702251.7234983188,-56350.9598040365
01NK,2110768.47328537,176809.74235458876
N56,1734381.4479005544,-82556.6477839818
4N7,1955610.0863678693,-6626.247403185822
NK48,2262831.874631994,-45606.83254851474
1H4,2089517.261745987,50255.352383794285
NY63,2107931.8679976994,131814.04178310346
4NK2,2109143.8180560446,143173.31847678398
0NK3,1787459.7825023967,-10635.323884837922
4G2,1699577.1926556828,-34226.429569422995
NK58,1704977.015208992,-52788.84679447623
VGC,1955784.7081489912,56871.99935627
25NK,1846695.5070998967,-23931.60427941207
NK68,2000354.5101348723,-22360.10506642444
3NK1,2056819.31554932,-44694.23936512136
H43,2133474.589675796,-78348.89737854416
1B1,2116752.5828582207,44214.54021895042
04NY,2118839.4396814066,41479.11413161194
1NK9,2187512.8811148237,-98875.04339090573
2NY3,2097899.2430368746,2149.6639542082426
6NK6,2023720.5815664183,188141.58710120595
NK15,1986992.2370748415,173004.2738071628
6NY3,1871823.2941277698,7616.016138905979
NY18,1886502.4786247301,-10719.037085589973
NK72,1895320.2729964003,-16572.950217278863
ITH,1897493.0742573973,-2422.1204041013857
1I1,2043520.4343426079,248617.0985723435
56NY,1749006.1715986452,51868.846846894645
6NY7,2083065.9174919664,-17583.956556309153
14NK,2097779.4174415567,162440.2057375234
6NY8,2105472.8994885306,2675.0212581555024
09NY,2102989.5793920676,-3437.3924662750323
20N,2107629.929736491,4801.1832641461215
NY01,1731525.448171963,34851.55199649313
6NY4,2068546.2354466263,76516.2154621959
LKP,2029033.1108489984,248868.3378862225
4NK5,1807937.705520269,44769.65166166851
NY11,1814961.7683233256,36843.008827613296
23NK,1812289.2854495682,45081.245656235595
MAL,1981194.5935169207,302704.043739481
7NY3,2169134.8864792595,-117692.00950524567
6NK3,2169393.989209404,-117944.95061217296
NY72,1919403.6328322254,72456.11409251939
NY67,1924001.1640186314,64564.78264301307
NK71,1889485.074243416,56044.17018780427
6NK9,1970461.364412826,100861.8524971451
73NY,1993922.3200882291,858.9016361862739
MSS,1940192.9277967995,298905.66324686527
NK75,1935443.6454878936,297410.15488172235
08NY,2085116.578100038,-75833.3204414351
NY93,2095016.6240246487,-64890.76096045805
70NY,2079227.6789472944,-71296.46568934665
6NY0,2094536.286738481,-63821.38926656437
44N,2134679.5395758017,-19047.371937622986
7NY5,2130813.6513293125,-11332.891498883266
4NK7,2136506.993545042,-3662.2242566104164
11NY,2138206.89060136,-4577.323802660235
8NY2,2115571.850903124,-28163.72316663136
NK37,2174932.506472264,-120041.3063799208
2NK9,2109979.843799863,-33303.59502649048
NY23,1996718.139615354,86908.28261978527
MTP,2298259.9266881845,-36805.562955711306
5NK1,1832302.4911827,50765.795966842255
NY10,1933122.5340373542,167429.75553317918
8NK5,2120008.632993116,-48267.70105188355
SWF,2112986.034433145,-50444.01299278416
85N,1695634.2076597435,28996.63771392995
NY35,2103804.168500202,-24357.241084920544
NK39,2147813.243299457,-132605.99790804487
ISP,2215883.546956132,-99560.57842623901
JRB,2147446.491636991,-134077.09220082455
JRA,2145807.5827611038,-128263.929622199
6N5,2148984.866043552,-128661.66242910968
6N6,2157820.2982820864,-113455.89927714122
6N7,2149207.2251889426,-129607.56430461843
41NK,2143465.427392101,12498.1469880154
26NY,2196217.578474299,-95026.56484646232
0NY1,2091651.3464425849,136445.73402147143
OIC,1967597.516458543,27981.044992671264
OGS,1902873.5687665318,256842.9742435619
0NY3,1988480.6259793236,122802.21439408987
D80,1696597.4800083877,36921.22540101321
NK26,1971394.4801015353,165847.78480346722
8G3,1757456.1839920692,-92084.27444147498
5NK4,1754957.1760392862,-89945.08539700673
OLE,1755221.6391202093,-72526.85642868173
75NY,1763163.1335097,-84811.49404686647
13NK,2154515.433511467,-25360.088946198535
NY47,2133606.687563073,-94115.54133841922
78NY,1699457.3092698224,9889.376700777691
PEO,1846803.9682684026,-417.7408926434697
01G,1765859.3089093466,-11411.463636411017
0NY7,2054787.846017523,111905.61992249159
0NY8,2051505.8424950137,106034.60863055415
9NY7,2057489.7514592342,112249.35814636927
NY50,2060033.9761623475,108216.21133150297
NY91,1940030.3805274793,69662.09703975113
NY31,1881552.0054113064,78642.93992425097
NK95,2087795.6573078728,-80434.65416296059
0NK4,2182654.399044993,-119238.81850164614
NY26,2001982.4098961125,88118.47753010795
NK08,2099980.946903599,-15935.67069056449
NY95,1812635.600698346,22147.69915567572
NY40,1727122.610758659,-37280.15649578265
52NY,1792047.0310730909,18031.305557858173
53NY,1793420.7254584408,21663.180618097387
NK56,2133969.471429275,-38751.79386178886
3NK3,2133151.9392615943,-40180.86568337382
HTF,1805290.207624329,-42151.89440644262
NY55,1888103.1082960386,-10403.270473691873
6NY5,2163478.0671744817,-128219.90703130532
JHW,1687650.0975221489,-100827.40307453129
4NK0,1691417.5902904544,-106922.08193153866
NY89,1679071.0766434544,-111555.74953036748
55NY,1685295.6442947576,-109708.09885550704
3NK4,1696132.2792745288,-113140.1943893434
9NY1,1948301.0540422446,-31183.46561395174
7NY6,2111291.50685912,113970.55558021927
NY0,2045055.199647604,103994.99051588781
NY28,1882885.9929855375,62159.05478560958
6NY6,2050181.347544288,-49733.54194397626
NY15,1789670.4206729261,5208.527383453429
BQR,1717011.7221512545,-3857.9853943222342
5G0,1767954.461200139,17114.576420940146
NK14,2003954.7274498893,95933.34496180034
1A1,2118547.7900767988,27973.24667143341
59NY,1702176.565583044,27949.497291669613
NY9,2004787.291815741,206376.19797565576
K03,2004371.5837423347,205513.75460008698
35NK,1719504.5409914607,48980.72946255757
21N,2254794.904605913,-63167.36239371257
65NY,1669394.8810089168,-90478.95258675478
D79,1666835.87962243,-92974.57602433924
66NY,1729033.5603136437,32064.024114632502
NY90,1725108.311009149,33228.21241445552
14NY,2189825.6180385556,-108327.6679767167
5NY1,2020818.821541876,25274.72316366966
NY96,1888556.5820626027,104600.45011161995
7NK0,2052524.199600544,64936.00125028981
4N2,1827432.088730457,2917.63240060717
06N,2092962.4735831167,-65616.31233279826
2NY6,2085843.552564775,-75030.83012449463
NK89,1856850.2138427678,-37846.83187601044
MGJ,2100319.5592742255,-53735.3700322465
MSV,2052466.5805416268,-46942.64561062992
07NY,2022869.3080628375,57434.91663747728
NY30,2056483.6063033992,-49499.4844187014
NK24,1869174.7302327985,-27731.145743634934
2N4,1887737.0240032116,23379.924007249636
21NK,1993780.0029083574,34649.241414161246
NY97,2044116.5265271866,301895.9590448974
68NK,1893612.4418927415,240363.8806424872
NY70,1778844.6561366457,-18539.99185307882
NY22,2161229.7656290554,-142608.32288174727
JFK,2167729.4793459354,-134551.3799715436
LGA,2155684.513057,-122316.28523641168
IAG,1685773.4928926155,9250.847979083743
NK57,1686214.6073957412,10754.207752339571
NK77,1677956.3907524436,5587.23967295626
NY49,1685826.9289710326,-4047.1927760321546
NY24,1683322.803500336,10947.619283920078
0NY0,2047182.4047218678,187960.2382611859
N66,2004477.4961294876,34768.462732597094
7NY7,2144009.292543376,-97606.27013548648
2NK3,2268625.1236846857,-38541.10957651203
NK78,2142179.01381153,-78163.10132631708
NK90,2143610.686379968,-82756.10256330195
D82,1866206.0685939211,7372.714335225927
9NY3,1928009.8648675638,-39403.345093400945
NK49,1928097.2812980856,-38725.0529833409
9NY5,2227695.8734497493,-98179.18119344019
5NK7,2152714.3113837424,-26326.867353343583
5NK8,2153122.1556633427,-34218.51724082072
K09,2015486.728714877,148098.72550191643
PBG,2051922.6173814407,302722.7551112832
3NK5,2053364.7636835133,299137.95170206967
NY08,2072461.728483302,-78799.91662172489
7N3,2166266.771170884,-112807.49120411428
9NY8,2167011.274715899,-110787.77088092128
PTD,1941378.9941388343,268583.07824798056
POU,2126060.8254100787,-31549.271426432857
NK96,2119480.1744151646,-22851.658920686772
9NY9,2121012.4495015093,-29610.03874335759
1NY5,2136640.269599843,-26508.825925653116
05NY,1892475.0256261,120520.5603837277
65NK,2066869.7268160705,79414.363242122
85NK,1706744.1925542196,-95696.37349041083
19NY,1782740.6430801933,-45709.90215988032
17NK,1860220.8319816461,-17543.37179647878
NY42,1856987.1966825326,70823.36401618301
9NK4,2114662.485677424,11803.707175977534
NY57,1967719.1447181266,121559.64190671417
25NY,2247257.807570513,-88130.94482159015
W57,2089956.7959833064,111133.43759847461
1NK0,2051908.2177525682,23276.07210858085
84NY,1792853.4065441163,24741.307661158942
NK11,2018894.7031958995,249793.80878672295
NY17,2024605.567404767,288346.2234098577
SLK,2006615.3698116748,255648.1238051061
NY36,2012805.5699993751,252852.75966238556
5B2,2078899.408073575,121582.03552342951
7NK2,2082231.668351669,126981.93984848891
49NY,2264739.300418328,-51413.013100351876
7NK7,1962509.1946500144,42716.07602582715
D88,1653837.5890694614,-109975.34104363852
HWV,2233355.177235797,-90404.88818807476
N23,1984504.9553657135,2218.5326295044533
6B9,1885723.2700139447,43575.88131260874
NK79,2082705.4862649934,-71963.02971779776
NY44,2152554.5602471493,-59339.02134047197
87N,2263907.487284484,-76729.69593954524
4B0,2097958.646538338,69840.0288020606
2NY0,2098430.9923745003,36752.81990956045
4NY7,2096160.1816821853,41746.5439641981
74NK,2088349.5489900892,38894.48567029379
NY27,1701306.7588927783,-72027.78815610107
NY52,2145466.071746396,-148590.82630712786
4NK9,2137026.8399057114,-147477.86702072856
N69,2139581.6199977035,-32874.863153501436
1NK1,2096272.1611959487,-10211.247193877021
13NY,2210844.7851894298,-87766.87273066839
92NY,1733602.537528963,-19089.061863517043
NK53,1881963.5919145346,-40525.52553196859
75NK,1904916.341563529,64476.37009704787
SYR,1905272.1686460353,72673.25213846966
NY62,1947453.1949935541,89863.56652046225
45NY,1944636.2178234041,84824.37018097674
5NK9,1730615.8753273913,-18782.90030482079
95NY,1731368.9391641435,-15374.763196459608
N45,2106068.6944068642,-38523.162734132035
27NY,2098300.234637841,-41419.74797097801
16NK,2011306.1398741943,-5649.2966149815375
N72,2105960.7799226763,-78410.14152331822
ART,1883730.1447341375,169523.007617115
60NY,1892597.0915071857,169177.48911012273
FOK,2251039.3265025406,-81605.56140495242
5NK2,2250118.9915942578,-86968.69388396316
5NK3,2250057.064628228,-86879.52707066668
1NK4,2203614.7886187034,-116799.05312986225
NY54,2072549.1462958993,17703.062195315724
12NK,2072181.4748570966,251051.76997339336
HPN,2158894.9049711176,-86876.2302864189
NK84,2157961.052097278,-85511.75854279772
2NK8,2159228.1138716205,-120557.95281174472
SDC,1823479.1792433201,62611.504685871434
AKR,1538974.194130383,-266072.9700751677
4OH6,1548571.2703544293,-267051.5899184434
5OH5,1520979.5412268806,-497050.60108630185
7OH4,1515927.1865866492,-490220.5176011816
4G3,1574903.5761976528,-264058.4119501047
OH48,1574904.2493260344,-272806.3063039063
2D1,1570599.6336528722,-266429.22612005455
OH61,1466573.213319027,-442598.9946826563
OH30,1359689.85957116,-537491.338831516
3OH4,1595916.3801776671,-187445.1058824418
7OI1,1306694.4520106027,-296137.08499803994
17OI,1426806.8853152087,-497508.65217934403
OH88,1533988.211975644,-334830.89049378195
38OH,1475134.367101533,-416849.9675196796
7B4,1473467.4453052885,-412672.06674639974
2D6,1601739.9784878022,-358201.28458914167
6G5,1586426.8677501231,-373812.77929674083
I69,1354611.880373554,-528783.0845533846
2D7,1541125.0132326537,-310435.656965966
EDJ,1360976.0213125676,-380415.75623302127
NY94,2115885.835270589,5749.974494974483
NY68,2002531.048065589,73857.91817506404
1NY3,1895599.146579743,123930.80938646146
03NY,2240343.244526402,-71681.13946747729
55NK,1779691.6321543294,45100.976628647375
ROC,1784302.386940441,37810.92949343497
2NY5,1787874.3612058617,39309.40721332957
RME,1954904.9033798312,102583.26021774409
K16,1939263.7187095822,99655.53326527482
5NY4,1955584.9779067053,93813.84103534296
8NY1,2032270.2590597204,-19995.198078962643
85NY,1733957.1703856208,-39162.79506309703
NY43,2099108.448781434,22267.447889965882
46NY,1857742.759521839,47474.8864191471
SCH,2080571.1081220582,98633.11635116719
NK61,2085729.7116948655,97208.8873888635
6NK0,2020940.6544487095,48470.153085197475
4B7,2059695.7476814617,211532.70364473082
B04,2099420.112139433,130590.71611991196
27NK,1986584.377529183,98490.41590311714
0G7,1860353.140271046,32415.38862679152
K31,2033510.3604608644,74159.18651209728
NK91,2028641.3173140907,77032.23774876661
88NY,1729986.551932459,27093.785135587914
NY45,2260535.056344928,-64012.580084514
NY48,2035018.336074393,22590.131614024394
NY80,1726760.1460439141,-27417.26238654376
91NY,1776139.910905726,44406.24698574082
D91,1771477.370571071,40040.300013469496
7NK4,1770510.9438549879,45950.56750821688
3NY3,2011867.8875919369,76717.99190553404
NK27,1727487.773045429,-51308.23752388894
2NK6,1724992.3668100752,-49437.70534586377
09N,2119669.040728765,-9254.926257430901
20NY,1758775.6025939723,17755.53651285129
4B6,2083688.5293121478,221546.1437658107
69NY,2082943.0763807902,217955.93416399826
9NY6,2017099.7354935799,15221.805253291943
7NK6,2011958.6169688175,9660.661430597835
5B7,2112859.682110382,90472.4237400966
1NK3,2103434.757116698,87133.76860176196
3NK6,1782033.1119810147,-19027.25434504058
NK92,2180510.86760714,-120788.76667165234
94NY,1869109.4698646672,28173.088618440914
6B4,1980225.7255626773,84975.02251539398
71NY,1970768.9594627654,89685.72643349186
NK34,1969467.5980250172,90950.3112436853
7NK8,2150605.267112307,-87542.87219914646
NY29,1863428.5630427392,-17175.42168696639
NY21,1792958.772144039,51436.001126044
B16,1873005.4473351482,59283.45996689754
ELZ,1789045.9053976322,-78479.00274782638
98NY,1802077.3385402858,15390.048077209078
00NY,1804646.8646088932,17581.623265984195
8NK6,1990284.2574793901,52438.03314598036
33NY,2101028.402708971,51738.43604047869
9NY2,1658129.8663901123,-88118.56793876669
1NK6,2039204.4330320554,271266.7920166709
99NY,1694554.3114998303,26210.644980793037
18NY,2100005.7760256846,5949.346258114124
N82,2082152.2146846773,-49532.66543688525
NK13,2109546.5364886397,85388.37768884755
7NY9,2146458.488687256,-73869.89278372317
0D7,1351442.765228482,-334705.75049687986
OH82,1518355.5503911849,-372073.74764745694
CAK,1543868.6042368207,-278981.2055969662
85OI,1533288.3624205044,-262474.40422612516
88OI,1535301.4637431488,-261954.92528839377
OH05,1532852.4576263563,-262942.60782726604
1D4,1542971.675686895,-270296.09632705594
OA11,1324810.885863752,-387107.40048602887
OH34,1294447.6718163358,-412262.0117141484
OA04,1371710.7173107704,-295641.08535364724
4OH8,1301382.242468282,-263453.8469132797
3G4,1477931.3613665812,-295270.4834171482
5OH1,1474603.4449604265,-301010.34272498917
5OH2,1475281.6981091036,-298857.74135013786
HZY,1582938.4999755204,-170583.74883473228
8OH0,1572574.4098452504,-161221.23510412147
OH23,1525521.9431980688,-465087.9274778358
UNI,1518507.7723214137,-479733.68543739757
5OH3,1366263.197569915,-378787.86165874347
6OH1,1419464.4505375738,-264147.736385974
4OH9,1418124.6213681316,-264143.1949179081
1OH2,1420428.4093175728,-268758.0655100306
9OA9,1461554.3102178883,-331046.8677121326
OH38,1567428.0753296402,-457063.5819494382
89OI,1578218.5755009244,-256698.96464532692
59OH,1371559.717149886,-537196.5191483707
86OH,1367332.2745435454,-546039.3025573964
OI72,1263493.2663576736,-268640.90567323146
86OI,1336024.0448998986,-511985.2669128449
22OH,1337994.2985150858,-511355.12459009356
5G7,1346213.0076660002,-324955.7079685245
1G0,1355043.087718447,-265599.8584790383
6OH4,1361592.028602109,-267982.3322869749
3D8,1348633.1627448443,-273164.7998480026
6OH6,1362343.1802272925,-267132.4217113415
OH45,1357256.86824413,-257945.0457076255
6OH7,1350658.4236757527,-264678.7907154252
OI93,1520166.3477188249,-235688.99779308413
11OA,1489007.2537790837,-436888.8732528906
62OH,1487781.691221017,-431132.5008091535
2OA1,1576969.400970782,-213755.24439600762
OI80,1515375.1703332064,-242463.60271880656
7OH2,1536882.900333997,-282282.3088853982
4OI8,1596357.521869197,-250189.24129973608
7OH5,1594738.9974257334,-253294.34888768816
5D1,1556693.8429387251,-284597.0515297609
52OI,1550389.5249622394,-289230.4644160905
OI58,1546096.4789725603,-286879.49531258445
OI65,1549988.1514682497,-291021.62435290194
3OH7,1430984.4139538154,-353897.588719006
95OH,1378061.0438471274,-308776.8700403829
TSO,1582244.8495764849,-310584.5658617472
OI11,1577582.7673472236,-302998.15340776776
5D6,1580837.665091301,-300990.59632325574
OI59,1545254.5784825443,-482981.3548797565
RZT,1446979.3356594308,-468975.2250972768
OI21,1448417.4801164086,-474659.4580180531
OH47,1454363.9971204775,-480656.6572466779
OA60,1340902.3464634835,-511654.76341466827
8OH9,1328733.5434858215,-527061.5450853672
81OI,1321454.2227309265,-534870.3518461209
92OI,1327169.8400806643,-527137.8307151406
LUK,1336599.3305448021,-529456.4896486282
00OH,1313274.6732987005,-522519.58313727315
8OA3,1337673.5131038546,-517496.2326008551
53OI,1510119.3380220723,-224152.04918160662
OI50,1503928.9387666094,-227010.19049504868
OI51,1516242.739085808,-221455.58144789332
CGF,1524693.0646063555,-208883.8293847974
BKL,1510052.9805730332,-217614.1781614398
5D9,1413430.90587795,-272535.1765747236
OI48,1411071.9175530998,-266158.69989441696
4OI9,1488922.544970004,-498674.7698351105
8OH3,1613647.5164045393,-239159.6258820996
2OH7,1310652.1288224172,-486881.7621692875
54OI,1290946.1945988524,-381774.2232831251
8OH4,1605908.0322191054,-272493.2931468741
9OA8,1494079.4634402264,-248244.1860652608
05OI,1492832.153477303,-247824.81099489288
6OI9,1425165.2966681246,-404015.143640102
TZR,1427560.6479204493,-420494.0064573095
OA52,1435390.0249738118,-408138.2832298995
OH53,1437669.754456209,-411377.2803490221
OH54,1435181.417850677,-408157.3487048104
LCK,1446852.2638582848,-426416.9718629793
OSU,1429002.4899839326,-399854.67012582195
CMH,1445821.7184349983,-405735.9494879742
OH01,1438366.9658866485,-411456.72450161393
OI75,1329801.0000784195,-323358.8122344573
36OH,1517456.8924587322,-368045.5451204701
GDK,1360561.6135371057,-458031.47116285795
00OI,1343192.7152125237,-455271.7734153768
5D7,1342843.4246028753,-453903.6577071374
I73,1340041.4884935166,-463021.0587666619
MGY,1343176.9296796802,-472995.46296951495
FFO,1353350.8111064557,-444072.2992695843
2OH5,1344184.473438772,-451716.4524506248
DFI,1291034.788775668,-284366.9631424246
12OA,1296036.5407372564,-287867.72075070423
DLZ,1421342.9775829557,-378642.14504105493
93OI,1423495.896928411,-399073.3466674273
0OI0,1564234.637539581,-294806.9137993254
OI38,1379196.546161753,-383992.0762998385
9OI5,1385290.7562323287,-382818.47993193334
02G,1615142.9469686237,-289895.3219310557
7OH0,1620971.8573686047,-294384.6219831282
55OI,1619130.15939865,-267595.93824388774
9OH1,1383354.4872150507,-252569.43626069525
9OH2,1378722.6572480407,-246529.29270115972
OI23,1480061.6899007147,-241715.01204315393
1G1,1480665.1153291222,-245609.79693497097
FZI,1378659.183508581,-283580.4419996113
99OI,1376713.4770501074,-287123.731695029
OI77,1364663.7584215705,-283595.26667305926
OI24,1462283.169736208,-345583.99974351446
14G,1394459.5613667339,-264072.65870771225
OI79,1396463.2429168671,-262896.9026937924
S24,1405368.1837797777,-266041.62299396616
03OH,1404267.4888997045,-252273.92140280094
OH21,1441021.4280614369,-322362.5786353577
GQQ,1443005.4562282977,-319970.502593699
01OI,1437106.4674780087,-323873.0722660437
GAS,1532512.5717085514,-519836.18532038515
OH46,1320164.950190712,-446661.6769221144
12OH,1329065.0173096631,-447798.138646993
0G6,1282043.9641226071,-271343.6278745933
17G,1421797.0507722618,-321264.82623627514
OA17,1420555.2467853776,-317351.7339749834
OH42,1474893.192594935,-337447.2131296535
8G6,1595459.022218456,-344598.87187658105
I10,1562724.9960855958,-402400.4786639732
CDI,1555216.3658338238,-384169.40008958004
OA00,1552397.2234403028,-368539.7996362762
2OA6,1551718.3982802897,-372194.72300280555
OI89,1308003.4471771566,-472855.0246445697
90OI,1308464.6299983233,-477906.4767547345
1OH3,1425265.205769435,-249267.3420724798
OI73,1375918.2842130288,-452503.0404594107
CQA,1297526.9878493072,-380066.65823445196
6CM,1452679.8210200754,-370201.4213470472
0OH1,1540493.0188755074,-219059.46371874007
65OI,1546182.0533298184,-205923.3263057283
7OH8,1553965.523725638,-193624.72913688477
69OI,1422168.5211481797,-301954.0325553928
33OI,1491091.9528320543,-271758.3778121693
HTW,1513669.2352488234,-571330.0911843103
OH49,1328218.7134281707,-529004.3330347437
4OI3,1336861.886676966,-527183.2180710041
CYO,1448774.189591977,-459979.97189487325
CLE,1498726.2792607923,-232627.15593650908
77OI,1516568.331812138,-217462.14355282224
7OH9,1517841.197844645,-211542.83449723225
6OI8,1515354.6277598145,-218376.56015248466
4G8,1492299.417085852,-244474.06191630478
9OI9,1433123.2899768397,-404490.3059626348
28OI,1450290.8973316646,-407158.8299981797
5OH8,1438011.2089874607,-412129.3980020686
OI47,1435169.303043043,-410888.2746218202
OI61,1435920.0714731086,-412262.0898253652
OA08,1429288.4165237483,-399169.29491651064
OH52,1432544.8660469905,-412364.2404147328
2OI6,1440569.6279118955,-409880.0295329725
OI96,1452184.5841687068,-411450.05290833017
OI95,1439478.9553950266,-412123.7580186676
8OH5,1591658.6550502009,-214025.62243827982
8OI3,1595368.5602322305,-214119.3121078058
I40,1524701.0177418585,-352699.5373873377
52OH,1525931.3100899698,-356912.12718153215
6OH9,1318204.4741387959,-419090.7229617631
70OI,1440852.4357094162,-315926.61836635193
44OH,1533789.7450110985,-252499.4282800057
7OH6,1532236.1334768585,-255190.9494134908
OA18,1530792.5193319712,-251799.12940101852
38OI,1437633.6399747643,-443033.70778001664
63OH,1435412.3024551403,-441470.40253795835
DAY,1337337.3311413545,-438530.28268780926
I44,1329762.380439835,-455578.3711594058
7OH3,1424905.4483050897,-369535.42575900565
OH25,1422651.0622701438,-375343.88160776463
3OH6,1307259.2459053132,-344222.68223002343
OA14,1565962.1867715423,-330406.71484010504
15OH,1564851.842461565,-332920.16214182414
2OH8,1422642.0860636635,-433579.63741378556
6D7,1339125.3466660753,-288804.77090791275
2OA4,1362750.8864268386,-430181.1563497071
8OH8,1586601.064363693,-182320.21651823274
13OI,1552419.0023057505,-322818.2419688807
OH59,1322296.9804693272,-464872.417389118
2OA7,1367859.8509429223,-552083.8153719222
FDY,1359956.011904209,-307778.4286839025
27OH,1360409.8093871889,-315125.5075773244
89OH,1361244.669398664,-306862.43584313785
9OH7,1367036.8898728515,-312072.8625624682
9OH8,1362922.8732089004,-311230.979389635
0OH3,1320729.5764601333,-512470.67589411646
OH60,1311552.67173717,-324028.0221447209
4OH7,1525901.7712151755,-519947.9001649988
03OI,1519099.6214824293,-226728.30469137948
7D8,1561177.4213116646,-224856.49560134063
7D9,1566334.1763575566,-174576.82406589008
98OH,1566822.2340796115,-169028.01663889282
GEO,1386258.9219297722,-544911.8534355653
OH63,1326872.8001554522,-474879.06635715824
OH64,1333115.9953379857,-474468.9416898807
9OA6,1527680.0470080497,-441294.21959513234
3OH8,1558789.643228605,-339112.33254163107
OH65,1360666.7890438745,-509307.85173349973
OI40,1361038.8977076507,-513426.3559411314
OH66,1354426.7231179846,-510554.5460247814
1OA2,1491129.8964030086,-251318.82869782805
OI36,1320855.384403553,-473480.65541943203
7OI5,1381093.3339135672,-245466.34465259884
OI25,1420804.353256135,-482952.08968033426
16OI,1302620.9666506504,-419864.9919723143
OH35,1464016.1539169496,-466758.6272392813
OI57,1376391.648048312,-541733.8637396846
HAO,1322676.0182797385,-502508.0481012963
OA15,1317333.724533484,-497549.0270493653
I67,1303429.3052027966,-517987.33397397614
OH68,1304698.05119883,-513124.1499317079
08OH,1605918.804949645,-220958.40657709632
JRO,1494338.8474432216,-511309.25035744597
OI82,1483459.669477037,-521530.34053918085
OI52,1379441.7469235621,-461754.78985164355
50OH,1381528.3354547513,-455046.41539514606
5OI8,1460968.48655729,-380040.3353799421
89D,1427069.1203134137,-226295.01458304183
1G3,1540500.1568352247,-252641.68169251707
OH75,1373669.8375569163,-346708.61033699004
14OH,1385730.0720160468,-341617.38864306704
I95,1370449.0871311503,-351434.8507579703
96OI,1343770.011696944,-460788.78553420585
OH80,1341437.4519946317,-491322.34083927673
OH28,1400154.0510242456,-487000.7555759971
R47,1326661.2166926304,-304068.1559673362
OI31,1550305.3086822988,-186216.52488722355
AOH,1336873.9327171377,-347062.78163319343
OH83,1331366.256186137,-344940.69306455564
OH84,1329058.9249203056,-341358.3041003744
94OH,1328678.9985190055,-344914.4383522948
40OI,1496435.719762613,-272985.0759111655
21OH,1494496.0056921162,-276402.50769776833
I71,1543995.179105532,-423464.71012230456
29OI,1552132.569493557,-173459.25744067927
4OH1,1551576.919459103,-185085.5212647943
OH03,1553614.153157401,-175949.47816250412
29OH,1560870.2865584947,-301267.9007856745
5OH9,1570690.6073956075,-297737.98296503595
OI60,1470201.1177485692,-313920.6022346746
30OH,1457156.727311927,-316506.99896911165
31OH,1455769.5772781293,-314966.099278871
1OI0,1459263.8971132077,-310588.5554779502
41OI,1458944.9454211039,-316591.1584884399
32OH,1467894.608272999,-313694.264000519
MFD,1458449.258145173,-308863.5350100772
48OI,1452554.3170594198,-315629.8579527665
2OA5,1403760.5573600095,-393351.3872616583
35OH,1539648.1119306786,-291012.82288031036
OA06,1540565.588890143,-292413.27884654445
3OI8,1347298.888248458,-248360.30622637496
9OI1,1345735.442930516,-243606.25641293533
OI83,1529948.2734496926,-212889.77357536592
1G5,1512581.3702870528,-261342.35352381488
0OA2,1506613.6101446021,-262058.23877839232
OH31,1340298.8892601589,-467993.31795993575
3W9,1415995.9019442238,-218247.03168705557
OA22,1340024.7581171226,-511743.98405159346
73OI,1557598.46318473,-200037.370106475
1OI4,1531237.24572776,-221564.25943708024
OH58,1355527.405989165,-499603.0635233946
OA12,1361303.4912097247,-498387.1848136114
4I9,1437712.0324100389,-347237.18943354476
OI28,1450436.3037715526,-337731.292397919
OH96,1382896.0414674033,-528334.7376947902
OA10,1381455.3163402772,-531461.6508271056
OH04,1473542.5196054778,-353887.56034451444
4I3,1468762.069406548,-362917.0461760724
6G4,1470453.0575569698,-358419.0667686839
O74,1383187.8879199491,-358571.0925519723
PHD,1556458.3146070144,-327109.6650740097
42OH,1573715.0028199996,-244327.68562054008
41N,1575161.526701352,-237629.87471373804
43OI,1353373.2468569882,-287850.7773756257
3X5,1413482.326881656,-216094.0981938643
OA16,1304792.2899810334,-529432.410224192
OA19,1555177.6731977072,-279218.67464313615
80OI,1523420.8338954241,-222700.5778815908
46OH,1589386.3853854293,-246592.1301649978
4OH3,1602555.1366703995,-257298.5689315901
OI76,1603331.6702674895,-256951.343203147
OI43,1494539.019204485,-234264.6273385665
51OH,1324517.7084493702,-308220.38483143237
21OI,1363541.6235324526,-521396.7833705689
OXD,1297893.7677890097,-491459.55545153696
61OI,1301263.6307174652,-489658.1923566827
9OA2,1298155.187089935,-482270.9453557495
2G1,1545543.305488669,-192250.08575973441
OI69,1545223.3838618565,-179532.5801586625
62OI,1509301.8119786652,-233334.9188924736
9OA5,1475766.7465096898,-403358.2668717634
83OI,1477028.7408581248,-403907.42565609765
HOC,1408998.2997687703,-505462.27345998166
OH69,1402267.6990543236,-503132.5552353671
OI41,1558002.4166111497,-232174.0470289075
OH92,1505571.9106014129,-397703.4140812241
94OI,1538279.6334733265,-242598.03900995475
10OH,1436138.4254783725,-247237.34846460455
2OA3,1438610.5085027998,-245913.88925360286
88D,1438203.3632579262,-246599.77242635007
8OI9,1446431.2461589628,-507981.84775861155
OH70,1342306.8877829409,-518601.4765484893
95OI,1343935.754205862,-516742.3955626585
OH22,1520166.1288637158,-302057.34166473337
2OH0,1434192.6143826726,-368417.6638649278
0OI6,1585661.417694133,-162977.36758161342
17OH,1468937.0957959576,-258398.99296649412
56OI,1464820.0307026177,-263533.8404597898
18OH,1478887.5021525496,-254634.98959037452
LHQ,1470662.9001425728,-427991.40544557065
4OA1,1478093.7067980012,-430674.1584778379
OH78,1320223.0347057646,-434416.56011803396
57OI,1365816.040423064,-422185.79132849135
I68,1343449.2127932345,-487349.2654220392
UYF,1399837.4199417154,-422613.66753145104
OA09,1401463.268358645,-426776.9586696604
LPR,1474093.9582221152,-245613.29918420292
22OI,1587158.3694315837,-241919.05312489442
25OH,1558878.669460648,-275712.6260580604
5OI0,1350413.0601617908,-506214.86576497403
9OH3,1343151.0343354854,-507713.5323347285
0OI9,1451042.9658909938,-530352.6802870198
28OH,1318168.2357650918,-237434.43921649107
22I,1498163.6410781026,-470903.9054162223
OH97,1551429.9159994284,-226234.17590246047
OH89,1578990.546743322,-440002.04195099924
OH85,1577393.1476136383,-441315.04620593524
75OI,1418391.2188305266,-353693.8189458269
6OI4,1413624.991520999,-346913.2337251962
MNN,1418137.0086066485,-340903.13925313693
34OH,1275258.651674457,-296535.8960739499
OH07,1559825.7403102077,-271950.7933762758
MRT,1402807.3216240087,-388761.05042039364
8OH2,1388982.63132384,-385167.72328330623
3OA9,1401370.3907775034,-388460.4866817352
3T7,1415193.9578217436,-219110.854813016
37OH,1501401.704912347,-236422.4630127218
7G8,1561706.6964138523,-213419.41511631754
58OI,1559598.3280696098,-212525.29821642692
59OI,1562670.581905,-213123.3305202219
MWO,1329918.644304843,-482052.2045614442
01OH,1337530.556300449,-484481.8861616907
2OA2,1376100.8106116592,-505297.1242957661
60OI,1437520.0595042706,-252209.32930861614
OH93,1401403.7529816614,-398640.2676478002
10G,1510924.575820195,-329854.30005835684
39OH,1578002.9446587125,-282796.8955939889
OH15,1572354.7951454236,-291754.625601928
7W5,1319732.6251122707,-274582.12562382687
7OI0,1312756.8326450048,-280513.13174332114
7OI9,1506866.4306036704,-384294.2619429452
VTA,1480896.4314667045,-395053.0375367867
74OI,1481183.7824800287,-392289.847392881
6OH8,1544596.7722009348,-211464.22008648908
40OH,1547804.23679743,-216518.4202980458
8OI0,1546877.9057733992,-216384.8645512936
3OH0,1353929.4282619606,-432028.1464159379
06OI,1327080.7210224455,-459539.0032724554
1OI6,1323501.2737507548,-456219.29550723906
I86,1510320.8957901448,-426692.62753733894
OI42,1455950.6620880316,-273801.94878549536
87OI,1439587.5530227597,-261414.51534849935
5A1,1446043.0836461813,-263161.9447984784
6OH2,1543643.0317433123,-217684.81545660118
OH72,1496274.8339218001,-520647.61554378143
3OA3,1473826.466763787,-255320.03880325326
OI44,1361820.0181503259,-236695.20027814552
8OH1,1519904.5291330481,-293999.8779825035
OWX,1333795.1385992425,-310338.0507514624
53OH,1293346.003316322,-306995.1870444048
54OH,1279885.1841899927,-310833.48132583214
1OH9,1426045.260423329,-530877.7062879592
3OI9,1528538.655938943,-218109.0677433949
68OI,1352971.4820353338,-246219.17451577858
OH29,1616451.0620451288,-263419.58353179105
3I7,1322007.274640057,-440238.8698691469
I17,1324641.1965836245,-411167.81921408954
0OH8,1328516.6372698722,-407724.8578099696
4OA8,1326491.88862065,-417182.760013988
1OA1,1324864.152740132,-424624.540271626
83OH,1320787.5027155797,-423548.2030218538
14OI,1489117.2654929154,-290931.3284348839
PCW,1414091.2004324861,-239010.2635630519
2OH1,1409362.9779516663,-241184.52530858046
68OH,1464964.112315574,-545114.8025872536
PMH,1474680.3462400467,-531566.4767057269
OH62,1465352.2796070604,-543324.8728119913
6OH5,1428782.2118551787,-390435.47205155506
3W2,1414725.8107607716,-225120.68582644276
64OI,1581734.7444860649,-262376.1700714708
97OI,1593866.122112302,-268877.5800649545
38D,1590358.614397355,-264250.95060644235
8G8,1590437.1240741105,-271749.9206597175
OI87,1428483.0633769466,-243850.74147487307
2OH3,1410519.2477916882,-534162.7434715453
3G6,1580186.299341671,-271511.047886474
SGH,1370249.6013689518,-439102.4268440682
0OH6,1360143.8329749142,-468358.6283943116
2G2,1617990.6241872334,-325176.48882080667
8OI4,1621368.3015908254,-323664.79628478125
8OA7,1548105.0410407395,-433732.97583509405
45OI,1543986.180348753,-319546.0788029244
OH18,1404930.131274197,-307588.34379755094
4OI0,1343218.730461607,-231832.63479605343
OI63,1465121.1412093665,-451531.517509827
2C9,1356327.4488963757,-238986.5279910474
TDZ,1363332.6181051203,-244080.55458354513
1G8,1621151.5963861917,-311143.3833732013
I54,1367507.4487993761,-419193.93798471935
1WF,1336845.851080958,-425835.15155279293
2OH6,1329954.3127341098,-427513.98901460273
OH71,1331278.4025753378,-429667.19372708414
76OH,1395434.2474115957,-319941.1228065166
56D,1391720.9154754777,-315940.30401554285
I74,1371369.8700283463,-405640.10120138316
99OH,1373939.6792578204,-407858.35524043633
38I,1377602.629120768,-409078.06540200615
78OH,1493017.4791023992,-251327.72039735867
62D,1577166.9638935176,-230729.94148032286
80OH,1591155.5912755528,-226998.6096458409
I23,1410939.9936940651,-461614.8635279426
11OH,1410793.57272374,-464223.92078047903
USE,1310017.029733909,-249700.6970266213
OH73,1311112.6601941204,-257656.83495421428
EOP,1460816.074925163,-497253.4927612334
40I,1353498.1478703471,-480490.76298555994
2OH9,1356430.5929830917,-483169.4928431234
2OI2,1358238.5105009684,-473223.7947898308
84OI,1494512.9598918804,-494865.60594584135
3OH1,1314379.2300157663,-466224.042208007
1OH0,1378374.6598757326,-482656.5269550314
9OI4,1383111.0906499168,-480394.05188762327
3OH9,1374510.9459833277,-469949.2480770404
2B6,1389597.1129689934,-481056.1855167142
19OI,1617190.2373949324,-323045.3067437977
4G5,1599156.480535928,-396468.7757317809
90OH,1596809.328443724,-398591.65351608273
66OI,1497074.046667836,-304930.5805899707
BJJ,1508576.7998329846,-291653.70546460844
OI55,1501986.2062391804,-307331.04980050615
91OH,1511505.5923648814,-307197.4572592826
7OA7,1371005.2555563617,-457272.8857797881
45OH,1355863.7215314542,-540170.7857815758
OK80,311787.798440967,-1134350.3293454684
19OK,307897.022045478,-1134357.496014055
3OK0,314125.04309252306,-1136883.5977306103
ADH,305066.4978761667,-1126240.1431420634
37OK,308619.255701264,-1129085.47786681
OK18,433002.3597091247,-940362.6936962807
3O9,459718.51938445243,-921645.3964663714
AXS,60754.80852268273,-1143670.9931610513
OK82,60178.70227921489,-1144458.6349126566
91OK,57793.23986332715,-1149983.207048043
LTS,67272.54839113128,-1147031.962673423
AQR,354810.38311280735,-1169135.2985080846
57OK,354452.9418231477,-1169841.9321657266
98OK,353711.4697556751,-937199.5806625672
BVO,356101.84907295834,-906636.681476205
9OK3,371623.4249085065,-912509.8652469576
58OK,362568.26382033655,-907531.7305319492
K44,-46999.36037662036,-911105.2318996739
51OK,359113.5994354916,-1014163.0694581796
2OL2,368597.73188635655,-1003251.7772277481
BKN,236748.91365361572,-913380.3614292555
6OK6,239492.60609825197,-907660.6077127969
8OK1,208846.51335531144,-1089075.6181016942
17K,-224092.06423109368,-910527.3801441438
58OH,1412250.8869414541,-220788.80661477338
1OH1,1349453.5531947608,-390767.15224486805
5E9,1409809.548977873,-366397.8268529518
POV,1552326.9663316198,-243134.64014984394
OI32,1550412.2426856253,-248413.7021424502
OI86,1553250.617979062,-246684.0016026939
61OH,1556029.468513495,-243652.7159951777
OA07,1571751.0138070718,-182071.51058444573
OI62,1540553.618185737,-215313.47730781007
2P7,1603963.6713288543,-363435.4783229392
O12,1301983.8573875958,-372770.5634473456
24OI,1360607.1773307594,-413993.80092160794
65OH,1515103.8544466144,-267614.53600484243
3OI7,1331934.4472484814,-509582.4650404221
2OH4,1453136.2553574725,-332517.12419554405
12G,1442499.6788492939,-306430.5126772403
34OI,1493991.8537985864,-315569.616429901
SCA,1336431.7563507305,-400170.1057747601
1OH6,1333997.0365507368,-394248.3687725708
1OA4,1383402.957339898,-426980.8782458366
73OH,1561187.0961739798,-190850.90485859948
8OI5,1488016.4956632233,-409839.7103242749
16G,1395500.9477049704,-291126.4528445918
4OH0,1338254.5294021447,-428499.0107222405
74OH,1351136.166917104,-240289.34210560867
OI35,1352716.029772749,-237723.7492660967
6OI6,1351850.0077880821,-234070.24053201586
OI53,1356332.5408431147,-233846.43462411448
6T2,1357426.5402911722,-235114.60963896464
TOL,1336436.528724307,-247054.83544464354
7OH1,1493779.1894432516,-256591.25135664508
VNW,1285997.7454250415,-339152.6544524159
OH76,1450959.3963549307,-245570.6150028164
OH79,1457431.443787613,-242663.81877473005
VES,1305221.9203050954,-410384.50159325555
8OA6,1414760.6653234777,-253771.59312865982
18OI,1407982.0841547719,-251333.31872864772
79OH,1598335.2613915892,-232230.38148841212
3G3,1516297.8622123734,-275213.0090470728
47OI,1516195.7289213776,-272404.1100213159
15G,1512316.5640057311,-273237.6974045545
I64,1459465.1484570063,-254656.46321488466
2OI3,1359556.8129399945,-244526.02227304885
AXV,1318869.5039126745,-374912.16977237776
OI97,1438988.5553136508,-393858.3444257382
2OI4,1500649.9975550433,-273908.89042770036
80G,1535736.1547164072,-357341.62533706374
OI06,1329511.5350372205,-429878.12588630524
AMT,1413687.7044102848,-542876.5842530418
8G1,1436564.5203978105,-288752.57321914466
06OH,1598189.5025754203,-197734.26486902082
88OH,1376003.2114245784,-237461.4799077074
LNN,1529644.5245178577,-194022.7900795801
5OI5,1275009.9102034762,-360583.6096998963
ILN,1382757.085802653,-483520.9542348016
I66,1375252.7158486247,-476533.01373828
OH77,1374918.003725346,-470839.9546437249
OI91,1365733.2775240685,-446888.11904490384
04G,1605466.088552955,-239630.60811209155
06O1,1602670.7034122501,-242136.7978481537
4G4,1605016.3396459052,-259150.41206070656
YNG,1597258.5461671173,-226528.52355613562
ZZV,1529908.93186979,-393406.1875769805
42I,1518413.1160220301,-388784.4843394068
9OI3,1512883.6403783048,-402448.9472424499
4OI1,1529026.6033924236,-390479.9117071355
OH36,1521359.3045887596,-390543.41537637555
AVK,118687.98449346778,-913017.7094427545
OK43,122164.34835952122,-939914.1452165912
OK54,88626.01242158473,-888682.6747209019
F68,158633.09900589328,-1103139.9446581758
80F,401694.7035191599,-1189573.6434530984
OK85,284391.71439029765,-1182899.682635345
OK17,272173.2151758413,-1192401.0607228724
OK62,257619.90151915138,-1189518.7283557185
OK09,264021.2954115301,-1195870.6641199016
OK23,255755.1441353916,-1195163.2802863268
ADM,274824.2171452609,-1182822.194442819
1F0,265944.2046218401,-1200510.7957724421
OK74,363273.689422808,-1120931.4375428213
59OK,434256.19476035726,-1023569.0049543462
1OK3,200959.21217074056,-1154912.0333851916
1OK0,336094.8431864061,-1004012.8672630982
3F7,323683.28878865927,-1014257.9757651975
OL06,325334.40715350333,-1011303.4528021262
90F,485001.02730397804,-1204878.0016386406
BFK,34039.121378046344,-903926.8986057101
96OK,48502.19788045748,-905445.9175930324
OK48,250598.62532519698,-1225493.5450009892
47OK,177851.04889944158,-1043816.1407769967
91F,399338.55373743386,-1082898.5917929122
86F,130087.13336548339,-1095754.522226961
OL07,127385.41631227043,-1097542.7040237142
85OK,211406.2956334646,-1016964.4472838086
56OK,218948.50721778336,-1018363.1893501662
OL43,383072.5906405532,-964453.334137327
CQB,287927.0148576002,-1024894.622716777
63OK,281633.2885162678,-1025898.8756701191
92F,121505.17591700329,-1179501.770164836
4O5,146578.88670775475,-910890.5406172726
CKA,167657.90046272037,-916286.736186572
93F,26975.54557373402,-1043661.8334190497
OL08,29847.16710087826,-1043015.3439226039
08F,346397.03809343826,-1154721.4625871575
0OK4,343938.7175367886,-1140540.0684941518
OK93,368863.87196993915,-953820.9010888116
OK94,376735.5548378368,-951030.1058363453
OK45,373396.1623535896,-951207.5878955539
09OK,371296.28077004995,-951303.7558468117
OK58,367397.57574322366,-946744.4960852219
OK11,183525.61637296132,-1184355.1161682205
44M,458427.82165025227,-1018683.4785388262
OK06,457521.5087230693,-1025090.6782859899
OL09,114460.29854897427,-1122619.8378870687
F36,94051.27913837046,-1077147.550501671
64OK,92142.63884791071,-1076508.7433744397
93OK,397969.1716650509,-996586.3678293325
OL11,333941.1756616385,-1213461.6120246837
66OK,330928.2145718043,-1204468.0609047192
6OK8,130054.87528425282,-1069620.3159988173
33OK,235352.03753869847,-1023814.5259519694
1OK8,222643.19806268153,-1026444.2688885492
11OK,230173.57346793223,-1034512.9440938722
OK03,158363.22374196813,-1133469.2202315368
ELK,55105.77754244091,-1062623.0279561856
0OK1,238610.2520285169,-1144881.9679832582
RQO,181227.28465360275,-1056035.227136705
8OK2,188203.95659222305,-1055609.0949515505
28OK,177990.40331577763,-1052773.4725350034
FSI,146776.84460135092,-1147950.493558633
FDR,93712.3664915246,-1181739.9092931808
K77,80236.32442869157,-915200.0811018284
GAG,20123.247974710346,-966915.328013248
0OK3,134017.68554362786,-1040735.7657177967
39OK,230133.78844744386,-1094772.0643882346
1K4,230810.97778485494,-1089920.7342049635
5OK4,232732.69638141216,-1094081.2886339063
OK02,229915.47118775296,-1094850.6110261092
1O1,116181.19345999227,-1194118.0121742785
81OK,60409.231016832666,-1107388.4093909396
8OK5,468820.7897698159,-920691.1780867459
06OK,462758.27224751376,-925126.795792381
49OK,330571.27611834556,-1093644.6386384703
O35,8427.46856291232,-1143183.365357791
H92,323972.3364259901,-943690.1701734368
O45,-109408.03667884918,-903894.6139285197
HHW,412472.11117498315,-1206747.6283415786
1OK4,480947.2347984574,-1219490.3127529079
4O4,476290.7860765175,-1216925.873582528
O18,412463.48046979407,-972553.5776285956
0K6,397663.067877672,-969418.0496530259
55OK,397600.75885496696,-964463.7690430091
OK00,270404.7652726332,-1048585.5003983076
72OK,465856.76704235305,-938517.4683797276
62OK,455963.29031126515,-948361.9502968056
0OK9,302529.12612372247,-970036.2353666367
71OK,139487.64779702673,-1156238.1745753696
O44,243227.65423565582,-1096498.3050220653
HMY,253007.933306931,-1103489.3256253025
3OK5,219670.0485907958,-1137507.207126408
1K2,221208.6177012971,-1124073.154625364
23OK,217427.14703894415,-1125348.9065164868
3OK3,429093.0309836798,-975949.7174525647
75OK,437733.49203884497,-973583.9626617174
OK24,255726.52498627026,-1194255.1304040886
1OK5,70494.80816692393,-1112066.5929641712
OK55,251254.42362027796,-1027250.9917627862
MLC,385948.5756526374,-1113973.6835889374
13OK,388742.11932527734,-1107930.6194187207
1F4,294660.28675400425,-1200214.2409818792
MDF,72274.76583460021,-945639.0103647442
35OL,75972.05886429295,-929153.417614142
2OK4,356393.8675859558,-1011721.047862265
OK36,360934.7799623674,-1004257.1480109567
2OK5,115358.77769759797,-1117559.9327704357
83OK,493701.5647564646,-1066277.0418169657
MKO,420223.35345124814,-1026125.8879182256
94OK,415568.750367444,-1015959.9811173894
OK33,420069.6150141512,-1012284.6851417609
99OK,217722.06173402225,-1055967.802714564
97OK,226890.62256703383,-1053881.672052243
OK57,239217.07580322181,-1061574.712203854
OL16,217725.77941615848,-1040299.5253789955
42OK,227340.0279444731,-1046541.9852656225
41OK,227969.51530297348,-1044644.5294481199
50OK,224295.63697549055,-1060362.4820137708
77OK,229960.0652452407,-1051367.4062050942
HSD,208084.23641314302,-1041040.2115161879
8OK9,224046.42990473588,-1057356.385730183
9OK1,227338.77445378885,-1053799.735352207
9OK0,227356.2067257745,-1052670.1523574225
TIK,237639.6205646101,-1060924.5221335157
CHK,185595.70505929098,-1097559.386978991
6OK2,192286.6443637097,-1101196.814595432
17OK,202150.5468388918,-1096789.1692785865
GCM,406088.4452438283,-956378.4081906839
K11,391023.1005374862,-965452.930006517
5OK1,394663.9561291495,-953584.9592779117
95OK,392664.8594728345,-959878.6382049192
OK20,390366.5552217093,-947135.8956912298
95F,317833.24386491795,-961554.52160878
8OK3,316034.85286618624,-958836.4952932412
CSM,72809.74378415996,-1072552.920828595
5OK5,90964.06067781348,-1052971.8883994601
CLK,96923.4297496906,-1050296.6353147964
CUH,291290.1976643069,-999700.5886195056
OK65,292620.3166576499,-996526.5566550298
4OK9,290419.2159569648,-1002626.8656913636
OK95,451650.88884585723,-931982.5443150526
65OK,456981.4154061886,-934130.56502498
31OK,448758.9655024029,-932433.2580160823
DUC,187821.17042640792,-1166893.0837781269
38OK,186133.86059576954,-1161341.569848717
OK97,205405.922889896,-1159522.6294774963
DUA,334015.0985765073,-1220879.8328656214
OK26,184218.0768817363,-953940.2624071256
WDG,198471.34462832854,-955445.3561810837
END,187091.98878022184,-959745.4676461986
O13,10882.328209763236,-1088299.8164285321
F08,398058.18870480004,-1067210.0557351517
9OK6,401289.5904119678,-1065633.0973401265
OK04,381547.15270680375,-1066810.5455867096
0F7,400047.06786839204,-1057077.7993702143
68OK,293929.7890537663,-931161.4641967982
69OK,459787.7245620018,-904844.4006512992
1OK,209412.23758234052,-956339.2328689364
6K4,137023.9673791121,-966209.2720914755
OK39,-28204.147039520813,-892482.3925847474
GMJ,470549.0631335866,-917728.5925679873
GOK,233601.62490465038,-1012614.9063858348
0OK5,234917.63805844367,-1008424.875824658
0OK6,236471.5448154055,-1018050.1550186537
GUY,-134685.22741694906,-922666.0188707147
1OL2,255081.39637628754,-1052137.3849060757
2K9,391642.62425823894,-1008205.2360852582
OK25,383984.8016302719,-1010761.9051566728
F32,233267.7340628807,-1189594.8091265808
OK51,185905.8736239017,-985905.7385497367
F10,362215.38075097057,-1056934.220682361
2O8,150563.00678914337,-1052873.4593514754
HBR,86624.29438212166,-1111180.1330516383
F99,327177.0248079629,-1094113.2197698872
OL14,450455.5821651713,-924336.5167766861
1K8,446362.3750086649,-925920.187697425
F92,185032.19369965402,-1011159.0045127359
6OK0,184458.31834397808,-1009541.0448411868
F31,310884.08907297166,-1216136.223831507
OK30,443409.66636046645,-932163.801365954
LAW,145603.18957258665,-1157067.5797095946
OK08,151765.11996886195,-1160749.740887461
OK07,154065.6071810978,-1162393.1072037711
18OK,143791.34360871228,-1152487.6909643216
OK46,171443.81549891105,-891434.1967428492
OK47,176679.70939382544,-893223.2878810989
2K4,43230.402434068084,-1122322.2440345883
7OK2,45781.860637012214,-1113021.20240892
1OK9,269622.53568413656,-1219423.9406657384
OK29,272971.5382127358,-1223646.7347737385
1OK7,230790.43230384658,-1129266.0025505242
O53,200963.04808051564,-909378.218521154
4O7,163566.02912296672,-956701.638817554
70OK,454355.71779410617,-893504.7625912405
MIO,455362.98056554626,-885044.831046561
8OK8,456162.03411335964,-889136.6404541323
2OK2,248542.433231321,-1070048.198083432
OL15,236770.79460454662,-1055232.0226575867
76OK,217073.8716921549,-1075940.318054041
2OK7,212974.28724153267,-1078979.868357492
O14,183301.60029552327,-1120524.5996851514
5OK2,344188.39039663627,-1127664.5017802652
7OK6,233367.04559970103,-1081420.132842148
10OK,253366.47127611446,-1088308.9021716146
OUN,230379.4043320661,-1079902.8786324407
H66,390743.03758419846,-909625.0329930208
40OK,311825.9560941056,-980461.1597753565
O65,152407.5911956965,-985727.8266238964
8OK0,154256.8427145037,-990592.1666334603
F81,335908.2553915732,-1058308.4638167515
OK19,219908.7706111535,-1048563.0998170753
5OK7,207472.45853228026,-1056036.156540537
OKC,218240.3077465392,-1063902.9710996167
3OK4,225011.43919702063,-1054288.3780391018
PWA,213634.88239657285,-1048390.2142271786
RCE,197736.63099062204,-1053925.0255734662
OKM,367060.7534360853,-1027714.1003895431
F09,52522.139369596276,-1164354.7063699723
OK15,385405.502710517,-948200.7902539083
OK37,388277.3611175556,-937677.1463057171
O38,378944.1000552263,-960671.1867098556
PVJ,254806.59648708056,-1138546.687448068
OL00,255959.8727410535,-1140483.0958671945
H76,321327.1162763363,-918382.4764740475
78OK,328487.9331899308,-917836.2042988335
H97,286771.38299415266,-952459.067141509
9OK2,287454.67626653967,-957600.4164212049
67OK,443658.96455384215,-983103.8046761563
F22,244400.00883992962,-953028.0063135312
OK38,242651.00162305866,-963881.0362024119
2OK9,214906.00467373358,-1034618.0299446938
PNC,259095.20039473896,-914102.2836656738
27OK,271186.00914236245,-912531.4481130331
OK49,266785.37726935744,-922924.7368583435
2K1,195980.76439692444,-923718.1225733862
JSV,472129.44496239,-1047475.5827034151
OK34,468310.57437095535,-1042599.6590111748
3OK7,347585.09459856537,-964954.23924283
3OK8,339221.495996469,-979209.7101947283
OWP,346308.19556385407,-972392.2941129289
03OK,346070.92430851486,-987286.6745857244
82OK,351864.3990465737,-992352.8481629782
90OK,309700.7515862031,-1109980.6465864733
26OK,309843.65142931195,-1109595.479314466
3O4,31254.27881517588,-1091904.9154206382
1S4,96049.37796645526,-981901.3688681396
24OK,300906.37327818805,-1077549.2131015235
SRE,302826.7914857451,-1074191.5047344295
6OK9,275266.6371499779,-979047.5213629077
OL17,484194.4935126733,-1005458.1782834723
SUD,302558.3077121191,-1017062.5235057573
OK86,300182.1435487881,-1021717.3051358687
F30,276837.5338079931,-1158022.071212586
TQH,450892.50005360687,-994105.7011985901
6OK1,450600.0665721097,-986212.9576952956
6F1,451836.13684693514,-1129791.1676451215
OK35,450653.9562646536,-1124429.4291684304
OK79,162376.63331789707,-1191175.9583377023
TUL,369902.00173730054,-968710.335093024
4OK3,367762.9254893854,-982526.6455566735
1H6,375867.9594353266,-975020.4717841136
4OK4,212766.52748674646,-1075752.6087478646
53OK,203799.47357769313,-1080876.6308578057
4OK5,220682.57924538723,-1157259.203932228
OK01,367389.5915426453,-943228.4922398068
5O1,62776.53598520002,-983835.4582812901
OK05,409317.0376769174,-901785.6752719929
H04,433609.7679163377,-919081.7915275494
5OK3,435055.4155407018,-933021.564613729
86OK,432936.71428799804,-914806.3577277173
H68,420292.81901274394,-991925.7224391188
87OK,415845.86000482267,-992607.8226940968
WWR,42853.894927698486,-951049.355198973
OR18,-1423477.5307191722,251126.68983353308
S12,-1793688.936340641,218055.39340039884
OR20,-1799314.9153854074,222116.39516622023
OR21,-1789828.269720536,211682.6699449953
9OR8,-1790436.4883174929,228192.66695127817
4OR3,-1792026.7598777257,228405.4004820835
OR67,-1788907.2854099453,223355.75363095364
OR22,-1792187.7091108616,215439.73871450592
50OR,-1649599.651455933,114418.1507708585
R03,-1602164.2429275967,-14811.445507241579
64OR,-1789689.1451454822,263250.2013142556
OG44,-1790734.825370097,277591.89531411417
OR24,-1752724.899434288,276874.41019594215
93OR,-1393895.1663825097,131803.09416415828
OG45,-1400200.7818740723,112834.63795528395
BKE,-1390034.5125814641,135811.2352440438
OG47,-1393602.4836253608,97303.80701729062
OR71,-1800373.2243064533,270160.27623906004
S05,-1945467.3099396091,82270.57116961566
OR27,-1769034.670139768,328816.4029264582
OG02,-1764596.637251736,323317.80161547736
9OR7,-1764696.6264615068,322598.9371844695
87OR,-1719973.4581687036,-34415.43479320202
2S2,-1743753.0407247813,27397.486809741953
OR28,-1756082.317945426,301015.50348728494
53OR,-1745102.6872559958,305900.5783130186
38OR,-1519117.226592427,265366.4334168966
M50,-1516708.309397363,278656.0098715691
OR35,-1713594.0476653387,288740.5649132294
OR72,-1713796.7641111088,288734.06380871113
6OR7,-1713314.185924308,289860.1904604365
BOK,-1968868.4856993048,-29565.190255275407
OR36,-1969546.093158169,-30164.51749781372
7OR7,-1769267.7173433842,259549.7266920397
OR38,-1769881.0071888694,262700.8832853073
OR75,-1320101.7957973413,121497.9901220036
9OR0,-1801145.4881203603,182480.3307149951
OR94,-1799119.7509017126,190841.99511102226
BNO,-1509428.2044058205,20522.8512568165
81OR,-1589973.603620473,879.0501395224258
3S6,-1788318.8884996448,51146.68917860654
OG48,-1808508.8030799625,170709.291267069
OR45,-1807170.3604888518,170443.78129973955
OR46,-1577066.5214759852,244284.568502229
3S9,-1558237.358002604,223572.47410388905
OR49,-1922420.4580045587,109957.33606623547
45OR,-1925071.443793446,83942.18064939417
OR50,-1705841.830599642,291539.7546631467
4S4,-1763471.1116500578,319739.8464224339
CVO,-1815405.0253364476,208028.26998381576
55OR,-1818754.076858197,201891.84006060907
OR39,-1804523.2612546918,223608.27262380408
4OR4,-1813234.244351166,201133.3642535532
RKR,491274.6016724423,-1092545.6986123463
OK59,483689.08880434476,-1092948.9071038538
O47,298070.6406455371,-1051494.7306642774
7OK3,421749.5819185597,-953734.8429813238
OK84,421660.24406530353,-955107.4980021319
OK21,421574.5498151993,-951008.2000816618
H71,419886.5409616013,-963103.9078331903
OK75,240791.90589861438,-1103690.022619379
3O3,239347.9909116107,-1108694.920889537
OK28,300128.66121958575,-1190171.9531123387
OK27,501888.96381814213,-1045873.9628036825
OK40,192639.12910838655,-1138263.0519847737
89OK,463525.2471401327,-1047456.4492178211
0OK7,10518.611536276678,-970080.355466445
SNL,278179.67612159526,-1065934.3351972746
3OK9,269461.78459840815,-1070183.273347376
2F6,358125.069034543,-951872.8142245256
4O1,90618.33076000851,-1151253.6728620015
07OK,88803.17546101363,-1150645.206117183
45OK,391696.1187065603,-888281.67940636
79OK,351597.4851776582,-956783.8011166513
22OK,260475.73297959828,-1182048.8109624188
GZL,446614.834920047,-1065668.6969486368
SWO,262354.78176236973,-977304.5785974764
04OK,263416.1152823942,-982421.9490706576
K49,-162493.01185735935,-941921.9976490171
OK31,266365.82747005107,-1241303.721572299
1O4,114986.8244482162,-1028389.5083611337
1O8,76330.0454793145,-1170132.6061945914
0F9,307136.60825985635,-1193298.8379677099
RVS,362001.5080034015,-986722.9996656675
OK76,357894.9591479902,-978412.0575364075
7OK9,363180.3089919069,-976156.0367970845
52OK,363840.5514926158,-975230.0311946843
6OK4,363029.18117506197,-974853.4404553461
OK41,360332.8851035312,-974595.9249084645
OL20,427586.60044325696,-988005.9683833086
3O5,146957.5848317092,-1178653.2840967984
OK12,159758.0885981492,-1175458.6849475643
JWG,142784.51953628735,-1013409.4406660103
1K5,102587.11587573697,-935690.7803278344
OJA,120902.9276851638,-1049121.4273451965
3OK,271679.94652904075,-1032482.1213478012
OK96,263880.40093838837,-1022173.0473653036
4F1,328601.28265856684,-968059.6660415444
OK92,342758.6406257252,-1077069.91396538
8OL1,343618.17761183454,-1077647.8674997364
H05,421355.6819969697,-1107932.4729349653
08OK,433679.91702134715,-1106000.0349511013
18OR,-1788598.7549329153,269737.9556825095
OG53,-1509757.4323109544,-106323.31839555044
2OR1,-1594642.6682554372,184635.55725821125
1S8,-1545837.5444495329,275447.9344238469
OR16,-1458676.4126331648,-48232.81742149359
65OR,-1835208.4650140721,-54189.56946757312
S03,-1837777.5463064965,-55215.469503372224
AST,-1805409.702235777,400081.0648026309
OG03,-1800125.6885593035,402003.837376124
OG56,-1799448.0867956805,397510.4479914302
OR23,-1787942.3146955497,395079.1502628215
OR25,-1775356.977943431,236864.29835770885
UAO,-1753038.2148804246,277366.4388919529
OR68,-1752406.7902027485,278531.07534229
86OR,-1752572.496229869,310383.97847336176
OR00,-1755346.89024172,299980.8648655912
BDN,-1669032.3384475552,119320.96292792674
8OR5,-1676148.4405581884,115765.92153373464
OR30,-1677137.8615285684,110904.13386602938
43OR,-1665322.2775787583,118046.50077489608
5OR5,-1664479.701240463,111125.336747739
54OR,-1674929.1445324095,117877.6282672291
OR04,-1668174.1103334052,111541.1974891606
OR15,-1680570.1825555996,128523.95759408832
85OR,-1704902.0148603083,-67144.87695740577
80OR,-1699473.9439649307,-73257.21495605969
OR32,-1495223.0768754948,17173.28194673845
OR61,-1770262.443577851,333006.82190282753
44OR,-1750587.5007203454,273747.19504401594
OR40,-1743908.5581926997,275690.0312146436
OR41,-1746762.38165925,270904.7188609592
CZK,-1673704.0186116302,304709.57493251184
3S4,-1920477.9910222911,-40925.46698030816
OG58,-1853827.3074522861,-25435.73366246506
2OG2,-1849848.8467794298,-23728.789065339282
2S7,-1765110.8246639722,-30457.362763511694
62S,-1651829.9930133773,15196.40293651791
OG06,-1666404.6339356247,16172.561022421436
OG01,-1807994.3545311654,217601.1471949165
OG49,-1815464.014701524,199261.8884118464
OR52,-1817132.4130781929,205801.23662047272
8OR7,-1806423.827145313,220596.10161623507
OR54,-1805989.5108609507,217112.67254527385
OR55,-1809188.3332021646,218772.79142986712
61S,-1817547.3109157335,127508.62193140587
7OR0,-1364096.6282533554,189691.06790086112
OG07,-1378744.269714673,190167.75421390764
7OR1,-1484179.277534425,-5305.404441220011
5S2,-1742853.0953497442,74325.2790472267
OR33,-1742848.267437092,73625.6497489287
OR57,-1815688.7392453176,134528.02559941952
77S,-1811692.260107263,140605.1678284134
78OR,-1433503.8788210123,-29729.712596349913
5S5,-1665990.3142310807,167835.31613763553
OG00,-1671000.7873108434,173693.21826336673
8OR3,-1851209.7016755876,35599.63725158701
49OR,-1530289.3843411633,141063.26355668702
OR13,-1517944.2765155174,127519.60021759434
OR08,-1499285.047380925,-35148.621925087056
67OR,-1759886.2974867455,277816.1963615194
89OR,-1829651.4117028269,-9971.132030152276
0OR5,-1843581.7072304552,-16956.69922989029
26OG,-1835363.6635237825,-24046.633543547116
05OG,-1816218.5003614791,157025.46639898373
OR09,-1485565.2944784607,-129403.02100996659
2OG4,-1516724.1373877965,-122804.44594286811
6S2,-1893829.0952733657,171632.24513896508
1O0,-1896631.2664076677,163250.17350168928
OG57,-1892781.1779859334,170360.87610551715
50OG,-1767429.6978659397,314922.3695285372
04OG,-1767524.1314272243,314882.22688312316
OR10,-1536093.1524345127,-81513.99780100997
69OR,-1775058.6999271426,303280.2553342018
6S4,-1742399.8634661613,215675.50764433245
OR73,-1903395.6555782305,33088.93729255821
OG41,-1871157.1462530592,22499.867407475693
OR78,-1805339.2169418046,178505.45974775893
HRI,-1474447.6677827581,269638.8628111807
OG09,-1477691.8415803758,272626.76326218667
7S3,-1760143.5251794008,300690.20860005455
OG46,-1760056.0577149151,311353.25466692715
OR31,-1764452.6217174726,300206.12051180034
OR81,-1762050.6656120142,315903.2946314134
OR12,-1312656.509839233,137960.34942194982
OR91,-1301713.57284391,149297.06704001056
4S2,-1648236.7674518537,297101.999136808
7OR6,-1653560.1776866165,294390.5211365698
OR43,-1647033.077970121,300251.1502396169
3OR9,-1436374.5226144616,45405.552140220476
OG39,-1535245.8213760033,150045.04892278902
OR89,-1556428.0115354315,194571.46733812767
LMT,-1765818.748562519,-79479.60394073268
9OR3,-1767227.6499865444,-67855.03883835765
6OG3,-1750651.3883602822,-86642.78826333975
3OG3,-1771398.5432936472,-81883.99667037388
OR90,-1779810.4386479722,284972.36322906805
LGD,-1393967.0248513517,188521.10474901804
2OG3,-1738370.0713700836,294568.24347702425
9S3,-1912004.6076235839,130268.03910204548
LKV,-1660210.2601934983,-107042.08567791447
90OR,-1655890.452040778,-105899.16365129476
22OG,-1656704.9655167991,-94725.58886666266
OG19,-1655981.2122516574,180311.57779125439
OG51,-1636277.890817589,155651.93607492204
72OR,-1630821.3705192397,189648.7288893358
OG35,-1647369.3222423315,176632.49815314947
4S7,-1743596.8788191318,-103555.53244428302
3S7,-1824285.6837351876,351839.16364458477
19OR,-1641584.6755814427,229777.91206589818
OR06,-1847824.0411764514,-11562.649429089175
OR96,-1846342.0878852655,-11995.862441028286
OR99,-1847365.2852597127,-37525.64944205992
0OR0,-1849166.3659696889,-34565.28393736033
MFR,-1848901.1636070218,-30420.714220456124
0OR2,-1901467.9586704925,-43179.383129696085
2S6,-1765296.3167571507,286669.5531800833
1OR1,-1762740.064065663,292905.13378358854
28OR,-1760767.588174458,287265.40709834837
OG55,-1763526.3233949447,287633.6818267773
73OR,-1771084.6663712033,297144.4849534075
17S,-1771754.13300738,291876.32464279316
ONP,-1870386.0499083917,234647.3205184647
8OR9,-1869007.9208365576,239883.78602010277
OTH,-1922459.873897469,113968.37166049553
1OR0,-1916951.7767897826,120042.9326707532
1OR3,-1759989.807858444,319743.434329346
2OR0,-1731272.0076577321,282366.4283661303
7OR9,-1728479.0863036641,279218.5423299516
28U,-1387683.5867950914,-26494.618738361765
OR83,-1314056.5533772868,134853.27741639718
PFC,-1843023.7818814886,298973.7265202405
22S,-1658068.899844583,-43178.84864617235
PDT,-1446816.7408164265,247579.46377158296
46OR,-1445588.5986976475,241245.12178159482
OG42,-1428809.1215325133,238651.82546036138
45OG,-1448594.3321160015,222831.26193813156
24S,-1818338.0055791852,-70124.56949384056
4S9,-1740596.422827974,270149.04650570505
OG11,-1736434.1995373226,305910.9020824963
93OG,-1648064.4139664192,138971.1948215843
6S6,-1925626.5222194276,50547.79224264886
OR17,-1468199.0092925585,105023.78719929121
97OR,-1465389.8118729147,107042.06619528656
S39,-1641025.7917707108,134228.466505924
77OR,-1640961.5739319199,133282.48287741898
2OR2,-1635750.8321402,135461.4288136741
OG21,-1637345.5525934184,122495.90271428203
6OR4,-1632985.767437738,130387.64654210379
64S,-1807916.1476307665,654.2445151016562
20OR,-1724895.9366550168,278264.0444808049
RDM,-1660635.4083457722,135572.77094228027
3OR8,-1668889.8946071689,141190.25736849502
62OR,-1662005.394710152,143793.32826378403
OL02,-1488285.079404825,254262.5258600371
94OR,-1865526.1910074821,109825.94946533136
33OR,-1836757.1754223828,163662.59912879037
8S4,-1334479.1933071201,190768.4044870228
OR64,-1319403.8935508458,249156.20521582986
68D,-1363828.9669202087,188068.2308394189
05OR,-1340273.9010459075,194262.82758115232
OR65,-1718159.4533353308,279804.9356924957
OR66,-1720831.5127079478,274638.48712310416
OR88,-1717533.8480714776,274115.9959996943
EUG,-1821248.2565430696,166143.80782859208
OR69,-1813824.8828709645,154733.58263699154
17OG,-1816256.8223888807,156896.64656561654
S45,-1858521.0558597625,265835.34794379334
17OR,-1840191.2358149926,71013.20990816779
98TE,-1843506.218691569,78777.38957598612
4S1,-1968455.9769540818,10473.534264791624
OR74,-1911326.0545460773,26441.208424513592
3S8,-1884920.695869264,-3973.8742566854867
56OR,-1717714.8007271586,298488.01641159743
OR11,-1399575.6174051054,146577.3397871603
OG27,-1403005.215275862,150546.03055520233
OR70,-1334300.7300405013,126056.19382252016
OG16,-1813252.3951864708,193990.98763498876
OG50,-1395642.3675787314,23604.731981458168
7S9,-1753131.7983357427,269587.0019367845
25U,-1291090.5846321532,181782.33093436414
7S5,-1796884.068567834,245879.81597879055
2OR6,-1437267.454899126,71307.57458006895
OR86,-1789077.6404517428,230456.53658969497
2OR3,-1791637.7578144681,235806.382235005
21OG,-1782747.9083869546,230499.75644123295
GCD,-1489635.8596932818,109125.16337304449
12OR,-1393619.3348336031,-79376.89046989309
JSY,-1335199.5984279471,183453.63928318428
OR47,-1817548.8161121178,172508.59388430903
OG36,-1818532.0641622883,180075.06998213963
OR14,-1436278.3484486223,20620.336128956056
S30,-1787257.815575098,203659.91180932644
8OR1,-1784969.2671485385,205365.91617711214
88OR,-1789237.3147016393,208598.97391005896
OG10,-1778646.9013510428,204175.61536631198
9S9,-1516771.1492331964,237003.55344387077
OR93,-1852376.3023566392,276811.33749903244
OR07,-1490608.6032032156,150747.67553102935
OR95,-1793816.5936500386,266376.4032501237
26U,-1450862.6367990235,-174503.2561593342
00S,-1734009.3901888581,147430.01334161943
MMV,-1781908.3939429407,279770.8409297973
OG38,-1784017.4946004762,280923.29095200804
S33,-1649102.9072469363,180774.03373490376
0OR3,-1767413.7667506265,-94977.91946143308
0OR4,-1659181.0662530018,177277.16353094878
OG33,-1409251.8720269378,259815.14348964507
9OR4,-1411039.2601857784,266525.52072148246
04OR,-1574543.4132178917,170309.55314687258
64OG,-1554356.798340977,135452.32231788797
OL05,-1744810.3654241087,263156.17783720663
5OR1,-1745254.8947416262,262701.2441128961
0OR7,-1802193.5182791674,245931.6512936629
OG52,-1802304.0126031882,244231.3034356326
12S,-1513739.8722768135,164388.20680456326
0OR9,-1651712.104769,288736.3870233683
16S,-1864235.1193737956,46909.07945607754
OG62,-1860742.975194505,48921.01817725435
1OR4,-1760722.8752573843,321426.34200569324
OG63,-1760381.32784329,326583.7148078441
97OG,-1348953.397498356,19235.56559024198
60OR,-1848184.410544446,92400.73177416572
2OR4,-1851722.7824365008,99122.71863997239
5S0,-1778834.3078059931,110181.95793711093
13OR,-1773217.7297016531,107179.34362773981
ONO,-1347962.154906502,32915.79044372064
5OR6,-1344925.3329638774,32974.82767034724
OG20,-1734479.1790367044,280539.3267546028
1OR7,-1728412.9843122847,274947.5499183741
OG30,-1738636.2454262103,281263.53081883973
1OR9,-1735972.8030076034,285112.1823118402
2OR9,-1737485.5965086624,304380.7465185855
3OR0,-1736228.0041787769,301543.37437759084
9OR6,-1738891.3945372088,302699.1221719776
7OR5,-1736472.5960740077,307289.37736969494
9OR5,-1729070.0756929687,301468.45354152244
34OR,-1732581.5782375406,304226.70474600286
61J,-1737024.2727250627,305206.51185313787
PDX,-1729571.0771865274,310444.7043324455
HIO,-1757200.5678623386,313129.35322612355
TTD,-1716300.2659024089,301988.99050214066
42OR,-1600752.8578602748,105840.67833475192
79OR,-1905105.185833106,141173.89350114242
4OR0,-1869259.62837897,-3366.947734004074
REO,-1450179.4857743403,-109674.57074449718
0OR6,-1423804.393316939,-86182.63295811939
RBG,-1859842.7612914576,73957.07249272973
48OR,-1873557.4884063392,68694.1476861364
58OR,-1840068.7815323146,76309.52043177921
OG40,-1870447.6931412723,76909.05345434872
1OG1,-1860561.7074629476,74587.89970779339
5S1,-1864317.762943489,72498.91226144458
95OR,-1874415.4412379297,74620.73703955974
OG13,-1868221.7307904281,-39761.286898080674
SLE,-1780916.9487717673,246083.70397328038
51OR,-1776195.2042917905,255226.5184970412
9OR2,-1783715.0693730311,242071.66501298532
OR87,-1773167.75369727,250412.98981177984
3OR5,-1785152.161889042,241555.2196313305
4OR5,-1774530.314922039,251025.35716050433
4OR7,-1774336.0085796432,253016.77108298073
OG37,-1782539.8468672484,249269.30971285832
4OR8,-1785746.495408824,240365.41947012953
OG29,-1708117.5580735565,285772.05515716725
S48,-1712377.8280787957,278095.35384795076
4OR6,-1708441.2585718196,288102.4632354091
03S,-1708011.771544951,282348.9733256596
8S3,-1715604.7027621304,171723.63406527785
9OR1,-1608229.7824531132,208430.21758031336
OG54,-1620369.745088542,206699.32349283437
98OR,-1799155.4771654194,285480.4178637364
OG23,-1802083.3080878349,281444.67295995716
67OG,-1807181.9664401738,268241.8802975198
5OR3,-1854829.4278182194,247468.37157822904
08OR,-1698140.2378229415,-18535.652722730065
45S,-1688723.227352645,10456.389015945677
1JY2,-1686753.8462600799,4837.920664960787
22OR,-1761968.5936466765,244266.94191607137
6K5,-1688821.5892259097,149120.065921476
7OR4,-1682188.1625635123,147804.40680938473
61OR,-1673957.9306886406,148574.54534656182
S21,-1694658.5589479762,100940.95950437292
OG24,-1844926.1620775287,87003.55170031366
DLS,-1622632.4464101414,283856.667883009
6OR1,-1631734.199341069,280843.2116875708
09OR,-1623235.4865662574,280288.9674650731
6OR2,-1631130.6425793273,285169.64747780125
OG34,-1752651.1438237226,295123.9107460039
OR37,-1747137.502999386,298798.11490921665
TMK,-1824969.7663923549,319125.8766354213
6OR3,-1826691.1780107627,324251.3604359516
5S4,-1860859.5630262957,234120.66311682368
03OR,-1340745.1300803588,241458.30027789838
0OR8,-1845031.526419533,-18708.811209380438
39OR,-1847444.6860642363,-24511.69137711941
OG25,-1848762.9273987634,-14535.222296486723
6OR6,-1899996.7673193167,-13351.613786930426
OR05,-1792717.7046146751,302602.8654425953
OR59,-1782838.9036042704,296104.3064299743
21PN,1906242.7567891658,-269668.45581597416
3PA5,1704880.4112594496,-309460.6242484656
PS27,1742981.3745422217,-366567.4697751961
PN03,2077838.4550903537,-225394.94394984617
PS05,1606207.057989157,-153659.04566851727
75PA,1599539.7249083177,-155555.90111229903
PA30,2005056.370263694,-171993.5094449685
PA31,1958520.7168877216,-242712.19217311614
PN46,1707123.0523688255,-279543.71408603125
PA32,1960519.9100687406,-185237.28379762842
PA33,1912331.6326712302,-61395.405602932726
2PA2,1981301.9254203252,-198979.06395870174
PA35,2027385.65333535,-204406.98358357546
7N8,2033502.1913410013,-206575.01015214255
8PN2,2048988.8134145234,-141351.83537697548
75PN,1641821.2047836038,-281969.15274798276
76PN,1640205.71703684,-279404.2796399803
BVI,1632999.919232756,-274132.8894934438
PS06,1886664.887188806,-211147.4450580895
8PS1,2044024.4591472147,-177991.6108073907
6PN8,2044075.7720447748,-174053.7165716217
8PA2,2042771.4241891757,-169953.26288728253
3PN0,1909769.9519346582,-294648.3600866433
PA51,1915662.3335600332,-299010.53521663224
84PA,2015133.7978589013,-222599.69860355044
51PN,1682818.122654304,-293246.8187859549
N13,1945274.0712560383,-163077.30474533353
PA50,1943541.7774873981,-162144.7244482722
86PN,1950217.830184917,-156104.54786189465
3PS9,1646373.1081965598,-316232.11143150943
PS11,1865988.1565482758,-227311.7664010431
05PS,1855540.0453526254,-288732.4290602716
BTP,1668666.9403494964,-264809.3086333349
PA41,1672096.7708310655,-253521.90413188378
3G9,1664779.061569578,-257020.14875549814
5PN8,1835424.995471278,-272678.4199365933
3PN6,1632758.244886512,-161506.4559338761
PS64,1631136.254997753,-153259.35741198043
8N4,2032760.5724259412,-110640.82017405813
82PA,1649531.290659452,-313354.7702433722
PA59,1664012.5036763658,-328046.54304882005
PA67,1662666.5670176246,-327465.4363728195
N74,1855071.5180078556,-201914.8859243036
06PA,1768897.2136210073,-97267.57641054776
4PS4,1990946.105099487,-53132.231315087396
PA58,1885054.8300995373,-299974.3339996421
PA60,1879090.9867341002,-306540.31410847226
7PN5,1880177.883694593,-312005.67884726846
N68,1878154.1736030683,-302156.37467327935
PN08,1733911.969157251,-252932.47258982944
PS65,2066060.298637304,-259964.95051348582
87PA,1681978.6487813643,-244150.67214896323
PS66,1704901.4305404483,-205329.73662891058
AXQ,1698002.976489345,-205555.9064961745
SPB,-1743434.8558541038,335853.7275601537
8OR6,-1745447.1746210812,337774.012055563
OG28,-1771497.4212248204,216811.0549424105
OR51,-1764111.8309423157,218903.97278633574
56S,-1812242.5549676542,385380.44186308165
OR63,-1819360.0895719575,367177.18783445883
84OR,-1907185.5416703692,-28053.27449937204
5OR0,-1903183.5097105736,-24862.155664601352
71OR,-1505904.6693417479,94806.23573254982
7OR8,-1522484.1368181708,81093.74395726043
OG14,-1496624.7851256619,67385.39510094207
OG31,-1838432.7109714895,-6156.6419449618415
OR34,-1680258.9269203362,148845.55997123418
OG15,-1679623.2337150122,138305.6848985137
5S6,-1961325.2520997755,60356.33869099359
5OR4,-1727724.143869881,-57503.19667333372
23OR,-1803930.5668652994,151894.58088621433
36OR,-1799819.4608312855,145599.4336453356
41OR,-1807655.4498152365,153794.24181392387
OG64,-1808533.5732442245,157291.70956970693
37OR,-1428650.2356716255,174044.77701157297
5OR7,-1767818.9190802842,230076.5081796065
5OR8,-1773755.1795830855,228004.48674894695
5OR9,-1766891.3007072941,226409.97352145443
8OR2,-1764588.627157919,225930.17889366424
6OR5,-1746713.842893187,290815.3175520084
96OR,-1460194.8014255217,182353.7001016241
59OR,-1474486.3553647334,281608.52129170106
OR03,-1373262.8559280462,158107.78074262178
S49,-1368406.1866072197,30969.85566188001
05S,-1768881.4986607695,352957.96074800915
30OR,-1773202.3139602782,348455.57799456985
R33,-1878802.3055023614,214227.15170825063
99OR,-1359681.297904158,222227.81299638847
32OR,-1642610.7696045956,246942.0206553095
OR53,-1640933.5230051063,233796.75821737252
15OR,-1810631.297461723,396824.6030858888
35S,-1586665.1893197666,270693.54509941884
92OR,-1742435.5579538927,284712.3913851778
ABE,2035303.462784226,-176046.8940675607
98PN,2031406.5534451876,-187474.91762632667
PA26,2032284.897196584,-178889.40403594178
3PN5,2028664.6639062983,-188376.14388433637
PA27,2027102.1997599674,-184258.87791556725
24PN,2034154.385166444,-182438.98364347738
46PN,2027316.454888909,-178970.31238195588
XLL,2034067.6888695816,-186084.5711020258
77PA,1677834.885115719,-284791.1348373019
AOO,1814006.9601533618,-282331.73523786775
74PN,1801399.2021603056,-259613.5135471713
PS15,1801218.6055387498,-256656.6246427943
HMZ,1804059.8176127812,-309416.6852880094
PA36,2060516.4043591393,-191594.83182911592
N96,1838090.9345751044,-207211.99390424986
PS44,1804789.0209586225,-248268.9843774717
77PN,1889977.1692877896,-204296.66291721107
00A,2094338.9744976987,-225853.70187722257
PA40,1942919.5456485855,-140075.41266594522
PN98,1773833.2243444924,-335234.08082275046
03PN,1963408.673824864,-149508.04967734337
02PN,2052271.83254727,-240505.09052991163
8N1,1974626.492950987,-214326.71156972332
PA45,1893467.764024278,-129138.56240391593
BFD,1746333.5362242898,-125836.67947758781
6PN5,1744288.75778894,-114256.39858836333
PN22,1740098.2578603486,-110464.23773814592
PS18,1744503.8929040092,-114642.3022337144
6PN9,1971141.4791450487,-168344.83134294138
PA87,2020927.660362883,-192995.43744381674
PA93,1711183.1925292432,-264571.0232831531
47PN,2095643.330723548,-219368.89396834114
9W8,1975732.1197729325,-288020.49842243764
PA04,1727916.8824142106,-205680.73830697345
3PS1,2080925.0459081263,-223628.09655212727
9PN8,1997115.4212500826,-73573.55015502921
PA53,1997424.4018835742,-73248.11380648239
PA54,2011162.074227174,-81261.76728994037
N95,1910496.3092165538,-266090.0982065253
6PS6,1911072.1141445502,-259647.60589206644
N94,1910040.5629462933,-268041.6358381469
5PA0,1691551.743165696,-363293.36576584174
0PS3,1934025.2779796158,-225754.61539761044
PN30,1832614.5841248771,-281134.5846309482
N16,1852985.8110851578,-211611.7446899396
91PA,1702389.6847418034,-208167.1870283732
PS67,1646541.4654057317,-347530.97213480563
23PN,1782966.0124945291,-205159.40813952326
FIG,1785352.0995851655,-202754.07170540624
3PN1,1992236.5043009536,-75457.21748881578
88PA,1637123.9551832266,-299980.69316032395
PS39,1752948.8931137277,-260230.11508909584
PS07,1992200.2454425208,-169583.579307363
MQS,2022165.3098739486,-259195.17645864133
4PS8,2028609.1448881144,-267268.45389030257
PN34,2020830.041685737,-259714.06458288073
PN52,2020083.9340698838,-272934.82562038855
03PA,2048669.8481945999,-229420.72035038075
0PN3,2048987.351887268,-229816.25838114045
PA61,2049715.0999825362,-228841.41169475223
PN54,1894988.1991460277,-79256.93372721586
90PA,1785797.7231244934,-106176.62120592101
VVS,1713824.7167866065,-347736.93294052547
63PN,2043547.5602146958,-190394.1118559891
92PA,1670463.256151722,-272704.3744030883
PA65,2025088.045331583,-173621.6723978046
8G2,1663872.84140133,-135431.53883718685
11PN,1671256.7755277227,-197676.98099588888
PN01,1677215.3244119205,-284402.1783552171
0P8,1943930.6104512603,-277283.4078199308
PA70,2031164.9310607826,-243197.55660500104
9PS3,2069520.2341902151,-205690.6309926567
PN28,2070495.9604389523,-208027.90648979772
DYL,2070843.2073865968,-202436.74507985258
PS46,2065282.9033005121,-200748.81799262343
PA10,1754714.369269979,-203442.05851156317
DUJ,1742944.079101052,-199179.98742093958
5PS5,1912018.8337372348,-243107.75613839243
9PS7,1800986.9429928542,-268363.79664574924
PA71,1927153.8034416225,-107225.25500920237
4PN7,1924496.9489062987,-119729.85069443227
40PN,1919301.9737189189,-124760.73352410037
PS48,1976918.356991715,-122787.89168275542
22D,1673408.8257323825,-338106.5435297329
PA74,1928866.627588681,-230189.52930143612
0PS7,1926726.7651032107,-224163.9695155406
PA19,1989950.8642121272,-67316.21817084965
PA75,1846395.6820574289,-79037.25783352175
8PN5,1941123.9658528543,-183539.1540700257
8PN7,1785623.0699354499,-148744.1838680948
PN11,1622316.8396651065,-263237.7239178231
ERI,1616839.257395204,-127065.80737434317
29PN,1623484.217020017,-122058.93240037172
03G,1626683.6530610754,-131810.0343713405
0PS9,2096018.5346924467,-212131.95984805355
PN18,1612740.0553976332,-134523.48723866485
PA88,1726797.986153747,-361941.834550309
PS41,1615652.1535058548,-228022.90308324716
PA81,1888870.9159838362,-306139.4036580002
G05,1677550.47263369,-323836.609169913
PA82,1986119.4818786245,-79942.08687426626
4PA0,2047953.9902545293,-149611.9085018817
18PA,2076709.9773478599,-205218.86750562137
9PA7,1755372.6314290545,-358579.47724744043
P91,2011489.697673776,-173440.75613073312
9PS8,1911111.6307717445,-311421.31301964854
PS90,1914444.1492474098,-315873.6894202999
PA11,1915592.9228415831,-308798.9122834054
PS56,1915645.8699568124,-314073.0743622386
PA47,1913375.1067094926,-314539.9045944346
12PA,1919086.7887117246,-304899.21117928874
PA14,1915054.938961276,-313594.8551922973
W05,1911954.8705871496,-307898.85286089237
37PN,1936726.8464038803,-304641.6362385749
PN87,1977763.370625387,-125349.68600328785
PS50,1977640.1274844082,-62851.05176997317
CXY,1935310.0175078884,-257298.05402973882
PA95,1940314.393290861,-256070.33728752812
05PN,1932314.9118811102,-248485.9436104074
PA48,1928664.2361770512,-255137.40844734092
06PN,1936757.2285809175,-237529.09822340967
3PS8,1938519.1656678899,-235482.30870142695
MDT,1943193.8006085365,-257785.2270711698
5PN9,1931715.858720261,-253602.0349564202
7PA3,2013756.126255994,-58854.066917222444
N30,2022733.654850706,-78400.28247206932
26PA,1872852.9785705912,-253524.50060799313
29PA,1629061.5029783263,-302248.8917842908
80PN,1634701.84137811,-301027.80012588424
N48,2070526.3587603294,-217958.10779491227
64PA,1833667.6460822322,-253943.6022823662
0PA6,1842624.13419569,-235565.82289480988
PN64,1839081.6168391423,-251498.44449904648
1PA7,2084568.688168262,-222668.143784246
PN42,1737675.703768267,-264623.8985337282
PA91,1735843.4023219063,-143939.74934379346
1PA3,2060937.740115233,-191788.77100002297
PS17,2039566.7757392174,-268075.13589994167
81PN,1699267.5741193485,-253395.19359655824
PN59,1704861.0760691594,-249313.05516791728
8PA5,1703744.8947752276,-251518.5133358504
1PA9,1935466.4713016942,-204711.0842313071
6PS3,1837886.6728175113,-82197.91872114045
07N,1928861.9987008935,-282568.2701019984
1PN5,2011859.833632601,-199848.97561059208
PA56,1659194.092117262,-277884.1581828405
48P,2032644.5506096254,-118493.57437404782
PS01,2097167.4287203066,-223720.01307513643
PN38,1680188.8454349346,-275064.04380870645
0PS4,1774776.2820382908,-210349.2990257701
PS21,1925724.441220324,-210015.1241080853
8N8,1930123.0550547582,-173358.74756851562
49PN,1932505.3633848724,-169806.0569618431
79PN,1932582.4070360297,-170343.54916808425
50PN,1709612.2479564997,-298919.85411645245
0PS5,2047804.5525180944,-145411.8255092044
PA72,1933248.4006321994,-288069.87098068144
N43,2048186.5651515655,-161433.22818448767
9PS4,2050558.490515259,-159815.75849659063
0PS6,1967395.9509023307,-279124.7869860781
9G8,1772491.896695098,-274397.04806910857
PS47,1776155.9109371335,-277290.3651073562
PS40,1993452.9125250247,-149799.8909632456
36PN,2055879.3611957468,-250221.5652124354
0PS8,1622509.9671279201,-119892.69689932092
PA77,2068830.9972555025,-182206.5838034993
PA79,2066400.6304474634,-180737.9913267075
9N1,2067838.0687879657,-185581.7867362813
9N2,2071582.4963340878,-257983.4702032449
10PA,2070614.316719332,-257866.74764860698
3PN9,1710002.2848950145,-292976.19517315354
04PN,2039553.5043564625,-247783.14874198433
42PA,2043364.8411641964,-247549.7774639617
9N3,1980707.12996627,-82881.26160250067
W73,1908130.2555407346,-318809.1572873931
3PN2,1908391.5928572929,-318508.1467083294
8PN8,2071611.3215621961,-224709.69152415564
PA80,2040371.6229168123,-179616.40735181794
PN19,1680363.6889786408,-219219.58716778125
FKL,1660327.0532258663,-197573.9513531079
0PA5,1659642.6160146783,-184229.0704634447
9N7,1961592.362751114,-223143.78699856641
24PA,1652424.1243541283,-278645.4690479365
0PN1,1697844.2723887134,-266930.88835011725
PN24,1694200.4929079434,-269106.57469706796
PN25,1691028.6702911968,-263884.04302230745
07PN,1810043.394204901,-201823.5784462749
52PN,1879882.3473322412,-327599.3450242234
PA08,1872255.0390080987,-324693.0919994871
PA28,1713235.1074049792,-308433.6193357178
4G1,1615875.779378139,-200664.58591253893
PA46,1618223.6339604305,-204120.0030377657
PA49,2028600.726314142,-92504.19789186174
4PN0,1645756.5473765798,-219809.64909200565
PA57,1647625.4241234178,-224531.6060233952
29D,1641594.2340119255,-228966.77951344821
PA92,1991368.1816010606,-201284.25267798212
68PA,2001452.6180814237,-202280.3028547766
90PN,1772713.14675518,-251498.51153422406
5PN4,2080299.342021993,-220477.0406656962
HZL,1980685.0884958038,-153646.01135113405
PS22,1984235.8375970663,-156914.71385775474
64PN,1948117.4872127757,-247932.00664663265
8PS5,1947441.6377170705,-248504.3497077896
3PA2,2060829.1648905585,-205813.8555743161
PN36,1741444.4487838268,-251098.4232847868
44PN,2020183.003486106,-73903.58607484816
PN32,1737651.151253525,-266750.83435363614
IDI,1741425.7327291341,-262947.8217828229
31D,1694139.799734328,-309523.97898874205
5PN7,2077820.4592284614,-212249.74214910442
83PA,1708510.6629468545,-308439.50151716376
5G8,1706932.6860876065,-301318.73782198125
P96,1876004.2486294543,-159032.63083509845
1PA0,1880240.532327178,-166332.59495542973
33PN,2000567.248113191,-92469.63216943288
JST,1771628.3638151854,-291505.0409571889
PS52,1775045.8640866964,-304551.489450975
2PA1,2044221.4403011615,-80099.3089081969
8PA9,2081567.1561051628,-199900.80629432504
2PA3,2010278.0064133985,-84155.62587423503
2PA4,1996821.0137864735,-47578.52588731234
3PS7,1996255.0502301687,-46425.56920956343
LNS,1983151.2496173219,-254209.30117129005
2PS4,1982224.0539385749,-264474.4455259247
5PS1,1984666.0295571694,-262486.3575646314
PA12,1977975.6370485504,-265126.8320353288
6PN2,1980236.6350450653,-261803.06114127862
2PA8,1896620.941424304,-258816.62645638047
PS71,2091008.7218262162,-211432.6955304372
9PS9,2090991.9372360692,-211442.63791435992
2PA9,2060845.153270845,-221235.2901268962
8PN6,2061544.010558509,-214865.19386620534
60PN,1681880.55498438,-314363.6810344715
LBE,1725838.7032244627,-308395.3523250251
PA24,1725957.302858486,-302912.9171308865
08N,1975254.802289665,-236769.47487057289
PS92,1968551.685750228,-235987.4334411787
3PA0,1961397.7448927134,-230158.01084186835
78PN,1704907.556631744,-186580.30227532625
14N,2013725.9394265567,-160205.73105856098
PS72,2040014.3742440133,-243628.5047007275
LHV,1862398.84176684,-171182.80362791874
4PA4,1858634.362471193,-172704.34361552386
4PA5,1849186.2569167013,-154828.4603558044
6PA8,1859000.6494248484,-164504.37487509398
PN53,1782348.1023103301,-261304.76136817236
PN55,1702781.1703485355,-362141.4714377522
1PN4,1849450.4840437206,-314215.6422388688
PA02,1618703.9353071782,-138100.79476877776
PS73,1863611.9443793378,-179274.03373773026
4PN6,1922586.3680759924,-268829.5523858078
6PS4,2059211.557931992,-255432.1261704099
00PN,1634148.4519644224,-213122.64174542984
39PN,1637391.105953872,-221956.4870248998
01PS,1958962.8991679472,-88802.5507834569
PN62,1650526.6419172706,-315597.4437237708
8PA4,1898123.9828202033,-183198.44893438174
P34,1879382.635771504,-228909.9197485479
22PS,1965891.2965435486,-57607.276051363486
80PA,1993866.678033347,-104703.94220192448
5PN0,2055414.0809607094,-139081.82511803295
N71,1961427.5659862969,-264211.91903197236
P45,1719329.57607056,-329176.2476240224
P99,1718919.6595396658,-329231.07499355514
PA29,1717728.6788813113,-325234.6737894687
1PN7,1718573.684770156,-320536.5354320421
MPO,2024703.8560719243,-122273.53619538758
32PN,1643372.6700291336,-276018.69500902976
0PN7,1874685.0921456355,-285051.3011679421
UCP,1624814.6116321732,-247017.5307349931
PN68,1631777.8342673697,-260112.62393465525
41PA,1915513.154486557,-258302.31470733997
72PN,1915808.4082553824,-261717.01244731632
69PA,1983303.7299712505,-228339.83292694838
6PS8,1978008.0679876376,-56992.03746382434
71PN,1928365.2661375138,-294217.7393021572
PN09,1799618.294419935,-114857.0591319367
PN15,1798855.3662892336,-102548.97452448498
16PN,1661770.350667091,-311285.30694607634
PS10,1728053.4765500212,-352617.45582703344
40PA,1998438.499171508,-92601.39420853562
8PA1,1957179.7591554993,-229185.0319629033
PN73,1848310.2216630566,-280593.2226377445
1PS0,1797669.556794092,-299770.0776410121
8PA8,2012126.102127891,-163936.285073028
58N,1955390.1314223686,-243249.83967260402
5PS2,2049642.1375942654,-243170.11160114812
9PN9,2044775.1730574055,-150163.70379944
9PA2,2043358.674727011,-203845.36717003476
1PA1,2073759.981885564,-239590.67701915433
9PA4,2080700.00074421,-244004.79319389455
9PA6,2073817.9030512327,-241112.51754571215
9PA8,2080124.604373034,-244709.43261010392
56PN,2077979.7170324882,-248817.71630466072
9PA9,2070746.8702281984,-243059.48624568162
PS55,2077185.8939147322,-244524.97449435064
9PN2,2077297.2134963614,-245683.65694460028
12PN,2073696.0021630386,-239872.27971845574
10PN,2073809.4477621997,-248855.6915142135
PS16,2081167.129502917,-225206.1506894713
PS28,2088818.8036034408,-231753.52768466275
4PA8,2065482.3239510884,-192379.56743636235
PA16,1677918.369324839,-299663.1364799698
PN78,1673692.2652159813,-302137.26930253895
PN79,1668965.1840573081,-288172.0483439918
PN80,1677177.2602983792,-299098.96635353356
5PS3,1676538.6677419706,-298592.7609160494
PA63,1671070.5131458503,-296641.2762692097
46PA,1680643.0135042819,-295018.91241239937
6PN6,1650299.9608193815,-314701.36038090405
42PN,1672604.6538709963,-300763.32102417055
PN60,2009006.1438583077,-162436.05503362956
9PA5,2009290.711091191,-169120.87737311
22N,2004769.306548096,-167061.91177657986
3PA4,1944828.2522376047,-71764.91632821009
5PS7,1909880.0956196368,-175710.99285082324
3PA6,1908303.2796539126,-174517.52844651934
1PA4,1863444.8157340563,-238835.2873150345
5PN6,1865836.3403750781,-230532.65753012124
12PS,2028706.5306995995,-287124.041817723
3PA8,2022151.6878280852,-277795.93067574495
3PA9,2061934.1241536718,-209520.25165025025
PA01,1606563.6796412314,-176650.69277280214
PA37,1972055.015256922,-178697.5260075078
5PA1,1949381.58013834,-161886.57574630436
PN69,2046841.7026819775,-238260.52808275042
7PN9,1716620.0983926996,-171768.80210401295
PN57,1741746.860150607,-241918.60853052922
54PA,1816873.272459682,-288530.0619989446
PA15,2055215.1277915812,-155343.52375046693
4PN3,1692103.0951369568,-363891.26640951954
GKJ,1625427.4755149896,-177583.25699272632
45PA,1630609.7309435126,-174508.381533141
3PS4,1844027.7245918743,-257776.4305004831
PA18,1864243.317031689,-175498.92704742486
19PA,1934831.207457874,-152221.3888857444
7PN0,1970083.7323857655,-189900.9055665224
PN86,1968845.5022871913,-191576.01878769003
25PS,1967107.2162502254,-192643.6486442898
FWQ,1693069.4272145797,-324064.22207276744
5PA5,1687354.5759468728,-328677.1683304696
54PN,1694303.8159372318,-298613.04143311316
6PN0,1692955.178931171,-297836.40250916634
6PA3,1903664.8141812442,-157569.88366937204
6PN4,2031356.2082590964,-125891.97579996094
7PS5,1911900.9672000993,-148054.58055869455
89PA,1703005.971550135,-291945.6767303233
9D4,1973346.739637768,-230249.39417124813
PS26,1689152.8268619222,-276002.109223365
7PS6,1690078.6389036998,-277574.4091368407
PA68,2044186.62922656,-165978.03979368138
PS74,2038607.888846539,-157305.27448458344
6PS5,2042550.8550426387,-165021.69303172475
PN66,1725612.2480010446,-290826.36215712095
4PA1,1905188.798543699,-188222.54884644895
92PN,1633325.0828450725,-239983.67305519068
34PN,1897605.8686453267,-236908.27196252273
7PN4,1800377.3719986877,-274414.0302893192
31PA,2057907.480914778,-245931.64221568705
78PA,2058186.32984334,-247122.21514175762
PS02,1894822.3920984904,-275161.0074451943
0PA1,2055254.1276581616,-232622.83673604814
7PN3,2061513.7154688966,-228087.09888242104
PN40,1636140.2613857845,-110537.56343738463
PN44,2061896.0597656483,-219051.21551316534
8PA0,1952292.2456728136,-176368.04839136094
61PN,2059093.5813623115,-195247.82271411698
0PA9,2063309.0555351006,-204772.10783563976
PS03,2059654.7587789826,-197174.36891072514
CKZ,2055602.9148524525,-200637.77679008897
PS54,2058212.3540262417,-206867.53138078304
9PN1,1700870.4712203736,-341796.2633048604
LOM,2065588.9659882905,-227102.9684756137
1PS6,2090458.0748305044,-227228.0012208348
2PS9,2078591.6013775826,-234893.02739058866
PA03,2077319.3373691724,-245510.65459677714
1PA2,2081000.7934944476,-237609.9695326096
P72,2081880.931860017,-245527.8871866773
PA62,2079004.036586779,-238390.01970874562
PHL,2075929.4181951766,-255080.32292677445
04PA,2076660.3274938867,-254004.07147021746
05PA,2078351.6146627425,-244582.37596633975
PNE,2087803.1967168092,-226626.71941817284
1N3,1801356.481092076,-207374.68455959886
PSB,1816331.452288254,-213394.84989845083
55PN,2045884.512118891,-234937.18317461756
PS20,1957204.195139928,-213855.42009193296
PN26,1669603.9931881682,-310488.838145406
PS78,1676494.8732736744,-301282.8675832367
PN23,1674683.7186829634,-302565.20868353476
30PN,1676539.9316037793,-298587.9589953638
AGC,1681356.9484800152,-310316.72956283006
PIT,1653058.7188770992,-301571.10045485134
P15,1688198.4265837516,-137774.71898471026
6PN7,2009992.3492641752,-131276.8837672646
08PA,2017752.3687338938,-133778.28453495647
PN84,1646210.060834024,-246440.88512575626
98PA,1646971.8627480725,-256633.53412346874
09PA,1825944.6431641146,-217403.48047399666
PN70,1883321.4822129256,-235152.403294593
N47,2029141.1712580759,-224021.2528418959
60PA,2034456.362919408,-224362.42049600606
PTW,2038959.3049818475,-223431.15763675055
91PN,1974069.384086116,-190412.11876942936
PS95,1972752.3767859477,-191298.26156978984
ZER,1959038.7145708033,-193016.86856762395
RVL,1859300.7782287695,-225472.06511120792
PN14,1664567.2604410432,-264353.8502729661
23PA,2063577.9512590775,-185267.57490818977
PN71,1905899.1755738857,-215322.2385810101
PN89,1749584.2121328616,-168958.5599675663
PS13,2069959.3445679385,-258459.46854299982
3PA7,1807129.3184981784,-279177.16259303526
PN90,1790746.5205439213,-119988.66004618246
6PA4,1711491.46414037,-120350.35704960967
5PA6,1702543.0377715866,-122648.72870003212
PN91,1835783.6479780928,-97444.33033430303
67PN,1943375.4606729855,-206268.478045827
5PA2,1976956.8110907546,-149018.32958266322
OYM,1768188.0967183816,-165240.08856366528
3PS5,1940336.4665916653,-187040.96930048222
N79,1940797.0905117923,-183227.13020929208
PA94,1612851.621540121,-226179.44221070484
2PA6,1987740.218674458,-209616.27889555346
0PN0,1634983.0514693782,-196490.55023094217
0PA2,1910283.9017928874,-252943.57822150004
8PA6,1906446.7787198098,-252586.40683197812
6PA5,1889505.378450647,-282596.1127913202
PN50,1999770.2703276258,-204105.0731303049
2PN2,1964595.075673634,-298892.6416262123
PN13,1718481.469913545,-193012.8509083282
43PA,2042332.8131286106,-231730.91458946638
48PN,1939447.773330755,-292628.96683087753
44PA,1855160.2201331996,-206533.55941998414
4PA6,2001022.5365874425,-38208.67940506282
PS57,1837832.9479820414,-214977.98515100364
UNV,1836586.808296201,-211763.593198531
47PA,1831146.3148590932,-228453.98941620465
7PS0,1936099.990107859,-255489.39922845727
84PN,1974715.1984277344,-299981.80394738674
0P2,1964402.6420358936,-297926.4006801872
49PA,2053119.8779726052,-146082.78182101657
2PN4,1768901.5526549465,-319288.51020762714
5PA9,1711842.3310306084,-206191.83118583125
PS61,1691616.607515178,-153320.48215970112
13PA,1684895.0113489968,-156047.63695111193
56PA,2069705.7682563069,-186722.98540763036
86PA,1805887.1144492216,-244131.6958684379
6G1,1663803.9359563482,-169970.02915610973
0PN8,1668253.0243740303,-167919.37931655193
17PN,2018300.83303354,-117146.60289685572
N57,2034473.055518205,-272840.5216339995
N27,1921614.5907456407,-83221.60154512567
5PN2,1920085.700269312,-78427.29705747869
5PN3,1809044.8938790269,-239712.48037104102
PN10,1912829.1982613502,-71203.59344941235
PA52,1643946.5531169288,-146078.17309947035
3PN7,1995985.6041123876,-59480.403254580815
22PA,1708152.7978568508,-355883.99398310826
79N,1830823.7201321293,-209423.31930908482
5PA7,2037520.878037857,-260835.0572315654
18PN,1871492.5426870051,-293276.18256786786
4PS9,1703351.447339138,-276555.0660193701
8PN3,1689131.0882165874,-189533.7978061935
PS43,1636228.28341758,-238045.77923299116
9PA3,1635865.5454326847,-260194.56399092227
62PA,1928967.7396823224,-280268.59579972597
2N5,1930068.1459823688,-278396.4713923074
OQN,2044709.4062343913,-250949.17041528583
PS30,2044923.9872716228,-251177.3670148766
3PS0,2043658.670980305,-253357.79686275145
2PN1,1829822.5344453892,-81902.8147539716
15PS,2025135.0344339283,-276630.1058643551
PA21,1614050.0250057548,-233528.2653743358
2PS0,2060959.8695039228,-221460.63297493962
9PS5,2004579.1434082568,-223423.96275545203
9PS0,1666329.1075615864,-284727.59252600645
PN82,2029451.944918111,-175296.59487486648
PN07,1996490.8994463573,-143612.05844375002
7PA2,2041922.8303317858,-156146.3266917442
7PN6,1964889.4474168129,-294456.1414255842
2PN5,1812018.8772830714,-288437.5225155601
PS34,2057762.1049553556,-223182.66758747477
9PS2,1690644.9102617463,-255545.56792928113
9PN7,1921917.8114435254,-73976.00806689497
7PA9,1956682.6105871447,-278425.4710694484
94PN,1954161.5996618324,-283581.15738991566
2PS2,1948922.415977982,-280658.9576657744
7PN7,1952231.8986422792,-284255.70046374016
THV,1942416.0494721471,-290269.69013069966
N35,1746207.5117935408,-222810.15272268833
1PS8,1740643.8996015592,-224937.66723508874
PA25,2000483.6603974015,-186019.0098708532
UKT,2046830.5477098273,-197986.06189709582
PS80,2047692.297904885,-205462.77902032572
14PS,2004818.8677669119,-275972.58057382476
2PN9,2060996.0060828333,-239187.56452590803
RDG,2001836.3108466824,-218544.25388283352
15PN,2004085.8257154454,-218257.3127659821
PN20,2004763.212368364,-218930.18694405849
22PN,2000784.6382203717,-219261.79854683118
7PS9,1761855.3212162913,-165415.77265884427
PN63,2037037.7351404321,-224790.9894762539
PN00,2034439.8744279866,-212662.36619612263
PS81,1908482.1497340354,-59109.11864181071
0PA8,1995325.2146169445,-100595.54142984292
8PS7,1995621.6970427996,-100622.22981358251
SEG,1916326.9400419244,-192285.7413018902
PN76,1673572.9731200875,-195951.42371749866
2PS5,1939711.8499772474,-189418.93934401902
69N,2018689.8263141292,-168147.7398598823
S37,1993069.3092610885,-260685.55711464403
38PA,2077589.1648244213,-193529.90471445158
PS29,2079984.4202685687,-194579.55780795735
2G9,1764357.6430310404,-325499.28935058357
6PA2,1760119.0086005884,-330250.78018802765
86PS,1759225.803553994,-328728.8575025109
7PS8,1831780.8977649014,-157569.14111346024
0PN5,1670697.5528770587,-148512.90560675962
PS82,2002472.3856915229,-110616.53468921785
PN72,1760858.5410177154,-264988.5396046093
50PA,2033546.810446438,-143538.9216150671
70PN,1688702.5593022546,-119563.59410634934
71N,1921045.0819567433,-182658.42246858412
H11,1924066.6918498892,-179267.27184320247
7PS3,1982366.4001512602,-39983.344036232935
PS83,2062312.8834582139,-234920.8671922142
52PA,1986815.5627907654,-178009.7244698331
PS99,1993010.0020555982,-177909.85104925436
8PS3,1988521.575854174,-103357.74796782422
0PN6,1844187.5736432811,-288839.26451444835
74N,1948601.1682651653,-213423.4715698213
48PA,1949044.60623842,-209972.11525707142
55PA,1987541.0066387367,-162243.14517270515
73PN,1883510.0817723055,-137949.05589725781
PN74,1892037.2551826036,-87110.32907792431
0PA3,1896707.4213670813,-89790.56728740514
1PS9,2048750.472068675,-201113.37795747694
76N,1967682.196268154,-94084.04676977448
8PS9,1964171.06701583,-89261.90017573159
45PN,1958305.0403349833,-93922.0134860238
7PA5,1912583.7184314663,-160469.8721159597
0PS0,1702162.9460703873,-187598.26850993253
7PA1,1699599.4695562306,-130981.41966551333
PA97,1704289.995707279,-132280.36263926383
AFJ,1657336.1303168805,-341400.9034822598
25PA,1659769.6107111955,-335424.2811380404
6PA7,1908545.9053349248,-162672.93805083173
WAY,1676395.2570153964,-363804.0610120508
PS12,1993077.3258834318,-158068.1693465278
8PA3,2000609.9296806,-146451.3547413719
N38,1847132.8531618991,-106489.69701991008
25PN,1855756.004288599,-104351.65080926
PN94,1937335.989882996,-215500.35784613295
AVP,1991198.0849717765,-109115.6693125776
PN45,1987028.8248076402,-119883.81524162104
PN75,1982371.7127531942,-121248.74781946016
9PN5,1982452.7141099772,-125753.21615266395
WBW,1982305.9469345063,-116697.36597290932
6G6,1816251.5597570757,-263358.0294372477
IPT,1899162.8317178749,-148186.26893098443
66PA,1891552.8782459726,-149734.71164528833
67PA,1901838.5107301075,-156157.34884949782
7PS2,2052106.3699627756,-248915.38301939052
73PA,1950346.4158063787,-286485.8587684603
2PS3,1925818.7049328096,-283450.2831385978
2PN7,1656929.2924888672,-258631.72940622547
PJC,1650945.6013770548,-266221.9727236898
29RI,2334061.6698102164,32329.66218894909
PVD,2312630.224903233,45984.38112504096
RI25,2310760.39216205,55851.09728542084
RI07,2339940.703992817,38965.66717738431
RI08,2318186.861671923,13025.211598574011
RI01,2309369.1447040807,42956.72190954741
WST,2297411.1458828654,-4393.536727625767
RI23,2295483.342895365,-3569.3220832451334
08R,2306403.2099941317,15698.175412861765
RI13,2311188.4815598964,18073.429415172584
RI26,2297008.3553908216,73989.17714891475
SC81,1616706.6190382189,-1035519.0781449757
ARW,1809816.930179405,-1190649.7301362788
SC02,1804930.6563507325,-1191304.6574294327
SC74,1811777.8230555295,-1184522.6620031714
NBC,1800551.0528439286,-1184996.0339028253
SC82,1607849.5018825287,-988039.1705303874
BBP,1840216.1427380913,-930506.1969326497
52J,1804459.0287919424,-982452.4671444265
SC44,1779297.3995627703,-1001678.2082004236
SC91,1770645.2169290916,-1097650.2114218983
CDN,1774206.0013208224,-985166.658816733
SC03,1783074.1436324473,-1065894.3457440285
JZI,1860908.3185043726,-1145550.225472168
SC78,1584586.9328892825,-935506.8255147274
9W9,1859061.1835835392,-932756.0599610572
CAE,1732229.9363832832,-1034291.9501531181
2SC6,1729807.4384279654,-1020251.5172886216
SC22,1738036.9049382273,-1022631.9684365937
SC77,1740229.9739200985,-1023781.031848461
CUB,1742696.8103952121,-1028284.5693752659
HYW,1913800.5609078386,-1003197.4394702999
SC37,1825150.1609298594,-1088866.342385448
16SC,1647583.2218234485,-974947.6500312253
6J7,1831098.9586721254,-971766.5669261675
SC11,1749861.9317774603,-1019436.9896583585
38SC,1649096.5833971074,-911613.1019330559
SC12,1742298.2404526358,-1176439.2787326467
2SC8,1737795.7598578383,-1050372.19765185
SC13,1728611.6636385215,-1046314.2292288243
GGE,1908467.5375852822,-1063925.4295543255
SC45,1709840.7420955398,-1045612.6631912258
SC98,1845559.698532056,-1108823.677258305
S17,1671145.984420392,-1081335.9055360283
79SC,1914143.5928891834,-962056.9056888028
SC16,1821911.9994402197,-962950.0552705803
HXD,1808158.3960548043,-1212444.3120962852
2SC4,1802747.210608954,-1212624.147893931
2SC3,1794351.146056187,-1225354.8087496555
SC17,1804616.3456009494,-1083851.6186851454
5J5,1811920.4853208945,-1088575.2097228102
1SC2,1761394.0800103277,-1028156.5806903276
SC34,1584046.5446522757,-1025854.0158165755
SC63,1706989.0106613731,-999208.4266391066
SC94,1877985.4578165533,-1005195.3477941147
CKI,1850646.3454632107,-1031684.1286103887
51J,1855413.0475882604,-1014886.6989868777
5SC5,1928134.514823208,-973043.8849166351
27SC,1764947.64376613,-993533.5440901123
S19,1629554.035177433,-1060461.0572365627
MNI,1822051.9356523522,-1053497.6621089445
SC38,1830799.0509935059,-1037612.9837728385
SC41,1817072.7659980173,-1045646.4941093024
SC09,1819597.4377267614,-1042675.6364558502
MAO,1886299.7627379943,-969617.8788690147
2SC7,1894668.9345302323,-1097153.8442560306
MKS,1846770.9496031762,-1093597.8109532509
SC65,1875941.6665708676,-1127858.2964300297
20SC,1872027.208876181,-1128990.0314295476
BID,2321531.507078581,-17303.987391969305
RI30,2308893.066563303,3315.6057972172034
RI02,2305119.4097975786,70479.9115910786
RI28,2294485.127530889,57627.43357465136
RI11,2286221.7964214687,33145.587666708925
RI21,2329011.9442409254,23935.68821755597
75RI,2331665.0573858167,24005.332893804734
UUU,2330932.401126922,29979.84851862516
2RI7,2329610.0076302164,26357.75269582731
OQU,2318480.259806495,33110.9254675147
SFZ,2300368.9530507326,65275.70419980681
SC83,1614016.930878144,-1035316.7259139472
SC92,1624180.5531288625,-1039423.0847221666
AIK,1687523.6119258862,-1077321.3451023137
SC30,1691514.3964138783,-1118089.0157625854
4SC7,1705293.856946879,-1080178.7108361176
AQX,1739120.4776668684,-1140357.5627728072
AND,1577731.580392171,-1004725.9361666456
08SC,1583041.9014737215,-1001868.2757866425
PHH,1886610.012701952,-1053278.5348883076
SC49,1754307.4625455309,-1101332.7428704149
99N,1747119.4683903432,-1103272.6618387315
BNL,1722762.6449021988,-1114112.7971689166
SC46,1695544.1827630617,-1052578.048115799
SC71,1863691.704295828,-1135052.899986348
SC06,1854371.2868163693,-1155002.1702396267
SC42,1851845.7838287384,-1149338.8512386405
CHS,1853007.6958618572,-1124845.6869020825
CQW,1818318.8096217348,-925419.2242692603
SC61,1803278.1270506743,-939952.2077444898
SC88,1645635.381572509,-915849.0760332918
DCM,1706615.1174714633,-943024.7553787272
SC85,1710014.8314322191,-954340.2912506929
CEU,1558318.5394681236,-988571.178564236
SC53,1564174.9814549591,-986085.5119421314
UDG,1830853.5741739,-952795.151517565
DLC,1876808.0525208905,-941223.4902685711
SC89,1873959.2783421678,-938957.6981039162
SC86,1581664.7146692497,-962146.0280122327
04SC,1579771.5433507785,-964786.3895531592
MMT,1761234.4682091526,-1029681.8653441271
SC35,1760900.2514174897,-1124643.81662572
SC55,1759040.116654039,-1134219.5119165275
SC69,1765428.130759754,-1120076.2997053917
12SC,1761168.6309689416,-1004483.230854465
02SC,1748339.747010776,-1165240.4291793024
FLO,1851527.7474021972,-977789.1248446163
33SC,1849743.5600578787,-981238.8969548568
42SC,1857219.679735413,-979024.1249110987
GMU,1602588.5888256722,-959301.8668941553
SC59,1600385.125926491,-969321.0015187114
25SC,1601356.777896246,-946737.5353569629
10SC,1611372.6506348331,-958325.0015810699
GYH,1602099.4656730457,-969604.035580695
GRD,1632266.1546637486,-1020941.7666081241
GSP,1613274.8060153145,-951578.4592630994
SC72,1621229.9105120236,-957970.9793297925
3J0,1759127.7037464778,-1150487.967403207
HVS,1811185.9892848544,-962665.1158522669
3SC3,1813873.6756367364,-968122.0899319727
SC19,1820388.275179062,-987418.3395769019
T73,1754846.3890448108,-945017.7883816048
SC79,1776955.1838990597,-947016.5763747175
LKR,1738430.6918320237,-943292.5965752454
SC31,1744383.987140783,-942595.0938104438
SC76,1752118.2957023506,-930974.8814817371
33A,1616198.4433867147,-921147.4039908096
SC20,1678260.5283580958,-1098150.6481652171
LUX,1645758.7341911802,-988790.9280272287
SC99,1710222.205452537,-1036424.0080623692
4SC4,1573848.4894905568,-974771.6201145881
03SC,1953748.4085413117,-988563.3685577451
5J9,1930380.9940247084,-969068.5982781834
SC21,1936831.773879658,-984274.2915767336
LRO,1876395.969987323,-1119268.8281217904
SC56,1644662.8382183367,-1005389.7797189589
MYR,1934759.0351566628,-1014954.7170777966
EOE,1677405.045033536,-1004365.3476610266
SC73,1680854.4682517983,-1005643.1228495073
19SC,1661965.0976731414,-1002703.5557423603
XNO,1742917.488927962,-1069439.539507253
CRE,1949778.6376239208,-995901.2185601455
OGB,1766303.2251720396,-1081485.9076086958
SC64,1767138.3945365045,-1071824.1139979276
1DS,1763603.1998274603,-1090402.6284651791
44SC,1773165.7068088832,-1077307.7960050334
PYG,1783218.222153517,-930537.6672280413
SC23,1714517.516905829,-1058244.512744954
6J0,1724021.7792447358,-1052610.5832464353
SC95,1720050.048721305,-1072361.0677545175
LQK,1571882.7349930315,-970101.7437360786
SC75,1565181.8676613504,-950105.8368323649
3J1,1775145.7913598882,-1188978.5112585644
UZA,1714486.7597837038,-918541.4829870514
SC04,1715762.3153051345,-921658.2161725045
55SC,1714656.6001497488,-927429.7326173235
6J2,1803869.2139222044,-1102592.9517620641
SC90,1753437.40240063,-1059370.662461675
SC07,1753281.0377056694,-1059545.5261823707
6J4,1671746.419823288,-1049200.0080609508
58J,1835079.982087181,-987528.9007697018
SC29,1837445.3087831163,-989802.3981247897
6J6,1673590.2417957634,-1070423.075171948
SC48,1833941.7706604514,-1016599.2639549855
35A,1669209.124873029,-963130.6131663832
SC87,1803086.2052064475,-1074514.1226235412
SC62,1758593.539011688,-1152004.337643711
RBW,1798005.991367747,-1135315.327562163
29SC,1779218.6920532954,-1141996.9393814597
2SC5,1640729.9935740614,-1014416.9787353105
SC18,1731374.7711644466,-1026967.1062387675
SC26,1545499.8897975497,-975780.4912853049
SC43,1603498.0931949879,-988031.2047276543
EFC,-304855.4024904706,-22250.024887442054
SD53,259734.66689567105,-227717.15734577837
6V5,-192196.6115444064,60574.79138456621
5SD3,25375.09986827667,48932.23668237451
BTN,174938.24413827984,93075.8175033962
BKX,253086.0081670596,-72374.8426543325
0SD4,257378.75980871287,-71812.60244102946
9D2,-274494.8859226292,70442.95858671138
SD58,57337.41274912209,-201898.51082168633
8OA5,-309921.75237893686,70655.80705710858
SD76,-305506.5961199101,99702.41305642677
SD33,-311585.7426541363,63313.68305161778
SD46,253458.7972757422,-125140.76729354002
6E5,193878.64457365725,-60123.70496629243
SD83,190670.96126430202,-84416.17502485818
27SD,194777.9312222047,-75399.67984626064
SD13,151743.2517263147,-12928.35927681726
SD14,-31913.421710667764,-140763.19014803448
SD47,-95342.60603284524,1025.1803909092785
84D,-98348.62472667437,-973.1059450640834
6V0,-310862.606351384,-182256.21068267763
SD00,269842.85662735446,-252654.93566761023
SD98,-202433.8656892442,-56582.900039035005
3W8,27731.73836044398,89020.00049599104
9SD8,245614.48029520662,-152926.8405343634
SD21,-80141.6003898351,-69459.86276722113
5T4,-5694.437365977757,94332.0372230349
9D0,43543.462120371194,-50912.825642757634
0SD3,-251632.85524805938,34967.46997043659
HSR,-273771.8225350131,-175740.628538755
SD68,-277148.59923951235,-173774.52333068522
SD23,-280313.1573806015,-167773.37457569133
9F8,15858.444287708173,28663.429878611314
8D9,197160.8628932221,-104498.57492769235
1SD3,230857.59217895556,-192405.9538438148
2SD7,237547.50814279195,-181042.0514463731
HON,140787.8594027113,-66824.11358711767
SD55,137393.60533578595,-74611.92735936596
9V6,-138870.31927659767,-202501.74596594568
1D1,268834.5658178498,31338.059118676232
MKA,82629.14561483922,-52256.634268106565
MHE,157499.30259917746,-134331.1928548354
SD92,159051.38644854128,-142840.6640571991
SD52,160115.73107532866,-140964.30179525068
MBG,-31601.93243475919,60827.11554859382
SD80,-34930.946521644466,60794.68965394093
2SD4,139520.18832661453,-144914.8379827547
8F6,-57121.61293475555,-127380.02156515051
2SD0,-277346.86462917965,-87064.20866882805
7K7,287983.0064987731,-267390.01868981065
SD71,-273200.97724663536,-203774.95720008388
1SD6,-262123.05132019665,-204933.51092449157
SD40,-257735.9857497337,-99890.43000573866
RCA,-247524.79063487082,-90331.61382208481
26SD,-262688.68912629434,-102823.64009357868
RAP,-244254.86787282676,-101558.09433123024
1D8,115796.85130308317,-14896.013321431688
SD45,116511.31521531325,-13267.954841416922
SD94,276952.16095885733,5249.942933957764
SD36,-59267.20684859819,14642.051391917223
SUO,-69570.36882252361,-193273.1977611415
1SD7,-68793.38721213191,-193426.99070739344
3SD3,-218163.61075533187,-128472.5124840259
1SD1,184056.11174602996,-201427.61971089154
9SD7,-2703.007023625821,52821.40485218425
SD35,-269099.6440723139,-50615.12643833883
49B,-268122.25540420745,-59059.03606897895
Y14,258159.6566123057,-166736.1823350411
3SD4,253163.74049951695,-165790.6218538326
D58,-84508.4268914181,46715.05223871539
SD61,173444.37825287227,-218259.57022577917
VMR,250267.3134153868,-243781.83454913736
SD96,236418.11123465805,-198608.77436967992
SD97,-28985.94241801693,-124716.15477962742
AGZ,138436.15632308112,-213798.31240971465
0SD1,245688.20451095077,-220925.144032825
6V4,-180189.40571132276,-108780.39584712371
0SD7,-139742.97465196231,-162580.1031591713
ATY,224020.39988944697,-5629.5434721159345
SC96,1556147.8738397555,-1001732.9394708126
SC24,1555848.0233099281,-989143.7932817735
SC47,1621224.8049758186,-965155.092147809
SPA,1636254.780167432,-944234.0577659594
22SC,1636676.519410278,-938590.5219388299
DYB,1827485.373962921,-1112236.6162637067
24SC,1704403.6353407833,-1040926.4382726674
SSC,1789719.4882779084,-1017067.3836223689
SMS,1798998.4089909093,-1012315.1326220302
00SC,1807094.8989724054,-1008733.8286104753
FDW,1724895.9098037842,-992939.7702552537
SC00,1637737.4492675795,-971792.7916658493
3SC4,1636494.246287796,-960705.2846674563
SC39,1627017.4965663943,-957607.8494240424
01SC,1696161.8480498467,-917678.5805069428
ABR,123089.37477703945,50886.34825216819
SD05,119393.36318398161,42119.42840041097
SD54,118817.74254549797,52479.74683387432
30SD,109476.54703621789,57087.36972661637
80SD,127770.83978068767,87224.15755633636
3A9,228564.529116521,-63351.26996357006
08SD,133884.53152226066,-184791.6440926315
SD19,220390.570229225,-55685.294977403566
7G9,277386.3193901062,-182193.435547684
SD43,155379.85458186446,-82670.73277491602
SD44,59634.5880171141,-135009.5255429128
9V9,54542.22138400609,-136965.57827287953
SD09,54247.80926014554,-134699.1607233479
8D7,180346.0319134699,-9120.959092196215
D65,129326.76766386065,-172912.78386023783
0SD5,-291720.77048991824,-126202.86111100957
0SD9,-291436.31456965033,-121979.51308779499
SD86,-288400.49113533366,-130109.7705970966
CUT,-290662.10874844354,-134344.78692882907
SD48,-207577.76706220495,25640.990616699517
1SD4,-190163.77582055415,-11611.10099254504
D07,-158719.19706271158,5894.7981912600935
3FU,69745.73742114974,3796.8529762280855
SD49,152230.3364917066,33767.265990795146
4P3,272419.8021358699,-105035.55489091555
SD67,272293.9191129799,-99744.11931768677
0D8,3740.312595248954,-1483.2701678492797
SD93,30778.267029953662,-14584.53587974511
1SD0,-136147.42733929167,37390.24259396917
0SD0,-69580.56631233305,47645.01210714726
9D1,48378.87457991824,-197540.8051938794
2E6,148480.0267339777,61103.24162361918
SD50,20036.578608572312,-52080.915643263084
SD69,-152179.73479269719,-133509.628974053
2SD9,77245.80315542719,50758.978871578445
3Y7,-112213.98577916429,44335.809224864286
5V8,-120041.60898418257,-128618.270749708
SD78,9741.092147144678,-122131.39209663188
6A6,82053.18764615794,-137867.2038310538
8D8,118454.64025060186,-204856.91296079019
3SD5,-300956.75684781856,-78909.88253974816
LEM,-162817.46469088347,104247.31892390372
SD01,151368.9823036783,-120580.29061158067
5P2,-60762.792908192445,88901.14947068204
MDS,233022.19245211626,-105191.12728190397
98D,-7979.982901619075,-33293.47747343258
SD72,-203001.46673799967,-12392.05812202192
8V3,162500.25915721213,-178412.84506386475
PHP,-127735.57338082217,-104515.57122036807
PIR,-22690.322980623667,-68597.50076788531
SD57,-59409.72021616142,-47907.481546395386
IEN,-203721.9608097128,-216884.96683571045
1D3,94516.20344281069,-176700.92283893397
SD87,94126.49281876281,-178868.22822457112
SD74,-29028.21336684231,110771.00300430784
5P5,-2903.2493925798885,-121640.99238553867
4SD4,-243349.44138218253,-102000.13729357852
FSD,262391.66769403766,-152421.14243468866
1SD9,262418.9951112177,-157513.38869624925
2SD1,264766.094424013,-157654.35762098516
2SD6,259717.13752356387,-162627.40609731482
8D3,233569.55493636974,78798.24344752233
SD17,229230.57352718958,77356.86304743256
SPF,-300185.88141192606,-50699.02960662104
SD90,-300354.0994661052,-52231.453633280435
Y03,171010.9582548245,-233398.1525769099
SD24,-269382.84972927324,-55828.92429911194
2SD5,-278594.2573284898,-60370.39922924148
0SD2,226801.82810594357,-5853.6499915309105
15SD,227816.33695162664,-8933.436216477876
1D7,194484.65072799608,35584.573798003395
4X4,117310.0215811723,-103249.99267948736
1SD5,96495.40696387684,-136206.7415557096
7Q7,-59737.59745084627,-159655.67535682942
SD65,234048.22805913698,53020.330111059004
SD03,212966.05767162036,-102083.32424636024
ICR,12866.94903405159,-179058.9653930307
YKN,212889.60279597185,-228235.660632517
88TN,1285187.6243205327,-955084.5384520493
9TN6,937714.9634701327,-1021211.556890983
MMI,1394615.9859097204,-938285.0821760393
2TN5,1389901.6447388208,-934584.5020872073
71TN,1710678.4140426088,-759719.9354478202
TN61,921228.4966829331,-1032930.9539642831
92A,1395726.1682025779,-957618.0741772921
1TN3,1250634.7964303344,-992854.1486149135
39TN,1070415.583846501,-892488.8291305703
4TN0,1453687.5189548724,-841682.7166095895
98TN,1465187.403536478,-840478.497869067
M08,995582.805004351,-1022092.3840043425
60TN,998870.7293076152,-1015732.609437063
TN58,938035.1689122762,-1009647.4093952762
TRI,1563180.7093760164,-782403.2612840846
TN04,1573891.9166680279,-767365.8535888405
TN03,1338615.2510948523,-988747.3042665339
1AA0,1343528.4283214454,-971445.9152856962
04TN,1545606.4314182412,-819381.5242058311
45TN,1535966.1381315829,-784598.8524154028
77TN,1538531.945812717,-783773.7787169442
CKV,1120964.2513281493,-846587.7490716616
TN53,1119024.4152151945,-854300.8764776574
TN23,1131134.0275523004,-859371.0954383581
19TN,1142691.1728141825,-857035.7938040334
36TN,1147498.0234016592,-858818.1612445862
TN93,1134445.2538348401,-849170.4260479262
33TN,1371121.5944313311,-967599.1452170431
23TN,1417271.501091854,-976150.8054698306
7TN7,1069392.2652132525,-1032245.8292489229
M04,941894.0095263078,-987729.2958243409
8TN9,934591.5343316838,-996216.0201848778
9TN7,929210.2958061288,-994764.304412609
CSV,1338103.4810124233,-886194.5323050929
4TN2,1349613.4885566852,-891789.8320791546
57TN,1344066.351191309,-886175.3701780553
9TN5,1179658.184384971,-968401.0702996486
86TN,1472701.9104938165,-853456.554058097
2A0,1360132.9103319715,-934777.0404379138
M02,1127175.835654843,-901178.3420459335
7TN6,1132910.111444125,-906444.604120878
TN67,1257248.66356138,-979570.6529111514
65TN,1543954.6014375405,-802557.1683262141
20TN,1549543.065350553,-798016.6583742938
8TN3,1420129.6479487454,-883379.0819312589
16TN,1220521.942871544,-996567.9138014965
FYM,1221210.3572159142,-1006653.7732457798
1A7,1281074.4319883604,-845938.1222933693
XNX,1213754.9194084057,-859738.8616032917
22TN,1199869.472871525,-860632.0621770947
TN69,928110.4306953998,-1044629.7407326221
9TN8,1189105.920440835,-870687.5838166147
6TN7,983439.499509016,-1045071.2762948348
4TN7,1041271.7900421115,-925508.0249771174
HZD,1035795.5412070247,-918735.4130542683
JAU,1412329.0956677312,-829068.4247984346
MKL,1002005.8902782971,-978164.424031435
TN05,1009089.7820431641,-973039.333690503
4TN8,1006456.1694979273,-968174.8864824815
2A1,1343108.376146682,-840239.6965841964
APT,1309117.7428981687,-991870.0395803719
TN40,1410639.7497864906,-802194.7038386086
0A4,1574152.7059670035,-792753.6645765858
TN57,1572835.607087713,-785323.1712297869
TN91,1568629.5193625155,-800364.9748353536
0TN7,1426575.0167941644,-872879.5778814694
09TN,1439183.9404530139,-868375.6013046573
TN98,1439041.030810993,-874753.0213736765
TN94,1426509.8212987818,-864085.7404512815
TYS,1437259.8790258272,-883549.1515317184
3M7,1242239.1597949977,-838666.7081908818
TN44,1425328.2700751594,-825135.9874893853
2M2,1156098.9658663673,-997222.6689857141
31TN,1149168.0577721216,-999554.2494127259
M54,1225003.0067070052,-878702.6324707037
TN96,1223685.493358169,-895737.0558238801
1TN0,1225165.1990791108,-872333.3208179135
9TN9,1230278.9731717592,-897100.125654798
10TN,1223523.3789761502,-892296.2761584548
44TN,1429466.1993523017,-881673.8257553416
76TN,1143131.8986325518,-921481.226636687
5TN1,1032869.457564931,-913768.6569634489
M93,1081140.1302150881,-886786.2241282222
RNC,1275137.2020428074,-925739.6743704625
25TN,1284167.0040822688,-924141.6893650878
MNV,1408045.2580007103,-919244.235008224
24TN,1257581.3445826056,-951380.8132115987
TN87,1439585.098098177,-896830.7005202835
TN56,1333376.3879150685,-873367.9326732907
M01,904466.5847859664,-1035053.2142857745
2M8,914471.1930151797,-1025167.8337652616
NQA,919176.7756978341,-1015865.0615822813
2TN4,904763.6215306113,-1021902.944767581
41TN,1239421.3286376947,-908954.5476426976
43TN,1262360.4708896342,-936995.6635585409
72TN,1490052.1234132128,-827150.0111203395
MOR,1484558.0920238597,-832411.4742409154
4TN3,967514.8424307278,-1036537.0697352453
8TN4,1518909.5140593552,-817967.8324950988
6A4,1615193.6821160626,-777608.7746748149
9TN3,1604695.4405324578,-779754.3845618119
0TN5,1214135.7977547809,-916875.6385333437
TN83,1236342.368219289,-929583.1473199488
99TN,973001.9796987774,-981793.5652077319
8TN8,916850.5292846276,-995460.0237861059
6TN9,1144421.528151718,-906039.1801626524
6TN8,1067943.0863072618,-918111.636144324
9TN2,1057712.9623292105,-907301.0984777506
0M4,1067089.273933505,-923291.8016020061
GHM,1130190.110546989,-933377.7510148777
TN22,1129395.0500143678,-939699.4813619665
TN77,1148958.3374290662,-876048.8933439227
CHA,1343802.2515410231,-988662.7524391398
0TN8,1335877.9070962423,-988500.7661415503
TN90,1335942.265613623,-974900.4317834277
RZR,1376842.7593633693,-962694.2739202976
M29,1090072.4624438647,-990306.3381834403
FGU,1360087.9462265114,-984708.1671296108
01TN,936192.5193350818,-1054121.5773766073
TN70,938364.6259617098,-1050471.1372588906
06TN,1175926.8469840686,-942108.4390006652
51TN,1176703.6944304279,-960459.2691586027
MRC,1158283.2913372538,-960919.8350877996
1TN5,1169460.3490266742,-958986.0728938736
TN31,1296857.1730999954,-868866.8814443864
TN80,1302899.8653153316,-860582.5224250366
5TN9,1290087.845835478,-876310.7909531886
4TN6,1295133.1720528386,-860387.3079986629
1A3,1420898.3341618404,-976742.1052349106
8TN7,1073264.7769963886,-878480.189130166
2TN8,1260249.934278464,-891495.981613308
3TN3,1007238.5218255806,-903119.8657765012
18TN,1321816.7587822531,-952724.6540162581
DYR,952851.3356348942,-939957.327584853
1TN4,954560.5818212671,-934001.8826885404
TN18,939422.9485857646,-1030434.096785749
4TN4,942141.0023210131,-1031694.4231829693
8TN1,943116.3540167533,-1030859.5449799644
50M,1206565.097975148,-938131.4795922952
TN14,1204702.1690451829,-938399.4027402025
9TN1,1212798.1640139474,-932560.5866759536
TN07,1207368.9321156035,-938252.4009142341
0A9,1585886.064090366,-789321.6443167268
93TN,1561789.035533302,-795671.1876090195
0TN2,1423268.5146020357,-903823.0112072121
5TN4,1429165.126120897,-901035.4300686895
GCY,1533733.9160277867,-820460.9651882341
75TN,1527572.4627928964,-811998.0927982613
M31,954889.0892105416,-950284.6414457378
TN19,1385595.2982113848,-879149.4351979814
2TN2,982239.2359515509,-1023095.2439481145
7TN5,983673.8411105701,-1032741.2597603048
0M3,1120969.9562041268,-967497.9263970313
TN21,1130609.505192728,-977112.6942647496
M53,1002956.5149142782,-955375.339808487
73TN,1000985.6209187509,-954166.8992326268
TN16,1037304.994640347,-929157.6394132546
89TN,1574023.7123328168,-784940.3399660181
17TN,1549714.9345060193,-805294.1522480508
97TN,1551708.3598358247,-807371.1918484375
1TN7,1551608.986325764,-776593.9626006073
3TN0,1560468.3522496622,-776170.0108394505
3TN5,1548832.5464817581,-776526.3943591153
15TN,1552152.827999302,-776032.072455266
12TN,1388803.0827001715,-891333.7994183636
2TN7,1400055.0360743375,-891402.8402591218
DKX,1444946.5685301893,-864737.0576259594
0TN9,1439395.7571946322,-866684.4804790438
0TN3,1425633.9017263323,-873872.1632638323
0TN4,1439686.3658372564,-862658.189588519
TN71,1406816.4521644905,-891250.8669355119
TN74,1408679.900765518,-890268.9987850953
80TN,1407237.9032186042,-887530.7367968794
55TN,1412485.3624347476,-886598.3665707661
3TN8,1421047.3005039317,-892006.4877849547
LUG,1192595.074350911,-960894.7560789835
TN12,1204099.3703413308,-962840.731034192
2TN3,1202673.1373669195,-958963.1738590255
PVE,1065806.6161831105,-963101.3401651148
M15,1095234.5267878966,-965790.47489577
5TN8,1096473.7409770065,-965891.4418585922
8A3,1309928.386616975,-838991.0687387746
34TN,1308904.6091154006,-842515.508059409
TN32,1409715.9412445652,-893216.228803156
TN25,908472.0432046412,-1041729.0378730757
TN28,905620.1989325673,-1037746.4443078157
3TN1,918713.9712055008,-1029564.2723042544
TN29,905191.0767064536,-1042049.3953353192
8TN0,907138.1199851347,-1040951.8909801503
14TN,903794.7157371192,-1043316.4635903207
TN43,900272.6639912938,-1047253.8351363849
2TN0,907831.6473572389,-1041772.5014304738
27TN,907335.4885707914,-1029264.9650976144
28TN,922610.7754792424,-1040748.4788615162
3TN6,975438.75704341,-1038413.0181133162
MEM,913341.2595404746,-1051685.0479322155
6TN6,1012274.0991771189,-941659.4382645916
7TN3,1221757.0981764952,-903978.1213487276
8TN6,1226867.2497910408,-908742.134355445
TN65,1218508.7259326556,-938798.0999575997
02TN,1207848.6872105103,-927667.4130319208
MBT,1224652.5177877692,-913888.2382764628
BNA,1193955.4135102862,-891176.9680870201
2TN6,1182507.3579301934,-889694.4620998511
TN92,1181338.1621342534,-885618.3268725146
7TN2,1181864.439280347,-889866.5486615639
TN97,1204924.8232432196,-925167.1334774466
TN33,1187111.6331836053,-895082.19094342
TN60,1088571.6883352795,-905420.5465227027
TN34,1179264.3368848192,-892978.7761142566
TN84,1192517.8286690845,-881958.593132546
TN35,1182731.0414714473,-891017.5859004736
TN79,1168222.6045792385,-889875.9435665122
JWN,1174546.9198235422,-887672.2443542075
TN55,1196541.4863759193,-894293.3465328161
9TN0,1199287.895236267,-884317.4403857279
TN50,1304418.4938017628,-1000485.0360729779
7TN8,1501733.266455028,-851870.3311465832
7TN9,1495989.6041590148,-855276.5125633135
26TN,1505724.7363673225,-852451.4625046417
TN30,1396489.0377041663,-921186.9330960108
0TN6,1420838.8220105784,-844513.3194711333
5TN3,1472947.5775472894,-884798.7617684412
6TN0,1471901.1697194132,-879111.9181979105
TN66,1345166.4436237023,-908293.8285463011
29TN,1334612.5459172956,-924238.2414849495
6TN1,1153712.6061023048,-865923.7755826577
7TN0,1152427.8264709755,-862716.6409602619
46TN,1112338.5236532516,-954348.3665120448
1M5,1204128.0498751504,-836769.1028273081
GZS,1175386.0122151778,-1003273.6597175198
TN36,942894.4165545293,-967616.4922602056
2TN1,943352.5516693188,-969564.8621804807
RKW,1373613.9324353072,-882991.9662990513
RVN,1521849.3311207318,-793141.0044442643
1TN8,1456090.8952002635,-877839.7524382852
TN10,1445970.538704165,-821979.0741670757
SYI,1224064.251370944,-949942.6897225596
TN15,1222337.274926119,-957635.8563290999
8TN2,1216690.2451056454,-969208.2941383583
0A3,1273336.5897187856,-893700.7716989288
35TN,1271995.4511633164,-896685.7876912892
MQY,1209852.8185823418,-901621.6038387198
TN11,1488568.8786008686,-794998.4548972506
FYE,963976.5472993547,-1026987.8494474438
TN88,1303465.8970346923,-892589.471123525
SRB,1296825.5200870142,-881597.2764874835
85TN,1417910.488846185,-935898.0838705074
0M2,952084.2550252217,-886604.9382380067
TN37,994999.2085301277,-1000996.6319712615
TGC,1003535.6677678344,-940701.6316194359
THA,1244486.4929850479,-966785.9237793012
TN39,1246614.9790132828,-974824.911462838
AYX,1258687.7137842954,-963037.5678639744
0TN1,1249475.8127720153,-983738.304585704
6TN4,1239908.9244102046,-962829.8837092682
UCY,985362.4862949775,-892991.3795878425
2TN9,979840.9593125839,-889835.7416534558
13TN,1417077.3627841214,-911523.3845822329
4TX1,24311.698301107575,-1401056.4509982562
35TX,16453.657660840487,-1388887.99154901
TA38,25109.551981511617,-1390406.367376816
TX00,35906.412605631485,-1392766.7363589394
82TS,33039.71295460493,-1392642.2440218767
TX02,36545.83063049483,-1384183.6023210557
DYS,13582.364302465818,-1396196.3913129095
ABI,30077.930071299965,-1396941.5036870046
75TA,-162658.70698241226,-1381744.6328353505
67T,213796.0098623359,-1902820.9771117955
43TX,188706.80240824987,-2084285.7237514623
9TS6,266558.7492962023,-1396198.1304558034
6XS2,264751.3074487229,-1399867.3121494704
TA01,259880.74610907232,-1400515.6949771382
TX78,261653.43552942475,-1401856.9937394508
3TS3,460369.9972144552,-1719634.5726870873
TA74,470902.3083350894,-1734875.2828015746
1TA3,465252.83748260944,-1710661.3838571329
TE09,461998.3998427353,-1724266.966608998
6R5,460320.11547470937,-1715215.0880671917
TE76,215973.5450011093,-1288235.2996968098
TDW,-166519.81580852528,-1089930.6531635777
1E4,-167795.6629319726,-1092802.8036929355
6TX5,-175063.67811062813,-1086944.857428119
H81,-160314.50996396856,-1099864.998527662
88XA,328591.9105578487,-1287818.1600887764
TX19,474078.3338118942,-1258441.8942953835
TX20,11516.07982415187,-1354778.0140621213
XA71,480777.3340297045,-1508243.3595710532
TE00,282217.4355724598,-1888373.6661754933
TX21,135418.3303875742,-1277903.0091292104
T39,128623.37660119949,-1266458.4303929503
TX22,266342.098845104,-1316181.5204562221
TA48,266431.6720378939,-1313386.301718237
94TE,267175.4769330526,-1316611.9606941764
TX08,274125.3740237601,-1354773.6557930068
TE80,271846.5665536025,-1361331.5390514212
XS54,274476.3999521717,-1354020.0797487753
01TA,271423.05587558454,-1361161.4314269617
XS60,288937.8882370331,-1291461.4388585899
06XS,276021.80596235703,-1291221.7236823633
30XA,288639.5098958603,-1302298.3917903253
5XA9,280418.9705259131,-1289565.677163939
AUS,225823.07315140462,-1638702.7618488022
18TS,219340.96794888817,-1630131.5272145865
32TS,218125.50229382011,-1626765.1127049453
XS65,216749.82309696748,-1644136.885432069
1XS5,221880.22829925118,-1614713.1480501157
XS41,218619.6516124361,-1626592.2562354023
TX05,229971.82256978692,-1631313.1497256015
7TN4,949232.1257348249,-1032741.8827893762
90TN,1410951.8255627016,-864353.8832239966
TN08,1405302.8174995389,-864008.808407311
SCX,1372886.2056746054,-822755.9375795594
PHT,1039355.21183513,-890573.2813593948
TN46,1046546.7454977613,-893898.8559113628
TN76,1047607.6659767607,-892510.0974870775
42TN,1048826.9551591964,-880717.5153330702
50TN,1056570.3155244954,-901547.313173759
7TN1,1280662.0248840668,-967432.2074472163
3TN7,1470326.3690570856,-886925.5806044068
6TN2,1511675.2154115792,-801795.3062024578
TN01,923881.3903407856,-1016338.9208982167
54MA,949119.1628298641,-1046035.9006162966
SNH,1070732.8708627303,-1016925.5353266041
5TN6,1068649.006049108,-1010606.7455429592
5TN7,1070376.107781886,-1018211.5201325592
SZY,1044891.4582794961,-1016852.0828393077
GKT,1477472.5505882532,-870355.1810920859
TN20,1456639.806367197,-879637.4298367181
6TN3,1472293.6889487905,-867081.4211790662
03TN,1471714.6583008682,-864153.1482327163
UOS,1278614.35860717,-980798.5546487962
TN85,1316571.6525462992,-926120.1853378381
M91,1165867.2993520866,-849230.8088672409
3TN9,1174422.7467225883,-839247.7540287229
8TN5,1167570.0227172927,-854666.3913408935
9TN4,1164928.521055638,-858274.4132164248
TN00,1169838.8798599239,-855246.1508312678
0TN0,1181631.5899862784,-943533.5719781055
TN17,1397795.1384148323,-916973.453112021
TN64,1395057.1684825427,-921562.3853576623
37TN,1400217.938624569,-913454.8343574647
49TN,1400197.6252085378,-913447.642765203
3A2,1464021.6210173413,-810464.123059546
0M5,1099941.5706308188,-906513.7591441768
TN72,1095675.743422038,-911695.0890485483
TN24,1109916.4527101843,-993880.9182948971
38TN,1221515.058970948,-830257.0565768627
TN89,1317590.3651160286,-968087.659324755
TN42,1312583.064128161,-975229.2221896515
BGF,1264009.8540638487,-986366.3872456773
TN52,1263322.7880865277,-990919.5618209457
32TN,1261933.2808983305,-987079.6335649538
TN38,1252611.4525044044,-914517.0401408396
3R9,194019.6511083829,-1621520.2154624462
TX03,278747.3214132565,-1451488.3006403246
T23,68944.96760778957,-1362427.7873542712
TX15,224520.22919307344,-1356261.4332122172
76TS,472926.6227042407,-1717810.1174354102
ALI,196411.17636815473,-1909698.549918922
0XS4,310324.3228102088,-1315761.554870857
XA53,311510.4422485958,-1312914.3826700144
1E2,-331879.6653924388,-1717153.3446893208
4TE4,-358709.44842073,-1697362.506607832
E38,-356056.4142445797,-1613241.6549282053
17TS,-354688.59495859634,-1613244.5875174915
TX66,480932.69852267444,-1715827.2554602334
9TA8,478188.70451229106,-1463387.4636171567
1E7,-171473.71130541145,-1101568.8638689353
2TX0,-168894.3393149326,-1101557.9922593231
7TX8,-186040.77347519,-1096393.0098054844
AMA,-155479.84081452896,-1084678.4667509194
T00,519287.2091614748,-1672593.753569039
E11,-239057.10832157856,-1402377.8827259
7R9,450609.7679562298,-1743288.4710319662
46TX,441465.875728352,-1745339.8816438764
LBX,444914.789650941,-1749811.5350274388
3TS4,446864.3176163538,-1739266.6365923183
TE77,442875.6567533143,-1736116.292038734
81D,448992.99241492955,-1732350.4259176978
1TX1,273291.0194086142,-1355443.4459033292
GKY,273551.00664626335,-1364442.2550783183
47TX,224598.25202298228,-1997721.0296685917
TX24,464793.1912265618,-1398726.0134919817
6TE8,-20274.297540198502,-1313200.2941064737
T60,-18423.59864742709,-1313054.8772039597
TX17,393181.7703668019,-1414199.9345835012
01XS,403513.25445643434,-1430229.522395338
5TA8,386223.3491230935,-1431823.8845735039
XA87,393309.7598432723,-1424283.9313011968
F44,394986.9758828846,-1414748.5376848106
2XS3,408295.5447812271,-1429992.498068615
TX25,384183.26979843713,-1434586.7032941054
ATA,543153.3452742095,-1302119.4395196023
TE94,226680.38891639424,-1624675.5469156615
7TX2,205267.39042844746,-1614447.029396011
XA24,193420.7997039457,-1627784.7788962978
58TA,207260.4766602878,-1628330.4454009817
TX01,200393.95975444987,-1614165.5229692103
4TS9,206348.6705969058,-1624940.9160395043
TS23,202625.4257092503,-1623496.0281821517
3XA6,221880.71000631992,-1626685.8048785164
22TX,215631.23298317927,-1635552.3575948419
04TA,218383.1172522768,-1630458.3967591727
TX26,216848.03397904188,-1625709.3631129072
EDC,235305.86737282848,-1616047.6512022433
6TE9,505517.7087652966,-1336266.5321144655
61TA,505961.79091004474,-1328787.7055026658
73TE,229155.40391725785,-1336938.9747383965
E30,2226.930022501793,-1478410.943094565
3TA3,102861.10790016726,-1707943.4289628405
20TS,90738.98172451905,-1683651.2977342468
TE21,89111.97699476125,-1701150.1681887903
TE90,82570.76971512407,-1689362.5612566997
TX29,311632.4335056626,-1404528.295957094
TA52,407.3794536726702,-1683372.9230047343
TX06,267813.20711459743,-1318804.10302396
68XA,250608.547301401,-1638621.458108368
XA88,42956.47782323317,-1775647.796612825
3XA2,393532.1026582441,-1766533.727374431
BYY,406204.1455893672,-1766673.323637842
TS09,570269.5741454441,-1636105.1283048654
55TX,556697.7817077906,-1632365.5778896518
TS10,568886.7924553357,-1632744.9382722932
BPT,580540.0943414769,-1648585.9945176991
TS28,267970.83738921944,-1345250.8229880645
TX30,270324.66043073015,-1345726.7870971065
BEA,218347.03877714678,-1840593.7763004138
TX2,231203.6960787959,-1840455.023020242
TE58,193718.1012906282,-1832275.3989322076
TS77,441997.8223130435,-1681950.866252205
XA09,180517.64940273555,-1265490.3513679854
78TA,119397.2909815596,-1764587.576442175
E41,-141291.7865445019,-1529745.642613872
18TE,464906.1034205175,-1364381.1448229277
91XA,459986.78479179647,-1360403.8263592776
BPG,-144002.6468995157,-1417682.049677827
TX31,-148284.8091296637,-1432954.2434330296
07R,224023.42908802824,-1923409.3332684734
TX41,158687.5389761023,-1651622.6889280316
26XS,149271.58305680833,-1649283.2198763436
3TA5,157658.03351924388,-1648207.0381160914
50TX,143029.9479359611,-1646796.9162392397
TA87,229600.50278595588,-1316738.9327013532
6TS2,221716.8122501572,-1327098.3685129553
3TA6,-24675.804871716766,-1713642.5875799113
2TX3,-60416.318296665726,-1749267.786094237
1XS8,-36615.94424354067,-1703434.9528853616
TA31,-25140.48135957019,-1725913.837354587
74TX,-42421.7303735062,-1741696.3968292524
75TX,-35810.79937480434,-1718193.914881375
5XS8,-28840.127185912057,-1717837.7671783965
BBD,64821.606300597814,-1532836.0162949478
94TX,65420.29871418466,-1504303.4695668994
XS78,86086.64088287279,-1509882.259318188
2TE0,433998.28369518026,-1764320.4183907022
99XA,191964.70103972655,-1565537.7081382237
TA51,194184.76239672,-1364914.8320945604
1XA4,388465.40709213394,-1668164.6557677004
27XS,393938.0573168034,-1671838.769814435
BFE,-205123.15273016336,-1310134.1131407844
TX63,-212124.70175480295,-1308274.5865435519
TX40,410894.3945934783,-1404036.2981353248
BRO,261054.87926873303,-2109568.799740626
80TX,262765.72347228014,-2107257.7662056093
2XS0,251752.65612610074,-2101968.355030785
BWD,99310.0453473134,-1464649.5770351212
86TX,157938.6471252669,-1690685.5096225697
TE59,159437.93982581742,-1689610.460726098
4XA5,139243.51197465172,-1215869.0042373042
8TS1,260040.10237246446,-1378391.2025950584
3TX9,256419.3137744772,-1380073.9044633564
BMQ,169669.55905345094,-1579960.2431800293
XA94,168655.02988025072,-1577804.1190025322
2TA0,166163.51387036897,-1568305.3343184106
7F3,352009.7690527587,-1320174.4365152344
18TX,353784.5293834989,-1329365.9104135383
XA33,350349.9837124489,-1328830.0558974298
RWV,318199.64654982334,-1600279.7339838247
TA86,382859.3762704189,-1366397.561442776
TX43,376920.02486782655,-1377315.5948442395
1TA7,389103.7260582971,-1365006.160336078
91TA,385119.4129573164,-1384000.2113863383
34TS,170394.4325866895,-1670752.1526404491
95TX,-7124.772771489412,-1862241.335622073
1TS6,6519.184604295326,-1853777.3746108809
TA84,6645.059974386212,-1844364.5128303906
2XS2,-16073.55508047332,-1854427.529859251
XA89,-1826.8406128377467,-1860477.3343515946
97TX,-6595.603350883627,-1852218.8642756967
40XS,214288.97615942694,-1603354.890449836
XS19,211104.04379028908,-1601781.747090707
79TS,303809.00965915405,-1292473.911530321
T80,305242.27371221245,-1284420.5856135583
9S1,302871.24810354237,-1285424.00998479
F17,555213.7878027247,-1442177.3931566246
TX45,273161.0393368995,-1463651.8209598276
TE01,402047.3989924035,-1509415.5635637608
24TA,399527.83883277175,-1519672.468382047
TA14,475657.21983203286,-1667888.942653176
TX70,366986.98475367477,-1649461.9909002134
1XA8,340863.36268824793,-1409605.6772654867
XA07,213382.62972224568,-1298647.4697406932
69XA,207628.57872328235,-1290504.2702450955
TS12,389938.6617009608,-1766412.8134340188
HPY,491100.2284858738,-1672485.6367932414
21TS,491861.6651220238,-1676713.6543111876
54T,501410.249687627,-1674550.590233533
TA98,493788.40244673897,-1668404.382696991
25TA,489389.8505263283,-1667004.1711318812
TS94,272802.4945933301,-2071350.8589154668
BMT,560948.5523174336,-1636720.4179121947
8XS2,175577.79821311423,-1266904.69182802
60TX,362666.0886690667,-1651673.1694020696
61TX,358682.5835460459,-1658588.5600101377
99TE,333510.036348885,-1257888.3604172417
2XS4,334130.4379424101,-1251708.2561703161
20TA,334272.53669374617,-1263025.349360565
65TE,335377.0123059687,-1261981.8453325408
NGT,235450.32051016408,-1812908.451560486
3TX1,431639.44396803284,-1420871.7487401913
12TX,184713.36706914683,-1570538.1750653426
XA12,189584.7116270004,-1584409.3697922167
TA53,154312.6205676241,-1647422.3600931184
4TE1,311861.6709981752,-1427700.7205721252
69TX,310950.76467464643,-1812937.7428183646
05TX,245971.13989135996,-1424462.1019507688
71TX,123337.72811518758,-1676318.190307443
T38,257256.72693115837,-1286145.7528113434
F00,355437.7777075031,-1256131.2633515436
TS78,-42039.566291777344,-956187.6615301237
BGD,-126215.31506718657,-1031844.8888352946
0F2,207040.84922808397,-1262659.750385849
1XA1,201952.74939053904,-1257698.9547107622
TX35,479929.63438544096,-1266920.7794762212
BKD,104320.9865925075,-1362338.6076963558
XS68,355465.94622240803,-1627328.8425495317
TA17,344428.6228603085,-1635724.3752129523
9XS9,344478.90983723267,-1625705.391695525
TX04,336152.20228823187,-1624337.803582099
49TE,342685.74886222585,-1624919.3922035825
11R,351180.226159718,-1631616.6237977492
TX37,208895.88476245484,-1314613.7879854015
3TA7,205512.36024968556,-1313379.8530884304
XBP,203195.96188339655,-1310093.995984578
TX23,197591.40475533676,-1566388.9991775784
15TA,5167.126552487479,-1635139.125471705
3TA4,97798.16278848756,-1498662.626600016
10XS,103818.78601857716,-1466149.7195922807
XA93,34119.76649745238,-1815211.048377686
8TS0,126470.22237675606,-1931639.4338847045
CFD,353345.01959940186,-1576752.4944024715
82TX,352090.31347943697,-1583295.6974862467
83TX,339014.6945183949,-1586422.9610802424
13TE,333656.96951246774,-1584154.6727268875
84TX,156181.54698139496,-1579963.178022443
06TA,277113.93028267473,-1558348.7487370186
XA32,271884.4769544682,-1558195.796673147
85TX,197437.90902561383,-1652303.1616472383
0XS9,441365.8278392434,-1415658.5009792985
33TS,316976.4432451498,-1599710.0571591465
7TA5,324682.0814950351,-1592116.3209575757
90TX,60002.78825401114,-1896467.7627224065
91TX,161860.1729770547,-1838235.5278981705
T35,291114.9018426842,-1561129.1215804592
TS11,380992.6112756627,-1311001.7769109872
TE26,163074.93109435128,-1796273.989077362
0XA5,159356.18133682915,-1806531.3628573911
TE78,2523.5884109963677,-1710724.5956192643
HHF,-36459.91069860295,-1011271.7770716319
TE04,-25783.16379176085,-1032664.3358846996
XA96,-29321.71018327779,-1037084.8103014816
5XA2,-28297.119081546432,-1007531.4624684134
XA95,-453723.34217700234,-1634447.4941939262
CZT,17445.393318178096,-1825944.48592558
TE79,287904.9239206091,-1327222.7789501848
80TE,289568.5297814236,-1331573.8228792276
4XS4,291750.655803533,-1323435.5497385885
4F2,539492.2144564167,-1405069.3021371064
0TX3,535086.8849042295,-1406430.2519153468
CVB,112426.80567645928,-1734917.1088176009
TE13,108805.71105516306,-1728591.0459924745
XS86,105266.53864549988,-1743324.6779140842
99TX,42882.5180700027,-1850281.4052051958
1TE1,18153.77667085281,-1855869.2852650888
TE27,39713.44206323357,-1855338.7968092454
0XS0,43660.356720442986,-1839275.1565372385
CDS,-26489.177988393505,-1173211.0964571564
TA91,-21031.09554177068,-1172633.46336489
04TX,250490.37516176316,-1468202.0279461835
3T8,251252.06842624728,-1474109.5998136196
20XS,340150.92791222746,-1342931.9382516316
3F2,94767.73626617942,-1396034.7361246285
48XA,95717.93301802423,-1406598.1160944803
62XS,177099.65580977997,-1438056.9422025646
E34,-79540.42678531448,-1119942.2223437547
LBR,459163.4266575012,-1253064.7375182207
CPT,242515.71980311075,-1399733.7812688334
TX46,246742.90957628418,-1393431.3943315994
6R3,482612.93505116325,-1609963.3594041688
0TS5,464947.27296034014,-1601524.807596473
06TE,480991.0601174189,-1614862.5942953306
7F7,231161.94621468795,-1459386.927628363
TX48,216927.5910169595,-1458109.509374112
4XA3,47476.25571771152,-1414289.9361221527
COM,56742.92487237949,-1459805.1569541146
CLL,350856.2990298686,-1590956.711919123
0TE8,364554.6178404652,-1595621.8376426513
0TE9,364209.8914849062,-1595728.934180298
17TE,103037.76257209649,-1670373.8541990854
XS80,103538.72225203858,-1665577.2920173288
60TS,383597.0589177214,-1297267.4718605794
2F7,383251.1257915634,-1290313.5094511483
0TE0,-113186.19985570558,-1696271.0926924415
TX07,-119925.55304346769,-1669579.6197942905
34XS,431101.6113142123,-1608981.637278791
55TA,438589.7693108121,-1620253.0434047775
3TS6,437316.47260029416,-1613697.6016688233
TE41,439754.2344190448,-1614674.4314002704
16XS,448399.25743783417,-1606574.3182884452
55T,-128608.67508296354,-1085715.018368176
TA43,493512.87137781904,-1532915.94887752
TX51,347434.91970030376,-1412906.5070132678
6TX6,345343.4870096417,-1426004.0324610288
4XS1,329611.08867702686,-1420979.040554068
90TE,337128.10374638514,-1413832.986239228
CRS,341405.928055821,-1432198.4157535464
TA05,328946.1052539954,-1431649.8299689721
COT,77362.24278937331,-1832936.760317593
79TA,110018.29441076571,-1864051.047474973
5TS1,85765.0011288306,-1860352.6295974068
46TA,113070.68015529633,-1868809.1792015897
TA58,53192.38317936039,-1848108.6265598407
45XS,108496.46410396663,-1868334.2646205295
XA08,89668.27189095759,-1865618.246307603
1TA4,449059.2146771686,-1489993.7113992884
1XS1,481164.8847289743,-1656248.6156020532
9TA3,487033.64232648443,-1663121.566722128
8F3,-115417.25575720958,-1262067.2245792074
95TE,282071.25900014164,-1302848.6781185798
07XS,245929.63534897796,-1378791.304899117
20R,18000.96257878547,-1806648.6492156922
XS77,524561.8730332006,-1705879.649234922
TA34,-8120.357121017508,-1799027.88810069
3TA9,-681.6460012427735,-1805452.872790016
XS97,293976.58561922406,-1365787.6818855298
49T,300648.5203310597,-1351541.494322393
TX18,284789.56922158104,-1356311.0160700134
RBD,294703.72048617457,-1361766.246653425
TX53,294690.462732334,-1362183.4868676213
53TX,290295.0117124494,-1360890.277561184
9TS8,293154.4333833702,-1343295.6061177407
9TS9,291848.4104827703,-1336795.6646674366
TE43,297201.0196446308,-1347280.1295176435
TX60,304799.75990225206,-1335607.133446106
XA61,302649.98722904775,-1349628.512688268
ADS,296703.9166210119,-1329904.8845797137
4TA0,423908.4684812294,-1723279.8562044513
XS21,420129.7058557443,-1726531.6763165686
77XS,454067.0944394506,-1729115.2865052512
2XA2,459158.0209262007,-1736723.000448531
78XS,366763.74353106343,-1759660.3622351803
TX38,-30774.560105617988,-957597.133006727
14XS,262338.35844173766,-1569870.7915540135
5TS3,315282.92524470604,-1439211.236905375
3TE1,494875.15745235275,-1653980.7159437172
TA07,488509.20551332703,-1648215.7676965683
TS35,487144.8374710449,-1642641.7464883635
4TE5,-493546.6885193865,-1434862.8298620002
2E5,-492636.4782249321,-1433348.3313555485
23TS,-72172.8676357305,-1726501.6768974224
TA81,-85559.20188564311,-1685481.78842558
4TE2,-65676.644549618155,-1713179.5911771036
4TE7,-93970.4251390547,-1691240.0754060815
8TS8,-88708.71682115814,-1671823.283272947
54XS,-66738.47855679941,-1668934.3494688033
TS04,-95140.28183661461,-1680755.7194484703
DLF,-76059.76282216028,-1733445.2331962823
DRT,-90642.29329762148,-1731670.8870301088
TA55,233362.1465335946,-1641454.7488265138
29XS,499794.77964349766,-1517540.663059142
T34,487343.7737325493,-1706125.0357704193
5TS5,70159.20883900824,-1811496.0787255776
24R,79943.92927497142,-1807623.1506236934
6TA9,80863.67139520886,-1815605.6426014265
7TS8,-226041.26976400643,-1173315.5909388522
T55,-213488.2326127245,-1155612.6383372075
X65,309152.604872096,-1266577.4490702546
14TX,176803.52786496817,-1629416.504851506
5TE2,180025.98931723673,-1636425.8581604161
5TE3,182351.02955804535,-1631228.0212002199
6R6,-214779.7553467148,-1655322.5521840209
17XS,148234.2591575199,-1421459.335485909
XS73,359008.80429185723,-1591236.9319804802
T32,287917.9741422636,-1263477.2982032374
2XA4,297832.5469571289,-1262077.4920863896
1TS8,-68271.50714811482,-1410382.3834693672
T88,-86893.18445287649,-1390219.6096484095
TS27,332051.8510778751,-1687953.7409600986
TA15,336757.66168311035,-1690079.6186057974
66R,339673.42755020614,-1695889.5489453152
3XS9,132543.64319344345,-1452835.7871672711
66TX,-2323.435218252039,-1808971.9333126827
MKN,133099.4853987261,-1450171.8983297762
3TS9,410131.4217266392,-1279399.7818921697
TS97,244597.7546449502,-1898339.757672411
TX10,243686.81212962273,-1910981.5504342446
CRP,248519.49381799874,-1904926.3228790544
69TA,246549.42871170494,-1917868.8841390696
3TX0,255308.53572237396,-1908146.073572213
NGW,255031.47314092476,-1912413.2559599974
0TE1,257211.87191925358,-1903809.171252044
1XA3,261186.63817363398,-1914132.28575277
5TS0,259249.37227200673,-1903993.575815306
NGP,269832.3827565682,-1913037.2131232228
NWL,267691.69922416884,-1919356.915728237
2XA1,105496.29176644364,-1867355.6581517388
TX79,94358.77334551045,-1873128.1132664967
5TS2,258956.9738876663,-1606312.5290180293
TE96,250073.7279081024,-1611682.3855380488
8TE2,-241206.3020923896,-1491055.3860356729
E13,-225514.13211531297,-1504353.896806393
TX97,209725.43060305828,-1465739.6878478413
TX52,211791.43433303377,-1462401.8407737748
TE52,227385.8872726885,-1380021.8676000477
3XA8,226869.55111271518,-1382495.8460113914
80TS,423299.0142160278,-1505831.5616007766
DKR,439561.31323980703,-1507269.1423989127
8TE4,23838.830819336225,-1793708.5413549421
T71,268142.2117661687,-1759958.176254184
2TE9,266349.5536979566,-1756782.0973629043
TA06,392342.21402869147,-1304452.978301193
2XA3,424327.16755169904,-1660491.4173280108
TS07,418923.99979254603,-1654284.7551064712
8F5,495693.94412016793,-1300160.9831800973
25TS,-217642.99154618426,-986447.7561674347
DHT,-229713.70613519655,-993770.8693937598
F69,296457.4212029157,-1323837.7185939553
1F7,342750.3793051338,-1345294.1971195606
9TA4,300987.2927252051,-1350414.0714490796
9TA5,294017.13946233847,-1365947.2175602887
TS06,302643.70863320667,-1335956.3152087252
37TA,304065.89718215197,-1339385.5206094033
9TX8,298744.64304541895,-1348161.6244821886
TE22,299252.51936392754,-1348350.593217552
TKI,319097.6852992874,-1305961.8511351938
XA62,298590.1356233598,-1352862.1587304631
TX55,300990.71783476725,-1351305.376234873
DFW,278083.31647186854,-1338465.2155458857
DAL,295794.1446696455,-1343507.98461109
3TE9,488747.3238251454,-1637307.4957624753
LUD,226159.4618655479,-1300591.9117278354
09T,233911.03495302267,-1297372.469483674
TX64,231006.07145860174,-1295469.2735358411
76T,238133.78928392124,-1298592.6874812073
58T,235815.5075077038,-1310075.8701849286
XA34,240444.1544075242,-1301566.9731402216
XA98,237455.75638562572,-1294901.5209026998
XA99,224009.52968368583,-1313917.1484344064
XA57,224723.70716747138,-1304608.756106009
61TS,478149.3580196415,-1679551.5910662839
TE28,472882.6543574892,-1681367.1808175452
TS14,143338.90521033827,-1429183.626135564
9XS4,313282.2955842041,-1244481.3986041693
16XA,317456.1243410317,-1247054.6964848258
3XS0,273696.5412913995,-1297531.0296853855
4TA1,269819.9665195152,-1293850.4082853138
TS58,271993.879994462,-1307601.2672884148
TE81,271535.52105439146,-1293036.3389031405
DTO,261959.21712820095,-1305284.6347069205
E57,-266762.98958453443,-1330279.7284107371
1TA5,-281441.5675363461,-1333417.588504392
23R,103789.08915872478,-1757499.0842461868
4TS8,64391.143015984424,-1731828.0300582338
4TE9,63626.43412947008,-1744043.1651372078
9F0,158831.5791763832,-1433368.451527143
DUX,-181958.19904118156,-1013365.0730869831
ELA,358738.14654081455,-1699679.219839898
TA39,356492.34049955517,-1701221.6028657386
5TE7,359482.29057113075,-1686477.803524319
0XA2,-44759.57923552831,-1804752.8767851763
5TE0,-15907.047201803363,-1814334.676650779
5T9,-50468.21207424948,-1788956.013342224
70TX,-45286.96930643214,-1809507.8500430356
ETN,112438.74198281456,-1395824.0599651686
56TE,-44674.911937901656,-1804790.0104087743
TX68,346483.9803131643,-1258889.5119301546
6TE0,207189.59997714736,-2068817.3137839136
TS29,258660.26965654324,-1516301.3824033185
EBG,189449.2529650354,-2052602.895199808
49XA,192024.76053435335,-2052222.639336074
6TE1,186545.65725289666,-2061468.4945902412
6TE3,338958.9284330723,-1772289.850499736
26R,335600.7601982765,-1766677.0908953713
6TE5,331753.2525745109,-1769051.6888660155
8TE8,369941.5943916287,-1747426.1028293478
7TE6,337566.96477589756,-1744635.090204693
0XS1,357261.3545202815,-1734181.0117874015
2TE4,360329.7233525215,-1746025.4689755577
68TE,343701.35958896775,-1744849.2804814
TS96,359737.68493491906,-1736377.165801291
27R,-58715.49239329494,-1567876.241345135
27TE,-595247.3044479304,-1443831.130086066
TX44,-615968.9100478744,-1443818.1425804102
ELP,-605825.3288960081,-1441254.1790057654
TS59,-609388.6233457361,-1436247.3263072525
02XS,226630.22849867598,-1643845.4280637593
67TX,399867.8093042199,-1331740.9520375421
TE29,42811.98816823269,-1875640.3146002523
2TX4,61919.01078189542,-1884998.2815683654
8TS9,42625.49295024245,-1867914.172662697
XA66,70985.65201349065,-1875000.5439505489
2TA8,178653.1724452249,-2007081.1155247937
F41,315308.8581144216,-1399887.9744246942
TX94,254021.0681580898,-1277788.548771569
8TA5,344070.8039195758,-1306463.3536611048
6XS3,338253.41368051915,-1309449.1646619672
TE82,340774.57459635905,-1331467.2048929224
XS90,216646.04535892245,-1685954.9426305643
12T,308211.7252087607,-1378017.5192778455
08TA,172565.64266788884,-1666726.372690795
2TE5,276431.7509935466,-1692282.4037695269
1TE7,160324.02958546655,-1758531.8927116657
7TE9,168232.0942079946,-1768721.4376920362
8TA0,169040.18214652973,-1756742.0500719848
82XS,174958.64739487553,-1760264.2237136334
0TX5,269967.3846866237,-1324712.7969297366
TA08,348647.16693071066,-1307772.0830523842
41F,-123148.36330523984,-1220146.0516454324
FTW,247847.89122213487,-1348026.0507289183
51TA,242764.90733853893,-1366195.3326924301
1XS3,251543.13616100172,-1358119.2756119675
TS56,259021.8173424929,-1354088.0560326811
TS00,265005.2579466689,-1350973.349615206
50F,227057.76892848173,-1374958.7092449004
TX65,254176.29566151302,-1325335.2351652589
XS96,252420.90028393027,-1330554.6719135728
5TX9,252251.82885428294,-1339442.649460974
4T2,235198.7456172175,-1330940.867005126
TE30,250349.7153367834,-1357283.599846277
XA36,250059.4003973677,-1356987.3236462118
XA37,249820.3360846181,-1357370.877418185
AFW,251363.97023708108,-1329047.829318724
TX75,332059.109706723,-1545150.9587469506
1TE9,340726.3671349716,-1515844.5961817028
T25,430954.10436552303,-1422005.7295515412
T82,105687.97828903852,-1635700.8471244473
8TE7,105244.54936714024,-1627158.2351985716
XS01,107666.53721047474,-1612849.6625847928
TS36,83275.41757064071,-1638566.2219209194
7XS7,103715.60935294614,-1649899.4503967878
TE97,100992.06623485537,-1641876.3474528706
6XA0,80034.42872629387,-1624082.8167141213
7XS0,470937.2915359537,-1704700.7623355887
TX80,300556.7045217851,-1311645.229692803
X09,405246.526907119,-1687642.4786468865
9TE5,299563.1384484798,-1861253.3901342081
GLE,260669.24465990567,-1255484.2796909816
TX81,275819.93256217346,-1266287.4168658932
8TX9,263828.73894402,-1256123.755416803
XS62,261563.47400261366,-1264672.776256186
GLS,502955.90649904456,-1729289.3673283448
8XS5,507104.293814953,-1728150.578415877
9TS7,510705.35715011647,-1723542.965732491
TS60,313717.3479240647,-1339260.1063847782
TX91,319388.1128836706,-1335777.5698008365
2TX5,214792.12760133707,-1500011.1231212493
GOP,210570.6682253154,-1503716.775919886
TS01,226382.281636719,-1581506.9500425647
36TS,214516.30238544458,-1581146.80231926
TX92,224836.5705700757,-1594425.6246274486
07TS,234081.20939615453,-1590973.5835601883
05TE,212769.396100367,-1580823.7330206581
30TA,219730.7043437626,-1595021.5922900469
0XA7,229192.28082947538,-1586981.002381214
GTU,223666.54981664775,-1585320.664103114
59TS,182558.69957680797,-1865760.77069994
XA54,213306.15021846484,-1412888.5698721956
59TX,236795.3278949855,-1385142.7789125692
20T,230237.72272134648,-1387159.9585550707
XA90,420392.67735214287,-1347776.6303473483
8TX3,132438.5553583775,-1513957.8554977195
T37,132997.180779456,-1504438.0831345257
18XA,236691.67671303675,-1807644.7459925464
T20,247571.44248721353,-1711474.9111446475
TX99,-276456.61391388247,-1215678.9970724771
TE38,490813.73748353607,-1583370.1173221292
83TS,149239.00394472678,-1393927.4777873557
6TA0,-32120.384687650363,-1574935.1487062005
56TS,256365.69679622678,-1622026.3828406746
TX61,245883.19793536284,-1623168.3931516216
TX72,271280.6281108267,-1616988.7451146173
62TA,261069.50572359038,-1624019.2108015213
1XS2,248776.26781355104,-1617504.2985260212
28TE,162866.46485600353,-1742265.3495453428
6XS9,158657.27701201054,-1739284.4275081044
2TX1,158372.68621164846,-1747093.427389899
TA41,-611685.1735581121,-1444772.294222156
03XA,-603395.5817700122,-1446966.726016095
TE39,254352.27636001652,-1278930.4966502928
TX39,256266.4857798873,-1274998.0815469637
6TA1,389599.2632922181,-1393178.194286234
4TE8,573024.2710544876,-1608164.7330404622
00TS,259797.73937835085,-1371083.5529414346
E35,-586086.8027098022,-1474843.0849952844
2TA6,361363.7458085904,-1449630.9045467686
2XA8,364724.6250008641,-1468115.9279962804
7TE2,179793.17914448443,-1979857.7667546158
98TX,190681.9550491368,-1963054.3816099227
BKS,188094.3620591269,-1968676.682509731
7TE0,562599.6709128395,-1653896.8076587294
T93,-11069.912792770407,-950851.5217129089
64XA,228103.86820282,-1264261.4623502654
01TE,335922.25898123975,-1353918.766450212
TA18,331216.121807976,-1357495.5053357005
BIF,-605872.1746428821,-1436573.8116278402
GRK,208326.80471720212,-1542835.526364527
22XS,223070.26019815152,-1508903.9171157898
23XS,222704.59700954653,-1510294.514313671
0XA1,-12520.638943936954,-1588303.8026376204
FST,-279875.29952375614,-1557511.0017298942
4TS7,-282700.021920167,-1608764.3126799576
XA18,249654.3776868273,-1357809.3121378825
T67,242892.90576255825,-1335844.897448383
3XS7,253611.0314414658,-1322463.692391129
9F9,249224.02392164746,-1369305.6506167317
93TX,251500.3414198135,-1358178.691544578
2TE2,231620.09720666838,-1347459.421376486
00TE,264004.8715590348,-1344429.3566648508
9F5,255474.23531223272,-1365048.4770410934
NFW,240568.3694508246,-1353843.2203796096
TS73,236203.32853243017,-1353315.165294426
FWS,253703.74562292537,-1376012.3207518104
44TX,87747.45706869892,-1639521.4216705465
25XA,126041.96360257955,-1651991.424719836
52TX,462428.7599691931,-1764572.37285899
0XA3,463137.62726443366,-1763951.7934558713
9TA6,459739.75257785025,-1763556.5615081296
5TS6,455028.99270520033,-1752961.831260587
97TE,455973.5358166963,-1766757.6331421349
TX56,129212.76748705131,-1913743.8261117684
0XA4,110930.78322796497,-1883027.2191965661
28TA,127617.78824463757,-1900777.682995422
42XS,158548.0447727574,-1886501.1425490584
T19,139170.37707986613,-1894545.3484752497
XA38,467819.97336781066,-1707020.8936717622
84TS,502649.4676605542,-1731433.7190207888
9TA7,510635.1318881207,-1723633.0549912374
XA74,510017.07258641993,-1722281.5949177702
TS08,343308.0184599069,-1757267.0563452211
TS67,167968.02720496355,-1702831.7695509002
TS55,165308.95255373855,-1697740.2934008592
12XA,-222721.02549493135,-1435060.9347073648
T57,311206.3412857625,-1338390.981092899
90TA,324812.0996462083,-1340060.0658354228
8T6,186270.25907281946,-1841500.634091536
50TA,195324.23130269893,-1695355.5195447693
9TX1,304817.72032550775,-1641861.7363075432
GYB,292723.0129698463,-1639422.423378257
JXI,475074.9113815233,-1351287.0799832752
07F,473896.9938136905,-1370100.940745435
TA35,204294.16003940196,-1417732.6037913214
09TE,201802.97561822087,-1410462.188607527
TX93,205200.9790268115,-1421431.6258618454
8TS7,215177.9984720051,-1412544.508636379
41TA,201527.8209917677,-1413729.0233321562
TS61,223209.39173471628,-1415998.058969906
XA04,198783.177865859,-1413763.6057712114
3T0,295963.1740073767,-1233516.362899681
0TE6,126362.75012650673,-1418895.3465257047
F35,146732.91655971468,-1339054.0946135912
RPH,135357.80535681878,-1318525.9455553442
4TA3,144601.16078641696,-1341812.6887613705
10TT,128832.96761646158,-1329209.3981205616
GDJ,205679.19143990637,-1390876.1975098478
TS89,207102.06249588,-1401004.991492926
66TE,222528.9786633683,-1399005.8052988457
0TX0,215985.2699475863,-1393204.9832515502
0TX1,219621.37310763067,-1400385.900004637
GPM,277889.1336072161,-1360430.7717253456
0TX2,276310.4052912643,-1351935.2746338435
TA88,277567.74349984137,-1360291.9710478445
56TA,277443.8082792476,-1356669.0058663068
XA01,402414.574266456,-1357246.4789785172
11TE,264342.55756617954,-1404979.1464780937
3XA0,261780.2058131202,-1403542.4454823746
XA75,274166.74764585303,-1402014.7372844245
2G5,157257.46897922546,-1596709.7670976908
7XS3,416656.0317568857,-1489705.302105826
78TX,272551.33406660135,-1334572.8777629745
GVT,368510.96822114434,-1315931.0429274333
1TX5,-176427.845233961,-1204991.9089448452
0TA2,-177771.20799274385,-1195272.55981979
34R,297621.0000578733,-1725210.7302645936
MNZ,176420.70551532324,-1477458.1199641093
1TX6,181325.3441701371,-1473753.0836055097
8XA7,180435.56486518725,-1474306.906972672
48TA,-12676.29554515851,-1344548.9822763843
1TX7,-17231.58908193997,-1353386.0899315104
16TX,-12801.095853260047,-1348528.1125386017
HRL,237048.03015074244,-2075075.3380641756
TS68,235727.45755532806,-2080759.958323504
78TS,236047.8247746799,-2081476.7479579041
49TX,235727.18980446307,-2080760.5750397039
HBV,126268.41657193116,-1954012.646383576
TA44,140181.7132591923,-1983903.3096030538
33XS,595054.8220557293,-1503764.8273380543
35TS,379449.36429349746,-1641212.1953679386
4TA4,382766.5128361943,-1661176.8963338118
00XA,386023.2237172809,-1629602.937799018
RFI,487455.13244718744,-1412170.7454619189
63XS,165822.2633735813,-1636841.1891090635
8TS2,165592.91685310702,-1243513.7475561318
TE10,164495.48026577095,-1240000.6074046372
5XS2,-201040.85017053672,-1104236.8813728206
HRX,-212973.28982009774,-1123055.399983179
14TE,49663.666361605676,-1561908.0105494927
2TX2,188815.3122975746,-1437333.36250566
DZB,158483.86520300692,-1603561.1429247113
TS24,433539.87232411845,-1681132.1172219093
TS16,459822.95534507814,-1682624.478391909
TS37,422567.44194748194,-1670864.475415046
TS19,448026.8380958488,-1686508.9083399968
LVJ,464337.56081115594,-1703237.6532022627
TE11,445034.7405518398,-1698931.6093390104
40XA,447882.8877286848,-1677127.2812056297
81XS,441626.0924206028,-1681510.3333703445
83XS,426943.5160278022,-1688274.7754516646
22TS,443827.2371024315,-1674581.45543532
21XS,461121.984970295,-1703589.8510307642
24TE,460571.18072771997,-1689391.8560512965
26TE,446411.32208983426,-1665921.4691201765
7XS8,442808.30371855263,-1691597.9337054284
6TA6,436068.53438994533,-1682596.3794307683
TS34,427344.5345069106,-1675622.0224294912
TS17,438088.060692349,-1681112.0058541994
AXH,441526.38924965815,-1706128.208253408
SGR,423466.85754804534,-1694236.145384816
TS33,445955.02112815774,-1675425.511101061
TS26,446075.077475851,-1679283.2018305617
33TX,446020.75678782765,-1655047.190740515
XA19,450924.6103645247,-1677701.3373303
29TS,429000.98281160556,-1682223.30693318
64TS,448090.82449982356,-1683535.8421137698
20XA,430310.7678589255,-1653284.4371330342
66TS,448979.4814887967,-1677657.1968883397
63TS,447978.86911489954,-1677679.7058563326
67TS,451212.4876540307,-1659043.382177546
TS93,454770.31816179625,-1677088.2807447056
7TX6,486146.715486924,-1699180.2787510976
2H5,400457.27805763105,-1708937.4926226584
XA20,441962.09035490453,-1675231.4074694861
XA67,450972.1283251339,-1678955.6005848343
36TE,433739.27283340285,-1667813.108394609
87TS,443464.10687168885,-1675403.4777426706
38TE,448507.1175220184,-1682890.296386421
04TE,448968.60689807305,-1684369.3504248455
3TE2,451283.3484109509,-1677718.3193400137
43TE,450522.10085127514,-1677053.6402779077
45TA,445458.1469717745,-1689036.435396354
HOU,460280.73628586193,-1689712.8304894879
IAH,452316.2866359444,-1652751.7266989667
TME,399146.61821499624,-1675246.9292023845
17TA,265094.4813027029,-1349556.722780804
04TS,231056.06255965852,-1598946.0577365044
2TX6,-155088.01328660626,-1254980.4611053623
5TS9,342688.9133332536,-1818265.2923404202
6TS8,331981.3945161617,-1656275.5572622982
4TA7,278445.64788962743,-1894236.5564249384
10TX,276009.5010638913,-1896117.2006784438
TFP,277041.2655321493,-1888571.422526612
TA09,278052.1741878553,-1897091.2841172994
3TE0,372551.0551315493,-1574159.0396239469
TS38,448961.430582036,-1708994.9373344262
2F0,-181613.38893149118,-1561240.9412123999
31TS,356388.29656364815,-1302908.6618055438
0TX9,362868.97609177796,-1296002.5614896663
XA56,362675.8596699728,-1310167.5021302334
37TS,371235.26260335866,-1324349.4390847902
XS14,368466.6151326246,-1326828.0725600133
33R,463656.0605892788,-1530571.9771321914
E19,-128784.63086400759,-972725.7294777324
8TX1,366984.78775704076,-1397066.6436532717
TS72,367052.36785548634,-1397449.6697439821
74XA,364146.8832360461,-1395070.4562845565
6TE6,-32262.42523510903,-1260744.583417364
1TX2,-13940.719697211774,-1252613.0019819187
1TX3,-50525.786259246386,-1284736.0265176657
2TS2,229269.69624906412,-2081660.5183863353
XA41,72826.48976796903,-1623723.6130406847
8TE9,414806.5514081174,-1664982.5662986217
1TX8,-192015.81076831065,-1178016.4953346124
10TE,243688.49469415902,-1696397.6713719862
32TA,250114.91488101712,-1693453.6391006673
15F,26427.60828442366,-1310693.62234103
0TS2,250603.2980424882,-1333671.465351671
1TX9,455453.85958162736,-1359112.435687
16TE,450764.8231077984,-1352730.7267864377
LHB,324770.2104711392,-1560644.464306105
1TE5,327008.5549846289,-1566717.7489236908
TS69,133573.36394688598,-1939014.4737090503
03TE,132816.43892043617,-1938354.289058499
TA78,184059.7857425286,-1443428.4003883335
4TX9,191558.14021278048,-1438681.51965569
1X1,-2280.8172977331246,-987991.5718696287
15TE,564557.5392534646,-1686275.4984890332
9XS1,289726.6558692421,-1455484.312938838
INJ,275185.8477632225,-1428560.0166035953
0TE4,363013.2953288668,-1535996.0581356422
37TE,487836.0552812579,-1719695.3586532027
06TX,406256.8894967748,-1647030.4275385712
4TA5,125638.11875859194,-1236593.632455094
HDO,80492.6795551435,-1733434.4742525262
TE57,85761.56093563311,-1723943.9524764111
21TA,428584.10172328126,-1660221.785007331
TA45,422607.5495959382,-1671169.116410126
0TA5,452873.520134725,-1693548.6452490692
T51,420445.24580673774,-1647963.8228973844
1TA9,445048.08246292616,-1681729.3189912243
10TA,424764.8771847103,-1675414.9894250236
EFD,472014.3068261325,-1693312.7784281806
80TA,443236.6319120295,-1674556.7553378092
97TA,434940.20446083316,-1660114.4509418253
XS26,439826.80094261427,-1681849.569810299
TS82,451516.17438525567,-1678073.8926903124
TS83,447430.9178893345,-1685313.90288924
0TS3,421891.6107276521,-1672768.8072096037
3TS8,459525.2914964971,-1673899.8096258407
4TS2,436948.506390961,-1667616.6774031438
4TS4,449707.40969505324,-1653909.2425014996
4TS0,451146.47142555343,-1678277.6768839424
72TX,478866.6809414225,-1697908.2153485774
IWS,420981.28714419407,-1672732.0877036406
9TA9,446469.8090589057,-1667669.687624184
TX86,448121.8431222497,-1683222.7184051566
9TX0,456145.07240672596,-1688606.0742268998
31TE,441034.7169489111,-1682215.8495531539
38TS,428335.19006448035,-1660453.2840802372
39TS,424754.3428512736,-1665756.1259682835
XA13,442293.5436790223,-1678891.6500798033
XA76,443334.6500110411,-1681574.9243389
CXO,443325.05035521067,-1612476.666438525
DWH,431444.8645789814,-1645307.6225494887
1TE8,320464.1166376241,-1264721.739290475
1TS2,306329.7001585886,-1456120.251934214
6XS1,458523.4678759715,-1651288.2671239157
4TA6,59882.961542452984,-1660501.428946946
8TA8,523607.3376542408,-1517609.9089252
TE03,427840.0391967217,-1575184.0920686931
UTS,424793.08925823984,-1569961.7698068155
0TE2,266596.3057134896,-1348897.454780076
13XA,205524.01170184958,-1445153.863128034
79TX,203885.7758719718,-1450816.915577392
XA21,285665.53162608977,-1337585.3380146446
4XA7,286023.63822736265,-1336445.0278444386
19XA,285411.50333470455,-1345130.0623087161
21F,173335.06894051094,-1304833.6114244289
TS02,165688.8839200359,-1316977.6704155852
TA59,160216.31386673692,-1319332.317014908
55TT,168839.41220088094,-1283482.6104382765
JSO,454351.17573948106,-1444244.0345897628
98XS,199611.64720072647,-1610524.0037760306
JAS,573033.8064453508,-1545690.250927937
TS62,-48457.86116483687,-1309638.0943024862
22F,-53177.66432937072,-1306398.4127008682
24F,535252.7497849283,-1342373.3361875166
6F7,530043.1850219617,-1333552.3156867188
4TS6,429018.37828814366,-1663234.1116940542
40TA,361505.1115204265,-1510404.7836578342
8TX0,369192.5687346273,-1497302.8682583827
XS32,366625.9050560918,-1506620.8893510706
0TE7,133437.87740359135,-1634361.074470415
2XS1,164465.1198745289,-1637443.047901618
XA02,152379.95401669998,-1630907.26345582
TE14,197253.4608701578,-1616609.9330974992
2TX7,243863.1132795006,-1317742.6478415525
0TS1,255420.64300718158,-1316920.9709856953
XA0,254562.8745587789,-1311477.449711249
05TS,247267.7884353529,-1313795.7330037518
2TE6,191725.2865991333,-1783585.4234305972
6XS0,406703.63066314295,-1671725.148397755
70TS,410293.5408668358,-1676736.7212883339
28XS,345965.06407378236,-1363638.5955414174
TA46,339173.48107579054,-1373149.2980485442
0TA4,351742.4125988749,-1379773.5694174971
XA42,341381.2687151913,-1393741.7442542368
8TS6,346699.50627028116,-1376087.7958954282
TX67,254891.39649436274,-1398596.3517777263
64TE,64288.21977882878,-1645400.6166675931
41TE,86038.60632013713,-1660731.8188270903
XA43,77144.20293161197,-1672964.8276494436
60TE,82414.78502297062,-1647195.2372822422
ERV,88881.43628412494,-1665291.3227454063
4TX6,489025.12449698686,-1382068.42454576
96TA,484628.6346728998,-1386687.5864496497
67TE,211706.04738661455,-1555737.3213726026
69TS,215505.40917813135,-1550211.0738264658
92TS,210732.80722905023,-1537688.0862984082
ILE,221938.4224782871,-1540429.6622812955
85TE,213419.57147024316,-1700820.1855908707
TS18,146698.13135112263,-1589730.0404540554
54TX,142166.3557114978,-1587263.3316622202
XA72,253279.61306520202,-1297265.341339525
85XA,251150.26160252304,-1293723.7223089724
01XA,208490.04345258183,-1659811.0401202352
79TE,205161.30267761616,-1868281.2360243602
RYW,196122.0034792386,-1605903.5104147035
3T5,296501.35615336284,-1668121.0491436333
9TE6,311017.7980693381,-1666613.838382844
58TS,249264.60611140044,-1460976.6387954885
TX82,248933.7074197646,-1453720.3784290606
T89,-360705.4995846636,-1735208.1919172371
30F,279484.62173678615,-1312501.9555803903
5TX0,275861.46895081096,-1307971.9381575936
72TE,776.0241868605691,-1786686.5290916706
TE32,51886.64887102834,-1959263.603413337
28XA,51923.02979755734,-1926504.0004366795
XA22,52122.6666490701,-1934501.119193789
LRD,53739.284895538,-1933365.3556715045
0TE5,81325.68844119963,-1945286.5197231553
8TS3,432506.9626959033,-1498440.4649393817
47TE,344449.3337875221,-1782785.1285853707
6TA3,308180.6191515623,-1356826.3672634526
T95,477640.96142728825,-1706139.8033743664
XA31,20684.337681352517,-1683347.6475698608
7TE4,15125.13704378037,-1707604.6474996845
57TE,21088.044697599646,-1669905.1080623537
XS12,191107.23422705667,-1586206.0565942435
9TX4,201384.58536813981,-1588005.1696389096
91TE,205897.19590302504,-1580854.5923707567
5TX8,526393.472756232,-1311055.3107260638
7T0,258849.57002896347,-1262030.4008469246
LIU,-221167.07376927763,-1226595.5402178697
15XS,456322.9935006504,-1724481.7711486062
00R,479852.04478688206,-1573710.3916186157
44TS,112575.65137409476,-1598719.5568301377
45TS,114980.15007392074,-1598043.2123707654
XS00,120725.32340319878,-1592036.6770539542
31XA,135067.16426147695,-1564463.1422541605
AQO,129035.05732692522,-1575690.6642151368
92TA,260289.2096671146,-2085993.314416002
63XA,286957.1777772504,-1524092.9771812775
T26,353158.61466907174,-1754143.580930071
95TS,141239.46641330756,-1305136.8087321997
F82,-168940.79934914818,-1276608.245700137
74TS,-176751.900093374,-1266476.1349043264
XA06,-185219.1217347062,-1277326.5008200358
TS66,-175929.18204204735,-1266153.769021824
47XS,-166376.6925144768,-1277910.356010679
TA79,-176242.58108216463,-1264834.032991575
8XS8,-190144.0121916081,-1263845.5326191378
XA25,-178304.3230198778,-1263113.9120102092
0XA6,-180753.30742481363,-1280086.5818668432
TE84,241121.8303969252,-1497992.3931692664
XS57,247850.90852808102,-1497771.1313277371
TE66,314844.71023921744,-1302043.3208888962
TS63,321125.2584897271,-1298253.8855954194
T31,304661.7264727491,-1303051.0861799307
6XA7,310079.1840277898,-1301525.6263154962
61XA,308490.37542124867,-1299480.2704387903
2E7,-49798.346694757944,-1083037.7241390913
51R,388965.5098716987,-1553379.8272606395
47TS,391643.00708564545,-1538319.3904752831
2TS4,381672.62549607997,-1418054.8418886438
XS55,290723.0854298377,-1445082.4678108355
TX58,265418.6833844479,-1373238.648379735
TE45,239201.13803801854,-1386991.9227528353
8TS5,248351.12769169253,-1386931.0716155362
TX87,144958.19303809488,-1779577.1368479438
52TE,46673.55186306743,-1606058.928151922
JCT,22932.582426456338,-1606791.2095131942
18TA,24893.49641915656,-1648121.1883414497
39XS,21176.01735182474,-1608205.3580870521
TS21,-104386.59893590376,-1321852.557536516
3TX3,250936.4378358118,-1314757.3887204763
16X,247435.78048712545,-1319177.2565319801
7XA2,245769.2110234767,-1311673.3266280254
3T6,253018.02131538116,-1313137.367495772
3TX7,246065.11239210772,-1312555.095799251
4TX2,259480.17289897456,-1331391.3264955888
7TX4,255573.9917972348,-1331516.7830052392
6TS1,184669.53704029965,-1531174.1603725918
2R9,210024.59955758372,-1790069.7072627947
4XA2,219953.3867562519,-1793626.605007719
62TE,208781.79571268943,-1787451.5815926841
63TE,458229.13041900744,-1501102.5654465007
4TX4,264475.9139004956,-1368722.0097958802
XS44,-404187.04014292493,-1541326.0372353338
4TX5,353902.85459697427,-1409338.870492549
4XA8,-293757.38503641816,-1453748.5465042891
5TE4,-214307.4361840371,-940321.9335146861
20TX,82442.94734985089,-1657975.816536001
TA73,80829.76334243473,-1665593.7915892692
44TE,152591.3267374066,-1586405.7321717967
NQI,218708.74444759352,-1935160.8670895863
IKG,196406.43431018994,-1930594.0416362844
T12,586150.1240125863,-1571237.7716195965
5XA0,-61965.84206943098,-1524433.4813377336
F75,17487.752780796003,-1283432.1437997192
4TX7,12568.353667461275,-1285500.4469321917
45R,555166.70605315,-1607679.7697544757
6TX4,-142352.25760030784,-1181969.166523721
29F,-162123.2808666878,-1176110.2510382163
4TX8,259490.62767852918,-1300188.7489935253
2TX8,244751.91052216146,-1294075.3109049546
TA47,257352.50942633193,-1294429.2632424193
E58,247802.09585174115,-1294171.0052886696
0TA0,489950.4111492979,-1715734.8683095002
LUV,-180535.7840867084,-1356837.2123624673
9TE3,-181941.1233318872,-1376537.104319009
XA77,-167315.5949125524,-1357973.859369616
LZZ,173046.0738311127,-1539348.3678969508
TE48,187859.95059224873,-1545793.3305363946
69TE,169515.07067476885,-1559283.0339534194
LNC,309319.93510838604,-1372692.7615001297
48TE,-152703.38694819625,-1659487.9630014652
2TE8,-173931.12228053724,-1682612.1374441106
T41,480889.5945622634,-1685976.056379758
42TA,479349.5531317741,-1682520.1964090148
TE83,24004.05567430818,-1782056.8414517655
49R,23325.461555771937,-1691208.859615552
0TS4,310918.9058030259,-1647308.827531816
5TX2,352779.55119590176,-1277381.2721722238
TE06,343645.60232543363,-1282549.7586249756
6TA2,339452.4573529358,-1283511.0781388283
LLN,-220881.26136304517,-1267724.4798743334
XA59,280617.44429032813,-1322124.6998223984
TA21,270038.7383822715,-1325355.9529828473
TA75,279589.03618719964,-1615327.9577657403
TE75,293208.6386741142,-1612562.0753453553
T78,514102.3543079394,-1638882.1589445556
50R,226450.85103842826,-1676649.8746131416
2XA5,224739.68445571852,-1681839.819776045
7TE3,146837.46029227023,-1525799.0795579636
XA44,150906.19350742357,-1522124.8084256575
9XS7,379060.21088323207,-1328812.1198336165
3TS0,499570.8455115353,-1370805.6703588725
2XA7,492785.2766125354,-1359421.379941198
3XS6,496718.63801411516,-1371903.4197591187
59XA,496120.393844915,-1364387.3047379612
GGG,499257.4993302611,-1384616.3431832343
6TX3,496676.63794977136,-1368203.2928331383
LBB,-169260.8260850428,-1256692.0105488796
XA63,319087.04297898366,-1315509.0151493538
LFK,502424.8883969248,-1511742.077416812
2TA1,507132.94282608293,-1494172.9468575523
XA14,502405.8235284705,-1500413.5214369008
TX49,506914.61668593885,-1505088.8603377265
29XA,228712.340249161,-1696116.3490368254
18XS,-95936.99366023146,-1242821.6245509235
MFE,178187.07418528103,-2082010.5655443657
E48,-213323.35916793506,-1536313.406759346
19TA,336618.92946443876,-1344512.5276243964
0XA9,273748.0048851562,-1375126.1225483909
6TX7,270523.9918867884,-1378507.739508677
6TX8,263345.53998397046,-1376717.1202563148
3T2,456322.5010869863,-1708330.5636284507
92TE,-284949.8521528623,-1662022.009664395
5TE5,-313000.769706954,-1627919.0137988327
48XS,-320154.4709734037,-1665201.844183826
6TX9,-271479.9061192726,-1674814.7032138312
09TS,-308864.6080278045,-1714589.3172625122
TA64,-306853.6824684505,-1690589.0851887008
93TE,-282993.0188202828,-1679430.5155959784
86TA,164233.88357694377,-1594000.6879381756
XS03,166063.2712336127,-1608461.495428585
5TE1,-384589.89832252986,-1694131.5351209904
MRF,-388369.5222105898,-1613250.851682015
TS15,-414115.7990939903,-1664752.3578714437
1TE4,179847.99365509345,-1716871.9682406185
XS07,387022.2976600459,-1770097.6657763475
T15,301046.604999038,-1509774.1039946198
TA23,362121.4774902628,-1516088.4251204093
ASL,536417.3997079729,-1367105.7170495694
TE15,35363.15133755266,-1564832.0842869182
XA92,-9848.448976450754,-1567219.7359878707
4TE6,209660.83830209143,-1457570.3778647592
0TS8,214139.80680029123,-2084017.328934455
5XS6,214928.82069604273,-2081254.991961936
31XS,348838.0622167746,-1303980.533528501
03XS,-72115.73007173793,-1517453.5916198145
TA94,323861.61552489194,-1357333.6193695122
2TA2,319495.6532641283,-1349984.7459121973
TS64,323611.3881659446,-1357651.0952374358
HQZ,326264.8587609376,-1353283.2340522977
7TX3,322970.41647902346,-1348454.503450696
11TS,341880.0151711816,-1473106.7349652138
LXY,332131.9362714407,-1475361.5713793973
TE50,287302.6778709444,-1418236.8460213563
XS18,364987.0607864699,-1612811.4663969984
TE34,190648.15366785455,-1355905.8673025868
3F9,422385.22843459714,-1356592.443619959
TX62,429361.2449779205,-1361008.1610190591
XA46,427615.9382925777,-1354437.7609737476
JDD,423409.2784858011,-1349282.5853046614
MWL,182393.81231285515,-1353998.441901696
88TS,183047.68991542896,-1348248.2884728035
0TS7,176159.38585124453,-1348402.2253330534
XA26,174274.23427220638,-1352275.4669918737
TX34,189371.3512944041,-1346498.1670288336
TX36,228691.09378982612,-1432511.1860641385
43TA,225201.2699259314,-1436562.0186016376
84TE,233197.0886908306,-1440436.3020440221
F85,-254059.15083760116,-1246934.2732811044
84XS,58251.167000618276,-1634868.2777528237
XS20,68116.25171031943,-1645921.7630578065
87TA,70808.4161216814,-1642040.138332358
XS23,51326.25016795074,-1649073.3141524047
4TS5,48632.19092305749,-1638577.9161799117
XA78,273053.37990995863,-1276092.1775576894
2TS1,470263.6519633715,-1298665.2785943763
XS70,465625.2144540224,-1302801.2849392912
OSA,471560.6767123324,-1307295.6787857572
99TS,497145.3309258779,-1294514.1017857443
3XA5,479424.7809310805,-1699166.826265728
60R,375854.5052712721,-1614263.9161424641
7TA1,379124.49562312546,-1611361.6253957073
XS25,421997.2603528799,-1720524.476600721
87TE,403875.333804636,-1713989.4063455479
TE67,182638.82616835137,-1724142.3463816587
TE86,184453.93506020436,-1722414.5490413299
BAZ,190696.2453359227,-1693473.9944188374
9TA1,181579.33383971974,-1698876.7178380617
5TS8,168166.03978677338,-1682618.469146928
ODO,-226694.0125839071,-1447985.1802128342
32XA,-225679.41931268838,-1456324.3880599607
13TS,107215.86649316651,-1942643.875553693
7TX9,518845.6135486827,-1275324.3555366949
ONY,110277.03903728267,-1292342.4360639923
08XS,414025.9262201739,-1751431.409085463
ORG,600738.7848311672,-1634157.7149331784
XS33,594916.4762037634,-1635238.4925985571
NOG,194438.64949795083,-1892592.9517967566
TA56,184342.60325219372,-1875230.1837077327
TA97,392981.9955442352,-1694028.662372458
4TS3,416252.5089705253,-1461384.171731561
T13,312719.91019786766,-1383650.2478590016
3XA4,164721.76098712382,-2075288.0044972803
TA65,142989.31226186818,-1350412.4936692438
TX13,-93052.7366301827,-1011437.5815530755
PPA,-90321.25395972376,-1042094.3474101615
3TE5,-126059.3786664626,-1072887.9580457916
T45,-124180.65207448782,-1069473.016670065
4XS2,212254.68047893245,-1310235.2467262717
39TA,403889.1789321328,-1249430.3122469059
XS30,420285.9471079601,-1253841.302123097
89XS,458027.2131259664,-1696521.5058822825
66TA,460002.47635398386,-1695831.7573057753
TS45,455202.61844134046,-1697624.45465182
T79,455883.3428772876,-1699899.1417919553
T30,87702.47160220181,-1792492.7868802226
TE98,86825.54201242006,-1784246.9539107552
XS40,97842.72565322262,-1794240.5214697428
PEQ,-335475.88053642336,-1503829.9654425187
96XA,-348591.6547196812,-1514110.3613671507
TE99,260552.15782300933,-1435911.6831317996
PYX,-67405.63659144857,-953651.0489855051
4TX3,387336.5698585287,-1249303.481456368
T92,78632.79003490378,-1582060.9165959472
XS08,77012.54829428357,-1566113.9861383066
5XA6,46657.31387379769,-1577996.6999356663
8TE0,-73034.15937998849,-1224843.8842837457
02TA,406293.56135295174,-1794436.9986265677
34TE,283080.7488567556,-1411872.9339266617
19XS,275462.30315573834,-1404935.3618447955
TA26,278308.2891400991,-1404930.3351017043
87XS,71670.54052193314,-1685910.3022477836
XS11,62428.14561202691,-1687581.85461987
XS13,78215.48243754065,-1683041.668759814
F21,-48558.47079081391,-1139239.2384787323
T50,18369.026526351485,-1560311.0606215054
XS15,9629.890702584828,-1578143.2759938808
3E0,-54600.0750010848,-1031245.7586912123
81TA,104523.93967411402,-1711412.7447818345
MDD,-199301.08480944377,-1435973.1163411243
7TX5,-204392.0024301227,-1415895.7953884292
7T7,-197110.0800791148,-1456083.7702009722
7TX7,-192034.17285621955,-1432513.6287392012
03TA,-199340.30458118021,-1440373.3261137104
MAF,-209054.6593990342,-1446122.8030006909
TA11,282041.8867103955,-1395166.3338565358
T56,289839.3836771912,-1380583.902698833
32XS,282292.74710497825,-1386526.584403461
JWY,291374.18339839816,-1386559.7760654232
TA32,181736.97013622255,-1351950.7348762443
12TS,189892.51179562273,-1339793.81875764
TE89,103303.26963479353,-1961997.767381552
7TE7,168226.41088120078,-2059394.2991014544
TS86,432753.13197391137,-1700334.6436898035
6TS4,250021.9867280556,-1528533.940954101
E01,-277351.3117362706,-1483884.7709530531
TX42,385102.5628706901,-1661385.5694001769
4TX0,502158.44277814345,-1663276.588365604
33TA,424388.7265525456,-1615713.8789488554
TE85,419595.5197377675,-1614936.7393080792
XA47,240650.57858266018,-1515178.1434164573
1TA1,81013.45078821549,-1372603.9185177807
57XS,80590.47138518977,-1387677.3309368582
6X0,445790.31280305237,-1419461.8889403825
93TA,453449.554168411,-1312419.0702163498
F53,445163.4470002313,-1295685.2772994658
XS24,282257.29884797975,-1677246.9884916146
2T1,-243932.4092489037,-1196995.781183973
1TE0,-250686.79247373404,-1187435.177903527
TA89,114530.23688749541,-1494256.4793697686
7TE5,127343.83307484866,-1476904.0523946898
37F,38610.40720672205,-1279975.4867960396
71XA,404663.4845820818,-1393344.3420863862
OCH,504203.54745972826,-1473591.9024881027
77TS,186431.63761843764,-1683239.3972424846
TE60,182787.80513540324,-1692515.7865982347
1TX4,402579.1176061594,-1733749.8237361507
61R,601081.023199189,-1543881.542690714
XS09,440351.39081545995,-1592109.2588581278
35XS,210572.92710147428,-1242989.050744601
XS27,543634.7572274453,-1641451.8273847138
TE65,260162.06319677108,-1343277.9967553339
24TS,261883.3542962802,-1346848.7420366835
1TS0,519155.6665699602,-1683572.3234480845
89TS,403668.6476176626,-1480366.9322704875
TS71,288173.6771078136,-1378972.7493054902
OZA,-115754.05491952707,-1581295.6883606256
3F6,-26071.092590389402,-1218175.737766297
1XA5,277050.48732301913,-1643734.6151439007
9TE7,282526.80146023317,-1631385.2213210817
XS35,372252.7555222715,-1794021.293404393
3XS1,363507.0078353293,-1791304.401560529
0XS3,389458.4011481291,-1787408.575021925
PSX,369169.9438970744,-1795438.9753048078
TS43,372836.47071586305,-1796506.1017506146
PSN,408392.2066963073,-1456591.6946125517
11XA,406929.5732234122,-1437853.4627472563
XS88,398315.4292953972,-1227016.1011079072
PRX,423013.56195332453,-1250204.0718366182
65XS,257281.61501942764,-1413714.4316425866
TE16,255726.63828504342,-1410753.5582287598
TX74,257769.20634270666,-1409476.5607913756
XS38,467538.6059604724,-1687690.6659075876
TS88,467467.9867675795,-1684474.346210359
TS44,386569.2810694136,-1671702.7425968
1TS1,389322.6218615103,-1663819.0872947124
XS71,192482.7478358345,-1798885.4985487086
29TE,460378.12751246226,-1699329.6394518272
03TX,457693.8190637389,-1696938.175969568
9TA0,225838.2437968847,-1608859.1837419753
TS54,427811.3923752109,-1318848.7394769578
T24,575797.6501122102,-1506992.4827640506
2TA3,-437547.4569769517,-1461885.768041732
XS43,101775.40094542793,-1699874.8115845853
TA66,111190.22496841641,-1693842.2867459059
XA23,471247.2224454443,-1316082.0474852333
XA27,472021.08879431087,-1314435.5674611796
F98,-264565.9894343868,-1303510.6393232031
PVW,-158653.3558851811,-1201062.8941306837
9TX3,-151060.61607332915,-1201122.458233395
7TA3,-169718.2169229613,-1199418.8282918308
6TS0,-160950.65829145254,-1209755.425549411
6TS9,303053.1226878626,-1323703.8904624742
49TS,298905.88698557223,-1318335.4245534968
35TA,296336.435502287,-1321619.1865965186
1TS4,299622.2208091856,-1318739.0968158462
6TS5,298357.45813078847,-1318221.926853956
TX59,360799.5529545305,-1315678.185165636
XA79,300895.72180262126,-1324779.2630624224
PEZ,145448.17416107797,-1777178.7517001003
TE74,387614.86451006593,-1327677.813969649
74T,256829.96088459707,-1307548.5181052429
XA10,248811.33487509002,-1302389.641325344
3XA7,95585.54298709071,-1564378.573487133
27XA,197917.07348687187,-1331753.3112562238
RAS,289537.1468283825,-1899299.443613111
10XA,329000.32608522865,-1802311.4182433963
PKV,326945.4534392485,-1805324.9006460106
T05,258011.264234863,-2037867.7988828123
XS87,350814.3369215866,-1827332.0403411763
5F1,-125126.09256782809,-1308449.8731746804
2TE7,-106120.73899024128,-1305974.7656444192
44TA,325553.2296762528,-1311496.5196056652
TX09,468885.56553516793,-1355742.282315824
47TA,291096.44326770003,-1298298.8756789423
83TA,322969.624648053,-1447081.0169503314
F01,22213.083765102132,-1190570.523319947
50XS,-57340.91014135624,-1768409.3085336143
T14,366168.92618345807,-1328810.0761136336
XA50,428064.2195221892,-1342951.4053278489
30TE,-129571.11279055453,-1241112.1523013848
5XS0,348002.0950702274,-1269359.9745853392
F23,124487.23593289206,-1391603.3919979087
TA25,132707.4387477447,-1393656.4333346013
49F,-186982.21704921,-1525701.0953546145
09TA,343900.07006192836,-1244307.5017818888
TX47,350884.4874817629,-1245854.6799667915
15TS,309657.07827413525,-1327396.7996393829
XA40,312607.8072826931,-1326241.0504896317
TA99,307023.71267764724,-1328788.1812108844
XS61,95607.13229607503,-1539645.5158600223
TE69,412474.3723535558,-1699853.2720084449
XA15,288551.4443003211,-1500687.912355133
67R,116460.02341617784,-2055765.0748977559
XS64,246120.29593727738,-2072370.841613013
TE47,253908.6400613209,-1415387.060398766
52F,259346.20269440432,-1322204.9518413702
T48,354985.78117954277,-1338654.4290948263
13XS,331907.02510727977,-1337835.2143552671
XS72,498735.3375290657,-1594967.5653042032
76XA,255359.4732253118,-1668989.6293241496
T54,411932.00194958824,-1705735.3198355413
TE88,443965.05107530236,-1722465.8106288617
TA33,426788.10418310587,-1723227.2758941688
91TS,455518.66229746764,-1720698.9262537623
XA16,236195.32447637798,-1273745.9199756072
56F,-38757.543335899085,-1351250.004459264
71TE,157072.59374197273,-1620035.0160979643
XS75,145959.30694350097,-1611585.4825949792
TS91,597388.8068867311,-1675112.84733868
XS31,294442.04502060864,-1248810.6117328948
7TS1,244604.84636580257,-1343230.2398276087
2TX,236437.3667538016,-1558294.104368922
76TE,-484964.8871260608,-1483343.091869609
65TX,-516386.1572886208,-1450977.0684429398
7TA9,-44939.036243848896,-1506525.9265636029
03TS,-41410.858650182585,-1501351.3103738602
5TE6,-44077.98805929327,-1523048.8096852587
94TA,-43855.39048587596,-1519014.3061875047
TS65,-58328.69527629025,-1513097.5262892512
SJT,-47424.35560601258,-1513250.1220670214
TE23,137828.82034870848,-1715698.6802784465
50TS,163145.49401686023,-1721049.299431889
XS81,146673.85875816114,-1725083.9511296412
XS82,148228.57074536,-1725546.701750379
XS83,139555.06143281225,-1716305.0608026993
XS84,151724.41531489047,-1732218.6083922456
XS85,138682.72599709,-1716179.765314393
53TE,127500.26127430804,-1720892.9908921085
24XA,159510.40953104055,-1736525.172258134
SKF,138786.09158694465,-1729917.6770345643
MDA,158583.8175556163,-1724380.3238251898
9TX5,142528.84254425563,-1690122.3577872547
9R7,138687.45260827555,-1701524.736880774
SSF,149626.4387331789,-1734940.3770022606
T87,254889.7336636462,-1289988.5353729094
XA03,254500.51345646178,-1280533.0743395495
1TS3,492898.99831597833,-1704407.3771513358
7TS2,205415.111069914,-1679283.1229659761
36XA,199768.05342754425,-1677053.641025111
81R,122828.45693408896,-1525943.2010625694
37TX,108557.4188059351,-1516668.664846622
XS93,144869.3724579354,-2022838.8928632585
38XS,152853.59602755978,-2012293.9681935622
3TX4,483189.0047327824,-1723618.7524307705
5TA5,477684.9299424454,-1722939.7686624466
XS45,281442.1224591616,-1910122.369247521
XA80,291984.8087612182,-1895415.6806291144
8XS4,593680.5884040346,-1651390.8247771608
4XA6,583716.8698405905,-1649943.5964968484
5XS1,590232.5366214695,-1652543.14618299
90XS,510781.699497696,-1715800.0826518354
0TA9,511659.39609374164,-1714888.467794847
PIL,268477.65194381063,-2080811.27411514
TX57,287178.80090558494,-2090535.5618213397
9R5,263396.3445136429,-1891896.0069640055
TE87,266230.53673273796,-1888600.740008309
9TE4,332058.0108178772,-1814333.0567367142
7TS5,326959.77404700516,-1808443.0038575863
9TX6,-95774.22569806367,-1311976.2447990172
XS47,140352.12549195052,-1772191.899722439
TS85,305918.00833487406,-1236326.1705225226
9TX7,308965.9998337942,-1232749.9665557684
TE68,310257.4732378048,-1243516.336732047
XS91,417032.04693740804,-1422206.3626424682
XS50,168871.97291230396,-1949549.4416214027
XS51,185341.1886949869,-1946927.0048613874
8TX8,181956.09386430212,-1951791.3113959027
XS52,187142.6363571858,-1954521.0141932014
3T9,-384391.92466269823,-1712776.8064356134
PRS,-425094.82330506213,-1692831.3966177232
07TX,332222.6660528921,-1304658.2487031184
XS56,222741.5442636609,-2051061.936184899
92XS,233230.0109321455,-2047468.9381888376
XS58,513600.16802248335,-1642637.1594927837
14TS,139413.28083763047,-1945888.4436616546
RFG,264595.31906856183,-1846831.7618488525
TE46,269056.700032396,-1845515.5906358715
XS59,275972.1209075187,-1848124.9072149321
7TA7,478810.7290607238,-1446102.681334204
TA02,237468.1843273442,-1317012.8632432902
T76,234344.3513673964,-1311971.7563271504
70T,240953.19796689184,-1317844.2656579898
46XA,229786.20867575295,-1324182.925624404
3TE7,238154.1073811554,-1325521.1147643188
TE17,272545.9056843646,-1499895.334035333
XA51,274628.1744876581,-1502116.0290903144
RBO,229836.95261572974,-1904784.957450282
XS66,224455.40491995367,-1902090.2183219108
TE62,230431.59222398794,-1896395.4943153183
RCK,290278.86596198246,-1588501.8316197125
4XA4,275284.65878225415,-1583250.3007915504
RKP,293164.00141638634,-1868982.7789547758
XS67,299429.23595786124,-1884371.240889853
ECU,-16860.133093440323,-1669022.2160223692
3TA0,-39213.637768047265,-1652398.8298958377
8TX2,-19563.82790531493,-1665529.9931193895
XS69,1.780704130870961,-1672962.8455171352
F46,334434.69635948166,-1332621.6157981534
XA11,327645.90225865133,-1334376.25607816
68TS,348519.2769579493,-1338162.730322694
33XA,346670.1296026393,-1340254.0773742876
3TE4,-452711.768611547,-1650039.6082663552
83TE,49463.837180550356,-1718492.7557956087
51XS,587447.9476814021,-1676578.9069041193
3XA9,596839.6436156667,-1672934.4550989773
2TA7,597347.1255387969,-1673202.5163978941
TS48,597737.4200582154,-1673706.3718564608
39TX,132937.85066660566,-1723350.9545322142
1T7,153218.98425655227,-1682550.258869735
2XA6,154668.48019789832,-1724088.1780768638
TX69,142373.5185805872,-1733394.0809807917
64TX,147035.5188695187,-1703831.8030804822
8T8,117375.08724305291,-1716360.5489230861
36TA,147228.02430719213,-1711146.617868664
74R,147044.30645983733,-1740758.4673645212
1T8,150884.68286367605,-1690571.9523160274
T94,149500.58285286624,-1709243.9658896266
5C1,127215.3825869111,-1692740.7584752464
09XS,147396.9168261971,-1724398.0703605316
SAT,149495.41162521293,-1713236.8214802425
XA29,141900.19476446582,-1718269.403829159
86TS,569198.0991055362,-1479768.8309304407
78R,555826.0356466003,-1474383.8620059893
53XS,243497.40714797465,-2083273.929295339
T58,258628.24663435173,-1291023.6672233352
TE24,260763.18451872084,-1284158.7188334758
TX96,255925.4912405272,-1283639.2320860648
TS74,252543.24035440257,-1287806.0045846463
6X8,270474.8355872051,-1289720.679481479
TA30,480651.63151958503,-1724673.2948950068
2TE1,483569.19183672615,-1723998.7669383676
86TE,174409.72924354134,-1368973.137813739
XS94,57816.38579966225,-1980898.6537985904
9TE0,341498.03590376134,-1391140.0327838687
1TA0,486429.7221342531,-1692084.1914439874
8TA1,319747.06523533346,-1824899.2151218993
5TA9,327216.4124862137,-1368494.0938365432
TT97,-238306.44874704085,-1333400.9011817458
9TS0,385093.54495160293,-1677992.8206105013
93TS,378311.02844751667,-1682468.184387916
3TA2,383279.0043846801,-1683531.6058013935
2TA4,360990.39982469036,-1683287.4672815956
05TA,363541.4330407947,-1676408.8414613695
1XA7,383773.86639781034,-1683865.6655261337
TE51,211370.1964457077,-1711352.104887908
E70,196051.05087254476,-1704744.1007490044
XS98,200381.5271183392,-1708521.5090244706
0TX6,195626.91330399222,-1715499.334148485
SEQ,204153.0569683522,-1708589.5786351773
GNC,-249634.7567640275,-1363947.7344440743
5TA0,-276834.51189507946,-1356784.2460749936
39TE,-257552.40264108847,-1358960.6374468037
GYI,309060.0522535619,-1246889.0465319955
TE36,275271.4963096047,-1725748.8177492174
XS49,281100.8926536609,-1714717.3378227507
79XS,-119678.6246782796,-1168690.9674164043
T69,243846.1804541746,-1875753.0314619637
F49,-154832.83424319702,-1276734.501776446
3TX,246910.59606352687,-1284635.720435582
T28,239069.15286841782,-1289126.576671892
96XS,510690.99849616515,-1699733.7151408272
84R,275043.0702036073,-1655584.719645748
08XA,337638.3703020643,-1603515.5012237402
52TS,177618.31798038047,-1615149.9853150996
0XS7,-27421.43943874644,-1751958.247741267
T70,-46281.18844651131,-1760202.433582477
55XS,-40980.090612093874,-1754951.3969278762
0XS8,-36795.56925009947,-1764912.7654535796
7TS6,436572.6335635634,-1648221.113221412
41XA,149648.7404789134,-1680422.2029474678
61TE,223142.15139035723,-1330767.1199723487
6XS7,217908.1166500786,-1323945.0574809113
TE53,437034.69686283695,-1673319.9525373548
TA16,-79657.02757562853,-1282530.9261559832
56XS,433400.7636785075,-1691564.0330502833
30TX,130325.05436592038,-1636555.39240606
H70,-183997.61063819763,-959172.8812249613
9XS6,-233337.45051158508,-1211936.9270054244
XA05,-242633.51195921854,-1206349.7344465035
59TA,428578.35353858635,-1694752.9099339433
68TA,428175.6977198835,-1691707.5463399459
SLR,409603.0320105096,-1303740.0813764245
88TX,411664.94410392124,-1303830.9553617376
TA69,321013.0719366292,-1345892.0145574757
23TE,322598.49715336843,-1349774.7655482844
X43,-164902.6234720617,-994706.5729321298
2KL,153486.09729949126,-1595691.1761923211
SWW,-43995.828426632674,-1390684.7101342815
86XS,-34632.883801529686,-1398162.3146975436
TA70,390211.723352262,-1457059.1232125654
3TE8,-350539.42122364993,-1730975.3826688093
1XS7,-276637.72196212615,-1719276.628066137
TRL,351169.56299668475,-1356492.491008467
TA71,350097.03864005243,-1356376.879738929
64XS,554647.611470551,-1265125.5410390766
TS50,488666.3522137006,-1713331.0284660058
43XS,490363.7037283802,-1712282.9171900232
TA13,-258028.47082061874,-966907.4273668339
23TX,237183.9438014053,-1521917.7336287312
1TE2,442546.93400262645,-1635449.539535268
23TA,330253.8405257527,-1271150.0305791213
16TA,-363451.777173458,-1553785.3187135018
48TX,337713.74994859926,-1274758.442670412
52TA,340180.267632586,-1273315.4752105433
XA30,443462.1737794064,-1545709.4764672224
XA52,452106.80239835003,-1548992.671642304
TE91,466179.72204850166,-1424757.3296806368
7XA4,258538.2283230229,-1531031.061621676
26TX,-1624.9542241492738,-1247307.2615125831
I06,-163743.13066044284,-1156805.419444896
1TA2,-137764.64336476589,-1148088.1587826055
XS76,-167092.56935604388,-1162933.2455405581
2XS5,152952.1152408127,-1660642.5068230182
TYR,434225.1752390493,-1391743.5078526181
9F1,245048.01481757348,-1480658.1091485047
3XA1,263858.04154532333,-1275113.8236018852
X16,268221.32857329585,-1275003.145681159
51TX,408275.66807661805,-1372499.9297037986
5XS5,404464.41839399154,-1372338.0558634675
97XS,328274.1051932642,-1277267.6859438163
06XA,319712.3738954186,-1276160.306123071
VHN,-458738.84576079814,-1533774.0285065107
88TA,-462390.86497087544,-1489533.1122625421
E52,-218591.56917176023,-1081889.5623846904
75TS,274590.9048314913,-1391782.0883625497
9XA4,279713.5664446067,-1398313.3216339226
28TX,50444.10477077747,-1211605.8188276216
31TX,254595.68278740934,-1483037.6376945244
5TA2,262631.82539954456,-1498499.340171626
7TX1,267207.936016586,-1491782.660461058
2TS3,262864.6775096797,-1473659.6837378338
TA57,286668.64487495087,-1479001.365739774
75TE,262125.08923927136,-1466161.970170722
TA04,278686.40284735436,-1487626.4620973812
PWG,256217.152642532,-1495353.3675607138
60F,68746.32074905443,-1259878.2144498576
TA67,-191870.93953038973,-1246828.1053222937
2F1,-16855.374942284892,-1084537.4161041284
09TX,-194858.9156289355,-1579393.625588928
9TX9,-189222.38963053972,-1578511.963258592
XS99,491174.26301263884,-1596798.2227394527
72TS,330320.63440510747,-1727217.6790765326
SWI,317578.1603974907,-1256515.1188612615
51TS,313979.6057571293,-1255209.7298646043
TA93,303838.7286753508,-1256038.5139074274
9XS2,299734.7692314596,-1253922.896584272
14XA,298672.0856865602,-1253497.8815182284
8TA2,315309.21677906346,-1253698.8784436516
11TX,307708.5033511068,-1252182.5777200242
SNK,-89418.98487435341,-1365321.87085184
53T,142128.73730447105,-1748452.3708516266
TE37,-43627.58443285134,-1633403.5129931262
9TE2,-42829.92548619423,-1600396.4928567866
0XS2,-51238.76232585504,-1601773.9057977903
SOA,-62538.85959946995,-1598360.4174144785
TS49,532103.0613519965,-1626010.5719698884
5TX3,466687.583640579,-1689761.7730133797
0XS5,285924.8292174932,-2082374.418451716
E42,-107425.68545016284,-974469.8491199092
0XS6,178980.2964385384,-1606018.6583233622
88R,181501.16169607482,-1608970.473058479
8TA3,176320.08603446736,-1604328.2882631226
1TS5,430715.2962780462,-1691517.284911201
F56,24989.271583387344,-1341776.8576111067
63F,-172554.47840367342,-1421440.3358007357
49XS,160401.23016602846,-1501821.7682867143
SEP,172526.3476942187,-1416827.2764234245
17TX,164740.86014382658,-1391185.9713714996
TS95,-92365.16670882734,-1481299.34061117
96TE,-82779.25583015576,-1452745.2873907746
2TS8,208523.01364009446,-1746534.56867925
TS76,136128.0410895912,-1634286.3349838497
TA00,-26284.931292745434,-1399957.1470994202
2XA9,-37454.052408483614,-1392375.0557195302
2F4,-170168.34576611462,-1310085.1823959798
T74,246719.5246700218,-1596388.7321159071
41XS,249082.79975858808,-1600525.6587852063
47XA,249829.9449019917,-1603148.5839235685
68F,351465.4565894797,-1472280.4141581657
TPL,248483.6728273254,-1532378.324863517
5TA1,248404.96339721352,-1527785.0788946277
59XS,252811.45407628824,-1540599.2585193673
40TX,251793.85613305832,-1541139.5394447355
TS92,246482.37882216217,-1525510.9834086746
26TS,440555.7296924379,-1632388.0563779348
72F,79582.09988857563,-1311611.4689823787
24TX,152508.1503160111,-1385744.548591983
TE63,143314.40443017593,-1855160.5275974693
8XS6,295281.5126021995,-1276414.4109323178
XA17,414150.8110886583,-1285574.9968799683
XA69,191952.77946735115,-1403039.398629348
TS52,424673.9736723205,-1642894.8718428519
7TA0,421724.0588867314,-1642446.1928123105
TE49,430965.1589533866,-1645418.287266372
1XA9,434252.51948404656,-1658444.313418712
TA96,432042.60202978045,-1641584.1075210539
27TA,453706.78374886344,-1391833.5186572683
TE18,444840.217208908,-1392451.433537324
5TX7,444925.86998339277,-1392906.8441481558
38XA,435216.20133452927,-1385655.0845046856
16TS,442936.57586568827,-1405763.2364320941
RND,168151.12344165114,-1713444.4690129901
2XS6,41474.290254698164,-1693670.784034641
95TA,50525.94124196576,-1703274.1304836397
UVA,25159.375203796724,-1750058.3581278147
2XS7,30948.81992209102,-1723721.9097316395
62TX,-1426.7715626252348,-1719653.6004913126
2XS8,16988.511918648648,-1748353.2061573425
2XS9,22749.03322565723,-1749922.848276313
53TA,68038.77632824483,-1203908.7882952914
TS30,63253.62914376961,-1203400.1231520856
29TX,58712.08445490855,-1210595.2316451508
F05,66176.28999834931,-1196018.6020639215
VCT,303039.75407161075,-1784068.339733976
3XS2,297330.48254010524,-1788914.1412131547
9TS1,294649.5656569763,-1790211.5559389624
XA70,293035.4584168599,-1784381.653129217
3XS4,587531.7572332545,-1627803.0261107006
XA91,536543.2962816686,-1587112.7668664919
3XS5,129564.17979097625,-1739562.4526997271
ACT,264049.99967317603,-1481040.9366266506
73F,283810.7649556017,-1479100.8244310287
CNW,278845.28421822557,-1477720.698828479
XA85,255943.24336200568,-1478010.3311679843
1XS6,271290.4190297361,-1494383.7452631157
37XA,395146.55659340014,-1654704.942684941
89TA,391082.9146476679,-1632827.1019684593
4XS0,392181.09151913476,-1661750.058361448
6XA4,392819.57275154983,-1654926.1054072017
TE71,387343.68895610183,-1697195.8943661095
9TS2,515112.7717569781,-1662739.6388819525
TS03,214544.25008268253,-1432827.6776445962
74TE,209138.38009141394,-1432984.643090833
8XS9,117574.90178357021,-1667106.1364616086
56TX,314640.2103654197,-1656278.220380003
TS32,560436.1970111906,-1370941.0583666745
25XS,297510.3496300827,-1383212.8605779149
54TA,295634.12572866055,-1403945.321419782
02TE,296156.3117390994,-1393345.3903898685
51TE,302887.70231663657,-1384567.2251291182
6TE7,-144608.14869603195,-1127194.0947419237
54TS,13967.642817735788,-1352777.7956432393
TA19,208654.60635861833,-1365198.4866857196
98TA,208202.6583685919,-1357120.4634665698
58TX,194546.64072926308,-1368129.4491090945
67XS,204390.2457317283,-2083999.0758943427
4XS3,429039.6451112995,-1744074.5804091275
26XA,265231.111590814,-1329249.661433213
41TS,331399.6367169404,-1283161.3746541112
66XS,327571.01650876284,-1281320.4415910975
94R,390849.9653412602,-1735283.218859941
ARM,376500.9925800741,-1737045.9368955765
TE07,379836.4660524668,-1728779.881311022
T59,-18135.543591081656,-1060548.7516128856
SPS,139708.68861660166,-1221279.9306465462
4XS5,593647.6791108483,-1518089.3312306204
97TS,430644.86953100335,-1599130.1033498745
8TX4,429466.9223856081,-1610729.1985688799
4XS6,129466.12929209511,-1618975.3915706812
57TA,220567.14582535898,-1356938.0523707783
76F,377886.8331254145,-1358279.8367865146
8TE1,371960.7488749548,-1351135.613396464
3TS1,190309.8539109449,-1659784.1570036055
70XS,190072.86233283585,-1661785.6037985077
4XS9,177623.48853548488,-1651841.8469748702
TE08,-15104.953098443735,-1425910.6537579843
INK,-304533.5250883433,-1461107.1615355564
TE73,548900.2243125347,-1661196.7230546412
27TS,327385.2852846906,-1323217.4123976217
TE20,324557.9639225111,-1322840.5025479777
XS48,414727.5407007976,-1326289.2497120064
T85,280038.09844580764,-1734273.4088578064
5TA3,279283.0582163315,-1729292.42938653
TE64,280960.0011401487,-1735001.7790430766
APY,75399.35911260136,-1996427.536558642
UT24,-1112729.0462966464,-749792.9494721751
UT00,-1111023.5616722528,-752429.2114571956
UT56,-993421.3010117463,-442678.3381202705
U52,-1103750.57533313,-668170.3694474917
UT82,-1196170.434593141,-712097.4019710917
UT81,-834557.4339809126,-770690.2633735328
UT9,-1022575.1596935919,-454184.6202318332
UT42,-787620.4813113108,-607175.973452307
38UT,-953207.8442726962,-392385.7039056693
DTA,-1070695.1785196713,-543456.150677102
UT49,-1082421.6585566427,-533030.777799766
UT05,-1001385.3518725851,-426043.54749420204
25UT,-1001201.0183221067,-423991.17118114844
U69,-879722.5780784858,-478954.6912539569
2UT2,-1113522.6759971546,-745719.6937277578
DPG,-1093960.3612046635,-448018.7263042071
33U,-787367.6268869266,-408906.93858134607
1L7,-1015282.580398533,-735716.0690361225
FOM,-1065532.1997769244,-592063.6391714762
07UT,-1028572.8012691558,-286859.01707231265
69V,-936274.3635507949,-565044.6694764445
1L8,-1176043.6616470355,-779625.0902116896
UT47,-1177347.1697099702,-783729.900803796
10UT,-1186759.0276472315,-774303.8209061339
UT65,-1184653.3504162433,-455581.53345040727
UT79,-789508.6848389914,-464920.75411905197
99UT,-795151.4418563079,-471556.5780342508
U13,-1064628.7492875925,-671894.2710737571
KNB,-1110222.7257766312,-804493.5863913776
UT30,-1078201.4811331255,-771945.8690783598
UT02,-1109433.7996315723,-799691.0847448069
UT43,-1162756.8835522695,-725874.9023670064
01UT,-819068.4969440134,-697452.6678769729
UT04,-830912.3101686232,-663425.0256711309
UT38,-826880.99233406235,-670388.0613357924
UT72,-830571.3896560915,-665205.6467225504
UT68,-839926.0670012757,-676648.1591889962
CNY,-844521.7743302686,-644215.7131906697
UT53,-821247.1930867289,-676390.8475069071
U64,-818647.6898402554,-739549.605979386
UT25,-905048.2327680313,-831866.8326719163
42U,-981594.0604956466,-357840.79452468426
UT11,-999247.9116767767,-410254.9451914122
04UT,-957552.6714485115,-826177.9864632508
U14,-1011687.6963195355,-512400.38443540636
PVU,-992051.9606379201,-460935.1242112415
UT51,-986795.5207813152,-458627.33972335886
UT69,-820045.5954166729,-487621.02489706944
RIF,-1046600.1108861956,-620090.826905028
3UT6,-1009081.5377323473,-424608.0330503567
74V,-850735.0353994017,-473055.2585690288
UT61,-845758.1223040974,-470676.9748909345
UT52,-1198293.1144630907,-780668.7992448101
SGU,-1195620.7982302897,-788155.76068495
44U,-1019621.7240384477,-590831.7019730086
U42,-1008483.2085257471,-413490.9116638937
UT64,-996070.5914472016,-407806.00424710586
34TX,208774.8639274753,-1370448.5947105035
F78,200536.53831909946,-1376647.658686172
08TX,211579.55882643472,-1344813.3667764096
6TA7,208655.74669115458,-1348177.5481571923
WEA,217986.4996846581,-1357019.6506993978
2TS7,205303.6017839114,-1353487.0439303336
TE93,212507.4791714323,-1354344.707883514
XA86,206679.6085390684,-1377149.339181173
52XS,475295.58264749905,-1700403.811312666
F06,-17846.81506293041,-1127710.3253632253
36XS,-10980.79657086054,-1122523.8808862225
0TX4,-2454.437484002589,-1114085.2170436587
TXW,204938.60423159326,-2081121.6051356597
68XS,290853.55291666934,-1246780.2877880572
69XS,294409.4529695891,-1243093.5704888823
36TX,291637.2454926866,-1246791.747893264
TA80,284830.3557910372,-1227965.504717977
T29,284569.2960250887,-1257072.633174502
37XS,245136.32386098237,-1438749.8533594136
78TE,253217.0482078691,-1436261.2116722788
TX71,186505.79013116102,-1333216.0017083879
F14,128269.7764670516,-1226034.0138841656
7TX0,132488.26315489423,-1239119.6323858115
52XA,145609.83855338916,-1214558.8251173822
CWC,140073.9928982829,-1235463.33205969
5XS3,558354.7033464764,-1670112.9103733844
T90,541567.9722464754,-1665766.4761802035
77XA,533763.4300134897,-1665481.3979011169
F51,442777.7417852042,-1326456.3008669552
TA61,455940.6808285303,-1377267.1103905626
77F,1379.4058006899368,-1448285.6751141653
42TX,367234.4380954972,-1288418.8494314733
T96,-187502.50345533658,-1286133.313294809
80XS,278830.02252841886,-1255847.3386496997
09R,533092.8332666907,-1560582.7407330843
TE19,535993.6887128277,-1560272.8348189786
9TS4,327430.9956468092,-1324476.296917232
BDG,-835132.2994394231,-776728.4020817943
66V,-852146.2510849137,-811498.589509426
UT58,-789108.7940717086,-502297.2079921511
BTF,-999197.780483072,-386862.29002601904
BMC,-999613.9480952302,-309526.6617849984
UT14,-997651.1342893018,-316839.98225851316
2UT3,-1044051.3200145392,-309790.07790122536
BCE,-1065951.0269903408,-732828.1787017882
CDC,-1148867.4787237588,-720779.3187224017
UT80,-1155201.5562550917,-727239.9127671417
UT12,-1147927.0854063006,-722448.8200030406
UT41,-1013308.7179216425,-444323.1380813302
UT83,-918878.0384617824,-466678.87806579255
UT74,-894170.1245584966,-762472.5363095
U07,-943254.2502254371,-767784.6845547125
UT09,-869403.24562464,-559907.7813789735
U34,-882673.1721809739,-616739.4781423989
U96,-931668.7292973542,-781655.5510816807
UT03,-910013.4059891823,-733253.5882377985
HVE,-930737.2053927649,-671450.5310927734
UT97,-898619.5784552592,-704917.9841055489
UT26,-1089270.8151931416,-743091.880473734
HCR,-963464.9968384885,-435440.3736967388
2UT4,-961346.3440386571,-434773.8053637083
3UT7,-971428.5510684315,-442441.14480556716
UT44,-1001399.0769375566,-361352.8342036314
UT54,-1176644.8008150135,-766782.462220876
38U,-1008624.131460989,-667280.8278147171
LGU,-978625.6846630874,-285868.77411593695
23UT,-976428.7949326772,-288105.447835517
UT22,-976663.8527924103,-290263.84508481814
02UT,-1148965.4759300656,-306916.4139094089
UT28,-1175923.545970174,-685532.1986067788
40U,-810507.9275876795,-398527.26464523777
41U,-995905.8403931739,-560224.6753622739
03UT,-884833.524431091,-822657.9746362872
MLF,-1129693.8483128378,-642037.2605065996
UT75,-867119.6846524385,-666639.6951078677
UT39,-999945.1509671711,-387864.2874547741
HIF,-999006.6118337178,-358088.8753791981
UT16,-996597.2939437758,-351799.5796295853
OGD,-1001132.1754794227,-349765.47163104895
UT78,-989894.6600081016,-450695.12807507184
UT85,-985814.6593829902,-451420.6294440908
U55,-1085230.3917782751,-714358.6190237071
UT17,-1078686.243785908,-705552.5940381329
UT15,-1116603.3570152533,-700195.6447456904
36UT,-963913.5533166556,-412208.0937068956
1L9,-1121772.1349886889,-707158.757245534
UT35,-994010.0933215478,-480327.39280713734
PUC,-918739.3944947061,-538992.3927161876
UT31,-997747.7358580217,-398841.71932107426
SLC,-1004609.4621734885,-395049.06406783813
UT19,-995288.1773522294,-398761.5571182613
UT33,-1005476.3485968823,-402096.75926076266
UT45,-997232.0695204085,-397424.05705902836
UT55,-996591.8353565732,-397369.6613697307
UT98,-1001935.7309553451,-402514.2567331093
UT21,-993261.335160877,-398554.94392272097
UT63,-997595.6750045634,-419791.8745886657
UT13,-1011096.4143829161,-419373.2865488208
UT84,-999024.6065973033,-407128.4152534192
TVY,-1038414.8147860297,-409814.96863179724
UT34,-1039611.6094358629,-422197.01024908095
UT71,-1035176.3878085725,-420044.0028311017
UT46,-1039550.5972941751,-442894.27957108757
UT86,-1041561.7612427592,-412586.76641947863
UT73,-1171999.6445427295,-769627.2268920273
79UT,-1006874.4390870978,-289266.99495442666
UT77,-1069266.1151808673,-733252.9334739264
UT67,-831474.1333589298,-457155.45112629526
VEL,-803360.3470763932,-461031.1947263397
UT32,-804852.5285112221,-458365.68624751805
10VA,1851282.70208439,-609352.7250287414
38VA,1847204.612475441,-613404.3389737689
4VA5,1834904.569210257,-582062.8469663458
VG24,1952203.819380387,-536154.643227047
4VG2,1945600.7668463981,-529145.147411426
25VA,1983115.56355547,-522782.1868460459
VG18,1817213.42264427,-453090.72961682896
91VA,1802392.7588652358,-628739.7672211432
VG25,1787600.894292243,-630084.2921383139
VA03,1792136.0977692958,-628452.5566943617
VG28,2012040.3760740447,-662541.2479409572
VBW,1813379.788839562,-506145.9743765968
5VA2,1579291.179820835,-763325.5286520933
7VA1,1573886.9003147925,-767365.9884848229
7VA8,1585345.2443157618,-758141.0598806496
0V4,1840278.6311485176,-640456.5549984854
08VA,1767305.365857316,-611507.8640404926
8VA4,1853095.3098598588,-575746.4647816127
23VA,1863201.3512152426,-586466.4256154371
7W4,1925931.3182923356,-522107.46087787027
3VG3,2043775.2858121237,-491786.7261791099
CHO,1861883.5091587077,-519412.35413098417
CXE,1893476.3249432736,-667315.8264614962
VA25,1906183.786534538,-666707.7511004759
1VA8,1899286.5015172067,-657258.3146320084
21VA,2097042.039802468,-549843.5469195194
24VA,2092038.2040863992,-553100.7077237536
7VA0,2094799.4967667563,-553976.3100669733
11VA,2086872.233310197,-618017.0090672094
47VA,2086252.3663490284,-612311.0787450216
2G6,1977512.3906490386,-582639.6788565709
VA27,1758391.4306093908,-728031.1047231726
6VA8,1838961.606351031,-536954.4124449042
87VA,1842994.0925358802,-531215.126069252
VA28,1872626.3440367428,-634356.7781047752
CJR,1900968.043098832,-464042.7415943764
VA29,1890019.0714219825,-475280.7031034489
VA30,1892869.950384177,-466122.7150882551
88VA,1894096.4771959651,-483496.1024353701
NDY,1974898.3498233214,-465602.8944648195
DAN,1827283.5660209302,-709428.1160365222
3VA9,1820685.38319211,-709580.2456326028
VA40,1838824.906534639,-707319.1715742819
73VA,1978285.0479507442,-654177.8845371688
26VA,1932186.3416557815,-417213.3643111034
72VA,1944206.357240826,-413341.78426866734
74VA,1930828.087112254,-413957.4532022513
05VA,1889091.820663857,-618083.4537736861
FVX,1883931.107689196,-604033.582402205
14VG,1883571.0294749006,-626045.6012288532
VA77,1888367.684447865,-609285.9462522033
NFE,2098041.4753196575,-620945.341535811
VA04,1753601.2843477442,-622046.3090816186
VA83,1759386.6370008257,-617127.1135223416
VG11,2038541.0428216974,-635744.9040991245
EZF,1942397.434425396,-482526.9859567059
5VA5,1949676.6444663212,-464585.70050927636
RMN,1938070.3288757887,-468369.0853720828
03VA,1939937.7557292168,-489064.1347572555
VA42,1939700.296170149,-472552.38511342555
FRR,1857459.5118076461,-430475.6516300075
25VG,1689437.74357406,-735802.7349382982
HLX,1694216.374291657,-719729.4790157616
VA70,2042476.7151533868,-552427.154682115
92VA,2042822.5964894963,-561079.0115213072
2VG3,1815914.4038141114,-484292.38977559574
VA52,1811378.572777911,-492821.9670119663
VA47,1821124.204554657,-499489.99851550185
14VA,1890728.337853142,-385158.47674480185
00VI,1724646.9441521126,-724300.0033170619
62VA,2048153.5846590358,-638159.4000790888
7VA3,1984760.71772339,-584450.8710337753
7VA4,1984528.4751800918,-583547.8493291511
VG42,1995760.1458220142,-585403.1508479645
HSP,1750239.0884489475,-570010.3638734649
18VA,1816909.231386275,-650847.8896417698
0VA2,1759806.8885619906,-585460.7705786377
54UT,-998305.5244607852,-353638.20154431986
ENV,-1175976.9786687908,-375545.62360929034
UT87,-1007516.5432354969,-416893.65524589305
UT23,-1007066.0983016387,-404743.3645213842
VJI,1591061.7600686545,-752283.6288793198
VA82,1959968.8993103942,-422421.28363660356
9VA2,1955295.1626503216,-414207.9919247798
00VA,1856230.5315823564,-701597.3600364989
2VA3,1933506.8548146167,-595316.2564609324
93VA,1829523.182045532,-597706.0408678923
VG06,1819578.972363685,-578478.4011003175
0VA1,1789343.9124682478,-642890.330090936
20VG,1799778.3735685346,-633893.5425215526
61VA,1868698.754851479,-390333.9262131788
01VA,1878921.9132139862,-400517.93615232763
VA51,1524460.6717642697,-747278.6972276429
VG50,1524456.3607868527,-744901.9060835473
BCB,1719145.0629273427,-662950.6938902494
VA10,1726871.343223835,-652503.4420146155
VG08,1719935.3571701879,-665139.9297910936
BKT,1932812.394399787,-623570.2992089865
VG56,2109798.6030053836,-486847.2162198303
9VA5,1883526.9689069244,-406409.4739586594
20VA,1944295.664803768,-503446.2498078243
58VA,1916805.3561832388,-451551.3401634205
VG39,2093357.681324287,-560578.006585079
VA84,2090045.2769160927,-551166.0302226701
VG30,2095753.5038385252,-559128.5956203336
VG09,2095189.2198541749,-559216.8898474881
VA21,1862473.9155403532,-542347.6149007895
VA19,1873847.9749600098,-537693.1474409553
8VA5,1860916.7328403448,-532234.8290969848
VA11,1617315.3167737601,-732585.2329119878
VA22,1713994.2718897725,-678257.3637811634
VG34,1898862.740698061,-689436.2380297735
W63,1893496.0071329742,-689496.6805927559
12VA,1759928.3108704013,-586404.8541963315
07VA,1868541.840668141,-670281.1415033548
5VA7,1547365.2808670367,-730552.2976054094
VA23,2016337.8613782176,-478515.1386698349
7VA2,1973812.1979408546,-585406.5570858668
VA93,1824467.480353891,-440783.4520215426
VA24,1837703.1542945367,-609659.2924606608
W81,1917476.3184700126,-615434.149417038
95VA,1824322.1997793042,-704337.7904142123
VA97,1875772.1674748107,-585423.8389385425
PSK,1697993.2447089786,-676276.2750327194
VG59,1702096.1500698023,-683089.3588085865
5VA8,1523916.613144389,-763840.437668596
44VA,1757664.2669859745,-593511.8337180177
79VG,1759201.469220094,-600722.3210764165
89VA,1837680.9123672966,-446567.1507828659
2VA1,2044397.105448578,-496290.898254587
VG51,2057734.3662348823,-623198.7321550344
EMV,1983346.6490004058,-654598.240917071
09VG,1818101.1410870203,-536080.7386784825
09VA,1717682.4357228847,-690032.3831107186
VA06,1720653.002487548,-687279.6888108529
W90,1809682.9788885205,-633328.3394342476
APH,1958849.5554202416,-500908.11655968946
DAA,1952030.6126891025,-427658.92862504476
VG93,1955245.6780639987,-427704.8499821285
FAF,2045149.1241754822,-585127.3068032609
VA35,1979936.273713253,-591106.6815349604
VA39,1980923.7255674496,-589335.4790672311
FKN,2032510.2792114902,-639124.6590040777
9VA9,2029742.1606864128,-640759.5918205078
GVE,1885495.5319900245,-511147.304269479
VA46,1838105.5161040653,-391811.6199096182
48VA,1839197.2685955304,-392160.22854389274
VA48,1793295.739677318,-664383.13869247
06VA,1825135.644513456,-516507.73418680433
33VA,1846571.9886229795,-680066.592705647
LFI,2067582.4125434381,-584349.5227721004
71VA,2065921.271047178,-587916.170020963
VA50,1970161.7622261602,-538846.4655953764
36VA,1780919.656930999,-658533.3641658977
0VG,1488745.1228545394,-777612.9817086349
W31,1915990.2591419022,-641382.4194460865
49VA,2047327.678550886,-518088.10413260356
VA08,2049318.8430016572,-515722.6803346145
VA57,1962120.7016788807,-479086.42021583836
84VA,1947566.0269678577,-401218.8168192779
LVL,1954388.149295035,-652439.6907267902
04VA,1582636.1691791138,-729940.8706281227
34VA,1917149.8758931668,-395729.29677868926
3VA5,1906389.9923335363,-404042.9794265145
JYO,1910579.0482106209,-397158.96226317866
8VA7,1787847.0246480037,-580367.6664346575
LKU,1905894.6770124799,-522525.5415827352
VA61,1897379.0738295915,-379125.7515546038
VA62,1897558.2693446812,-379889.8601656498
8VA6,1829473.351726402,-574399.6642712262
5VA3,1834607.8370636133,-570909.2774145561
VA96,1846690.5968878623,-559805.9375585043
1VA3,1832963.2616569381,-582729.7534874504
VG52,1838728.2279213888,-560312.5872129663
5VA1,1750211.659118098,-588299.1843764504
LUA,1843680.976962228,-463256.88695560454
CD27,1846564.5410815005,-462916.26265274495
W24,1825189.2153057284,-617102.1877546629
50VA,1820055.4289694482,-613867.8273741055
04VG,1977806.2266261298,-536761.9019735593
MKJ,1645753.405535924,-716215.7641478482
1VA4,1892905.3082403862,-418476.32423028984
VA12,1785711.954187007,-711317.6277377693
6VA2,1778998.5519290564,-702057.2176115572
40VA,1778441.262007761,-707021.7919659483
MTV,1767000.7680878278,-717781.245881615
VA72,1765988.7621954498,-721547.323253921
9VA1,2055908.7293193443,-550156.5938056199
VA73,1967054.9310268923,-594399.2153767435
VA58,1841910.6655754775,-435999.98861642904
MFV,2101425.660386369,-508309.7779909973
VA79,1898440.8678788492,-415097.89420476404
53VA,1906459.1886650603,-449915.96380732197
PHF,2054974.7967551427,-582339.5117071073
8VA8,2053126.7983485316,-581509.4504114132
54VA,2057671.873246656,-589355.6794343846
86VA,2064550.0443834397,-594925.8005924709
NGU,2077814.6397429993,-598296.5531388778
VA88,2078687.9374043553,-606880.5452850929
NCL,2076899.8087968433,-599205.6156873602
ORF,2086513.5755781755,-600723.1638676772
PVG,2068583.9075739456,-619291.0192420484
75VA,1532959.305728402,-736611.671217342
PTB,1967697.1539605784,-601221.0124609818
VA94,1925454.0098268278,-572146.4962178898
NYG,1947738.9393321194,-453479.7947605183
W96,1990919.224190426,-557577.3363211784
28VA,1709992.7217707625,-667965.0490384973
68VA,1713991.020569496,-678127.1796894332
VA98,2053230.320925474,-501587.86902345245
VA99,2049519.9047905174,-493672.9257198947
6VA0,2049790.4663622365,-503711.52763136826
29VA,1910920.0440994692,-460840.3516273164
VG07,1903204.498948679,-461866.266824804
VA54,1931050.2473702969,-399009.4333368026
OFP,1959046.4988283343,-542701.6829784772
VG17,1965796.7138919947,-573959.0874805818
FCI,1959991.4990689566,-577578.243957444
RIC,1974576.5147112373,-562009.3202353421
0VA6,1962794.7180462433,-566380.7473636533
6VA3,1956846.4958992049,-565885.2936097217
8VA0,1963987.9486034315,-559976.181007172
9VA6,1921896.5011532707,-567824.0253356706
VA02,1778847.5306983683,-720076.1109029735
4VA9,1894691.721788497,-460720.6053532638
ROA,1753714.8239882167,-641182.8013547789
6VA4,1746641.7022792003,-647593.780007403
13VG,1743486.1613121037,-645720.5011220095
W75,2045271.4913293384,-530161.0541179533
2VA6,2031708.6444807695,-531790.1185592134
65VA,1861775.0395661774,-553581.8146645977
31VA,2049985.9097219696,-596403.5868685412
W78,1865783.2521819626,-683726.1587584002
5VA0,1860340.2510704831,-684114.0506770753
3VG9,1841437.7011617378,-690887.7771922383
AVC,1934409.7067074527,-667902.0816955437
VG49,2000588.5286803942,-508417.8455358375
XSA,2000358.4016830572,-513404.0378270835
VA07,1639510.3207405363,-694663.853253623
VA60,1893157.019775155,-405110.11843558203
2VA5,2034540.3934265869,-530151.9019045032
82VA,1817550.995694535,-527258.1098483116
42VA,2107066.6158868447,-619789.0811070374
VA38,2109510.8281959966,-605705.9688407906
NTU,2102949.917747685,-604218.9834557222
2VA7,2102366.8498881203,-599240.1389258897
56VA,2102805.338438695,-612643.6839747188
HWY,1911685.0140108264,-454006.3770281534
3VA4,2013667.079193149,-509851.74714363244
VG29,2012707.0940868873,-496944.153043912
2VG8,2013649.3553580977,-508083.36006979
W13,1822150.527005466,-537178.1271598263
9VG,2097164.869104347,-531647.3463649921
FYJ,2021055.7343141078,-546827.0096620247
VG64,2012355.5351225594,-544668.030116985
VG37,2058149.952381017,-644643.1013282873
3VA7,1866896.599834027,-411069.9334566809
VA53,2045127.1995461436,-525078.1454967008
VG13,2048903.9534727847,-523833.9881532766
VG15,2048395.1030008837,-524505.5791811461
W94,2037517.4733486767,-566349.5552316655
LYH,1819805.0887024016,-624549.0330399041
3VG2,2098093.223370635,-539570.6350939907
VG43,1887008.7354193232,-493297.4158878622
VG57,1921613.675209002,-448979.17176825984
66VA,1924692.7268585297,-430899.62576533644
2VG6,1913527.9342840472,-433207.45052326267
27VA,1925135.3409321378,-429341.96813380026
52VA,1923783.5621375595,-430444.8939737069
51VA,1914432.7285422299,-438139.05654187093
0VA3,1988048.1786408783,-535668.6165528039
0VI1,1987810.721222178,-536884.4663843744
VA81,1913594.1004644649,-527882.0666244988
VA74,1920752.7133976216,-514269.52849788
W91,1791874.9297891087,-656735.1423679767
VA68,1790714.4727756095,-655756.6239657277
7VA9,1758678.3119373906,-516402.9811293837
1VG2,2009784.0060764784,-479421.77326676995
5VG1,1786553.358693645,-599578.6395071738
VA85,1739216.9015026453,-626581.3743907013
VG19,2105204.815218626,-466887.45746145386
9VA4,1832308.037583208,-463487.93297137634
8W2,1826649.8110636375,-469038.09703276627
CPK,2082990.053285819,-628483.8131296696
11VG,1981464.5378137797,-478093.74655431224
VA92,2097030.7132619743,-500629.8468129115
VG20,2104854.442195893,-503959.082203169
OMH,1893081.9317688092,-498502.1332664019
90VA,1879942.2721935306,-505460.6288185049
2VG7,1911746.7938856145,-503039.536068672
53VG,2099057.919625022,-512889.8569795446
VG16,1753985.3033980858,-721606.949934743
55VA,1689786.7976931222,-657019.0619586047
VA67,1690407.9684471472,-655531.6972570306
43VA,1929842.4789905965,-405131.2773491828
VG12,1905706.1061259776,-485024.2330593473
30VA,1600755.3867139602,-703490.008403974
JFZ,1603220.0205005251,-706497.5981466663
60VA,1953151.6748617596,-556651.0502008767
VG45,1964361.7650342106,-560870.130299677
37VA,1956075.058341125,-558236.9205942496
80VA,1924101.5194815758,-542874.1072150139
4VA8,1973560.7167456688,-549673.806477179
VG02,1948292.5836283744,-552027.9114809805
VG47,1757735.2239799115,-648626.5553083792
VG62,1758330.4786235027,-648597.7209465957
81VA,1774817.664752332,-659813.8903791555
0VA4,1771160.8080596558,-680038.5370393129
VG40,1774052.8073797177,-686604.5455230281
VG46,1769196.1582501188,-675559.0166749973
VG53,1775562.1961581185,-668194.2752518659
VG58,1778392.8920085505,-678797.1658134894
6VA6,1827413.2033316884,-572049.0042692581
VA13,1834846.8614325868,-627587.7173470722
1VA0,1935049.8214161582,-558641.0788409464
19VA,1563815.708451693,-735008.2352087206
1VA2,1750621.6497045087,-649102.3793118402
35VA,1928423.2447562055,-662222.6766205198
41VA,1941753.9598021528,-465549.6782205828
SHD,1821290.801639934,-515804.12423652643
VA17,1842719.5156209664,-420736.74423550797
1VA1,1727591.397619765,-715242.2265024943
SFQ,2058763.7124002173,-633565.63007518
2VA2,2029453.6230504203,-588125.0813539302
VA78,2024405.6834492048,-598247.1761155053
VG05,1902094.1506624338,-538667.9451143234
TGI,2076326.669944643,-494954.77227895375
2VG5,2099807.328075521,-604156.5789162118
AKQ,2016036.3537168964,-610461.8964451664
WAL,2117167.8022675514,-469127.0032524056
9VA0,1756580.9867498581,-556771.4648994586
97VA,1753911.781069531,-539232.4313369525
7VG0,1903385.759886216,-448252.87198922754
3VA0,1889803.677879689,-438045.0850447329
3VA2,1904350.295776655,-451630.92662081576
8VA3,1899923.026066579,-442560.1914891399
3VA3,1912252.166384952,-458017.3959015312
15VA,1892187.4539955924,-443611.33998162276
JGG,2033047.0032267608,-576228.6724477167
2VG9,2028227.5979262807,-566412.0681735344
OKV,1860279.6408409213,-403490.4936689296
2VA4,1854922.2070212737,-398931.0892825255
9VG9,1840792.058394167,-382281.31612103677
3VA8,2046818.438319745,-616840.6176440074
79VA,2043476.6738169608,-623570.2224499664
LNP,1541602.8732232703,-728613.5134094807
VA41,2105397.1701491578,-473403.9304946593
VG14,1837126.2259881434,-441307.2027056397
VG55,1833144.3605847857,-441138.57354439265
6VA9,1742897.7061319766,-699322.2609418982
22VA,1666146.8949476357,-704652.6113370418
NCY,2044205.9431405086,-569576.0585081268
VG48,2055285.5956092943,-577350.7524974538
67VT,2078958.284170479,290979.3671373743
VT62,2143862.5828411253,304241.3963331416
04VT,2149871.4257119643,307717.9149577619
1VT8,2109736.344161313,205446.8418125133
VT12,2078545.586556514,269098.10012263485
VT13,2156616.1496967305,178301.927829611
VT57,2071987.7474276375,298948.94817397295
48VT,2072900.7741295174,298427.0398638897
VT51,2085473.482713931,294272.0067062306
VT40,2173178.6948304186,361485.9164553538
VT15,2066388.450472902,314090.6669753013
29VT,2062963.9458980393,319150.2058014783
VT96,2076176.2348329125,305126.913316278
VT64,2117820.3907573777,309803.5451257084
MVL,2119122.047153069,312549.43795216375
VT44,2121795.7900683805,312597.56278335646
VT42,2120439.022539372,310412.506406219
EFK,2134153.1717892545,360426.2317061834
VT70,2133716.7108179624,368413.5944810137
36VT,2058044.6177445683,329790.7017528016
VT53,2077674.6488549637,248093.38323836884
2B9,2170013.2711125487,252996.54360154198
VT06,2185760.3041142845,153364.00362349398
VT55,2144768.945667635,245959.8910598136
VT47,2189879.552179607,127820.1252216773
VT30,2116533.7132236394,267136.13853965065
0B7,2118703.3522084956,262507.49448756437
VT31,2147337.218523284,272035.1718216886
VT56,2162650.332433337,337865.4756383269
4V8,2158893.9323912812,134550.29096437703
VT34,2182346.9623998203,158796.4139113735
VT60,2115975.7376665305,167566.42004922547
VT37,2173962.7408035956,204950.80248388203
VT39,2126229.351913931,323882.51998184546
94WA,-1767148.6960234854,497249.20448924607
WT00,-1775887.6423854225,487621.54792873905
00WN,-1313618.3740386518,280654.5522632996
WA84,-1644409.7723161236,483461.47936717997
WA85,-1654513.7019925665,488425.8241013146
60WA,-1651188.4739742659,489312.2235517479
WA28,-1648042.0974652818,490609.294937633
WA86,-1650807.4796774667,486897.81165264815
WA06,-1643836.165731924,485826.3576884227
S50,-1648481.4766136275,490122.05078035506
4W0,-1596841.7421458312,483343.35385165695
6WA3,-1455902.8584190775,355065.70026874513
W52,-1720696.6003976774,335693.37941260205
W58,-1718074.3628190176,327651.80077665404
WA87,-1719353.5675024963,334005.2217143403
59AS,-1717571.9820465746,337572.85749576846
51WA,-1638929.4699083578,480427.2131810471
95WA,-1633289.2536882898,484355.8728797381
WT34,-1630871.6727790483,677724.6655999329
38WA,-1651059.6933486583,637292.77013333
PWT,-1681840.1660565042,518918.42048417527
WA65,-1673932.3950456518,524027.8738329344
WA96,-1678716.3681606618,531779.7666576001
S97,-1446012.8906173457,525329.522660873
WA05,-1688001.607158726,539860.1082379123
WA16,-1759860.1445562951,461472.11889944755
5WA9,-1721502.2365621438,323896.1643591792
WN42,-1645286.7604066522,472410.4116259571
CLS,-1723520.8015015624,436061.3645605827
FA99,-1717889.0972664393,423932.23959264584
0WA1,-1714092.7066965948,426226.8332695396
S10,-1468664.8886711176,503534.45978148584
WA13,-1505143.5837836186,552766.281852022
91WT,-1464373.1014753017,506303.03612273553
WA49,-1312437.277535626,423924.09891313215
1S9,-1299003.0730584324,513906.10636763554
6WA0,-1297514.6924542282,509444.7450400561
WT28,-1295162.4524551088,296844.24786188
WT33,-1296706.1878928158,296872.9090314919
WT89,-1295563.1466433525,294102.80241462216
3W5,-1577848.5785777338,610195.0588831591
WA14,-1420632.8477712162,352516.2313987607
27WA,-1623438.8977525926,599414.8129863932
S16,-1794813.0219935738,513005.3286521755
WN52,-1693477.7324896741,353987.9487304434
WN10,-1701008.7856506566,349447.3085484944
WA15,-1425195.7120570466,463724.48638831516
WN40,-1650761.9365922413,591684.1645140431
NRA,-1650311.3043630735,590726.3134243219
01WN,-1653036.2918417756,595027.0772523256
WA75,-1635912.1107387724,491352.90244500985
0WA2,-1735120.66850143,429380.8174313779
1S2,-1575786.637916352,577996.3551818192
72WA,-1574312.3059702723,578241.2536894943
VT09,2084401.628221576,249966.76803858616
VT11,2079818.2430544961,243011.3388348395
VT46,2057314.8283663508,330965.2783945393
2VT2,2057642.4594593998,331174.60699330375
VT38,2055255.199698169,346615.4869967481
MPV,2135178.769877938,278706.80435157573
DDH,2131265.8117496683,120595.9151139448
VT04,2134873.2927952856,119733.91071194492
VT08,2175191.586584759,269012.49631250143
VT10,2082023.8759214708,233381.99447528273
VT73,2088471.756389169,231264.03421735764
VT32,2174647.6624498023,147533.5187600527
BTV,2081633.9139069868,291754.6637769176
FSO,2068694.3616534895,343122.25629517774
05VT,2066876.477464283,351092.2262443394
VT01,2104494.970795868,277203.8791332388
5B1,2167218.406114836,360827.217950154
88VT,2052402.822775049,330004.10533469415
VT45,2092831.9730239843,301120.0032380562
07VT,2100156.748596554,295345.8002715596
11VT,2138461.8818172505,214123.67001703032
VT03,2108312.1910755993,255389.49169611867
VT17,2157372.9841349353,186808.63580857305
CDA,2161600.4078556485,332190.9234601099
VT59,2142867.405608322,170761.44335302725
6B0,2103482.267805169,241482.17779211715
VT52,2072881.1021679644,309142.23609033524
RUT,2130882.7325734785,196603.71089162852
VT61,2128137.4273580164,203682.29103540423
VT22,2075765.9576794342,281281.0597871699
VT8,2080263.1017961134,277947.5255904856
VT23,2078102.6220858803,278453.4044267465
42VT,2085671.0649293447,280631.13057086786
37VT,2091108.3953111349,223091.7935724376
VT25,2082676.8949088696,285527.2636645411
VSF,2170089.3475683904,188341.7856787416
VT43,2171680.810563645,150095.31629586092
B06,2076511.0583825628,256523.51384169943
VT28,2085577.5938808497,257209.35094741583
WA12,-1601587.3416961357,637988.1640228573
WA57,-1305946.4504037187,515493.57204963703
WA00,-1520709.6234233335,289518.85313890234
WA79,-1705691.555387213,343760.9354708332
WA80,-1716484.7918581946,342354.67946334183
74S,-1642217.5055784944,625228.762880948
WN18,-1634938.3286140503,618188.7733266616
WA02,-1638755.4329462769,624572.1583421296
21H,-1644262.5808292076,624038.7893930576
D69,-1296528.2795118226,256814.500428181
AWO,-1617585.262980714,578509.0521656431
6WA9,-1613751.7279329589,580621.7660726303
89WA,-1604283.451575848,587508.5372564336
62WA,-1623105.8893189076,579241.5842213284
1WT6,-1636518.3648608734,521000.2446212123
64WA,-1635167.368605999,521038.33106444834
WN71,-1635422.8238895726,521713.1915907802
BLI,-1624020.9064005038,654279.3405353982
WN73,-1620175.7613266332,651024.7097696919
58WT,-1607691.0863194591,656441.5949673145
WA90,-1612952.8592124826,644060.3909172325
0W7,-1612090.5040823142,644093.9188745503
WA93,-1631900.5440146516,640221.7827180456
52WA,-1350751.8306726036,367188.39529993205
WA94,-1633720.1092528063,486618.75806874497
9WA7,-1645244.6780908247,476100.05461340514
BVS,-1626254.4968407599,617243.1999647326
WN51,-1627689.3507801988,623561.8459116096
1W1,-1714112.3889522152,310523.4058422382
6WA1,-1698402.2656592187,308569.83315452375
8S2,-1517635.8516469887,475655.9233215745
WA98,-1517995.1080042552,475472.41571063164
WT44,-1768816.7945527495,391103.453299013
78WA,-1654355.6654834845,627862.0201732899
WA95,-1717008.313281561,438990.33590571064
2WA7,-1722631.6699548499,439854.2763281068
5WA7,-1606145.5310654119,290675.5078128445
C72,-1291914.133006538,474119.88911726844
S93,-1555783.6087458818,448673.5422096867
2W1,-1554000.7153462446,446257.7765900405
WA21,-1276354.1674853638,453795.1202582606
63WA,-1277092.5252511883,453894.89994458755
S94,-1311165.7299524774,349821.3824447469
WN43,-1317740.1102509978,328664.58975239476
00W,-1317735.0920487393,329978.67825308826
70WA,-1308093.3003705225,350374.5325086784
S95,-1405868.1002298451,278321.9821352339
63S,-1303168.6754795706,541275.4207677341
77WA,-1303827.9610600802,541043.422006093
WA73,-1301506.3856572593,538693.7924844945
WA72,-1304493.8314873106,553119.0340196773
WA40,-1575821.7686198452,577407.6135788655
68S,-1346886.951343163,448971.48579233524
73WA,-1353071.8034636055,473283.2307826152
WN07,-1652757.1186628079,628524.3030101825
WA18,-1651667.2858760052,629401.7244888194
DEW,-1285017.9699229691,470975.74472542637
WN14,-1289443.8350596833,457585.7482744967
WA52,-1297911.7738288096,472715.0578883013
WT21,-1287622.0458752224,463248.722794237
4WA8,-1603654.672477014,653230.2006220769
WT70,-1528908.952721616,617918.2541406938
WA45,-1675069.6913419403,576164.6086277313
ESW,-1575801.7784340035,461088.09564409713
ORS,-1652719.290219893,652952.1466688595
90WA,-1660095.6706331586,655578.4818943584
WA35,-1658074.9545593734,644478.5142735979
0WA4,-1505094.2944686613,463253.5210280733
2W3,-1664878.3371755446,441597.74839922384
0WA6,-1641235.4723298363,543652.2572722401
3W7,-1405402.7730431743,494068.8394602229
ELN,-1534652.6573797371,424525.5493106696
82WA,-1536660.4050032333,419586.30327467504
WT01,-1533637.5748463068,414324.4097686017
96VE,-1531392.9227094743,408806.2896862299
79WT,-1537433.1602333665,431775.13076196896
76WA,-1620680.3083965478,561222.8082866193
1WA3,-1625200.6826236348,559544.1950481564
1WA4,-1627516.3349570401,559775.2512486984
1WA5,-1625967.1988307936,562102.1513231033
7WA3,-1606493.3138785637,660053.5821470037
1WA6,-1615295.133456653,507678.8037418586
WN35,-1622164.1819450748,667310.9821628922
WA88,-1622134.97458312,665448.9669416558
7WA4,-1313132.089116437,464766.3546450272
S18,-1782367.0030740849,602590.5083282724
53WT,-1781944.231908617,603487.1091441101
GRF,-1681724.55280512,470770.19347036403
1WA8,-1679058.6185911326,473568.9529555917
W33,-1665215.443460203,636662.4976925083
8WA1,-1661664.273312736,462670.57527117536
2WA5,-1399412.3718837611,494885.39779779373
2WA6,-1403747.8311704344,502440.9463958241
WA25,-1609492.014648105,568268.6726672635
43IG,-1798051.9282275853,473559.0154922519
21W,-1608180.5689201534,441998.6906132716
2WA0,-1611612.8851984716,458309.04771319235
WA22,-1656363.806880327,563868.9018867207
WA26,-1560363.0216140675,358682.0200247032
3WA2,-1356625.1183920715,432804.706748697
2WA8,-1362818.0706775927,421862.53733215714
73WT,-1365114.204317618,345829.5187745621
HQM,-1782588.9967404872,488691.0116662854
WN08,-1590580.2088020947,658779.3368096295
S60,-1637441.6826931173,536835.8118206816
87WA,-1454246.710131476,307466.7590769559
0WN2,-1448318.6683253304,297773.13471003633
S36,-1639352.7523331146,488596.9358488497
3WA7,-1646036.585490239,499568.958459897
05WN,-1310784.3858849816,561185.4659605953
8WA8,-1613962.3794852232,502123.69343381765
WA61,-1655283.6094252323,547134.779993457
3WA8,-1633023.0212118092,531034.1026140611
WA37,-1531532.7059223766,409261.62249575474
WA46,-1725055.562596143,337375.4893988085
4WA3,-1737836.7249657253,376277.83695515845
S31,-1661935.43890924,629411.1978031876
81W,-1659495.6014012392,632496.6225130252
4WA4,-1656546.5661293857,634541.8256350295
38W,-1613253.6247302685,670200.3710016224
4WA7,-1731252.89850761,482857.6311943996
WN47,-1731183.2375458747,485829.92848160444
0WA0,-1614563.8728405728,556871.5232169053
8W3,-1448300.2617745628,491781.12669555587
WA43,-1626029.2290689321,567086.0294232005
M94,-1500001.4625907636,375249.8549258273
74WA,-1482797.1696732787,376114.01576739963
91WA,-1490724.4080188384,375301.6173221188
W12,-1485894.6901050443,598808.387775796
MWH,-1441803.6401593166,420782.94998953486
WA51,-1440068.3782313976,411074.82463398494
0WA5,-1619808.3908875461,604690.567707778
5WA6,-1718040.955814655,419525.9344200348
WA01,-1794216.3665741594,419928.87323624315
EBY,-1781479.71872809,653432.140389008
WA34,-1537970.0401209374,615559.1696269558
WN54,-1264804.6418740626,439923.7621582364
0WA7,-1264701.8324221093,444712.85746299033
WN32,-1252384.7521188753,488390.3907707656
16WA,-1307224.5049347924,461955.87195481965
1WN0,-1283741.8729103524,581476.1325978655
8WA4,-1701765.473212042,473522.33079058153
WN12,-1700292.0833693407,484464.71751568647
WN58,-1709501.7594636527,474774.98242085095
14WA,-1696377.4581386128,462395.13439591223
0WN4,-1707759.507097746,464982.86879817856
6WA2,-1697989.3838872889,479353.90781762125
44T,-1702264.0840433505,466674.62910059217
OMK,-1421602.0808539994,560690.7287089071
9WA5,-1425581.8644396733,553938.8778779398
WN59,-1708743.5258732762,415343.3575711501
WN74,-1700578.72600863,418530.763086982
18WA,-1455897.6993231466,328121.1234761525
WA24,-1441646.6877137178,327162.1637156718
1RL,-1655587.569805355,685347.6321784941
58WA,-1322349.1638891313,312059.068216704
CLM,-1713291.849964085,602350.4963697896
WN37,-1701251.8156266438,597531.3090538231
WN21,-1707429.7581832428,595997.2533374948
7WA0,-1724076.4132539905,603126.5503238096
7WA1,-1712876.8301252993,599467.3798320816
26WA,-1707382.7570685805,599980.3321419134
NOW,-1706571.221548349,602761.9405758773
4WA9,-1676772.4471188693,510633.9723381062
WN64,-1531527.5782026597,416679.56741455605
84WA,-1742915.9416069945,476627.4725308125
WN65,-1749568.7210898672,478628.94151154393
WA77,-1637873.3535332528,471662.8520862668
WN87,-1642551.9428630124,474511.1232811192
WA27,-1635385.9309447862,471329.0711569908
WN76,-1629379.934882494,474829.82681410323
EPH,-1453467.7357284485,435181.37987380667
WN56,-1455480.8081530987,436491.6682329828
PAE,-1634265.2624477837,553734.3399703049
WA82,-1632290.9649698965,555952.4526337152
0WA9,-1628889.2262936144,562808.9455161925
96WA,-1625579.088990119,550135.3627528126
1WA9,-1667750.4582613232,637167.6772784773
2WA3,-1674301.5550396044,656696.2868418876
FHR,-1666746.9964315335,635324.518385049
51WT,-1351215.2223348117,491173.21146333846
6WA8,-1673480.1208619212,498494.2631979692
WA50,-1676260.4270106575,501107.2538068068
2WN9,-1581377.0215824468,298967.3377899877
9WA4,-1601052.4190391358,300205.7280039448
03WN,-1578390.3517592573,301691.07072204066
S20,-1592470.8544138905,300414.32155207003
2WA9,-1376178.0928190162,299234.1917963184
7W1,-1809308.7341531138,419771.8851832683
7WA9,-1812199.4695716992,420316.61886424024
S23,-1265504.5377101072,551555.7983107017
92WA,-1630770.086053269,512166.34980673814
WA71,-1630065.3286143672,509298.30078845774
WN84,-1402212.7508418318,336675.4205035964
W09,-1401844.026950613,335184.09311871073
3WA3,-1402711.777591271,346749.4384250119
3WA4,-1403505.4030114673,354768.1142163935
86WA,-1659208.649148822,455416.9669597669
WN80,-1733389.2379461206,371151.91756585287
KLS,-1735166.7463324394,374034.4817301315
WA29,-1719834.8750815939,343495.5904424971
WA30,-1350264.5251135547,350880.24393488286
WN53,-1612366.2317436873,571125.9096671938
WA31,-1614490.5050885403,563359.0982463972
W10,-1641801.645726387,568816.8000691778
69S,-1315486.8103345972,596309.4108735829
27W,-1525665.0326149557,513137.32401825633
3WA1,-1528398.3658102115,488827.8210945383
0S0,-1394489.4545260675,382568.82378242456
4WA2,-1714478.4757048152,462676.01448657794
03WT,-1658831.34927058,633286.9984811589
00WA,-1692302.5839057907,485505.8637928201
70S,-1284355.2533891224,450221.2677352853
8AN6,-1311001.863697821,441532.60110961384
8WT0,-1314776.075323291,432524.1811555563
97WA,-1446459.9425408863,350093.4818269262
WN31,-1439278.1631828453,350351.6040250217
5WA1,-1450057.6491015763,343579.4384578941
09S,-1253026.6946192277,563942.7344448053
6WA7,-1260490.149396076,574503.8868988025
W16,-1615027.258737704,543983.2170554047
WN20,-1609856.108995022,542615.9494060301
39P,-1675524.7446120086,407140.58433369314
W20,-1437685.1977546278,412081.4187865158
57WA,-1299772.773897898,576557.6431525432
75DC,-1291164.8437105564,377790.3854784286
3WA5,-1650247.133170169,599488.3719331895
OKH,-1650958.1720282573,598902.4087464457
NUW,-1646486.59524953,609321.8121813806
WN48,-1743540.7221610702,455389.91041511635
WN88,-1804570.4664276731,442354.4418964742
W04,-1796383.3656060586,496331.6634931597
5WA8,-1795151.1518188014,501087.05810523604
43D,-1391366.5273088752,424484.4924705124
9WA2,-1392159.3608703832,422819.3950640668
S35,-1427973.0281298638,550463.4398463151
OLM,-1708377.7701911898,465802.04051848716
0S7,-1400344.200366428,612438.5869569866
24WA,-1440016.2057821164,376656.14426861855
6WA4,-1438223.125929609,380100.8118617099
S70,-1435468.873654644,371436.22270698374
55S,-1631018.3517323928,400713.521696141
WN26,-1285637.2961527389,347210.76384355326
WT88,-1285166.312880394,342077.2353733374
WN81,-1434890.5392078634,308911.0508746808
PSC,-1452424.2500285408,314551.0124902064
6WA6,-1439976.7843978908,313107.1596114607
WN13,-1668709.6652750962,511930.6510919795
0S9,-1666976.245833248,580509.1310339872
WA42,-1666892.5816872923,570904.5216469417
WA68,-1668345.6553428741,583629.2948273737
7WA2,-1663739.3041864927,585688.6921382366
83Q,-1665728.297640229,541160.1125812392
S40,-1503937.0608435324,321470.57563713484
PUW,-1291632.813459068,332122.1251378286
PLU,-1659812.380718034,467265.79306595534
23WA,-1664750.3102626267,466206.7707555023
7WA8,-1657677.1041097138,475374.91213505587
WN00,-1677335.5461170808,558560.5154229522
UIL,-1794094.753916627,606235.8871519652
WA74,-1484220.2228719394,433584.66102247173
9WA1,-1481079.4498295444,433224.10455612344
80T,-1479585.042093146,430656.4341726093
3WA0,-1693865.956649275,453090.48989953444
8WA0,-1689563.281956303,449483.8864495315
WN55,-1657744.989650389,397505.09992147447
WA08,-1326925.6614384293,451395.2965961352
81WA,-1630810.206335839,526694.3581679283
WN91,-1626743.8537316404,524338.0353346448
WA19,-1631828.4986796542,526710.1827009484
1WA1,-1628443.7004566954,521112.4108767538
WA38,-1631260.7957233696,526787.2909925465
RNT,-1642532.9509574983,507737.0772173128
8WA5,-1405824.646864801,404242.60578760074
33S,-1376193.1056728847,395094.0605467812
9WA3,-1262633.3056134179,523558.7191002447
W39,-1673345.8236740637,647437.3749381265
WA09,-1671738.0959993938,647437.7384169236
8W9,-1726377.4929428173,455165.9721757523
72S,-1302470.410444781,391175.391150671
W49,-1651795.7738242587,645327.0365697719
4WA0,-1480114.417796703,398014.9594441147
8WA6,-1469416.718026772,394458.71469828265
04WN,-1471948.4900914573,399447.91690441326
8WA7,-1316653.9689656943,380436.5099747279
0W0,-1646603.2128577898,524629.5442866042
BFI,-1647540.2636449903,513491.8747009382
WS87,-1463690.8869006298,556153.7552044116
11S,-1765321.6660768955,635895.1824087386
98WA,-1543312.1498747112,385164.61272827786
0WN1,-1548088.7894122598,395287.43609876017
WN23,-1691407.0705017687,593487.3584387896
WN29,-1692292.5512758396,597100.8133238578
WA59,-1688603.4134749405,595422.7441031114
2WA1,-1674028.9694587523,587165.3541750187
3WA9,-1687008.2596244873,590587.7748420568
W28,-1692116.722368458,593252.6065234797
WN49,-1684303.2933379048,593681.3233493891
01WA,-1783891.8513817952,452831.884124564
02WA,-1644393.1860257112,468473.02514795674
3B8,-1666902.779776073,465405.1593593137
WA62,-1296559.6868162788,416685.472688549
03WA,-1294644.730204676,409099.20635794004
GEG,-1301359.421680582,434754.4516689109
04WA,-1295143.4781199174,429099.9038171115
05WA,-1291735.9119373339,436049.31027945044
06WA,-1275189.6267577366,436637.57293473353
07WA,-1292491.5204172388,436505.62474898965
WA91,-1270279.7210378237,443857.3044095848
09WA,-1289783.4448844506,442525.8720015857
WN61,-1280216.59504272,442199.99955802463
7WA5,-1672330.6728210372,654726.0786205647
WA03,-1600428.8945279785,670093.0953151657
1S5,-1513723.3225130027,337113.65363097226
29WA,-1665596.201659793,487385.936218096
WN50,-1666929.050382834,485773.74286568305
31WA,-1666778.6230526723,487501.0254572531
TCM,-1672377.3158861995,474868.54822815757
TIW,-1675564.1553027986,491040.78507575666
73S,-1274807.0426546643,384964.7291754639
59WA,-1714594.718485365,453709.86622407014
65WA,-1713491.0639538488,452208.820434862
2S0,-1465690.6514388088,558840.6385087773
VUO,-1732994.0344743729,315158.19421816256
WN38,-1730564.1395119485,320028.08746173687
21WA,-1727249.3587200814,313782.3914461416
1WA0,-1729375.0605448599,325765.59199188446
WA67,-1718079.5975852895,315790.7248705584
28WA,-1735327.5312426202,328705.1093418047
W56,-1720968.335571446,319460.899053312
WN67,-1727250.7636819505,313782.1518233765
2S1,-1662294.260133504,509449.0022152643
WN96,-1664806.163739422,503866.9209089057
WT77,-1687979.694118623,504927.59565028216
2S5,-1482770.9837674047,482881.60504642053
EAT,-1500910.1146514206,457824.26538105594
WN17,-1510515.3419428668,453509.1338009778
41WA,-1508937.7904820964,460896.4090812559
14S,-1796843.6993035034,484422.9971530016
WA83,-1658607.5026452334,644117.7205684735
WA66,-1641884.5536808416,310775.8614636049
75WA,-1640378.407018667,309971.08142366033
44WA,-1642143.3341668155,301169.883278159
40WA,-1602549.5430861888,348885.2486939787
22WA,-1379613.7481341932,476055.7145203071
42WA,-1387945.2851824285,477723.7954994364
2S8,-1385492.0071459038,469785.690004077
WN15,-1642353.2894209397,465245.0136514385
45WA,-1548590.2198695044,377113.451691332
46WA,-1553114.0220086444,380046.5367652233
WN45,-1535764.6998106588,395357.9082396234
49WA,-1684803.612385898,444514.01034788165
06WN,-1684589.7028189918,453567.5937783877
68WA,-1530397.8786850248,349133.21932086063
54W,861182.1909106595,-197999.77939100226
1WI8,988681.08442994,36305.32708480577
3WI0,990318.0545601924,37283.36539892361
WS36,838089.8189221607,-26411.874330703828
AHH,595460.5788058963,59356.687341781435
WS14,841472.7561017729,-4300.235779135233
AIG,850678.6604109082,74491.49002758092
WI45,848663.6671073587,72936.14082890138
W36,-1642463.2712035216,508585.60388187197
01WT,-1641404.427950469,510335.7385008572
8WA2,-1641367.7087927114,507726.6480879321
8WA3,-1644050.8909171487,502178.38711213804
R49,-1353576.5301171867,573160.4734108323
WN82,-1360608.5081340405,567326.6708149591
82WN,-1326248.1167211018,525653.3342596893
WN77,-1463523.5347699453,340304.4483941875
WA89,-1464074.5261217826,319371.2827867253
WT02,-1465824.221048921,328617.62683345407
RLD,-1465053.2189558472,322380.42083265784
4S6,-1589569.0255171133,393172.8838443205
WN94,-1374956.4044153576,394546.24594302126
0WA8,-1642076.2428932805,527406.4287726987
8WA9,-1648061.9155915098,524115.7117146603
9WA0,-1648129.573807374,514456.97781705763
WA55,-1648907.4810800813,524391.3484939298
WT22,-1643262.8202799014,527223.2344500686
WN16,-1647711.5259197683,524258.8331670434
WA53,-1646875.5817820563,521811.9303741945
WA54,-1647397.103398421,522425.4382211643
WN01,-1647547.9799149765,524190.2092600602
WN93,-1647560.7589246305,519875.6733641537
9WA6,-1647214.7636452497,522534.75517088856
SEA,-1650755.3926562539,505066.6320739882
W55,-1647054.540959067,524923.2413581751
0WN0,-1685536.8057837484,595877.3656437593
6WA5,-1659356.8823441037,639387.2327530672
WA33,-1657453.1537381767,640012.7397554503
SHN,-1717456.76638113,499497.0824677855
9WA8,-1715279.7820150128,498022.76174030657
9WA9,-1670787.4411077646,540180.4997740713
8W5,-1674267.4650133408,536132.2797371696
4WA1,-1699353.3942913536,303997.61532011174
18JY,-1769546.1615655352,403934.86611460656
S88,-1573164.6975713258,513490.166285728
S43,-1621617.7151529526,549788.2103851329
WA04,-1620250.978148725,538707.9778213045
2S9,-1783561.4665373533,456790.00126940967
11WA,-1298922.5706808248,423304.65133812954
12WA,-1298509.465293774,422849.706795691
WN92,-1275825.7064007332,427873.55460987287
SFF,-1284316.6893983653,438272.0889456699
WN41,-1340306.5238211881,407527.05642892036
SKA,-1310224.1400130186,436298.01275358826
WA23,-1306043.7109058804,481906.3075267472
13W,-1634080.3744715203,594557.48034743
15WA,-1628181.503538012,595221.2335922744
16W,-1361534.4346575695,329702.6550848289
17WA,-1597895.2589041435,538729.5956781821
6S9,-1510266.09315967,570089.0593891544
WA92,-1683815.0445549323,485066.9727076193
19WA,-1672961.8794893397,309467.65021590586
TDO,-1717093.333165611,410736.0421638928
W01,-1410642.4561347559,588002.9853202882
25WA,-1386346.4565152219,564830.904763366
5WA0,-1388367.3775905084,567530.8519975899
02WN,-1399675.6763919657,587668.2051393886
66WA,-1637682.1324987034,332531.88428361283
36WA,-1637154.7388043583,327037.2435409547
54WA,-1646497.067854351,502590.43942190835
39WA,-1313432.7067166308,464197.61304454337
30WA,-1381270.870672811,303364.11763817875
ALW,-1394774.8685744691,280965.8651761306
WA10,-1403158.2601776728,274190.2388665874
83WA,-1387743.9302782863,271876.1865297649
WN06,-1399094.6211240906,277770.0017960919
5WA3,-1399899.2210223316,278582.57270767505
2S4,-1429881.2573146396,389846.8105599746
33WA,-1411899.7454308432,395154.5434601902
WA78,-1697837.253199124,305846.6650696447
WA63,-1705141.5944992893,300288.9066273839
34WA,-1709654.3408852413,302235.6276729209
WN72,-1377821.8778073103,365969.3334945608
35WA,-1387906.6259040125,354904.3219537595
37WA,-1389026.1855883244,364590.7590049887
5W1,-1420866.4078815787,439816.19951240515
1WA2,-1721833.881788435,417071.4343083114
2WA4,-1659623.8141245083,530271.5296679849
WN79,-1657753.1144642057,537277.2728912827
S52,-1467243.7206963864,567855.4669174744
43WA,-1629914.0039078197,535533.5020539247
W27,-1730260.945213896,346965.7665327765
47WA,-1628174.7727774477,537583.0383618292
YKM,-1549142.1184130737,374257.2347427071
48WA,-1566352.1202268116,378181.6972193015
55WA,-1566227.9413071421,374151.5026924731
99WA,-1546742.0293953433,376871.2350587757
FCT,-1539796.6506960064,383525.7116838995
ATW,910545.9787089666,-17980.838455885427
WS89,920123.0678352694,-14251.304388922032
28WI,628416.1400584627,-13178.071888731893
WI51,860919.2391184374,-130168.04460674002
ASX,692680.9337719274,211345.23165897437
WS63,694601.8569043023,213727.5680820279
52WI,777170.4580026692,65591.12117959642
29WI,790826.529289032,-26351.12831542505
WI14,597792.1074583465,24409.830161501995
WI29,597299.8783376538,17907.1042180006
4WN5,593386.8637905869,78826.2206741022
DLL,822107.8671765066,-112644.57740481135
WI30,825879.4850641987,-116798.01663353758
34WI,824007.0131706384,-124111.75314791146
9Y7,636243.6543614308,77562.9090137264
WI34,635812.7657122547,76276.52189302971
WS19,695694.5063168325,250361.88003403798
WS70,898547.4026667472,-110737.2254917116
WS25,941475.3108257018,135733.3142974209
WN11,929256.7580968855,134355.06163809315
44C,901298.948958874,-217337.51844339297
WI38,897374.3461805355,-212161.19626004522
WI55,878065.6707727307,-53129.87336680661
31WN,879630.4646036532,-52290.8005449512
3WI3,833307.2779424358,28465.303988765194
BDJ,794963.2516301564,177588.51017393733
3T3,625601.0086827656,35746.546564111
WI58,977024.6357989596,-203835.29823351104
04WI,977905.6637239943,-203579.75553472957
WN63,978727.0458417897,-201955.74919691766
C37,866368.8857559969,-211015.61472891984
02C,955838.5758881143,-143028.812273636
7WI5,860753.9421593974,-179505.45751766715
74WI,971677.751216462,-130381.06576861572
WN90,678570.7875008492,78289.96719518432
WI10,640857.9034551638,194645.3764948603
7WI8,973745.1492556127,50321.171400959356
BUU,952014.179170153,-188514.96928835256
WS13,656195.1221338406,68851.57049121692
3WN6,647533.7169350503,59783.07240823969
11Y,939370.7242879961,-35691.18382040604
3WI9,675902.808256852,36003.611514537784
4WI0,685373.8817275807,29557.03303778099
WS47,678293.5392272171,30595.885985398752
WI32,680199.3739324792,35049.29312542216
3WN8,672973.9744600124,28483.486081177416
7WI1,700266.2713079706,168499.51942728236
3WI6,907480.061378501,-206106.80634520666
CLI,888441.9967407642,18862.27969772719
5WI8,937626.2638064884,78144.19135787185
43WI,648290.5485534134,36644.2412504087
WI43,825600.6149818359,-176553.56751678095
WI65,850532.6783638971,-142672.33531015346
5WN2,848578.5789053503,-137745.17387664912
05WI,916977.4639480527,-197935.77032659907
WS12,861555.9107039853,-136483.34455076727
C59,928938.4991804183,-198176.03829827413
WS43,945174.2982662313,-1955.412771616088
9WS2,937116.6583050198,-1785.7457290330096
WI44,801107.2079928492,-179244.88702381292
22WN,792246.9203302667,-167223.80931715507
83WI,757195.4481830364,41932.0811770596
WI09,933803.7141093765,-158870.89538941465
4WN8,933781.9758525876,-155723.48536784633
25WI,668458.2257199987,12187.333458550418
4WI5,673168.9979753218,4762.863949249082
55WN,664430.2005536187,13884.990693613901
61WI,937603.6276578859,-75996.2896843241
58C,887107.9820984005,-177139.49304452704
WI00,845504.6226367442,42296.44371013123
WS69,668040.1321471297,-12415.700598258709
WI70,924890.9461072484,-190549.1698838693
41WI,929075.1519567949,-186397.02217416838
0WI3,936855.66212323,-193999.41423399586
86WI,942303.8342782776,-193368.66718895335
WI05,654584.1776025227,12309.529681210981
61C,906537.9315833099,-164274.8685570811
WI76,910109.2301637613,-165421.77905479973
47WI,908391.1919902735,-172252.98838161642
1WI9,903316.5908664551,-170265.85336124297
WS34,906151.5524328076,-167833.0543917079
WS20,745326.4606985529,-73496.20108318559
62C,967095.9149250481,-172723.31551166697
63C,814681.5714702659,-64337.394725645856
WI77,955510.9201726607,-129861.37053877115
WS39,800109.6104729257,129105.97051138872
WN75,937964.7150203178,-128156.58518631125
HYR,659050.8594835418,149020.6909997657
WS24,669530.0351924695,148090.81602678084
WI81,769146.1917171797,-231003.9067724199
48WI,793557.1985756612,138872.0256892804
WS67,667612.509197576,236711.75608370805
WI63,774556.7008220011,-104264.96630678723
09WI,693620.2505822078,-73680.45280133779
36WI,693922.9399793061,-70443.81704589594
9WI1,901221.7620524972,-11273.15724469938
32WI,895346.4146807536,-13573.25224953523
WI22,903110.1779969166,-11724.907434429544
89WI,809484.4068151921,-183262.95165646385
UNU,908686.6134118948,-111853.94256030918
WI68,914178.6177140779,-114563.1566239213
WI86,966102.1998951471,-189828.1094315898
ENW,983973.0529057678,-194484.64069580572
WI82,992960.1789174096,-195102.3998928524
WI01,983661.9317879706,-197372.79587341467
3WN3,974828.1318185512,-198751.83103150554
WI83,986486.4586103049,14986.565212797312
84WI,701021.6461258299,-96537.7148374489
WN98,657351.220498314,107878.45006809635
8WI5,904762.6912925484,10176.298070138533
BCK,726466.9188961075,-42364.57163516632
7WI4,715375.4022397652,-38033.42217434885
23WI,725787.2477114935,-36498.2929654233
WI49,696699.937494089,-41708.56578978762
WI18,669133.4591047087,50212.823629924824
WI15,665498.3649101313,46374.81554307142
WI56,742870.8302744569,-193938.81509450145
OVS,754488.4673195151,-161332.76536935553
WS48,752162.1284040939,-164655.8674321864
WS91,754713.788483313,-155945.14646384434
WN68,954166.8256215322,-190251.57323054396
WN69,962186.426962276,-191746.47680856354
3CU,671994.9950011434,169420.78952450442
WI21,688044.8291344607,27202.278906790973
VOK,778131.6132902154,-71251.2890440291
49C,966556.2701438019,-204749.05894092316
C74,736479.0187504983,-214526.97432960648
WI60,905913.9743820253,46068.52398937793
1WN2,966587.9467880462,-114453.09598044258
WI62,967481.4960837832,-121050.81099436291
75WI,979327.7239764831,-83259.79306612337
40WI,683212.121057907,-68663.52530373659
30WI,985528.875299983,98592.99378172655
Y23,652599.6554217814,67865.86225114675
WI41,883843.5844380769,-126968.94922196485
6WN6,884882.4924380409,-120366.98839618207
0WI1,611179.5970156969,86146.52211414416
4WI9,695563.5249428758,56687.406841793745
23W,676219.9639663589,245092.03898019122
59WI,875345.5809048427,-160564.62273820987
87WI,876134.7886385713,-162082.79117489143
Y55,859181.8048193614,117132.47066916409
3D1,930012.4692545773,92624.99605355437
UBE,623665.6309226982,87258.41708374963
2WN2,627049.1219344322,96362.84620796639
5G4,651215.527091673,184403.4491642074
1WN1,945406.3172349997,-79394.6472545232
WI25,631684.5627052948,-20157.920640226283
WI57,634831.3894088253,-10647.247128297104
WN99,646325.4876802408,-5447.465684809611
EGV,826926.7663887156,158815.334152198
WN66,814114.8034508008,148005.6934185215
57C,944886.0258821341,-177556.02641158435
35WI,940442.8404385281,-184001.5484449579
WI69,947998.974860584,-176787.21884875477
EAU,669600.9282849481,20311.176428997976
WS38,668025.1966651141,14315.489123918875
8WN8,1007266.4445091083,106952.76240573403
60C,780828.0701039305,-97074.59341749773
85WI,604395.3245001842,33736.812503149406
3D2,999721.2915721716,94504.05334709739
WI73,889717.9073079759,-49963.073992782614
1WI3,876970.7864822219,-193234.17823712935
26WI,673773.8139452976,114078.35395727372
8WI8,758864.9020711117,-181470.97017968868
7WI0,716877.8448085239,-141776.92374610272
2WN7,903167.4655552997,-53850.30923363001
FLD,920537.329410472,-71379.08716350858
WS49,902551.4599402205,-171183.35952359508
2WN6,757269.5970673558,-7512.650083209284
GTG,567735.7836801324,114601.73676719838
WI59,566288.3437421786,111760.7147038044
WS77,567134.5406809866,101766.9078950166
88WI,958161.4541016323,17217.651529225583
7WI3,946478.7889610069,14677.80890099971
33WI,941736.152941217,17479.59726071029
WI78,953700.9036014049,7233.567869366278
GRB,937500.1847212613,11455.51186734217
4WN7,948272.2042247393,11569.854288761457
2WS3,943632.1381130231,-10651.001656456458
WI79,742320.3709736941,26955.364608692285
HXF,934893.4005646419,-116738.8011122046
02WI,576158.3371457327,29701.50077607009
21WI,571998.8869328542,21560.535370254758
5WI6,682375.5765838316,-34192.22493637815
68C,866993.1963505101,3698.3210184154245
WI64,858412.5939057497,2757.3986367242564
WS45,804267.8106176166,89449.53356511229
Y77,651563.1939420209,210019.0932262336
WI84,908782.184399106,-194820.01713024
WS01,889442.2064535245,-191990.14270338396
WI85,894632.7673971185,-204498.6355025559
WS40,893199.1478326546,-196966.91257523187
JVL,893522.3313698057,-204621.74393154192
2WS4,898070.8752261146,-198426.38153577622
68WI,701355.7024346737,-95265.78000836972
LSE,699140.40074589,-87007.07444530909
RCX,699669.7914078693,94240.74977558099
42WI,691648.9994073632,88621.84614714737
C02,946301.2721345951,-197898.20299827144
WI89,948788.5134094874,-202319.75424307905
17WI,899381.4056955922,-157060.0571096524
WI31,638514.8385461122,189948.2986740381
WI36,801527.270653531,143581.0671682251
4WN3,892392.7677545736,100354.70445179232
73C,758620.5657907025,-203258.14137874515
LNL,827910.4700663621,183886.13749704548
90WI,875299.7552481644,125273.07097253602
4R5,701729.0043905751,239301.20991451963
WI91,901922.0287307029,-25434.762846578167
9WN5,844740.2746986218,-130942.32999397536
11WN,840423.9181577753,-129160.14935856032
LNR,793557.9638600443,-150993.4836344018
8WI6,972698.8889608972,30874.181342978594
WI92,947909.6838611623,-192438.28307962173
WI93,858032.297236838,-159259.22696893415
WI94,862247.9662553938,-152306.17493010164
WS27,855521.0147236928,-158429.9041325976
WS52,858119.3021427103,-159998.76329694127
87Y,874905.8913441157,-152663.23266384835
WN02,794304.1700642324,-86888.97586709255
MDZ,759047.6047152432,56829.75397679238
12WI,754261.8176079874,60210.94266173089
WS21,957876.9727893294,-134329.49011863745
LUM,639278.6865171732,20150.469368503498
WI27,630587.3050520247,22400.942852334898
WN25,636782.0333305135,18941.862708237742
WI08,973455.0901503633,-121753.73679636726
2WI5,756163.8170488456,168263.5521858555
RRL,803324.9914018932,73296.47669100744
5WI5,819369.0922296991,83918.78017908407
WI87,817872.2593768372,75673.47005356867
EFT,849156.9126345376,-211066.5751184623
63WI,836532.9256317837,-206953.14725287526
WS96,834737.5692927542,-212231.92723429124
WI19,845113.7772752198,-78462.90417692192
0WI4,851109.7529422477,-74365.81010993745
9WI3,951936.6706858325,-8837.368131056342
WN85,859228.2978414334,-135635.2128496654
CWA,812929.4623579618,27222.37479432783
WS16,801366.0634285208,33541.374631644154
56WI,818630.2691257609,27468.321255139148
WS82,902805.5701406109,78721.31483777345
37WI,830812.9774421335,-171156.8100213273
WI24,832415.4470610181,-183304.36204491617
2WI7,838183.3554909297,-172584.57434063865
WS76,883285.992391145,2106.3735692341015
2WN3,889961.9220040098,-9656.825303026619
RNH,584085.291559772,43380.710294132725
WI35,580775.0240929743,50678.698193575794
14WI,596873.002091138,43366.16415730278
46WI,583220.8003343605,39944.366971968244
WI72,972058.8982453599,-177629.14165099993
0WI8,931597.5366794029,-140985.04447759656
OCQ,948288.5276507541,56967.464762510375
WS50,907977.7484723019,-45830.319814155744
96WI,917477.7614280466,-52683.18764093459
51WI,910565.347033291,-39970.30469466084
WS17,910032.2216419074,-48301.84173649672
78WI,694394.8777718167,-9314.188795215981
WS02,823469.8136421172,-87715.7289167534
2WI9,829676.2818644257,-84958.19359617749
88C,925255.1918773738,-170626.26796110772
9WI5,928137.3745967153,-176432.0644460016
PKF,738098.6439362672,150099.06113094854
WS06,757642.1988793209,156130.51080165067
25WN,623420.2410314695,-22103.65043452152
WS29,926129.0731255438,81409.5094181446
10WI,922631.6421290704,80391.62731498807
18WI,881129.6685762461,-41242.39959796577
PDC,719967.0120748795,-181061.0907948634
91C,826421.6893371625,-137269.48011618515
6WI0,626682.0966204079,51167.87052754035
19WI,621155.3527040664,52231.8552756387
5N2,755053.2128532619,105382.14251782425
92C,928297.2732302237,27727.746758622456
RAC,990459.0010273628,-174900.70458638849
1WI4,993101.2023714696,-180457.52238259697
WS53,989827.6192180753,-178455.05237146208
1WI5,887519.377434999,-104824.72297070619
4WI1,869573.0409408238,-110814.98899554598
94C,864386.7419511188,-115072.20806139361
7WI2,870579.4777230723,-115208.05205755384
WI67,886253.4483137968,-64317.26372331824
WS46,887884.992026332,-69232.86963550044
6WI2,570206.8313337096,8146.34496184993
8WI9,582024.6040650316,11590.256272347071
WS41,584524.6319455593,28264.23339075089
27WI,955456.2663727372,-181233.78894582836
0WS7,889445.8533503679,-165859.5583372604
38WI,882330.1940303191,-7262.456539121998
WS71,575257.939701091,74172.42162348836
W34,904163.2672711054,3343.1276965916845
RZN,589880.5535797175,119467.50064345183
WS51,751526.948210345,-140169.1461960506
OLG,627217.2628005435,178102.6942055848
SS1,627989.2038644488,184346.0736178388
CMY,739410.029364294,-73622.07735152802
77WI,733513.2952546864,-75825.23851958064
44WI,756777.7764835939,19634.908443922097
1H9,633710.7085375106,125144.4036114117
WS58,626744.9454130855,123329.15454481526
5WI1,642621.6156995224,133479.6019156609
23WN,646252.027819447,134882.85315579793
MSN,862184.7227999782,-150397.75067967636
5WN9,611837.6355016417,-15876.385376200868
D25,777304.2890542595,173458.34152055657
MTW,978585.3172683786,-22479.726438222384
WI96,979539.620448704,-26102.416390095925
3WN7,983169.9092549708,-19380.449355359528
9WI2,966884.6703675588,-6363.8733617252965
4WN6,965374.9174539295,81506.66310798388
5WI4,962695.9422831463,82549.18305209499
13WI,880662.8885694955,-85129.15801687297
WI97,882344.8691931281,-134454.5984936758
MFI,773903.008063549,6516.3360543544095
WS98,774317.4519297057,10974.046496354831
WN44,813899.8948750467,79209.57423300334
92WI,807505.2395947077,84753.0016433343
C29,846952.6688069893,-155256.3187438601
MWC,967129.4883944092,-139029.4552774788
0WI0,975726.3497202677,-151441.25589536456
WS03,980252.9363517564,-142641.61307434307
23WS,980231.230381925,-142659.58833420626
MKE,980769.5136789761,-155418.02245427898
MRJ,793230.84366586,-187490.43279176002
WI16,802311.57894084,-190186.70760556433
ARV,791587.9854174787,153679.8230134706
WI33,623033.8170038447,154044.15331987556
0WI2,941751.4856739822,-132490.07257502616
DAF,790201.5873914997,-59210.684265669115
2WN5,795784.2065224285,-61563.058729331016
67WI,798017.6153704388,-65246.276770901975
WS35,916748.0273957367,-25185.08788986819
79C,908715.1204854315,-29348.36823830878
0WI7,914043.677168648,-31499.146527543915
VIQ,749597.7780288559,-5231.969401422789
91WI,790883.1470395161,-29898.5999552653
55WI,795546.9548028164,-26607.20377929341
73WI,663316.2519346967,61602.69338514599
9WI4,961173.937587354,-154753.23728961032
8D1,947374.2972454651,-48000.09057064813
82C,788628.5835759909,-81250.88165286722
3WN4,889974.496934787,-15386.457360326523
16WI,954862.2538383103,66747.05319292127
22WI,931416.8851198568,53466.36158132724
WI37,688401.193377814,127912.16345316998
2WI8,979605.3565621951,-82246.64355275308
15WI,858708.1228532922,-174717.22801166758
WS33,856159.4277401832,-177143.54226602198
WI40,864213.6450190553,-175587.63245980773
WI11,877818.6586248124,-209967.75776707716
OEO,570684.3260939477,60211.76653331994
69WI,570765.3158989138,61406.15834609848
WN86,576477.7197595921,55655.49342493225
OSH,911801.6996013095,-48619.92313969304
PBH,743053.8560292799,123066.1849196016
8WI2,831286.461573987,-32531.392199225083
5WI2,834190.7233331313,-32415.528311151313
WN09,834018.2436143039,-38958.17229439763
PVB,778963.9612235862,-211339.65589877285
WN97,984792.702803302,-198019.61610439702
8WI3,826645.7544259495,-11112.607117756113
57WI,962231.0696723288,-68295.66696844227
9WI6,858703.8036145365,69982.99280073721
C47,844581.2701507146,-105467.16517823594
WS28,852097.5596203479,-105233.81509094653
8WI4,973454.3795006617,-121753.53012838916
1WI6,969061.0734490416,-169176.90274255912
3WI8,866133.8994577829,-47191.1967590212
1WI7,868590.3560530074,-50357.540759381074
20WI,869964.2423186159,-50265.19906236626
C35,805127.2668745881,-114335.27702570592
WS54,804087.2795253467,-111751.716427616
WI42,810904.3963091407,125763.0552166565
WS78,815692.2946024877,114376.98763254244
RHI,816149.01876581,123497.90425406904
RPD,640706.6952672768,79357.42783466639
62WI,641110.7849737788,89176.63140731068
93C,783114.4155896867,-144231.12679061625
26WN,775677.9057265854,-138911.78720827636
WS64,807322.75813026,151249.71637518317
4WN9,966253.9757751349,-196942.01803798563
6WI4,730084.1320367274,212006.92180328158
WI47,858301.5382784168,-5518.296061454646
WS55,919017.5250971975,-212682.69944859
EZS,899083.3397148728,39970.9329554663
98WI,894620.0710721943,39012.41884484158
8WI1,886495.8537049927,34394.143557469106
SBM,971011.2367968125,-64120.79248051851
WS56,979461.240099072,-63729.860671143964
WN03,982500.5644300542,-72658.86594748827
SSQ,625807.3054114354,112679.26064266039
WS79,625207.8170049135,113769.84251171745
2WI4,945163.5963354964,-194896.47332920227
80WI,865261.7724808776,-50713.38274524167
9WI8,945945.5782629355,-189030.09243075424
1WN3,583672.6736691033,50506.308333122906
WS30,582952.9058663764,47898.812042571066
STE,826847.5340660232,2883.4590409341336
6WI5,939402.3059508535,57334.96104142519
6WN5,617540.9440959373,-25905.265738445865
14WS,653187.6247204113,120714.40230772107
2WI6,877594.1878367764,-173783.63592710957
95WI,881819.8672943503,-170688.9114966953
2WI1,869075.1451058994,-171544.19191816426
3WN9,682424.1386582192,-12917.34519906287
SUE,986725.774096383,59460.603395400154
WS59,992139.5827977083,59207.75374788771
C89,979703.4218042628,-183041.5434413398
W11,923142.1927006922,-157007.1223317558
SUW,601835.3216408985,217502.13169032196
9WI9,603568.8362289203,209965.0747032551
7P5,905031.7342212902,72196.28439619998
32WN,905063.2861938233,75999.44570691005
71WI,970104.6095124567,-121004.42062566346
97WI,717190.0597470718,36449.30065305034
40D,840311.7930218433,144620.57809638654
Y51,731369.5323971743,-117020.81319161876
7V3,926485.8194763634,-210555.93361489792
WS73,932624.2813093128,-210404.13767464575
3WN2,694511.8175325618,227590.45837059745
2P2,1015567.2606677393,125612.74333248692
3WI2,890320.7403907068,-145178.65924740996
5WI3,886905.8806544375,-139458.41875740685
RYV,911021.5317600871,-140427.85060271702
66WI,917253.1416937432,-149923.73145771967
WS74,902998.7574576985,-142282.9531629174
UES,951984.2137163082,-149067.33314428307
6WI8,951993.1145531668,-152446.84321800334
6P3,852500.9851095945,-147301.42762407538
2WS2,595115.3284727967,130056.05220787207
ETB,954682.9378311337,-105734.71328351306
WI88,818123.9439683135,40437.61021521491
79WI,687352.0260467757,-33618.6783319067
82WI,967720.4565770449,-21837.969203728026
5Y3,912830.7457486663,-175738.4439987765
3WI5,916130.519871941,-179897.4091039308
W23,856428.4720860185,-32255.302077813
9WN1,899891.6468033342,-36507.833823482746
65WN,820163.1087574875,-207811.76193359873
7WI6,855743.6848832453,-114087.56216622666
WV01,1642538.953475552,-575578.092424896
WV00,1740011.155553234,-512745.1868508429
70D,1709535.7159463,-401900.6851276122
BKW,1644564.1078039359,-614300.6491440285
WV26,1648343.8108326765,-620615.6609982288
WV03,1645309.696715114,-614572.6297176735
WV04,1640569.2202842722,-613834.1073963477
W35,1843324.377349451,-344403.8774251374
WV61,1843785.681447669,-370165.5206392693
00WV,1725476.8248106074,-475128.2021480261
BLF,1648834.1644472298,-669600.0417268887
WV16,1671592.4019620044,-437290.1141949851
WV09,1630507.3663381333,-643725.8557125754
WV63,1671551.1992859263,-545169.7079016662
WV62,1755981.5766160775,-441297.2203166811
WV41,1625752.6101464394,-292394.2922728881
2WV3,1590835.277423232,-474312.2408446377
EKN,1724695.1257813068,-468346.3081052506
WV70,1728716.1997436327,-459643.4184901243
WV65,1697692.9584179318,-410579.67040195316
4G7,1684784.6375209773,-413973.9711044479
WV50,1573522.1342412871,-518921.66292783635
WV59,1639333.681502795,-588074.9166720957
WV66,1623394.053926245,-371239.3346636918
WV19,1724487.6547434148,-404369.7898340395
WV32,1642520.4894473874,-580200.1100071016
LWB,1704559.1052601417,-591939.0434584101
WV31,1701988.1018891514,-595383.2003720987
14WV,1725352.1232176742,-524489.3367528473
6L4,1575432.7311152043,-622178.9799855707
MRB,1866423.1981687802,-371756.93796046043
WV48,1864672.3440706723,-363727.4361466561
WV05,1871819.6912613397,-368793.89755313343
WV17,1852384.873702912,-376618.91765284614
WV35,1540048.595697904,-496657.73824372335
4WV4,1782934.3634171358,-420352.74042204005
12V,1538132.4571020405,-563534.5066149549
PKB,1581509.4835922285,-450356.4359219439
WV73,1581369.6935549877,-451170.55996564013
5WV5,1573611.0755310191,-459595.4867319163
WV38,1571124.5506684142,-461853.9937772312
WV77,1682392.948534643,-617773.6809259533
W99,1781254.8100673219,-441755.7091465371
79D,1700603.2162379746,-442463.13273799553
I16,1611690.7645712702,-643236.0522569251
3I2,1536165.157236072,-509827.4568587267
WV58,1535250.290557767,-515286.24857020855
WV45,1655437.6321979729,-660526.9117623348
WV30,1675450.4307974598,-588534.5161302888
SXL,1655614.1821540128,-560768.0134120907
48I,1663116.1710977699,-506694.8324191242
WV57,1736149.606959871,-399292.1717527163
2WV5,1700647.9856566822,-628767.3533926426
WV13,1546947.421321298,-546737.4495900667
WV29,1724270.712552604,-388850.6629163669
WV42,1623590.8169093188,-319543.3474708002
WV46,1627209.5198474934,-333622.84854879807
WV75,1667674.4194338839,-464094.70232877595
75WV,1651575.4016141573,-454450.6976738509
HLG,1627134.5165210862,-344318.82802951004
WV43,1623272.902177048,-354663.74214103346
Y72,759603.0914698475,-69312.51556763862
WS61,757326.6054942181,-71391.45431010948
4WI4,795304.2755134254,114409.8169714704
WI04,809887.9818761315,102354.61236461622
TKV,792391.6464499866,102276.98558771217
WI06,983746.4474156933,-21888.743040526508
WI03,964139.5674091461,-174658.07202830844
WI46,914728.0568701505,-59642.86379499291
WS62,845087.6094554698,-172426.1302609044
39WI,754769.9910111213,-124991.60247941979
PCZ,870026.4719186962,-15180.57258123946
5WI7,865411.8987821356,-14435.005046451253
00WI,868071.8834959259,-18704.692384429545
WI07,900711.6122024966,-90941.46630782104
WS75,902177.1209691021,-89581.75647488772
AUW,813862.4700340446,44023.87516008188
3WI4,831403.124288735,46009.893662888644
WS65,810187.7905068581,48108.58006604311
5WN8,829862.3685609151,58039.41167150196
06WI,943554.7135110209,115875.13519032049
Y50,851745.605167462,-50261.163529193465
2WI3,969151.5959197304,-146504.80118415313
9WN2,605861.239594551,137016.5277178359
WS81,608946.3139686908,135237.34384300833
8WI0,815628.8482574847,-88553.34876760487
JB01,828301.4982812837,-85445.08125838122
WS07,819558.2118367491,-101153.8520507396
6WI1,797537.2021666758,-6462.272570791597
WI13,806601.2295886164,-32316.68246912973
ISW,805181.3731878934,-20646.723940297532
60WI,794161.5690585853,150250.8739915013
45WI,605588.6090239728,28878.059941788837
54WI,606151.8364169094,29863.87777130061
WN39,858685.388099313,-112419.67083054357
WS15,862861.9932179408,-110375.32627002413
WV69,1647367.2137818413,-674637.7063387241
WV34,1647537.6199525031,-674637.5319097238
3WV7,1681850.1269883832,-428303.96706633846
W22,1687016.2811674376,-464871.7619575141
3G5,1726237.1282425516,-403318.0613942652
38WV,1832086.6027802974,-390068.2822999184
CRW,1591102.2516075892,-559149.5297086491
WV56,1591418.9280584618,-564368.9216349986
WV07,1576834.1790956117,-561616.3094879827
WV08,1600116.4878889532,-574907.1525010895
CKB,1683567.3081837199,-431529.5517350216
2WV2,1672870.2825023357,-437266.24565096747
WV28,1668830.1821856322,-432041.0107214842
22WV,1698893.3540785722,-422473.1808789748
WV52,1738917.0980043076,-517645.3441321501
12WV,1547882.022811307,-572498.4519703317
WV21,1883920.5675112435,-375250.3727335871
WV22,1862559.8452258832,-352803.31377124344
HTS,1509208.4329962833,-578062.1783861846
WV27,1519650.2601796123,-571051.7041252085
I41,1528196.4531649533,-563859.1173752549
3WV2,1512729.3337911426,-576296.7236128652
WV02,1521476.979275772,-568341.0104333581
1WV0,1782107.1012064782,-393504.4001492021
WV15,1786502.7150205765,-383902.13615070586
MGW,1700518.0615266925,-387478.16427846096
WV51,1697072.8189687526,-387207.2130901064
MPG,1627019.594856293,-378170.148479925
WV44,1623412.9791042753,-373469.67975463974
13WV,1642492.520223825,-603112.7664976969
WV53,1709479.1186346358,-416537.48282658693
18WV,1711511.5870458072,-411652.46149252175
7G1,1626829.594124262,-303194.94959942333
WV20,1622563.9903541396,-402175.8296344094
WV37,1621868.8020574383,-407542.52047458297
I18,1559295.3875069092,-502947.6528922876
WV39,1562675.4276193406,-499642.2465267636
3I4,1673540.3888468856,-553440.6761904318
WV78,1684326.8113308619,-555264.563701518
WV06,1807341.0507362839,-401345.7410252097
WV67,1809255.7197201233,-388143.73317052005
85WV,1809411.9716859832,-395178.7576173405
WV40,1599842.6228694858,-438234.196203113
6W0,1676760.7677927732,-420716.4653021919
WV74,1725147.7216682944,-523407.33078445133
WV12,1579530.5880291748,-566366.6269317506
55I,1605629.9212079032,-509837.2532266865
USW,1601307.6691066888,-505530.6721890106
2WV6,1623695.5093699666,-359169.33880099934
EBD,1561660.8315522377,-645086.4007513995
AFO,-890849.6343552036,-195020.4145142825
WY60,-885070.5501112865,-178681.07516967837
46U,-891671.0696020891,-141718.8457596478
0WY1,-647006.5162887088,-32912.01701818366
BPI,-825152.0285322667,-217758.80642694086
WY03,-825711.2704915592,-220592.05169531313
WY01,-448365.38978860935,-163095.37264218528
BYG,-533384.2287090452,-46725.047788721065
12WY,-664029.1316634234,-26815.872753013322
HAD,-513131.0695162509,-210960.59484247497
WY47,-515915.6615795656,-218649.11718704397
WY57,-513689.2765181023,-219488.65125774563
45WY,-543078.4212507308,-212445.2980447538
CPR,-525798.4683153384,-212036.50657626096
WY50,-402720.8153856705,-415453.0482664147
CYS,-402633.44592376094,-415632.38919196505
WY05,-383548.1500076049,-409803.78393722075
FEW,-407813.8675866198,-416883.63129528676
WY29,-397607.9521565728,-363962.583559656
COD,-713534.7771237798,-13614.899773653693
WY62,-717360.6599043162,-12414.271573634254
WY06,-756357.0182437277,27003.99205557212
WY09,-393119.81629644125,-154342.7730312681
WY11,-548518.7507349147,-405247.1630775339
32WY,-892659.281954342,-153400.7854189138
EVW,-919146.6829095035,-352390.877778415
WY52,-915900.6967547479,-356324.3216948587
FBR,-865528.0166869187,-346120.5334368516
0WY0,-893731.2391248957,-157416.47106423043
GCC,-439993.6668820189,-57383.649908974774
WY21,-438826.5776293862,-64002.68804047749
WY12,-452268.70555095206,-103659.68864655767
WY13,-454229.3830356553,-119168.05892949694
WY65,-423986.9673341854,-58461.814637146956
76V,-411144.0650714792,-263128.4119724563
WY43,-865102.5294447298,-111243.51172861579
10WY,-550273.7951227368,-152268.84970010733
EMM,-872046.6794482653,-296917.1285287123
WY67,-871282.1592171348,-300918.43512636825
LND,-710347.6042721547,-204929.69803031292
WY40,-463676.7337367939,-394317.46135215554
LAR,-473710.6261684822,-393671.6802544666
LSK,-359428.0936068629,-240067.25015356846
WY34,-620517.8245132992,-155250.22219043088
80V,-511373.5500797195,-327176.76903741487
WY16,-481736.4653149239,-287421.57131535513
WY17,-530148.6625948726,-310342.15583210473
WY42,-693479.1595433379,-39654.74999807966
RIW,-685767.8598394642,-179670.23584848444
WY24,-682787.2310251945,-183317.8876538841
RKS,-752225.4771932303,-337106.4054475849
WY49,-766307.5564789412,-336452.9434087057
22WY,-410154.52631677245,-60563.08261853708
SAA,-568501.2605685022,-371787.456087422
96WY,-549279.2627849032,-377194.9382695893
WY22,-474477.83695115265,-99440.86168449343
SHR,-550138.9603138544,-1956.9020604705288
9WY0,-549390.1912019192,2276.2205940586396
49U,-656470.6941499843,-161765.22013582182
WRL,-635041.9080414611,-84250.14698451842
WY35,-634421.9602448845,-78794.59168880375
MYCB,2489585.7857048223,-1939832.3033964492
2WY8,-735080.2871796727,-23941.561383965673
U06,-902396.5009128792,-267994.4282942755
WY32,-894044.8696053885,-263708.0019142233
U68,-663501.9804505289,24811.451133566487
WY33,-835689.3701446579,-190085.8006269447
99WY,-572666.5751589942,8591.131186691804
DWX,-627660.1472699074,-411967.705922162
WY07,-458638.00176045595,-170254.64040055324
WY66,-458429.84802157996,-234172.37051802987
WY27,-453030.54932653153,-252994.95936559717
DGW,-439069.74824507855,-230458.74095890345
DUB,-778719.6072658809,-114990.35592696353
WY30,-814535.3533513217,-130038.95242542321
48U,-788994.6110453282,-348197.0454142616
GEY,-639489.8133091077,-21713.98069005533
GUR,-388914.8471699206,-293452.2972852686
WY14,-370667.95524091576,-29591.475105312406
11WY,-382745.8394076068,6906.273320143477
W43,-360975.863064598,-27317.6442844344
JAC,-861423.9636510183,-97950.92206649132
WY20,-862535.3996025916,-98385.33621665303
98WY,-868860.862210591,-131341.7651576306
97WY,-869017.0770841019,-131560.74308289617
23WY,-864213.1275200363,-111881.47348983398
18WY,-867512.256338136,-111801.39847863221
WY31,-867091.2542276735,-119417.12330756702
WY18,-483637.1187281832,-142463.57942695555
01WY,-382221.01595832594,-61260.95872378457
WY44,-341894.48772998556,-166059.33444677806
ECS,-345543.3701342048,-114899.7605023441
82V,-346151.802031797,-419055.24911692017
PNA,-798181.6722707568,-196923.92342094632
POY,-691240.70302788,22795.554675038755
WY15,-684369.1908317172,2169.4372352172923
WY36,-687534.8985660494,13774.514789995621
WY04,-690900.5139480006,10455.95574082676
RWL,-596031.8676720264,-328990.2325153833
WY68,-601190.1626128241,-330586.7431531777
WY55,-364702.99845572223,-54242.31253028941
WY23,-499913.4795016182,-83766.48381403812
WY38,-595219.1429728988,-125961.29648504812
WY00,-589541.9191051706,-88017.20609089537
WY39,-888951.4086492178,-165977.619101558
WY64,-890489.7498064259,-167112.11536979143
TOR,-342688.34715149086,-317709.4930466629
WY26,-345859.2960722647,-315423.5690659339
83V,-370348.53910403687,-90552.23192544658
EAN,-406669.1590409375,-315155.7356895793
WY59,-420400.4959695955,-327964.3394849925
WY25,-405718.248696116,-287204.5214698719
MYMM,2776121.251094165,-2075388.3698274847
MYCA,2460982.932218526,-1911524.7461991126
MYBG,2222641.305073663,-1850267.9458816196
MYSM,2586929.542458408,-1940190.2787968344
MYCI,2656238.3624993474,-2070270.0260402032
MYAK,2282168.069718847,-2014635.2568651948
MYLD,2552191.6477075056,-2051975.6136029384
MYGF,2121218.0777933295,-1782688.5645073082
MYAF,2250020.6990436697,-1961657.864628954
MYEF,2465426.2065710807,-2032931.4308693667
MYEM,2380459.691601839,-1859636.5340311346
MYAB,2269991.29249028,-2003146.1771926943
MYAM,2278384.7796631563,-1747329.425405672
MYIG,2747541.2432924616,-2246300.4723097095
MYNN,2274906.7248872267,-1916298.6761251441
MYAN,2217273.0943731577,-1929596.476040175
MYBS,2083880.884454966,-1889441.1677710325
MYEH,2341787.5326808314,-1848462.857472938
MYRP,2565515.8216838473,-1990201.6538767812
MBPV,2867793.5666520125,-2116426.9086028673
MBSC,2947718.106270993,-2119886.02058097
MYER,2404718.221678242,-1897876.577218413
MYAS,2259688.8463519905,-1810636.487478156
MYAP,2681539.2566678687,-2098045.6392784277
MYES,2391573.7761874464,-1984389.9817444084
MYLS,2525218.211820357,-2013502.558201107
MYAT,2243331.3815342817,-1729829.0567123499
MBAC,2942168.133978506,-2146658.6733697704
MBGT,2987921.7451977003,-2114591.3580470174
MBNC,2896424.785553782,-2090398.6254727805
AL30,1191231.6577972993,-1131508.9286741975
CXW,679474.5881657675,-1078451.5669288565
47FL,1731915.926435115,-1647238.461871658
57FL,1711507.680306567,-1696996.168146977
GA30,1510012.4761070034,-997958.8105392819
GA45,1503430.6083064799,-1001053.986931842
1IL2,997034.8321224763,-281639.245528174
69KY,1220065.5414899578,-751342.5288099566
0KY6,1243089.1691669796,-766124.3919563114
91KY,1351017.8896427525,-694749.5794662379
40NK,1251368.6090100834,-654270.5999898246
7LA9,665666.6797715944,-1636882.67269575
MS33,908397.375985904,-1170836.6294265687
12MS,925973.5585891852,-1354530.2866350855
OK42,386022.7414902731,-925682.7294165258
7WA6,-1761111.7090198386,276004.7515667131
TN06,951499.0151794638,-935517.1734203997
TN02,1557281.6272104792,-814020.9258649875
6TE4,472705.6001233275,-1269158.2225020123
1TS9,-87420.00225084365,-1698524.1420707107
92TX,171953.485772343,-1535594.1078228336
3TS5,-99828.7355930326,-1180603.549490323
8TE3,296754.46072046907,-1389831.9336750128
WA81,-1723371.5369225503,313594.479317232
WN04,-1272219.0772251054,472130.977344111
WI50,834264.9245509555,-125018.99010530586
6CA7,-1589845.5429917187,-1157978.5303144318
18CN,-1942841.5973380376,-540615.7866653799
34FL,1779913.7628948698,-1519309.5846347704
27P,565375.9536138157,-273101.353326114
IA02,364747.6854934752,-463125.02617966005
ID36,-1065599.505602336,-49868.00649884295
IL06,893686.2265249189,-452056.78082909144
72IN,1056765.3938799552,-343208.4066425699
1KS,464604.8196329871,-743854.8686083516
17KS,216385.58207103753,-680778.8731544858
MN04,496154.81318046624,903.8313005328586
M16,431272.239906173,170518.11156457232
MN15,521475.02929400484,-20660.075221125873
MO42,643287.62652043,-730336.7297603851
MO10,720453.0191438972,-868253.3374872141
00U,-593279.675007831,110955.47227407749
40NC,2064998.1755607768,-660302.843732093
NM99,-627166.1589651891,-926265.023768197
7NY8,2061794.9684829907,105497.83041980614
8NY4,1868445.5806786572,-52805.38454880282
NY85,2128187.903045612,-58000.08746532832
OH99,1288216.8271663643,-300023.19196322176
OH10,1381530.0218092098,-457866.104402155
6P7,1698601.7609392582,-262073.91214793184
SC01,1609647.4223515745,-1003483.2922877973
30TN,1185635.5019230738,-878795.8968416465
TS53,-615003.1170594261,-1444165.7344813007
TS46,124887.98313081647,-1580923.8195745929
TS25,176305.96081002336,-1665827.241949235
67WA,-1276772.63942055,453041.58091985714
WI53,795326.3174594559,26552.945751756073
WV24,1655891.8809799328,-516317.8145788186
36AA,1147877.9331928198,-1280819.4073145257
3CA3,-1862614.4972035487,-379875.40544138907
9CO3,-779534.901179932,-660823.6000923692
1FA2,1803122.8828775869,-1619661.6872152954
IN12,1252981.520584861,-474878.98321284895
96KS,190376.3563624956,-623406.4538315482
ME37,2277490.8920397926,312949.449888512
ME43,2337988.5996589353,476128.02443916886
ME49,2300103.6191838216,493530.5905195807
ME52,2483603.5603015916,479752.72610601044
4MN6,364250.53867696837,-95848.76003787239
03NR,1923314.4172310974,-793196.6840106067
9NR4,1761350.9033868606,-865543.2897617164
63NC,1938546.7339452074,-830165.7654830808
NM95,-401544.07750666596,-1393812.0773269886
NY92,1927907.87236265,600.8070312644944
OH12,1561544.7947972803,-170653.65653686295
1TA8,-66970.77424002891,-1746986.7382352988
2TA9,-66844.24870915468,-1683734.793208742
4TA2,255125.26563469894,-1466950.6194419104
TA76,146556.1232760363,-1503997.3971618882
01TS,329413.7056112004,-1483865.0196542128
28TS,222385.10800721307,-1541982.054045019
57TS,428866.71625379316,-1564068.5845473658
1AZ6,-961874.2262271745,-1434802.5931591236
CA11,-1702446.3300949254,-346197.1210118069
2CO5,-684742.2069642447,-658259.5490219346
6CO7,-362954.8716320061,-591428.8532580672
5CO6,-555169.5326302403,-777820.3757955062
7CO3,-405564.63497658493,-620315.2077062288
7CO1,-778678.8299271584,-660758.3704480567
7CO2,-688466.6733555343,-699026.9059122553
6IA6,555446.3611575717,-449488.913804469
IA03,702659.0356354595,-331331.98473813327
8IA8,697442.1634242455,-358559.1543274335
IA06,311915.9797059626,-207396.9404621526
ID04,-1376919.5313283359,-118411.62421644272
IN02,1204552.4388081138,-568379.1316500581
5KS6,304016.5537746508,-634340.7729245522
64KS,132365.14246484597,-668252.9290194196
LA88,745827.6265589054,-1442225.5900645573
MN29,564543.3346430666,292671.7571097057
76MO,579901.8077026377,-796567.3308891548
MO03,807710.7319039215,-787023.2306379955
MO04,568991.8289593076,-915911.0710475015
MO02,642988.9237697192,-728376.2863798913
MO06,577378.4274746367,-908529.3489154839
3MT7,-880307.7637848235,316538.4951187654
NR07,1581610.1867834092,-842055.5585954031
N26,1837129.3834297445,-872454.300816662
0NH7,2302401.8378500743,214416.99370101234
55NH,2177430.093873614,270621.70652337547
3NJ5,2163920.2948500733,-217722.31751813221
XS39,-154440.40590201522,-1100473.0754516236
XS79,196424.76168484465,-1569938.8083460205
13TX,231218.86729809624,-1422217.0532882889
73T,296156.4782639298,-1367205.856351123
TX28,220352.26025143685,-1437079.694655515
3TE3,334189.96703697264,-1316754.9451647587
TX12,-8533.065626574326,-1190394.825847927
1TE6,449900.527340452,-1699229.1446892938
94TS,417604.84705285245,-1297759.0236443772
43TS,139899.67625087328,-1830106.6837570283
6XS4,394299.0838118301,-1659918.905325471
UT18,-1029651.1168191248,-814713.1190414588
3UT8,-1048631.6525420202,-508103.1015022748
3UT9,-1053633.152445646,-513359.70013928803
2UT5,-1165926.1763263766,-746632.6051341741
4UT8,-925776.3372466544,-538919.142291329
4VA0,1899034.2362378137,-404125.9226996691
NA,-1587266.8609450625,-1224387.6882672564
NA,-1426282.702914074,-1245153.1953574205
NA,-1388391.3296711468,-1272749.0735412487
NA,-374320.71421207004,-1871273.221349109
NA,-52730.15062398998,-1814178.9078993043
NA,-121799.25532255744,-1747809.5751102262
NA,-107674.15724707436,-1735907.6071201763
NA,-612025.5902109272,-1459743.526752552
NA,-586990.7481687312,-1786125.8231979539
NA,-259201.6935010622,-1786213.1324261464
NA,-1047803.9698319564,-1460998.569295111
NA,-917567.5920260709,-1473916.1469699785
NA,-966077.6659659985,-1488928.9261575926
NA,-1266227.405407147,-1415858.0087298327
NA,-346940.111177073,-2143728.8704254404
NA,-466989.95686590316,-2296565.066744207
NA,-508446.1453177826,-1912724.842120695
NA,-357970.1151627104,-2147899.6752562956
NA,-24041.504124662075,-2117780.2998416307
NA,-147504.28777453542,-1996956.041789353
NA,179534.83268515902,-2100330.7393663027
NA,-94460.60771348333,-2153179.4923427165
NA,251334.71050969954,-2124789.2433276516
NA,-10828.531961831768,-2127350.7164451806
NA,42978.73721382837,-1944506.8699147806
NA,-224182.98758714474,-2154431.6731719747
NA,231176.61131476675,-2172188.081678736
NA,222055.01474403482,-2142273.337207804
NA,-17098.593739722568,-2028597.1476823832
NA,-45282.839641409075,-2125511.0715456405
NA,46227.93075300957,-2066325.4567441444
NA,-120351.41812219657,-1885378.0837293644
CN99,-1844635.2894028134,-592570.5960064167
CA74,-1854785.783613601,-568528.83728433
95CN,-1578683.1229053815,-1007109.2001775636
FL56,1983449.6484771252,-1874024.3094779204
FL91,1979078.824634989,-1922015.189032194
FL14,1713763.0415765583,-1738336.763110127
IN35,1242450.8783805869,-519479.2286842397
IN84,1162659.929665135,-524057.1279655617
LA81,596760.33272251,-1350732.1763400987
LA58,961135.6958718149,-1612601.744498326
LA80,848547.8256377928,-1590808.2160272873
LA02,1002027.0561837597,-1659412.6893737384
40MI,1220567.2296572432,-88916.35614106007
63MT,-664176.8093156538,114847.12358344614
L51,-662253.4247836589,339905.9018060208
NR42,1668605.268783172,-875932.7625296892
NR77,1896787.00577903,-816768.7523614112
BWW,-254073.43383324225,134805.57459080635
NH48,2264534.0094272057,179927.12649671116
2NH1,2265473.870589319,165256.58072944666
3NH2,2216247.9189639073,160727.49265896066
8NK8,2080086.5441761157,183117.71908798927
8NK3,2085879.0921220556,114591.19927318279
8NY8,1969757.7380370926,85467.80617685466
OK44,403577.23403477005,-893814.1195334835
OK52,470728.1715452007,-1045701.3717081279
OK53,360626.2864508779,-973296.9987828352
3PS3,2039880.1816828656,-156491.46662486598
3PS6,1999458.6120687362,-190630.553774293
3PN4,1630128.7462227417,-247169.2670920085
TS40,29071.45585365537,-1849163.63930743
40TE,225664.6927598194,-1573138.9193105514
32TX,-408934.38669103495,-1565769.1684085135
6TX1,63592.797336473755,-1582560.0449753595
TX88,99702.50995885309,-1424171.1965107862
2TX9,114368.08310368987,-1515898.9344069979
6TX2,47258.77321085886,-1712601.1088964222
7VA7,1960991.5073211377,-559300.3758821199
AZ11,-1010227.7160795798,-1144679.7430755384
FL40,1807234.9982671037,-1791543.3635432725
FA02,1878941.1877999855,-1867608.726708869
GA97,1521786.7493797075,-1241867.4994789744
IL16,1077764.1998795322,-620873.5276758721
IN32,1094525.7536144438,-362410.04075479845
MA66,2316881.034526295,123041.1232814204
83MI,1357031.1416210267,-125930.1759583998
28MN,572836.5755609995,-22434.024928036313
05MT,-860783.8930540428,150446.78995109798
42NR,1901874.1357601543,-822383.0150161711
41ND,-85125.53443427934,349780.49175245676
25NH,2196529.244814681,304652.2301244129
9NM9,-652667.1760070968,-1306446.081795494
9NK2,1968148.5572022016,25323.44755487972
1OH4,1487075.817879119,-228351.93879190102
85OH,1352373.3310257955,-267787.0431746975
82OH,1277729.3710134136,-271382.4127437447
OH06,1317344.1075667168,-270762.99153598736
OH08,1442274.9467809657,-266387.15834524704
23OH,1311692.824123682,-370490.8575256105
OH81,1370312.6112506692,-429023.6301169142
0OH4,1332847.3152290976,-418540.62776906334
4OH5,1535119.7386242405,-236690.70559030908
4PS2,2048857.4207134463,-221211.09680055003
28PA,1992688.3960430645,-227941.63333881286
GZN,92285.90791897006,-1401501.050941569
UT66,-1178955.3566281963,-775398.822016995
4WI3,620041.2050534778,90473.13467733606
6AR0,719019.4900855102,-1070329.6897595832
68AR,503899.47720841604,-990350.9924144023
FD10,1809056.8267701564,-1715665.5742839612
FD96,1723436.2282321968,-1615783.9590799615
IL35,902597.0873965501,-425651.0385977534
24IN,1226195.8388299267,-534544.881296582
3KS2,266912.68383116956,-877361.2569635361
1KT8,1334033.2057283872,-695472.5478609088
22T,1321261.9363340104,-199188.3897147995
MO48,747858.0552411372,-701936.3012225516
35MT,-667925.1512998987,131677.6005779829
NM05,-630157.532364074,-1428105.902494316
3SD2,-236025.63784579025,-94765.52770006338
VA20,2101044.2097152695,-517705.70665469876
02AZ,-1065281.1191295781,-1314221.9511953196
1FD5,1991910.651139515,-1880557.8697545566
7FA8,1547457.958808819,-1459948.0578762097
FD40,1913391.5179599759,-1751225.3140949127
3KY0,1374130.9457329088,-641526.5584425427
23MO,592999.1524465706,-589911.995477774
21MT,-855532.6858635453,142001.19352200758
HSG,-672794.4533077825,-108334.21302692291
35AR,738438.4536784698,-1040494.6989742486
AZ66,-884264.7910566698,-1244975.953132575
CA02,-1975215.7618736904,-342287.2673137526
1DE4,2052979.872877064,-311147.8023082551
07FL,1707695.457267412,-1614195.2389502563
IA28,593844.3815398094,-267324.7092017509
44IN,1083052.95659656,-458053.03490715194
LA15,863001.7250870856,-1549602.1019661364
6MI2,1138957.8972585276,-161598.17040333175
20MN,510643.59734996775,35482.97835380214
20MO,591883.3832895188,-898273.1368449406
2MO6,504341.8478793791,-846042.4106455995
MO60,827501.3871781906,-671752.2440243143
MO59,490748.1309061129,-660844.5342057779
46MO,648549.411570716,-784581.7381222717
22MO,564607.8512379075,-745448.5841591301
85MO,618640.1813110113,-850072.1770831589
47MO,720089.7917100437,-747642.751188779
MO52,771224.5366602122,-715226.0387754679
3MT5,-993047.5929842332,206030.3420779364
MT40,-675000.4453541775,124149.13798277569
3MT6,-860691.5941009583,129913.13233814568
2NE2,322289.0195766668,-506161.26106111356
2OK6,415986.196090153,-907906.2688608365
18SD,73455.51650014859,-32638.7484375487
65TA,271112.96405102254,-1355148.318730747
64TA,231745.17939241554,-1341843.1852348924
87TX,250571.3130011286,-1426375.9351556378
41TX,130412.95098400113,-1554641.8758764956
4TA9,242195.52325103484,-1402031.764013457
7TE8,115546.41677952085,-1859603.532857818
6TA4,480266.07595267537,-1661684.1894082506
96TX,454866.47220086184,-1730619.240964563
0TA3,252521.00880560116,-1335676.5010766673
3TX8,108432.34751679524,-1633512.123782966
89TX,511631.40019036096,-1724055.185395377
0TA1,419278.41348423087,-1676073.3625293847
6TA8,224154.03026145019,-1568414.984071264
XA55,346905.7080610347,-1369527.7586972162
5TX1,75441.98896655264,-1575366.4982327875
8TX6,77877.08206868514,-1559092.124683797
02TX,509943.7330959403,-1469366.5405921778
73TX,435754.0263957598,-1588994.763361001
45TX,449501.4039896578,-1697733.4331177408
57TX,445740.47562811873,-1547476.5799037025
10X,-11131.483965076948,-1722531.4127633525
8TA4,219940.8911045339,-1357084.2356553422
2TS9,370673.84423168463,-1350201.752999661
81TX,446420.31635038886,-1337556.6463608826
4WI6,720949.9940247791,-180779.26678286062
92CN,-1509385.1811758366,-1098972.1861020764
CN93,-1859178.3667903137,-848515.9707847879
CN88,-1887978.8219652835,-483461.70950109663
0FA3,1879409.6998997945,-1781002.361096388
45FA,1898432.4394681973,-1813424.3128638207
0FA6,1858857.2424163583,-1861995.208176766
46FA,1207909.4765628104,-1543320.6283116795
24FD,1819341.5464862422,-1673314.1402865404
FD69,1799481.4275587627,-1629122.2712436845
IL60,928476.9847190268,-254800.84991283025
IL66,894434.7069328033,-638579.6973279957
0JY9,1406636.8636722225,-593118.274040017
9JY9,1474965.8208292522,-709419.9166816261
5JY9,1521608.9180641323,-634241.5588375282
8JY8,1375364.6210776544,-629188.3574692551
7JY7,1319604.4558913647,-764485.6994187734
63LA,860849.3597671194,-1572613.3479982244
26MD,1986846.5436867608,-354025.91576770524
36MN,557961.3279152241,-22078.58066789446
MN72,412352.2449513374,55054.086440071565
MN88,444570.89191533206,-70458.89500273277
MN99,630093.3838335781,259493.4798294209
0MS7,1028926.386326792,-1555233.9933896419
1OK1,198530.6458056991,-1016578.6605536905
HYI,207818.0754759708,-1672451.812348894
8TA7,248220.43646628794,-1383647.964925363
9TS3,37641.1861750943,-1873923.974905839
TA82,407512.5709193397,-1536104.190668317
TS75,400707.60410071514,-1618577.1438284805
TS57,393547.702289429,-1737592.8540414167
45VA,1910914.4452004416,-427065.8916967977
WI12,860286.8036323453,-52081.02037340694
WI90,931843.60661422,142476.29042380376
15WV,1841837.3051275292,-350577.6017644693
42AL,1113412.396833589,-1355442.05101669
91AL,1244856.9137789991,-1213431.925018268
37AL,1268082.8535058654,-1162816.0576719958
20IA,515721.72920346,-367199.16343386535
60IL,772024.8717347869,-419401.18656020594
43IL,1016671.9989145085,-272286.8638178534
53IL,879540.7434215636,-362513.06196538615
30KS,198860.28867272934,-772430.3055085682
9AL1,1237333.0051804679,-1188383.609851967
45AZ,-1326432.4729332256,-1005469.8131767504
51CO,-504075.19853620854,-529270.9931878323
70GA,1425129.6845010428,-995901.1850729078
28GA,1518991.09127882,-1230558.3413691705
45GA,1460758.3895494267,-1170040.154056081
75GA,1508593.3073124608,-1205677.9407612905
54GA,1595315.6970778634,-1412705.9182849887
40ID,-1197611.0233243299,-77477.02231005028
25ID,-1258024.7476043857,113644.25211206694
50KT,1505089.671139617,-651964.7619860639
46LA,810246.0620975129,-1334551.4150136574
9NC6,1882202.664221128,-873979.1274921024
7NC6,1940217.0281298293,-867131.7606161181
OH11,1335656.4785405193,-500648.93366735143
25OK,184904.9569014036,-1184288.5522666601
5TN5,1559823.3620524,-799223.8303095386
74TA,177170.66847142283,-1635466.4764359656
0TA8,64428.904396550286,-1588953.187860544
4AL1,1348555.2303230215,-1184117.2885594892
7CO5,-405136.4339278051,-591002.7246656754
57CO,-423283.3219398717,-484943.44021487277
43CO,-661339.4659618571,-657766.9296524551
IA42,623027.6747310321,-269798.21151863853
75IN,1059101.5658177596,-457806.20916199195
80IN,1212370.8644003146,-347991.71216740774
21IN,1153860.363192798,-672826.1897766967
63KS,341681.8557447503,-572071.4207002982
2KT4,1245532.4807519747,-806856.3045261077
05KT,1310758.186396896,-638037.2015133733
15KT,1432070.0136853117,-734509.6407488411
20KT,1186749.288248984,-716970.6105973399
02KT,1437948.628434377,-614228.0237498268
08KT,1059110.5381272957,-742620.8084948763
10KT,1301978.7031891095,-580542.2030761647
55LA,775466.5585022449,-1558831.796862294
40MA,2284415.6081682188,146841.79869031307
18ND,-39172.649126287935,197948.3501677024
3NH4,2309911.329272791,206762.07976373562
OK70,158429.7052806652,-1061211.1742382222
22UT,-1030782.1067429527,-814412.6514975701
15UT,-979090.5175892278,-378069.67572561366
20UT,-1034655.1081962021,-415365.0779328787
18UT,-1034626.18307084,-417177.9762292815
60LA,850991.2198469708,-1360131.902903612
5MD3,1884593.045613632,-341066.87401287
21ME,2313389.0428407406,282241.2352245263
80MI,1171706.9781082908,-124200.62024986523
42MI,1305262.3396349938,-59154.65339967538
67MI,1162216.3208250788,-233150.75152226805
49MI,1264073.2101497722,145637.84501894756
55MN,453761.7642703322,112473.28105450809
63MO,487971.8776951335,-868748.8639363563
2ND5,-61503.76550743339,294069.7728811402
2NE3,285362.8521168096,-482596.3372625824
5TN2,1566856.3435102042,-793090.5070058655
10CL,-1647181.5016019377,-1083555.4776908753
3FA6,1748789.2559795752,-1630254.9441773216
44FD,1983829.9820152072,-1873342.9423425097
60FA,1879394.9592704563,-1781018.5638171888
82FD,1815784.692413002,-1639914.4316226384
54FD,1853371.930502853,-1640614.9308748252
FA84,1698842.61350108,-1700797.2740179813
58FA,1741982.1700475889,-1730091.9852947514
56FA,1976201.4827169674,-1856852.31181794
IL10,930833.0303796983,-708979.933096093
57KS,344959.92586556764,-623559.6605495468
00MI,1328851.7006177509,-85714.6231509681
44MT,-721901.2490598325,112881.23960917696
36MT,-668948.2453541239,236728.05316048826
10NR,1761823.7992870295,-908844.4174102013
50NR,1997923.9706793106,-739237.6585805978
20NR,1741064.6089736412,-915211.2188639235
16ND,-45480.96619827411,188839.24077770117
13NH,2261996.910321163,231842.82734568062
50NH,2252550.4957429073,244164.53866258377
29NH,2271709.7390296636,184267.04441527624
65NH,2220193.0536309103,190387.5254079435
70NH,2245654.4672446204,206564.33059213744
58NH,2291513.268897079,186536.01585753963
51NH,2268929.8388460684,204449.82426072017
60NH,2258854.5446059504,277067.8021090987
33NH,2227304.0063638575,185266.59335655492
63NH,2239379.1646412043,309861.0578621614
44NH,2241989.4798432947,236843.97125243008
56NH,2274073.236825723,243333.20056565065
46NH,2182499.8323843754,254713.58893870492
32NH,2198905.03668334,258152.5961756534
90NH,2260913.7043520724,257167.5996651403
60NJ,2148203.0650709085,-184083.85589210165
80NJ,2099649.4764915495,-244312.79985953006
19NJ,2099729.900895258,-242651.01514765754
10NV,-1362704.4001899927,-851951.038262627
80NY,2275886.3680295344,-63274.912937378365
54NY,2097869.7568375287,-79383.21978372116
16SD,230575.16715524247,-108156.14297302664
49TA,310352.6891258831,-1603728.3249649804
31TA,440442.3304077063,-1629118.3697207444
ID67,-1293014.9337032624,3306.559949747153
3LA4,699589.0415451851,-1656239.4427651525
56AR,705735.710452442,-1118281.9125565195
88IL,957779.4771142526,-496887.4228021553
IL33,994453.7972053214,-690857.3367790827
LA85,592762.8727552698,-1373893.1391697575
9MS9,979186.1645943887,-1472184.406897728
NM03,-511043.4432429135,-908918.7453370637
PA39,2076640.5821048024,-244612.00110481854
5TN0,1137928.1115491912,-912686.9039297829
4TN5,1550354.1422216506,-822080.6674288796
WT24,-1303948.4249231224,424303.9244824432
WT04,-1303802.574047549,423634.39516847517
WA47,-1611029.1024743149,626931.942731042
52WT,-1415932.3583647949,277929.4215840553
AZ69,-1043718.2400834509,-1396741.1203415054
33CT,2176783.731740904,-16289.831366045397
4GA0,1493481.9288011047,-1289944.3174419443
GA53,1440700.9818992817,-1108805.6606405205
IL55,912722.3853599008,-323960.14769073
LA92,758110.4030469673,-1585810.5009552734
44MN,445752.8516633848,-91039.75907101354
07MN,419098.9009696736,-64302.787825341285
8MS1,919309.4810657653,-1213704.5891985246
NM04,-733640.3271206276,-1380554.3940069384
WI39,933114.7185442488,-148868.62868696125
77KS,278604.5120750593,-811748.0454288612
TS51,339718.19974619715,-1800694.944478041
NH14,2234773.937326771,162199.9309805798
MN23,471497.2469275941,402885.9616523148
4MT7,-880764.2272685152,90725.79856532518
MT65,-707533.7423307907,276794.60476505756
53AR,522135.58255499136,-947495.5843625041
74CA,-1790706.7367799822,-500216.07317036437
GA00,1506988.7524016856,-1094925.5972583962
IL39,1039829.9137305891,-537135.5981650472
03PR,438702.6267342786,-646143.551174326
00AA,-128044.22952136569,-698597.048917722
LA89,910116.0162058645,-1644419.3937652232
05MN,582490.5154314217,308190.7052361245
MN61,516926.53613568627,212750.95719293156
51AR,567386.7619404237,-1014415.5941555762
1GE5,1451617.2279017763,-1187408.320701393
74IL,922404.4836735793,-410292.8681345371
NE75,293069.9050124195,-282657.9174337193
NE78,221330.06754692682,-321622.956542664
UT06,-976653.5436466452,-290271.39703452267
UT08,-993342.3055929706,-398647.51267159416
MU22,862165.0531911992,-761812.0350016438
MU17,520353.4395347726,-618684.6071060419
77NY,1850510.0441101706,82669.62411161128
84WY,-463150.2379508815,-156458.56099864762
IL80,959606.0880255926,-477991.99717643694
61IL,876156.7178738738,-660966.8969169916
00AR,207630.36615379216,-667243.6269622059
NE21,34543.329919165684,-523270.8391210065
5PA8,2064739.7065666306,-235365.04940374108
96PA,1855633.3809502271,-169115.48620340525
65MO,927880.9999968475,-860828.7677495276
NE81,109552.64316616699,-234507.5569477243
0NY2,2126673.6635037456,-78237.64199854364
FA27,1696648.0242408589,-1629625.02039311
LA17,699751.2983507307,-1469798.3212069273
MI30,1174990.3506854232,104999.455611406
9NY0,2087982.362734964,-72079.54008293594
47VG,1749363.5849209009,-565401.3057977482
58XS,-100378.59304087053,-1460539.2581775934
WY61,-460264.3354474374,-397633.8351863178
23JY,-19299.991905579558,-667304.1649963248
59PA,1952529.93114157,-54741.3753922263
3XS8,-379756.30132173834,-1533097.823086643
1XS4,77699.38843784838,-1592932.2155695488
1XS0,209065.23261804171,-1881929.0138702746
76AR,676940.0001689502,-930580.769477944
50TE,427200.2186554759,-1746369.6330734098
NE12,87061.15699895866,-544318.3944717363
59TE,238423.5217980838,-1605168.1433856087
46TE,-100741.4313797845,-1458432.5953877703
42TE,427210.54045557015,-1695789.1316567282
55CL,-1882553.7880925077,-407850.5670860337
GA77,1342455.9000706624,-1007314.0957715024
3LA5,852623.1178780982,-1548063.3865408578
3MS2,915708.7090963381,-1077617.9605514938
TA29,194972.41358048908,-1907075.9477187025
WI99,883207.2046440325,-176199.93783379474
WV68,1859818.794056237,-379011.32163171994
44CL,-1870692.5440327488,-411722.1934045874
MN93,486814.6602592342,52352.47728330585
TA36,224282.37912808347,-1835766.073772017
TA10,214559.4389272094,-1936939.5899770549
GAX,-1197877.7401957437,-1254529.1697165961
77ID,-1311705.0458209394,-31211.255555143784
4KT4,1308115.0115309404,-566190.3238717681
0MI1,1366354.8383518443,-108334.0627892234
78MO,670807.1794051884,-807742.3160854089
OH37,1342641.2310774785,-530283.6485342452
3PA1,1981502.8254155803,-253454.90749676834
5VA9,1818782.526799245,-710205.2837579915
9AL7,1333198.1190242684,-1291279.2858011585
07ID,-1249487.7839090738,483987.32465622405
IL97,962298.8964592832,-346545.2834445792
LA94,609307.3443869001,-1315210.3422257947
7MS7,901282.302282428,-1350787.4622895934
30MT,-930985.0454021152,245738.64847101673
22NR,1883433.4460322838,-802772.5065628107
EOD,1115920.1523210537,-853445.7307536157
0TE3,441854.2642151752,-1674122.8895653756
TE70,-131506.08037841987,-1205618.9240281573
7TE1,314527.7987119167,-1657427.2143346288
VA90,2047884.498168104,-604309.6445290723
99WI,981610.9500056528,-16329.990113725227
93CN,-1604246.7191021312,-1182771.78996898
IA32,346544.58573583997,-396404.2892621566
NE36,-4041.1461917862507,-383644.33298299724
5AL0,1245025.8777760204,-1080944.785436656
9AL8,1105867.3005907654,-1128870.7556265302
CO59,-385675.1124954401,-484496.74575123156
CO95,-698598.1053936499,-738617.22928437
92FL,1814384.9441946219,-1646152.4204331522
IL74,952289.4737836875,-246262.97716552694
NR80,1700805.4637301676,-888968.3732643506
75NR,1712894.898308423,-792573.5331886879
NR20,1874266.3583583578,-875006.1753053109
AZ88,-1082977.92627691,-1292986.0546675085
BE1,-1137649.1973048868,-1196918.8324115924
04KS,-3248.414896018916,-844626.0518676699
17NR,1938504.0886502278,-886864.2505134975
99NR,1481698.2927352437,-922468.8631376197
1TN9,1582238.2724232336,-775030.1986969657
TE42,260271.0438424281,-1907167.874413272
21CO,-403793.6542232723,-588389.5713904605
65FA,1831135.7096825757,-1888665.2888426601
88FA,1735756.1141925466,-1707861.3624750318
70FA,1915535.9622759053,-1717859.9304969085
03GA,1694585.6868251504,-1199466.715819079
GA15,1707840.0720407031,-1215946.656243856
33ID,-1185563.28597208,-72312.53155749438
ID10,-1343539.2996280629,-16538.727281898227
11ID,-1267493.8857557862,155681.1024041251
19ID,-1268409.8059703433,178559.7283811388
IL85,943321.276712144,-284789.3338564022
14IN,1156680.572962988,-270173.6843231415
36MA,2313815.534963566,120568.68732146083
MI12,1343875.5119471846,-209234.05921431186
6Y4,978191.2120015031,194566.43277786017
MN37,510511.5329577064,15357.54350239451
MN53,391426.26697051193,-112963.23879889197
OH02,1605867.2206573526,-270401.2766967423
29OK,137523.38578038258,-1057407.4526597115
PS91,1765109.9224067014,-294390.07070407056
70SC,1808058.5352977521,-963690.7510697768
00WY,-506930.0885390121,-220815.8689978326
CT04,2204585.2124915253,14864.57350958085
MA87,2319582.7031493457,124483.7753169074
06ME,2253389.0369261587,348286.91675861814
ME44,2364270.350580979,332329.1271142669
NH98,2271380.6414802326,189619.0111705604
NH54,2277812.262190332,171933.91103853725
NH01,2302837.462732799,213371.2105329293
NH99,2206150.323619696,210573.76970393912
NH11,2194066.393258994,271097.3743964717
NH10,2260771.500800115,247822.8726868108
35PA,1812236.3332290896,-314219.78617944743
NH02,2260011.172753046,238148.7941750789
NH12,2260136.4268411184,184589.39608854987
NH08,2189259.1976571404,357426.1597077333
VT88,2106524.9202530463,251206.8041801385
8AL1,1221198.9336447688,-1198280.929193831
99AL,1345125.077914401,-1169768.4824457634
77AR,648259.9048728837,-1128126.69019817
MO13,492570.6131142239,-912573.2858558662
28NR,1623546.2244771107,-897878.9231438682
ND36,-89130.90971626103,355470.6138471845
50SC,1554722.0564210145,-974772.8703517677
96TN,1341692.6554548803,-951535.982134666
TX73,495792.78373459075,-1668215.9352624342
00TX,407796.49911555095,-1371984.9230280782
23ID,-1190890.8030064967,-40796.30421278748
95ID,-1277696.808401357,244368.77602439118
MD88,1983612.4992810139,-305829.4199083316
ME81,2391018.813608131,323152.56308571785
72MO,762170.2659484574,-690531.9836468147
00AS,199656.79844429935,-1114312.9339300992
01OR,-1400731.529885222,193587.75589811336
TN13,1442075.0458466532,-823951.0501009556
4VA2,1842109.646253963,-381975.6657706482
6VG8,1911128.5029735072,-386266.7191701398
50WI,985625.5278367526,-181239.7693180217
00IG,-119470.78544482804,-585448.1379741731
FA00,1801033.7375452993,-1634483.7651969977
ND10,-211944.6542689856,225105.54394562292
7PA7,2019527.2315871469,-70669.49060401326
7PA6,1960585.4896746394,-48628.23434828167
SD22,263283.72784865246,-124951.84576099267
70WI,893377.7785526077,-68165.12124759523
CN22,-1840731.785805113,-690524.4186470823
LS15,798511.1080624727,-1370284.7768710325
LS20,781979.2889829839,-1376366.6946285288
15LA,585120.1789959726,-1376753.6303663156
95TN,1143811.9094277672,-853809.6040105943
TA37,404765.0374151135,-1385064.8415044586
TA42,329403.33122357604,-1628024.2116185124
70TA,393278.4702961371,-1522154.4884996482
22TA,270688.29788950563,-1414143.6271350086
76TA,169931.52660000612,-1517855.8623932826
85TA,268974.20166209206,-1386797.7834910192
VA15,2088592.4510069357,-605170.8214730708
WI74,639941.9679036506,-4901.527159954245
11CN,-1863055.2361076209,-235084.93670690744
CN95,-1861067.8634973674,-536551.954458071
MI96,1387118.1744205956,-147548.0985976026
MI94,1118166.7530336305,70312.60273691898
0MI8,1372905.9858169546,-179238.0331828137
MN96,485619.3607473309,420671.0950102683
3OH3,1532513.6715505193,-462767.8571129458
OH55,1560975.8540493222,-449572.08624709124
04OH,1505958.6978173475,-250660.76654657628
8OH6,1443051.7280266937,-320239.4946781027
OH14,1396339.2611403514,-460023.1648233788
70TE,343225.32364782173,-1288948.2366460152
7TS9,-262722.36897048657,-1150022.662113972
7TS4,374883.98296238657,-1427615.3640585698
8TE6,-623026.5206606279,-1429328.5162922493
0TS0,139257.0814177761,-1634277.7260956254
7TA6,36855.7374193832,-1620959.6082626637
9TS5,196252.71242127748,-1624194.727937874
0TS9,-57271.4740291987,-1072654.129133921
7TS7,40435.97243305977,-1530867.3705306337
5TS7,-196145.44518406817,-1085706.247614559
3MI1,1129741.4712327048,16371.984783668304
66VG,1980091.954421832,-597993.6820512174
7AL3,1308296.2487854124,-1156534.7514848744
88AZ,-1025013.4001999531,-1194356.8869069796
IL27,946794.7788599102,-477295.9231506423
IL68,953462.1320214955,-329975.29368143494
6IL7,921293.608987667,-564579.5340478768
2IL0,848068.1684548407,-259881.18915565207
8KT8,1295174.2844649975,-624609.7353001774
LS21,755542.6912352359,-1599678.3742866435
NH23,2177470.037806928,285932.3917440353
4OK0,192518.00095383349,-979381.5245055573
2DE8,2097333.6160916626,-361043.5722737945
ID09,-1225909.6291625476,-78311.27525606845
9OK9,249045.0381486326,-1044276.1079594599
2OK1,321543.8244679149,-1193408.5395800923
SC57,1883787.2333259112,-1043784.7259664739
00CN,-1536782.1202144907,-1213364.816184296
LS26,932261.7527914434,-1540664.0813106482
26OH,1462703.9382895422,-263518.87976812554
5AL4,1250003.7605641915,-1246948.9910322519
7AL1,1152166.9505007388,-1024843.3292418073
0CN1,-1813602.7865443535,-611499.7849194447
CN16,-1813780.5148957362,-470698.49123960466
10CN,-1928259.8935502355,-454342.9423112346
FA95,1818930.6491010222,-1601082.616983449
FA75,1834314.6986384254,-1645228.2355396005
FL15,1794307.1596145988,-1624850.9005732914
FA90,1896500.4383850077,-1626614.5606702766
FD75,1748613.2056503796,-1675137.078223667
68IL,1045713.850465041,-408598.3978135794
42KS,137581.0769894741,-886389.3788939695
5MD4,2074313.3514984786,-398305.14981798764
MN84,342783.5480388979,44231.998664295876
96MN,294045.1725232112,-105627.19199052565
MN68,505893.74751421635,93464.16732113011
0TX7,338022.7367089551,-1314497.331336432
82TE,-180775.07100474235,-1283267.4521473912
11UT,-975351.4465343618,-346901.991814347
05M,-1002078.9254501365,-436357.9997348424
7WI7,770573.5949838602,-126565.52980407176
27WV,1570909.3866057293,-551937.678619481
CN49,-1820016.0304869686,-457977.9327693884
1DA,-1276281.874353021,190857.2158734052
7IL9,937684.5587049333,-326621.5948945041
1MI7,1218782.5959390732,-39301.37732753001
3MN3,312675.2901550025,29985.669165986517
MN64,396602.19840714685,-12863.848079274094
MT59,-1076980.9718992761,240204.2107902397
NR15,2009579.8752300325,-963807.6042764157
ND53,197919.99899998633,230758.80528132032
35OK,194561.56018868685,-991257.1535654312
34OK,191646.20078762085,-992108.143449982
TA62,-591181.9053297344,-1469895.554806756
TA50,413165.196037089,-1412500.2334977218
6AL9,1172640.7741425068,-1475035.6761594876
26CO,-193399.50771607517,-488771.0393447194
25LA,907480.9955363368,-1553434.9554301652
71LA,749486.3283965054,-1583072.4802275829
80OK,223702.89086065572,-1089762.5305146154
73OK,300958.4603056606,-1175971.5370801392
SD59,169389.92624132207,4734.2821028675735
TA92,252484.346930163,-1336832.5304434157
TA85,189355.82382967373,-1708869.7754869324
7CO4,-279651.7921967888,-629380.4955705337
F15,1839885.956831869,-1544509.963443727
FA98,1824499.0083149222,-1883373.9147319624
57FD,1735782.338459001,-1574965.3455551423
IA60,724654.8282601656,-206672.8089885553
17LA,652076.2726501756,-1615481.2107062547
31MD,2126128.48481918,-419401.390598911
NE95,-72763.963634203,-529942.6386446445
NE64,-81914.27890492398,-426149.57829555875
NE22,-64595.728193394854,-430800.8081159374
UT01,-978823.5930153276,-316637.7852006076
6VG4,1915819.9722407158,-411699.95320162707
VA49,1831433.9298499436,-505356.188150639
IL49,866884.6422465511,-456603.8067549404
IL53,906532.7385167734,-296665.3860078749
34MN,395957.4693408306,425474.93696267944
6MS6,951561.8912309689,-1341900.3638833913
73TA,264170.895572208,-2081792.435552692
53WI,663109.978131504,5784.1936144568035
GA01,1473532.2690968735,-1061648.9413637575
8Y8,439938.03087231866,-178144.65580684203
IL83,862380.658644765,-323378.41332062875
7MI4,1266484.8132026207,-95372.70564273895
00MT,-814804.8188497719,128288.18144014165
90NR,1993569.0801020933,-695325.7151300495
30NR,1940891.7503686044,-894791.8733597354
45NR,2011327.1059511967,-934368.1200091133
NH97,2181798.9959292714,197397.150855872
41NH,2187973.864130808,382320.63927039044
16NY,2094516.0878995876,150835.99289458935
77TA,373125.37650989566,-1306525.0699641707
VT65,2134717.482083202,280442.4283025804
26VT,2184534.7260687714,133716.61002605583
AZ05,-1180251.2006195942,-1231709.761327065
75CL,-1690370.3678965475,-1029123.4293298646
CN30,-1609273.7168140567,-1143846.2311592435
FA96,1832951.1059668234,-1612233.0415661056
FD01,1738607.7834700071,-1710152.824985684
IN40,1034694.6521493967,-306039.770306517
5IN8,1177924.2349475825,-314102.97997293976
7KY5,1427986.1090085644,-767323.9658789164
LS32,867992.0145194995,-1578142.4755569934
LS29,590210.429234541,-1364223.8706745442
MA17,2319682.7903412,124411.22820790105
ME21,2333112.489208327,296297.4342252293
MI21,1388697.2060907523,-118151.0142084116
6Y3,1101411.0576374442,150950.1281408815
NE67,219375.77559047978,-318023.13566363644
OH33,1591764.1772581537,-207010.8048059067
OH41,1388538.3193517325,-510483.10578453913
66VT,2092958.3406374163,225432.10306385136
2LA8,974270.6413818009,-1540594.5737800251
MA11,2374303.0539344046,24895.52663091894
MU31,475410.6456308204,-562770.4393988634
17MU,481686.4487257796,-574682.7310537341
NR25,2088585.962794943,-756765.6937726134
NH03,2277006.6002783217,161634.30278901375
71NH,2239051.425555062,244524.70444907565
NH36,2198737.537550051,336071.78598720976
NH05,2252033.457769348,164977.58715269962
31NH,2269627.131292381,210556.51318971644
NH47,2230090.82109503,156044.6082178698
12OK,299051.02356901264,-1215362.5427874788
SD30,84926.02972062092,-213837.7764097698
UT90,-986105.8944822378,-308018.80658946413
18VT,2173449.2882715133,184132.13116617154
AZ04,-1095663.8550714566,-1294451.7430374653
ME83,2286254.2641665684,274598.1687603436
MI73,1267417.5666380958,-145233.6372928111
NH25,2258824.650700181,195524.71165206243
NJ99,2144713.1540441657,-176610.22579813804
05NV,-1211929.0573388282,-560821.486586695
06NV,-1215330.7491505172,-552037.1847057833
07NV,-1207034.4148306304,-553026.9516505586
14OK,334879.1030757677,-1108022.5956653443
57OR,-1744607.5992901924,286081.7168921524
AZ06,-1303255.6894033542,-1248930.401794302
MD23,2033334.5730862133,-353557.1165042849
MI1,1211014.9347239702,-25254.474296275966
96MI,1172424.4291140833,154245.71817860237
96OH,1453165.882252951,-315723.2088181449
69OH,1365904.7117461262,-455966.71859371546
4TN1,1359488.3704510645,-947903.4783790142
71FA,1957822.4278093837,-1782400.6083720191
1MS9,973317.8718329096,-1467071.1409043267
2MS2,994627.0032547353,-1543054.9086191703
09NR,1822849.9570062705,-816695.9387552843
IA52,719465.7424773882,-283944.1950467726
IL76,867112.453340521,-330164.37504736107
11K,420612.66484503075,-825729.7664091
MD01,2037030.9095075647,-469566.3053244067
MN82,461010.4147041234,-7934.758014714788
2MN5,442375.3175331679,197417.11780504617
8MS8,870400.364842857,-1215010.8268034547
8AL7,1210919.2481622272,-1017213.7165409685
00CL,-1844801.7945835728,-374783.49674193445
0CN2,-1844055.2136265899,-398018.4003227379
CN52,-1824340.2151193796,-371021.07439675444
23LA,954079.9850002176,-1538765.2105441939
69MT,-338089.5535147025,318742.6544892545
AZ09,-1153063.6449695297,-1020867.6259142047
99D,1180424.4283775066,-300842.0723474241
6MN1,467748.0466099814,-26174.594732266218
1MN4,502654.39218368003,10670.568572005077
74MN,367184.11163044145,-149100.2306667993
7MS3,940698.6499370213,-1085430.0610542642
5NE8,349023.17030880717,-474140.8125485018
5OH7,1324014.5129028438,-508153.02130098676
9OH0,1378016.105384435,-527890.1734672557
02TS,125890.50847366724,-1809589.8419140473
06TS,15651.923379649073,-1506322.6715835868
1MN1,530523.2956732973,-6070.060929786418
10TS,493208.52019931976,-1427752.067569078
TX0,347747.2591772564,-1794948.2315174288
1AL9,1197747.3626462857,-1542145.7229237442
1AL3,1291225.4281158235,-1293287.8920221815
14AR,522729.8730616359,-963751.4943677108
04FD,1740193.6512133458,-1714404.8403861495
46OK,140718.01931541122,-1056615.628284372
OK77,132567.1116498779,-1063329.1944587482
16OK,128533.89089444646,-1059625.7802770806
32OK,125753.01057348966,-1054215.7928193246
65TS,-56875.10291684063,-1694707.9116994205
71TS,602628.8378235752,-1506717.1881815922
TS13,-124705.02882779592,-1466934.1207370493
30TS,217065.61214258175,-1677044.0750940584
90TS,375460.98877313203,-1670606.233942385
FD21,1843387.4398289802,-1641785.8631912193
8AL0,1267474.8098303806,-1253180.718747409
4AL0,1173267.9547764047,-1194383.170190273
2AL0,1395676.0747640643,-1253241.4706453022
24KS,211814.3799710933,-827640.2001650811
64MD,2023535.9621894893,-445572.74995524535
1NJ3,2106893.0595958345,-130494.04018189295
NY32,1892151.0091276057,-6595.939452278895
OK10,142544.95907905293,-1049462.3666619665
TS22,-137212.52532872214,-1315587.733009552
8PA7,2037347.8066462479,-158464.22147419062
7PA0,1981521.1954454698,-192767.06924659634
8AL6,1274075.684096872,-1042950.1818220746
29KS,248597.6020381859,-800182.1794595809
71NJ,2082783.4400126627,-244696.99257385335
OK71,178470.8566834015,-941769.157372567
70PA,1917607.0912405455,-257902.14451066166
5PA4,2035824.780906221,-230246.07552608268
3VG6,2103113.7436398133,-502010.75539911434
9AL5,1146331.972905586,-1293976.0712561933
0OH5,1470489.3989459057,-331917.93756216724
0OH2,1553619.7401017656,-312205.7549630137
1OK2,132866.74982838356,-1053681.299607954
1OK6,134134.49815038888,-1051532.1112420904
72TA,365447.70639368193,-1825872.7159079814
99FA,1824344.8895060383,-1580104.8928777808
4MN1,354368.6616356232,193813.84101526407
SLJ,1032568.1845263474,-1468519.3098069192
NE51,154258.72902462212,-297891.91479653143
8NY7,1934154.971872708,88424.98732076092
OH16,1385608.468363147,-547637.1966265495
81TS,157154.9791546291,-1447964.9711684228
3TA1,-167732.35733430783,-1611146.8996991431
58WI,921646.6205032637,-119926.95055726812
5CN5,-1746234.9615360573,-330436.7592014649
ID60,-1283829.0812812608,327168.57888381265
8MS2,1057246.6285299128,-1123709.6642565704
80NR,1907973.5085114595,-764979.8414695964
1TX0,158124.20183137353,-1548395.3925617128
IN77,1153858.995828383,-480732.98310766864
IN58,1173309.6324033532,-513660.52058642404
OK67,192257.06595364396,-1158342.0137550137
OK64,243546.22901298653,-1109335.577792673
8VA1,1866326.1255578478,-587101.060512934
5VG2,2055839.9043444998,-544455.8627877216
WI61,809770.2243764302,-162508.54691194225
FA82,1787781.703833772,-1633970.3547230917
FA93,1616148.1284527725,-1454409.7185834
FA03,1920431.5471980323,-1684969.7404115363
MU28,547356.1643034278,-904900.8933592754
NR99,2135848.956040433,-651746.7572927225
NR30,1742254.0543940698,-877984.3761532101
15NR,1798528.638470101,-899930.5668707578
NE45,52304.91886667801,-411911.40892156924
NV24,-1354706.2262471532,-850427.9223222467
OK69,323096.0014450787,-1015479.2849671489
VT95,2137996.729915056,245448.7469697675
22VT,2166786.289259884,319353.1387207502
WI54,780532.543533743,-113165.44962550334
37KS,201635.36960791185,-711521.2672454886
MU03,586568.8905863487,-563217.3590603742
2MS3,1078321.193844559,-1190334.0532769647
SD73,280432.20622265374,-151353.01135412004
55TE,497811.9578373503,-1712708.86062004
MI51,1135970.3202222318,-144576.5435984541
NY03,2266801.8432951113,-48841.76920449841
OH20,1490798.3027694027,-378100.69597363897
OH94,1561979.8010356873,-377257.95604193356
SD06,68108.35739822718,3732.953255875599
FD95,1645820.807312773,-1502808.326834165
FD32,1264494.6068272237,-1522647.5244582188
FA97,1930277.8015390763,-1702708.7243402544
8MN6,486479.87567393435,83750.93663547207
11MT,-724806.1522521897,205471.79275293255
2OK3,206147.57915727128,-1096937.2978723745
21PA,2029898.6588401815,-130534.70771123694
SD32,121410.05906888477,49510.73271232314
SD29,253987.8987420246,-217422.81515830036
SD77,197660.08340555074,-188536.36540495424
1TN1,1166882.9268219033,-934369.6274621619
6WI6,646336.750822313,116106.62376125081
WI66,827627.9288542743,-159532.09165111562
9AL3,1305800.6413049023,-1097079.8849871624
9AL4,1288250.1231868395,-1139134.9616282615
8AL5,1185519.0466114762,-1171481.8663631466
9AL2,1167874.633101936,-1217401.4524916576
NR40,2015866.7962268163,-746003.3142689571
TX89,420583.3318994991,-1700648.3277035437
W37,-1678331.7418323255,477058.6552754596
6MS4,1031074.9880431783,-1412017.7349124218
84NR,1905754.2824655373,-803311.681261281
OH86,1421226.6062288533,-257022.76216806873
FD43,1811335.892897509,-1631751.6216524073
MN97,319651.39171681396,294442.4367784468
MN78,401652.9845010823,88014.37640280396
17VA,2066301.2773130583,-610351.0529572405
7WV2,1700621.671471743,-602797.2182673777
40WV,1631435.6223624127,-318110.28976071416
8AL4,1258260.4978948415,-1236832.1685930244
7AL0,1267404.9108496497,-1182776.4740365613
CO13,-429564.0592872641,-592041.5526212992
FD68,1789605.7241613143,-1606292.9851454531
ID11,-1222428.9279574724,235033.35498227258
9MN9,529250.5171447515,18921.560198420186
MU43,446894.57963174745,-567055.2461788215
JY34,2099086.3594449135,-154052.51456805033
4OH2,1519028.2369298702,-392476.4111645353
SD2,278512.5702782503,-26216.036265019764
68TX,219372.09776640794,-1629913.122625032
TE72,547588.2779856828,-1324493.7841684206
TS79,-35596.49031878911,-963720.7473514741
63TX,362658.554941094,-1433242.1537744324
TS42,138491.99294123892,-1708114.2367451112
NE94,235891.77770515927,-489955.1094448525
58PA,1771398.4937694862,-344307.648672047
6AL8,1166272.8862148423,-1508784.7144376335
46AR,524485.0593178809,-953166.3158308115
AZ25,-1375505.3540837034,-1262456.9184498414
0CA0,-1732318.2199509726,-723660.2524097806
77MD,1963736.145327195,-415120.0288681425
70ND,-85525.3493717635,326732.3889381709
1NY1,2244221.279562822,-87211.24121892596
TS81,280309.79162592156,-1530747.617147886
1WI2,793545.7040258051,165336.95795688048
58AR,522405.7446793987,-936663.7118214961
17A,572322.2691248005,-941649.2401412872
57AR,535083.1222449326,-1240760.5869486353
FA87,1773595.747135223,-1805856.258342115
9KT0,1239089.8652156717,-643964.1192366218
ND23,237650.78741358133,209913.07208290685
NE83,180891.12100002973,-469774.8390540647
12NY,2002857.6999418493,76647.01321224813
PA38,1718785.0665771822,-338903.1476465061
UT27,-863639.1328351767,-468615.9802104813
62AR,549185.7605536821,-928178.8353358039
1AR3,691503.8928237141,-1073161.8215476922
1AR4,574949.2082468515,-959922.8344608091
2AR1,559649.151354813,-1049186.7071423647
12FA,1893785.4492517384,-1641488.0490340828
8KT1,1258421.1861915546,-644582.3387253623
1LA6,738583.6702071184,-1352020.3590506695
28MD,1972399.8502622058,-399196.6044428386
48NY,1812273.326342558,19751.785689503602
1NY2,1697642.1974090915,-11529.297410162058
OK72,98710.66603436798,-975507.6651039921
OK60,200202.73266066733,-1109354.8946478984
74OK,226704.60271567642,-1002153.5450553572
OK81,195858.02090759148,-1143069.8634366505
19PN,1967971.3269193675,-262172.7584465927
CO08,-185841.39614647662,-583356.7263388
OH98,1357930.393418087,-305856.3275200942
OK73,362064.5903209851,-1053411.153639304
OK87,468058.34257852397,-936974.6236057467
61OK,190229.63837508482,-1143241.073870143
84OK,176573.02620968173,-1145694.8875359327
TS99,462625.55384536425,-1501191.085985329
18FA,1913075.1647044378,-1755206.6243162188
XNI,-814628.9051500338,-1060764.6750527613
04SD,-97701.92966268906,-10.35929112639585
SPK,-988489.9599950926,-469784.0916350976
86CL,-1558815.7532096358,-1110435.4833591115
69FA,1728747.0100188989,-1646156.7906524148
FA91,1815591.7337475463,-1641762.2789625719
7MN5,310222.73924569436,435010.553725738
NK40,2145143.8808760904,-86069.72887115138
NY53,1956981.2834252021,97346.80897205813
92OK,182187.91036067254,-1138239.3088905618
OK89,192947.76669629157,-1142112.7851904766
OK91,179679.5895296079,-1148006.8780091384
OK88,404117.9843557747,-887411.9942828126
TS98,436400.6742534371,-1685636.0132664838
TS84,-215485.49100538544,-1284556.4982614997
8WI7,837450.4965008344,152622.24219202186
FD59,1739365.3409810308,-1653544.9686183608
OH44,1436446.5346186422,-382192.9684180113
2TS5,-31776.263795620616,-1218630.7067497347
10WA,-1618681.1798839038,329903.7435087644
11WI,889001.9188243884,-183322.85973936206
6AL4,1130639.6314547015,-1064212.5180182052
09IL,873680.1885846821,-660257.3427257268
27MD,2046637.0588472288,-354966.90453947027
MI39,1147378.5741563202,-138979.85049277634
MI06,1415973.805978759,-73929.33293337692
62MI,1091553.4183403277,-63163.618885225056
41MI,1202336.3204723313,-248965.68317676504
21MN,358495.92986091546,314781.93918247765
3MN4,369210.2062888925,-106185.04157454762
49OH,1418549.950349742,-418456.3829233298
29OR,-1600814.4394800328,91778.01027328701
17SD,270938.5416130009,-14420.779617471351
WI71,580853.8919341838,48822.94879564104
25FD,1818178.5700093957,-1644758.7104789896
73MN,591594.3606743737,344141.7979544173
TX50,264781.54466973303,-1303411.9418302826
76MI,958310.8566827277,246966.42982084828
69MI,1247133.2154782712,-104595.45274899379
86MN,345121.37983965693,290829.2039366886
2TS6,413484.15827475284,-1244944.8394531277
AZ49,-1271394.634613745,-916195.1650022767
77MI,1160330.0129210502,-97410.37987046466
87MI,1169814.331799556,-180897.00195652404
31MT,-849861.3810986765,308718.98563860054
48OH,1517635.6649058317,-238687.46198596928
71OH,1336011.708403343,-498633.0656846637
39PS,1632870.34406121,-112776.77551877174
08WA,-1695619.9728241242,462132.06043457665
67ID,-1082253.248779109,112628.39593136261
81MI,1180004.1330938214,-237079.0908737218
3MN8,562187.162310984,-32583.867938068568
5OH0,1360084.1426955457,-527633.3327641684
OH87,1448221.0167505003,-366185.4182927247
OH24,1518491.5117434175,-289312.4924573147
07LA,705986.2946544206,-1516858.1901047074
17MN,335028.8754542488,-52769.04339642568
NM1,-800831.769382669,-1059507.0257401802
NY14,2077047.9200642032,-31607.46847718086
42VG,2098568.629180786,-610944.82049711945
MT16,-887121.204672468,87998.33148830208
20SD,277290.31561759673,-55310.6977639932
98CL,-1581521.9571371912,-1119099.2371266657
07FD,1988626.4693443365,-1901983.4425465735
NV99,-1274104.6708992405,-548592.459291878
5OH6,1385799.0767752565,-377504.4239430973
44OK,450715.2222323059,-930669.675383437
SD18,-275545.7834347851,-114673.63856679521
10SD,-133727.43379229333,-158324.2191309066
VA86,2036717.0077228053,-573866.8187197539
97MI,1321457.1512767232,-139053.91863703422
NM13,-505902.4695893714,-923300.455116223
3OK2,139098.6130812781,-1048130.2431298344
7OK5,34073.46972498212,-1075726.8011676406
2OK8,298562.76986464026,-1170901.269405467
GA34,1566629.4481161712,-1353501.5834684945
93MO,786193.9672865397,-824613.6638741647
54MO,778840.7448808259,-608602.7020655536
5NC3,1760318.0579479078,-872161.7654972288
NM14,-284686.6008574761,-885731.5595781589
4OK2,185668.8827376214,-1128780.5163962008
4OK1,121469.39635553554,-1049771.0304395035
5TA7,197649.19032950216,-1640780.778399864
XS04,268243.7985864031,-1349890.0802973208
XS02,487859.7050448606,-1371343.4465510235
XS06,-200705.97392070518,-1205111.313040203
79WA,-1767485.3306365737,389400.7714123939
3WV6,1637292.9415533352,-610621.0935913022
CA30,-1646968.0594615615,-1083221.9437666473
9LA0,958370.147256209,-1703925.0040357152
NY33,1818049.6519809589,46384.62365110992
4OK6,210585.88991520726,-1014544.3976759443
25NJ,2112474.886892957,-136237.6950190336
JY11,2096237.9483304482,-253880.232293777
57CA,-1633426.3565141514,-1075831.0946300025
03MO,517120.51672407164,-616082.7971905086
9NJ9,2094402.925077687,-265318.9953139849
08OL,126852.92291466906,-1064288.9375701307
OL12,254641.94946281705,-948688.8611847863
8VG4,1828332.1889432326,-590042.8456954526
CA17,-1586831.6110218603,-1109209.5679698791
CO26,-376869.1431496794,-487942.5456111741
6Y5,1104318.8130985948,288902.7507614493
6OK5,338528.800134256,-1056251.0364367329
TX1,432862.51410705736,-1422189.310762127
XS29,-224875.8734820033,-1455406.5304571236
28X,-90289.45285503118,-1059702.1694904703
WA32,-1636904.32135778,525601.7272979707
IN27,1093187.8442768457,-357599.02594077477
10ME,2382320.7188800774,514318.8872984115
ME50,2355162.9383907146,540241.2059384111
68ME,2325143.899075684,284049.0761880538
84MI,1112426.7068606766,-122490.784157393
CT30,2178691.7660927763,-8817.965504103448
IL29,837665.4857171766,-558186.3915088463
0LA6,765281.204307473,-1600716.1928450703
5ME9,2333007.4865434263,373201.2696101694
98ME,2387756.028643208,401862.8044953546
46ME,2477842.4939797856,534625.0064243189
39ME,2423620.436653536,433259.35214000946
79ME,2395313.44159533,616752.4354584563
16ME,2360643.269871962,668524.481395493
ME63,2269052.08554187,370849.1377849091
1ME2,2334229.6731038154,398600.11322476476
ME94,2317440.320425876,218973.52043951888
NH34,2262177.946598691,179941.7121053314
NH04,2257644.0864826497,155801.97863028717
8AL2,1275770.0699499045,-1189488.6844726817
FA94,1840866.0312517434,-1658828.6666198175
1QK,-20191.605307383426,-662551.9310531557
12MN,489377.0310386469,266613.09831723437
0AR3,620892.0087902705,-1160318.058172365
NC84,2009985.382694462,-721924.1836856165
ND25,-216187.91263623524,344660.8164749897
NE80,283680.31181631645,-475241.9643198092
81OH,1586675.4943630314,-221897.17911094223
6TN5,1194231.9446995908,-989759.1538347612
XS74,394451.08306389616,-1763748.7028298804
XS42,325472.95570234343,-1295815.8833364593
XS53,200827.3447781063,-1345940.1667794222
TT00,318855.86135111324,-1696130.7909731956
M99,1246158.1928123597,-97046.74523863349
1NC8,1772811.8566684246,-844358.5149932356
NE89,114177.47824339749,-248098.52208045506
3NY1,1928459.842002417,85016.64374575124
43OA,1354403.402622805,-471666.3690663648
05OK,132541.07735800705,-1057180.062542153
PA07,1881973.5494253486,-275322.93570764374
PA84,1938389.828763948,-287144.99132796656
XA48,249699.31970359036,-1257020.3487066918
XS95,295030.1096587177,-1739992.0842480233
13WA,-1485061.699001452,496734.1990947517
WI95,977258.628706329,-197541.14783894012
2AL6,1135702.2174329218,-1531220.1765326154
1AR8,713008.0808961194,-1098393.2153790628
CA80,-1831533.712485598,-651605.674618736
97CA,-1867605.487469829,-441411.3862760189
GA07,1483069.8894238526,-1298286.922873004
8OK4,170096.6499678018,-948786.9995341034
00OK,340279.6642187248,-970041.2628674355
43NH,2300791.9038140825,222404.27810539343
8OK6,282802.25776372716,-1014784.9062957674
5OK0,127622.52344044468,-1049506.4533306758
60OK,135435.35727071218,-1053688.1492891829
30OK,185871.1362222487,-1018560.0458736346
7OK8,174241.03438081947,-1146086.1871861578
2OK0,202739.41360444337,-1145908.5308104798
98AL,1140576.4112494853,-1110916.2278820176
MT17,-855961.7735010845,344340.3813076348
10VG,2080158.6347377165,-610178.1265262504
CN48,-1844459.2794155232,-543636.6831041195
90FA,1773011.5017339815,-1623670.5535645182
IN39,1051084.0716725443,-348241.3583859234
TT05,171021.7884217151,-1750581.6677179916
TT20,399983.32571569795,-1547120.6912909604
TT45,180221.3963868902,-1716566.323959141
TT32,336444.4150948185,-1323534.76737644
P17,1827517.6741534998,-327636.315647561
GA12,1357892.0265727176,-1071665.0038833201
1A8,-1505702.877171786,-652508.9711785286
VG94,1928878.3502400622,-662800.5059012256
9PA1,1966469.1242778022,-58054.84520909425
TT10,4906.480499553279,-1284459.063931765
TT06,29061.552503953604,-1686249.7926336552
77TE,440907.9088764305,-1315718.197201947
CO1,-323183.4116456721,-748942.6573830192
24MI,1189118.7365792678,-178240.51514794806
20OH,1583215.6767737484,-214708.56234078566
5WI9,755651.482860065,-196749.00043986682
AZ71,-1237730.9526398317,-1025232.3375343677
DE39,2054669.3781242138,-275933.1325123259
40FA,1796273.745717694,-1654954.4328715426
21FA,1888875.2915863702,-1640391.4391475914
LS09,742289.6718408084,-1614571.2667576817
01OK,358952.43001245835,-1002877.9791013217
88XS,55719.6852352389,-1486397.2559780185
85XS,411973.909573567,-1531179.9195695182
8XS0,48565.02594178178,-1518951.826957098
94XS,295282.62804761395,-1768121.2355190546
7AR7,841255.3619214636,-1140387.2562145253
4XS8,220537.88380677806,-1649276.8669530014
44XS,50980.7890000331,-1631670.193008586
15TX,293169.7479180557,-1243012.8647582203
7XS5,-105402.40685729693,-1050879.8546346463
8XS1,440112.9225855948,-1629590.3949717237
0ID9,-1243155.8854351793,326737.1134594905
0ID,-962368.1212232867,-214314.76456164426
ID08,-1280781.0660942567,133122.5417575579
MT62,-954240.6157944935,140788.90690467387
ND55,111425.16951840727,199838.79866422093
99XS,331879.45671081875,-1292491.2320210917
1FL4,1708834.5043503798,-1733865.5951236128
32FL,1783499.4539491483,-1604180.552097115
7NC0,2126028.3237767797,-633061.7195985753
92SC,1699894.481229013,-1089168.6408601361
71XS,168140.98754232723,-1532751.718263747
8XS3,216368.81918520236,-1881396.3173549424
93XS,214548.47712306486,-1336889.4734155494
UT07,-820432.8938376203,-677905.2502603057
4NC2,1917749.4198037975,-804469.8772541652
4PA7,1973487.7451109625,-264539.0554841643
60XS,-83891.05951040435,-1343273.431549333
43NV,-1671921.4763126038,-499707.46589920454
24NY,2181908.646899912,-100098.26634653796
2PA0,1917599.9820592215,-258908.69099252383
0PA0,1899349.7806109725,-213218.8307306882
9XA1,421819.0603754473,-1685649.6109713484
7XA7,442237.2429510456,-1678958.386665067
76XS,295964.6186602305,-1659368.9051051883
95KS,344561.2631067652,-655706.300321709
ND12,-36053.54565442818,176518.6093917736
WA39,-1657608.0603810549,647625.5617248983
FL73,1798078.9616263066,-1642481.5614287977
SXK,312167.7181954453,-216619.51387057357
43NY,1903652.1964214472,65620.50528644618
67SC,1785859.7199569975,-1134989.3545853102
46XS,-255261.93285369637,-1061696.3501513088
73XS,-145953.09849325707,-1464778.191549545
25MI,1246391.8811691122,-110950.69521169904
95NC,2043686.244976107,-860734.2497750492
PA43,1662522.6415241207,-271009.64788839297
08AR,543593.1480994507,-1233181.9776950027
2AR8,868584.1925140952,-968797.676658313
7AR6,830208.5662345393,-977051.1038148932
68FL,1513080.3683223077,-1472007.8342535007
82FL,1512498.354883983,-1462377.2971138642
82IL,904568.0620247971,-237415.95120691552
3OK6,-52575.507261702376,-917865.179360195
9OK4,341034.4619978454,-1201044.9195090476
PA78,2081396.4182521007,-249892.6606083765
98VA,1915613.258465695,-411278.98387226585
MO18,613067.0174025927,-849962.1341684167
UT10,-1014621.8116186283,-441886.18467638077
3MN5,411810.39959377446,233168.40433976418
OK78,408909.93418429664,-926634.4192060975
7OK1,238902.10135272273,-1024581.9786460837
7XS2,447754.38110281754,-1683505.2323365477
11XS,451551.69759333396,-1695565.6043068394
93WI,806149.0569428359,-208657.37126775252
MT22,-1039257.4449427598,237840.79579272817
29NC,1853677.6264316638,-758212.3444806176
WA41,-1634430.1787008992,486745.4514013771
2MI6,1281872.8543547406,49680.81336197955
3OH5,1337194.0454650864,-485143.05003398325
FL63,1804357.1484071594,-1655442.9316974476
61IN,1243251.0666458805,-590688.4782762731
17Q,231712.22591090327,-750302.172524891
6OH3,1304182.5059687335,-460271.0802852662
40TN,1490652.4006619286,-812079.3852149933
40AL,1126880.707293578,-1049795.6192108055
3IL8,929009.2510193207,-415891.9495256746
M34,1037301.2414030466,-815229.5264070253
IN73,1174024.855945671,-461862.2311433954
MA01,2311511.7647774285,89642.46191675826
NM15,-570262.6160916525,-991482.8936705232
OH17,1335183.8324682955,-422859.9830645794
00SD,276114.24593273434,-15254.89237242482
0XA0,214836.04452118673,-1327488.0115003504
5XA1,218522.4393441509,-1480326.0024954972
MD07,1767959.880249183,-399704.21942747
5MT5,-430078.5360114244,399180.76590890595
6OR8,-1791222.7126449065,204970.35899427076
5IN7,1204216.0411139852,-388074.2148550471
41AL,1220115.0161401336,-1165476.1269761843
72FA,1706590.518381,-1733025.8436669668
47VT,2078062.8004729045,249196.72111923437
02XA,383093.4723544684,-1257254.8964631374
03MT,-662643.4924045522,125200.58432082085
OH91,1452364.2516008825,-472953.52899473906
55XA,477068.4178514605,-1682491.1377591174
50XA,-617665.5630135378,-1444417.5957597052
02MT,-350311.87776977173,341693.7068903232
MT69,-1147896.8432436795,414813.7227903549
8M3,-886468.7626559815,43002.054908298254
NV86,-1354244.8026735506,-862750.0506277084
94WI,663163.657529658,-23274.99360252052
IL58,879286.1001675735,-350003.2508806304
2CD4,-654294.685163677,-588976.0633078818
FL06,1823258.9438931847,-1650388.134554126
IA43,447455.46685345296,-362772.2516963466
06KY,1331546.3258070596,-582322.0373258614
IA18,484783.10690582485,-207601.47745128252
39KS,419711.62499456876,-843905.0284224633
NV77,-1682413.5161593175,-402497.65316007216
NY38,2179398.0829234733,-98922.50629514667
PA44,1939376.3761152641,-237963.65797759828
TN26,1220118.9825769952,-894482.0652577641
46VA,1904533.979541308,-545203.8032792025
AL01,1108672.9552436802,-1224017.54976599
5FL6,1898148.3291579823,-1739590.1597445144
2FL5,1815066.6906213174,-1638272.6070772763
ID42,-1273202.6276544768,-107195.89302393077
D47,-1169908.7984215496,79414.4903899595
58MT,-843289.9459749418,229879.66641328775
02OK,220574.41000979842,-927879.1626453587
48OK,213562.29681281393,-916492.495802967
TN27,1197348.8077836276,-941640.5744705133
66OH,1369438.3826111422,-531677.0544845188
0OK2,349081.9123909456,-923936.3261895375
35NY,2179496.022572673,-99904.60250734053
OR9,-1279892.9534082683,206676.78968548033
OR8,-1282001.8979657392,223043.45572790806
VG22,1831618.1643841304,-557594.2626332511
FL05,1820386.8800138293,-1628648.6160716228
0FL6,1358120.364509249,-1524458.7127865404
1LA2,849770.4617460395,-1536854.1894784148
4ME9,2284345.9135687468,335377.29300121835
11PA,2060001.685396255,-222460.1345316307
FL65,1453293.4191907654,-1567354.7263960754
9KS,68131.35336663075,-819441.0936136537
AL00,1402059.7819302452,-1332961.5969593686
IN04,1073093.2412695521,-318431.28663552843
SN51,185741.5963516839,-788814.430298335
3MT9,-1027220.8761435213,250107.4706502134
CA75,-1712401.3982434089,-998799.1313082832
37AR,597349.8343837896,-970410.9612831741
ME77,2446872.760474467,406855.9650044413
19MN,488147.06315697136,38249.70031028064
LA10,694943.5029709152,-1483881.9570721874
19LA,655665.5837723884,-1513922.1580832119
ME98,2331867.187043818,290557.8104998441
2ME2,2408253.8322004573,375623.07464929257
8MN2,244984.0744899994,264657.06447577296
6MN3,465186.2562041277,25152.311997310728
NY04,2178796.9725655727,-98269.74810320082
45NJ,2110326.7681389675,-188958.38077271372
NV89,-1388415.8803759925,-360038.7591009037
0OK8,181646.28289913296,-1151166.193245705
15OK,156208.25437422833,-1200200.4767130448
OK99,177709.15329187454,-965687.0248249132
55OL,220054.89344728226,-1020901.6760546727
07TA,455754.0334292793,-1734688.447586668
39DE,2094424.8421047258,-365104.27846564824
I00,1107881.798800837,-377890.58436584147
88IN,1065506.3639678971,-684918.504979229
NV92,-1396588.9831601568,-886963.9639387424
NV93,-1396817.1404397069,-887418.3035858844
NV91,-1396044.7463020282,-887563.3902749964
5OL5,256865.43197885292,-1106041.739682156
32TE,440774.47188175836,-1607063.656910402
45MI,1307776.3959985785,-106618.00461120927
13TA,295755.89807484247,-1306473.9389789975
45KS,408579.38860808965,-819281.4428954249
SSI,1766873.6740685785,-1343896.8539744245
AZ46,-1145644.534959278,-1051343.1450493042
99ME,2428048.4410027713,377256.7156027752
ME78,2391291.349383846,323996.28993272875
22ME,2445965.9034395716,422501.3968222206
OK50,348099.94293528073,-1019328.6042654864
10LS,716328.4662497364,-1578167.9603239144
0VA0,1915333.4524890785,-460127.01954974956
ND05,-244103.78888997537,316746.93301983504
16KY,1324621.9290683302,-560098.8556718088
MU06,632665.2583341881,-534996.9151718703
84ME,2427692.6071495167,559029.780043783
44ME,2299043.3019182994,276650.5118179109
57MA,2431305.746329603,37442.45906260643
63NY,1679981.657818268,25304.240101966367
01PA,1743430.077568334,-293497.71414234355
67TA,193264.0814893431,-1682748.9858677825
6WI3,918945.0008476985,-192144.6948557976
92FA,1790350.0176544646,-1480689.2084692982
7OH7,1484612.6043425133,-325884.93332303734
8GA4,1653978.902761053,-1103158.6799517313
70KS,269639.42598851724,-819359.9695891923
ME62,2337021.348364469,429399.7345420114
ME26,2282228.227254295,554783.6255926101
NM12,-832348.2908176329,-1408955.0062709383
W66,-1707329.5042760752,600104.3343627889
65WI,577254.3536724747,-8555.494205568632
NSX,1229304.5814322538,-1481661.6423011431
49LS,1019179.041148751,-1670880.6217024806
NM21,-545892.8247706125,-1022797.361155126
NV19,-1555269.7254014912,-361060.93081122736
TA24,124018.6284725953,-1499847.7116876158
AL99,1211662.6552101318,-1017065.9208557343
1CA2,-1491609.4251228233,-1118982.3882729693
59IA,658819.4902307488,-343678.84535176936
ND82,-232785.88381524355,372742.0458420447
NJ02,2082414.591887613,-244054.42079573998
92MU,463562.9841386402,-606368.9885955971
53NV,-1417871.5124925908,-338123.1345882453
32NV,-1345991.700712068,-871076.7108538026
47AL,1123949.7049114523,-1500155.5780166779
3FL9,1807841.1389957226,-1860498.717460429
ID34,-1043405.2492277852,-164395.90424526646
08AL,1181285.6107718274,-1552527.9992229373
72KS,176521.56208230526,-661682.3538705359
MT24,-862301.8382919679,213025.63765595804
XWA,-277586.37300432194,368945.47165830486
NE26,299200.1222425333,-435737.4339096798
NV20,-1314405.5894564432,-338151.49841102643
3NV1,-1353614.299125253,-865138.5515318634
9OH6,1540093.2188158033,-492811.35827339365
OR29,-1723768.9918650736,-51846.16988301885
OR42,-1639269.1982433656,107382.9176671266
OR44,-1864429.636342641,9292.848337445037
5TX5,215628.48384074963,-1635561.9279766225
16VA,1797265.0211659416,-513903.20822580426
19CL,-1734091.4513510948,-701902.0929166875
68MN,405308.7964389373,18332.193933427006
66TN,1277872.588836135,-945045.4432307513
FD73,1960441.6130938223,-1747354.841070341
ID8,-1174401.6967356768,83930.09762076054
3KS9,-105302.69349198471,-807415.8412601665
55AL,1279386.3752284944,-1210128.6544499614
CA34,-1888044.411857683,-452841.4940500039
CA10,-1745370.0583034044,-623179.5785028005
ID52,-1075598.5838054584,109591.5475002966
LA03,739796.0666569568,-1582380.3108808626
LS03,763715.0161119867,-1568068.5926245374
LS63,764026.5187496751,-1576122.6608331362
MN09,531217.8876788872,-8818.927668900687
MU30,806078.5757992783,-653269.0702731435
MU79,921340.9659274946,-897102.6239123965
MU76,929337.5634721912,-898364.572215729
64NV,-1367760.8359981137,-868682.4889987942
39SC,1695706.4389318544,-903374.7649239413
57VA,1719192.2317535724,-719199.8577788225
CA96,-1743265.8319570425,-699988.7301070141
17CA,-1845553.9151877877,-563264.0627062408
55CA,-1901846.800134999,-560180.0483151226
45CA,-1921615.2660416292,-596452.8650302776
MI8,1192452.421470518,281965.6806761594
37NH,2258526.6084251474,189822.75739685632
OH32,1571488.5385689794,-279459.0451634112
33CA,-1766946.9220985102,-562854.2145645759
23LS,858979.5893870299,-1574698.34993604
5OK6,365995.25665764173,-933998.9388834358
43MN,575107.4110073182,242239.5374872026
MT57,-671566.6349930087,117708.12525083066
1PP,483965.6607831571,-1011305.0552441471
5OK8,121496.45255711296,-1028717.5080501017
6OK3,166698.9105924335,-958099.4280021682
97AL,1160174.6975207624,-1373164.197144722
CN90,-1437527.6405599809,-1237996.2280705245
44CA,-1802724.9163578493,-1012010.4138056067
MU13,446938.2892311816,-489384.7915926071
99MS,910857.3510130505,-1311983.6203639011
NV10,-1344251.424230791,-936765.6766237092
SC67,1697708.3903082537,-1087829.4524740947
WA17,-1674101.1633185246,567668.621864467
UT29,-991368.0187832799,-291550.1039771286
WA56,-1674194.2869896512,567852.3685585541
CN18,-1587837.669517134,-1043949.3785027424
IA21,488617.3900732872,-320751.3167971343
LS87,1026691.7890830935,-1674578.1491586848
MU57,633918.2548485623,-804095.745076944
NR37,2029205.2548926796,-830811.5190575188
99NV,-1252593.3216177528,-804167.8131152835
IN89,1186378.3905383048,-362292.3519498237
IN69,1120337.0228455549,-333357.7738385446
39VA,1750490.7818871506,-649086.0170565663
5ME2,2305284.4769224497,303583.4995958365
0MD2,1990303.9129991368,-466399.7843877628
MN46,466744.4296112852,-70043.12077762224
TE33,68541.90790161048,-1648375.9010817832
IN67,1142834.6012225393,-266301.3227856218
58MN,464193.46514384815,46774.19075928815
90MN,501286.72993063176,95346.046149353
83MN,688763.0483856744,382095.38633759593
ND19,119058.35177041091,271763.65569919674
GE88,1362536.4230149316,-1070411.8200265232
I45,-1284504.766783784,239116.55898567042
ID57,-1285920.4039782498,271575.84046594333
IN13,1043856.7362060207,-321975.9996186583
0MU9,604893.0901030793,-826678.8561722517
MT13,-664271.9812564605,110476.74417604292
MT36,-902356.8353831846,156652.55117337056
70XA,518280.65962995816,-1271592.1764357497
24DC,1957429.3939590955,-404441.26700978895
4KS9,81319.49863845094,-684846.3196768379
NH64,2253295.287645491,252398.9563685302
NM23,-559641.9540440704,-1323862.1663621564
ME93,2320246.4359888486,268114.58785196394
89ME,2339930.9818932815,381355.4838107278
ME84,2239426.4493976394,384380.023507088
CN67,-1726867.0093302883,-983850.5896624868
MU75,676318.5550102893,-684261.2355755
08TN,1225423.5798743016,-979049.7127555019
MN98,371189.34967095224,-28470.19144835771
47OH,1425542.7247167442,-401926.8705959909
XA97,388711.4959878464,-1368190.8668449125
GA36,1744343.6493168997,-1392562.540313235
4GE7,1526211.214488778,-1245864.5014358254
IA51,542499.180729376,-152533.6948991996
MT61,-1044905.6573713464,436867.5592008838
CA69,-1796078.7073523314,-782742.4693357318
22IN,1260736.0773922196,-327018.97384676524
MI93,1167697.2361443338,-147742.9019007222
MI4,1248090.639649322,242703.5643442215
NM39,-605121.1251574509,-1077739.2428783365
NM30,-737984.2691810585,-1129504.5384272442
NM36,-609512.0311183902,-1062160.008067871
8OK7,205435.078381229,-1088459.0131588667
OK68,363223.6067112509,-1226338.5859639447
OK98,70791.89911762417,-1069596.2241863497
7OK4,123523.70581869055,-1042187.6510166801
OL10,126411.6686751473,-1037144.878671009
9OK8,188755.63069019213,-989006.771658631
5OK9,253143.39712369422,-1026363.18422976
OL18,126989.83454763357,-1022062.1187172758
87XA,284679.28216105996,-1385411.0967144927
VT24,2091671.8952658046,237596.53329468425
VT80,2092861.9621131453,243729.7810058762
4AR9,640519.650089372,-982190.0635125673
FA10,1991211.442661476,-1901789.3663248434
5GA9,1395052.8319557116,-1141330.267841752
2KS4,115516.57791468568,-682639.9887808217
2GA6,1438805.663868396,-1109962.6690327846
IN9,1188692.1159901847,-304687.8264405043
OL21,267095.1053597245,-908472.9113753715
OL19,353767.0434034755,-945401.4547672375
PA13,2038511.8083849137,-134327.6802788599
NJ03,2133483.7645853646,-134919.6945886618
PA34,2047462.0506438448,-172360.88568485406
SC80,1863754.8202377246,-1135571.3426165748
04XA,149261.58878254454,-1299116.0519032143
VT54,2092615.4286841922,238032.62289093516
VT21,2106855.123388541,229330.8772845339
VT33,2108827.609433886,221346.32900509558
WA76,-1557952.2298013654,410229.7654970552
ID51,-1216209.925790114,236590.57419885902
IN07,1248139.9464186488,-611903.8145312233
8MN4,356058.2299499661,-47447.406790617824
AZ60,-1304230.8816265156,-1255839.072509998
87ME,2267425.082336737,321779.98207185295
NV16,-1331431.3075312541,-885585.6866654378
OL24,254510.83885336202,-1024741.1713507741
CO41,-381618.39579484204,-555057.5572653676
IA49,486779.1555824664,-458769.1063671979
LS70,701760.4768630499,-1596158.1955460063
LS90,742719.3070408948,-1353131.5963279146
O62,-1313230.5249218063,220388.2013987678
9AR1,592561.5282238696,-1095233.3174087019
7AR9,827480.475418352,-959419.022273195
38MT,-1082000.8154880314,232066.0604077404
4FA7,1745167.1320953036,-1615235.2186082802
MA02,2292098.103194813,107394.94029284624
42FA,1744655.8518024038,-1457058.4838492535
6FA7,1773824.5083263074,-1455297.9341484166
18FL,1926597.854476569,-1812119.149770761
5FA2,1804118.3315155567,-1663283.5638188887
82FA,1326870.851450536,-1502948.1341264886
3FA1,1729319.7321884183,-1700731.9951072698
LS59,893126.1507417171,-1661265.4716201741
LS11,827858.816979017,-1309993.5474165024
80MN,720047.609686262,350074.09407436854
MI83,1284440.7325370845,-80828.91758405764
95MN,446310.6235273897,-136064.56542997513
MN71,363271.1139835934,63843.51269711888
NM40,-622546.5118711813,-1136599.9236577435
OL26,385917.1552986937,-1222293.1216605639
OL25,138908.86513650857,-953799.9802085799
OL27,276819.62392060994,-1212939.2470761829
OR62,-1294118.8923763677,245758.9465794557
WA20,-1471773.6155342914,543497.397893824
87WS,804657.54575916,33259.70968447451
VA80,1687819.6094792676,-732212.278596851
WA11,-1614701.3538148042,561761.5267005624
WA58,-1674000.6955202832,567815.0268517362
1FD2,1692142.7371862673,-1721548.6531879911
1FL,1946505.615796058,-1724423.263901924
1FA6,1722842.9947655853,-1698166.7057321346
GA46,1767645.969909555,-1369283.9320092786
MA62,2387643.1040099305,42751.16627943784
66SC,1603277.5881851104,-937969.3267418673
75SC,1610453.0308601193,-949512.1655716817
TE25,-30914.626656421737,-1707010.6839163408
08TE,66175.96014331559,-1641119.9761245681
9AR9,820380.6509286457,-974641.674066644
AN37,843869.4088888244,-977051.6466655635
81FL,1729044.5811319365,-1514992.4828066977
72MN,309589.3333944974,-73.5618096308176
MU72,792306.7175639931,-687429.1077931165
4MT5,-897834.6369633737,255666.59000677755
6MT4,-1113968.8313471533,443512.1691717095
20PA,1897599.600459293,-148067.7511006006
MI91,1217102.1882390731,-216439.22471364104
1M6,-480120.25640198437,50281.57009944606
OL28,153899.11581484842,-1044310.3233875346
13OH,1332548.7197028,-411335.3840843017
5VA4,1976888.3933024746,-536190.2541923735
GA19,1725052.6765272312,-1274370.8901119917
LS84,1011106.3498961709,-1663412.5107968273
ID70,-1189679.3346981376,-69838.26136237603
MD26,1928433.9661958395,-326906.70367365103
T27,2113404.3658657027,-51647.42705872748
8NC5,1752791.9860517366,-861660.560767797
IN7,1044099.6735662326,-323182.0895260254
IN6,1110991.9362309652,-274012.39294330863
08TS,283578.0786294664,-1434275.8840184358
Z99,-1529195.128070901,386017.29322176194
XA83,467315.4859882618,-1696373.57147754
XA84,444435.98262063763,-1672212.4304501496
40TS,209098.05671060467,-1941955.6863247477
81AR,835358.329476678,-962702.6416916995
CO66,-392690.4912675347,-503649.0354782087
1FA7,1718748.1516722648,-1650081.8490803277
3FL,1835146.4121847088,-1655193.3560561512
GA93,1441136.7739488864,-1146327.245742557
IN34,1161219.260240196,-286300.7277075717
1MI1,1320558.6936615042,-134284.09448369933
67NC,1728415.653127373,-903257.1438730181
2NE8,290189.2255431094,-479908.534886966
UT40,-1044249.9366845249,-614908.5339720785
UT48,-1076179.0719790172,-546364.5650381987
WY19,-848960.5267098723,-219040.5563620563
2FA1,1823694.854425279,-1547050.1063897524
GE15,1510060.2630820181,-1118466.4059301896
3MI5,1362161.2936425828,-100747.11054781395
MI00,1387632.8801696943,-122132.55194517609
8MI8,1221368.9254403114,-221042.80640912216
OL29,142470.07478929206,-1135543.2077232522
WI20,777481.6744181464,-208026.7030349478
MT81,-1091463.3731552693,311086.8352283453
MU88,854002.3109574508,-855690.4496647605
UT50,-1146160.098563875,-721288.2408111906
UT37,-980065.7660534043,-539997.1853977572
CQJ,-419653.1245057467,-683712.7487445708
13R,-739425.2035279986,-504024.975567029
CO77,-387698.723600692,-636281.875764599
27FA,1761444.5418943542,-1723885.117177228
31II,1298991.62243257,-558176.3165101318
31MI,1168743.0703543257,-21303.042628730436
79MI,1273732.0725291236,-212625.62623449948
01OL,302632.28500971635,-1174184.624114184
OH00,1487966.2012450136,-506778.73177906714
42UT,-1001919.5849037935,-429421.6217844091
UT57,-1112039.77232825,-385554.26720227563
WY46,-404422.7365966744,-424755.7133511773
CO83,-507583.7047492719,-817673.3682410592
38TA,169910.06568652278,-1580656.4203812263
45TE,161343.06075772387,-1710987.3449502408
TX98,299337.4428308562,-1339349.9453531369
63TA,226584.18331027785,-1597675.5031212857
ALN,860198.0000452182,-627537.14958972
AZ72,-1136431.5445192887,-1111664.5805650686
CN66,-1896479.4249139675,-796389.9159489176
0IN,1160910.9811149796,-267514.02217805217
IN5,1213128.4828077368,-274520.40072521975
50KS,412451.9029203204,-835406.0852013855
6MI5,1207387.9510099473,-118582.02650154881
7J4,1232198.3981925799,-253443.17900927237
IN95,1097332.560876296,-697985.9339919587
IN50,1235204.8823906167,-594954.63897959
0MI0,1246309.4118505707,40904.85438746544
NM2,-627298.0095318136,-979180.0234155563
OI98,1549413.6767480422,-375205.0750279348
OH27,1500342.4273999478,-227555.82939790978
SD08,23496.37599962326,-192870.48412663655
OL31,385655.04236709356,-996575.4511122355
02OL,429834.51903055987,-1119539.2888591604
SD04,-208896.9668392923,5657.235188356954
SD07,-133780.59041694243,-103511.29750153518
SD20,244851.43157340187,8376.654856180487
SD02,252485.24992650165,25384.167261297313
XA65,252262.2568865991,-1338974.5391161956
8FL5,1305383.73682865,-1517637.2801844229
IN2,1234010.064648561,-250590.91318422407
94MI,1164423.2981582622,-188653.44656665518
MI50,1328164.3106009811,-169497.05416244894
2MI7,1257387.5670030466,-135789.2954536298
IN0,1224128.566493777,-268853.1461501527
MT46,-905133.0001681476,239150.39323010028
NR17,1969670.1932760924,-770708.236213481
34SC,1839567.495487954,-1028122.8906676535
49WI,912777.6135843995,-136774.34989085057
81WI,845700.1818431513,-212152.96746598542
CO69,-546295.5682021339,-574324.0821109648
IN26,1274328.220453735,-537292.3443980649
7NR2,1897630.0535818778,-719586.983841502
WI02,845869.9018629463,-104504.92710410159
CN55,-1721202.5082574156,-875557.7956548688
CO70,-391264.08654542675,-508774.0744834739
CL90,-1683187.6737127826,-1027508.5997144888
89CA,-1866602.6414530785,-806287.9356037556
0MI5,1086315.6194975164,11062.599568502039
NR91,1904410.2131302385,-912370.1645573361
NR24,1928977.6906088593,-735964.3983723987
41OH,1332201.0936077756,-392731.6871694468
OR19,-1884210.6136595092,-14522.36694107423
3SC5,1614350.3181035812,-971192.8850460009
SD28,20486.242975837245,-59903.29806402505
30PA,1732111.010566763,-321661.0995397601
SC33,1647010.8501914802,-991540.952795604
VG41,1951305.8590731667,-568009.1525865152
IA05,413288.2660985587,-448578.1248860062
MI58,1275853.345922906,100445.70579385741
NR28,1936103.968335124,-839833.9812316105
NR35,1867849.7785701554,-826186.3793508138
SC93,1581866.5581897383,-968164.221587174
15SC,1597469.419099546,-963831.3792029682
SD27,-287098.8334657484,-175084.53833366127
SC50,1708097.9035919057,-1031154.4547510932
SC32,1548653.686879274,-988049.8681598703
SC54,1590552.0014038822,-947321.4556215374
8NR6,1861649.4317782803,-719434.0498305459
89TE,249626.66623602173,-1357247.5137007795
XA64,273422.55954545265,-1378588.1864429286
91FA,1818232.83483109,-1868489.060297898
2GA4,1455007.4060510786,-1064869.1704062663
98IN,1097936.2995223277,-287937.7916655962
59KS,428364.2667662977,-762326.7105421671
68KS,159114.75851897284,-754302.3525404519
6FA4,1818779.8311656415,-1524739.448239149
2GA3,1530640.9834210228,-1227244.6636612893
03IA,402387.4877855348,-417235.21854690765
06IN,1158682.398248999,-552574.1272805926
MO61,622282.0920697196,-581389.5734353599
MN03,479811.91876354965,39740.827062496835
NR84,1934675.7057015318,-697208.1080596115
ND08,-23144.134302700324,307710.6965409228
31NJ,2092301.0313605368,-243320.07796318977
01NY,2119818.8520056726,-25913.846072545522
23XA,472609.4223056569,-1713153.5023626501
05XA,-178114.77812226673,-1012768.3608095056
TS47,184110.35691533776,-1747577.539527242
TE44,346867.1855821255,-1297585.471891143
TT99,353512.6728908593,-1302852.0629794141
TS20,238843.54839112348,-1256337.825922843
16TT,379363.9655904143,-1533846.8971752084
TA12,401402.10046515515,-1642643.3898039367
SC58,1779292.1946453364,-931226.4689448541
SC66,1639226.8646054731,-926653.3608653728
15XA,137333.0304221602,-1617527.9168553771
TA54,-86689.63874826384,-1462463.0314644563
15FD,1809996.4629334367,-1863100.0146991077
3GE9,1500475.5622722968,-1348658.3561355302
2GE9,1439371.9301968585,-1105212.9968673538
4MN7,452225.74993261526,236255.0394263248
TT83,155132.8056075585,-1599757.7867728737
TT21,217606.53354627066,-1296974.822745883
35TT,235760.76175074893,-1386686.286807096
93WA,-1618319.34872664,638627.3589423976
0FD4,1435663.5601425364,-1471218.7834090907
23FD,1709811.7405017472,-1652079.0941300667
FL36,1834532.794260329,-1808728.2763773561
53FA,1718685.7438122164,-1676125.304909127
7FA2,1876538.8905900647,-1803943.8616401465
7FA3,1840423.4698174961,-1820879.2724748105
AZ77,-1103449.0443915238,-1223411.3854622098
AZ74,-1107628.8437343321,-1181215.8532468723
90CO,-648942.4822760898,-528847.14005862
94FA,1370470.018701017,-1504176.494837304
IA76,482919.73902865854,-388540.82305234094
OR79,-1672008.2132094486,133005.79652439707
TA22,178186.22526643868,-1625857.3183704368
TT31,118399.6346251893,-1823275.0723010218
17TT,449472.38738953485,-1677674.5377729132
7WA7,-1640200.8139901464,417978.2086984014
76KS,245231.0041994003,-763713.2031859134
MT89,-1042698.6831421305,455186.8355136388
OR85,-1628395.957936689,129394.23658301764
44TT,488740.338325292,-1674530.0644325856
5WA2,-1603820.459673138,659369.646723615
40CL,-1943370.4737876763,-626619.3742081759
1OR5,-1391398.5501268175,214310.20175041805
3WA6,-1742387.6116511626,480392.84783792257
2WA2,-1470451.6128541885,390003.5445873403
LS50,806352.779825463,-1445641.5815193285
9NR0,1849919.8728230894,-744486.7860508809
60TA,492720.0040508451,-1409697.1731617409
20TT,196302.87434398956,-1577724.2074463323
02FD,1277812.2389334901,-1458816.8609991102
79KS,325873.84045099915,-788843.4994236275
4MI0,1312234.0607068876,-208874.7488304332
NR27,1970829.2758681858,-739901.6511646342
NR66,1970345.9973907769,-741899.1497968489
TN99,941343.088673371,-1037770.5215414608
06TT,-19392.46219335916,-1568303.8374561574
WN46,929777.1839932103,-149280.60905861176
4MN0,556202.7161060206,388697.4995862383
MN79,512058.7928266092,404680.7384357144
4MN8,519586.326105983,-27296.50033438378
CA14,-1827884.0266767284,-583195.7080379878
CO49,-425751.8184567452,-767567.5980484105
FA86,1712768.717154739,-1575004.867769653
7GE7,1428030.0509646232,-1197948.6030879351
IA26,404221.9312450777,-265803.8116541996
29KY,1354461.0886888017,-550932.3979305549
NR68,1890939.299149515,-827560.4860936186
44NJ,2155361.9549744786,-218621.41810380717
37MS,909176.7369183418,-1348079.1158074944
21MS,893390.5358738016,-1068601.6905703663
OL32,417813.7786280121,-980296.7869637563
01TT,451261.99422727636,-1760128.7583388058
25TE,331398.63862549403,-1426560.7065051864
35X,228683.57857369614,-1300784.976357529
95XA,184298.50336090394,-1643871.311297264
TE95,-617623.1725802424,-1439025.5850143423
35TE,113880.59440203979,-1634617.611508386
43XA,402458.1347497106,-1783125.9211225486
UT60,-953732.8132676426,-408104.19294881437
99VA,1985693.8682874374,-558821.0194529988
WI80,767453.8501514376,-90805.5941137353
TX76,447769.18799659674,-1684981.3202947853
TX54,278147.81498914416,-1658109.7926565593
11TA,440134.5159686964,-1325784.7495186657
UT59,-1171187.6257311015,-724466.1995658567
5WA5,-1540602.041030509,360268.34688575176
WV86,1879699.482310907,-380463.72406667564
5MI3,1273192.4873763106,-90620.69552480467
23MI,1147625.9443304047,132426.05832224537
55MI,1389983.3690468692,-140897.0644801303
07XA,270819.4027279201,-1669148.4947941923
45MS,876375.3322562007,-1222830.932371544
NR51,1997040.8864057763,-753744.6844659811
NR89,1990578.662754,-727070.5779967849
03TT,396547.0378498428,-1694451.8036412515
OR82,-1788487.9846527695,220638.23656609852
OR76,-1723496.9972752978,279032.06344299286
14FD,1983522.3484734816,-1943563.1126366018
6FA5,1834092.7138549117,-1643827.402259019
IA39,308496.9899579816,-168246.33332582976
IA12,634052.4936452905,-362283.1867328152
8MU0,597705.8862458571,-851647.4131389175
5MU5,480281.3955808016,-705490.1035244062
9MU4,501162.3624032998,-644808.2438361043
7MO6,644409.8246411821,-780581.9342409075
76PA,1983620.9880230455,-193198.08906841403
TT59,460425.55678107106,-1644912.4920303943
76MD,2035405.8472138485,-297089.2257947265
OR56,-1652728.0242072444,147405.59629141085
04TT,44308.810090865954,-1694630.4455857277
33WV,1693925.0527667252,-390399.8978870581
53KY,1357375.7867699931,-646820.0552388743
89KY,1349283.6355276024,-545402.9088291407
70MO,511017.63849107036,-688024.9310090652
51TT,219669.4617460414,-1643839.707107007
14TT,-46928.64781072862,-994360.5772652641
08TT,94670.26109838721,-1628602.5326500735
8KS,168065.52602895786,-745014.0629706219
LS08,901032.1598681628,-1673844.4925788285
32AL,1210974.302841281,-1052697.774254133
68FA,1833155.1716668296,-1645177.6481310006
55KY,1133521.96393847,-714269.9997646136
OK16,348803.96051458025,-1194256.8982103402
68OR,-1818129.49957085,127578.92499041898
OR58,-1813491.227794311,382713.9701460716
WT51,-1691232.9520701577,408677.6546391312
0WA3,-1621102.1889635245,609599.332978681
98WT,-1670117.3653665106,534956.3585139974
8WY6,-583198.9617397872,-93317.42470332625
MI77,1111612.472771213,-264618.245601247
29AL,1263679.7932487647,-1362689.9156869221
28AL,1279838.0181474895,-1292430.46268992
AL85,1358565.4180001274,-1262336.3608684535
1CN6,-1623235.9187084427,-1019276.10159799
CO86,-426125.26212719973,-472055.40690880775
IA38,532159.83003727,-185479.60876754372
IN4,1245769.1719512604,-308045.7230948826
78LA,903804.1206915469,-1643889.0852974253
84KY,1424521.4961385352,-606617.0383079352
57MT,-1076959.6186655795,228214.08522243294
49MT,-707618.0634225876,107376.52051977035
36NC,1674827.5437082073,-854312.1409570705
7NE8,-67063.08848013602,-519045.48768933513
6NE3,321074.32723566866,-343180.4945549573
NE48,330899.8338715138,-407758.0300760316
OL30,268621.50080914976,-1105668.3903201257
11TN,1288020.6647806084,-935136.1184354526
93XA,175175.0959326442,-1273617.4126016148
58TE,312341.5694333857,-1245956.3975467186
65TT,317455.2762780883,-1247079.6378812438
54XA,259903.1104528488,-1273298.0987903709
UT76,-980848.6658645923,-346658.7745015053
UT70,-1159361.0964392577,-777921.9969865981
00TA,584049.8873366787,-1650016.275696435
VA36,1865601.6451186566,-428042.50721402164
33VT,2138043.1222001477,269540.6539588708
WT37,-1431267.1253397556,552087.9652264378
5MO7,569576.5462388288,-912083.2995331248
44XA,221574.51006309636,-1898530.660375247
69WT,-1663186.5171534177,502024.22077446047
AL04,1211647.0063781308,-1073420.422314346
AZ83,-1104468.436725492,-1185304.8726754242
21CN,-1676477.226208655,-1032456.1568535484
93KS,334786.43517317786,-572329.7058360062
NHU,2076062.8981661687,-596692.3060806543
90AL,1187533.2789176549,-1546182.3105373287
2FD8,1780712.486910678,-1812028.1227499843
IA68,758373.717865339,-334672.3008535256
80KS,422739.7811066244,-848456.6695051063
MO15,606471.6218309314,-822843.8948476072
NC78,1939168.093142923,-938124.521820134
07PA,1604189.1396657692,-156720.9186518129
88TE,-12271.460785266334,-1427285.3411038169
92KS,200795.85991816214,-602445.0834094858
IA15,665141.0873684728,-192457.04090312994
IN21,1093347.8565707174,-361564.71062522725
NY78,1789870.3951050208,23931.305431877638
97XA,234112.26760083548,-1361789.8625316198
95FA,1634892.886142299,-1456871.3980086166
98TS,150525.19512957797,-1489751.7583331002
59AR,846285.5327059493,-965632.3953443097
DE22,2125964.1168428026,-397069.83895656536
7FL3,1771058.3077653344,-1413247.6346783186
3FA7,1841593.9145144222,-1566718.213230203
LDR,-1603045.0356329028,-1200158.959773245
8FA1,1709051.8844563318,-1480992.6298686583
1KS5,438923.99432604725,-622086.2491644536
91MD,1974423.0715758863,-399366.9130051942
8MI5,1311972.1449537394,-145107.50372848357
MU99,709286.3449942302,-740813.8845746118
NE33,-142443.0078327571,-380685.17097853305
NM18,-708772.7932007876,-1387531.6632020858
NY41,1843159.9667769186,54476.66360897971
TN51,1395183.4216592184,-879582.5337249909
TN49,1237394.5436290961,-868554.6872356641
28TT,284493.3648578403,-1437946.7229335574
88WS,841999.166576779,-176486.2132206232
11C,1183385.7194609034,-209391.9243559842
NM54,-802279.0892943151,-1230154.9517977098
02FL,1760697.4644538828,-1697001.0654521596
13FD,1815686.3686323774,-1691124.2157927495
OA26,1441298.1019870562,-438498.7914529738
0NY4,2107802.1089187656,4559.166648295504
TN54,1556630.2834259255,-818538.6973780429
12TT,269836.8918876234,-1261649.2022185372
60XA,215598.6099807588,-1587593.724935705
VA65,1792826.8006889073,-569510.1098059573
IA47,549698.6562854005,-182802.16348999285
IA61,490467.81666562194,-388494.4400552028
IA62,620614.5714334329,-151436.7598669523
IA53,725854.5310571595,-241183.7884760483
IA59,321127.99892390735,-298854.83952580567
1NR7,1909708.0937713645,-722438.6997862983
MI75,1145373.9726527026,107243.19561626331
99MI,1370527.2326048317,-195506.5217755221
4FA0,1819113.9974380615,-1602727.1026349063
8MI0,1283213.9037961836,-26391.782262013363
5MN8,441144.8670601294,208514.09116085913
10NY,2057949.1881542162,253038.1653618868
GA65,1536987.804574196,-1113644.5763966502
MI55,1227134.8097527593,107756.76163934771
3NR5,1861851.032872908,-762357.5892006806
02MN,529933.4559362128,92432.1185098517
06MN,443719.7498641853,296188.9788384521
6MU8,737140.1989602038,-852038.9784809236
OR92,-1485745.9432209106,263723.57415483356
65AL,1216724.93476222,-1171223.0776021858
14FL,1695292.749690247,-1725262.9567180078
76FA,1979378.4160904435,-1871373.1158293816
4KS4,276430.3484029299,-863231.0743745243
ID45,-1271876.688179414,280051.2231628204
3KS1,327700.917395776,-567035.3879862477
85LA,849857.7209651865,-1571338.4798748307
2MI3,1239863.186126857,-88932.29164749949
40MO,640512.0841676517,-654005.8608254939
41MN,512124.5727613077,-4785.5870835343885
96MT,-675714.4650341215,110530.32297226922
4NC4,1766598.424820026,-858387.8218805195
19OH,1477118.0203765822,-300312.4132314717
1OH7,1312900.6653234093,-510350.77628141723
1OI7,1311147.4724957135,-502463.953895742
60OA,1601958.9321169837,-209354.14617006146
63PA,2038163.1167872911,-175952.62581055088
SC05,1851947.6039590302,-1078424.5868311287
TA68,239118.6681008912,-1588951.835517671
XA35,362691.3235795038,-1313815.9465937284
95XS,482732.4792372638,-1696510.88030293
75AL,1144427.9123120839,-1506934.770335631
IA77,537420.2284326204,-335957.0768094222
IA65,769690.8645130686,-284498.13874523924
3ND6,7764.921351739597,249300.15331063996
ND21,-48349.34626838898,122002.20127843245
42TT,460585.85029942886,-1600250.4808679514
OR84,-1639387.6944503104,108367.58351216391
86KY,1330696.9603997492,-530478.2221115797
NM59,-298291.48237232893,-1353462.2104080277
OL34,428039.88133552275,-1107732.0637014497
ID39,-1178357.1759610977,-1129.3056978542693
5KS2,415286.11010419397,-568316.1840322647
MU73,597222.9625001446,-873122.403862263
MU42,486101.56169553497,-657090.8787171176
03OL,210011.07725262424,-1106333.7522080983
OR98,-1489308.6456619739,109790.25241190681
33PA,1663209.079852694,-282383.30475225
IA75,626924.7803741642,-252995.01967121311
10IN,1108161.9724885756,-562862.7786509558
89MN,435204.5028480499,122742.76355854054
38MU,504036.28644580004,-856585.5662557483
86MU,559620.4434719197,-871251.0924316974
OL33,228486.01298050504,-1078418.3329221844
AL15,1125133.9292300926,-1083094.5970179073
26IN,1256643.6263151183,-316391.99197739246
28IN,1230501.1931781531,-321620.01701047644
18IN,1126206.0294354374,-309011.13768631313
5MI4,1322053.6425134907,-63880.795832127566
2MI0,1128029.6737015836,-117402.79815941841
80LA,748366.8566085973,-1494804.9674964624
LS88,740404.327545074,-1580725.231360338
4MI3,1144104.086886153,-183984.46017408275
2MI4,1248851.4416947158,91615.59149361793
MT49,-841767.4255129391,347774.0732124529
3NE5,319015.51166157675,-443170.8883058655
75OH,1363048.3410937167,-429269.3100131775
OA86,1408838.5355652317,-423660.67472394765
80XA,381566.612843718,-1379570.1767114506
27TX,318842.495284091,-1643970.6208010674
09XA,158356.535036237,-1743729.0876666629
35SC,1772508.0218422152,-989006.1597538256
72XA,386572.4695168727,-1710964.7889929165
34XA,212424.2218814253,-1606953.5901104934
75XA,474337.3422108912,-1590611.0482550855
78XA,195881.77468379258,-1358371.0201032641
21XA,164081.50746577955,-1738449.150574682
57XA,183427.97599687788,-1676812.600192348
39XA,299704.2475416301,-1317593.2327620722
GE13,1359432.9662031261,-1073376.508039937
32IN,1293016.5360274469,-558588.5427270186
OH40,1419476.8048556505,-368713.51891579205
68PS,1664021.3728623644,-274176.62910967355
WA70,-1794815.3310306103,535966.554846501
39MD,2002614.774853734,-464329.29395450186
TT19,512543.342925705,-1630157.5429758725
C61,1174584.0222128513,-73705.74469320152
27MS,992968.2353364904,-1297061.8246939126
88MS,904363.4882598447,-1098986.1020385274
65MS,927448.0172817493,-1103370.3513367954
NM60,-690522.2838382908,-1072045.6826899012
ID76,-1255451.652935703,94057.94645857837
TT16,150407.7677840048,-1337503.0179638776
IA66,617006.980296621,-245751.45370850302
IA07,538677.064283821,-150075.54073672465
ID93,-1184007.8188500956,-166311.96505774252
5KS9,436395.8367135374,-645753.9139379172
60MU,495039.16657071956,-843593.1267235233
NK18,2244511.7554552183,-73027.21889519512
OL35,354072.96963251196,-1007015.9992991248
TA20,163083.84768739936,-2048972.1453125488
TX16,326647.65988752426,-1280954.78049505
UT62,-952083.0946516428,-411973.0650627739
6MU6,835943.2967846255,-673212.5795356993
IA14,471762.06101738097,-402531.243648955
0IL3,997950.5199156494,-471509.53408221685
0KS2,252166.87988395162,-840856.1386288624
96TS,409760.46589480154,-1362040.0476197177
UT89,-991009.8963218498,-296458.83279487747
CO91,-415973.9167704288,-656212.7841253852
2GA7,1717484.517471545,-1201749.0443526856
3IL7,911685.4882822317,-396806.7498969576
0IL7,975845.2871866159,-512296.6880487556
2IL4,991558.1397077835,-227938.13387089188
69MU,459320.8548305589,-567098.1323285239
NE24,311456.51581833564,-426907.0124350155
52NK,1934682.037679018,95086.11764479004
OI85,1387963.915623234,-474059.5600889452
09AL,1133036.0995075663,-1268896.5376465765
2IL5,1005005.5141175382,-255772.79281131862
TT40,112509.1959552102,-1322752.635823448
22IA,656089.9320801058,-323807.0190855059
25IA,567710.7198793194,-153941.5874986011
6KS1,331912.3477949848,-724734.278597887
5KS4,462581.33618864353,-784722.7787024062
7KS7,-8076.554694783082,-843084.5693651534
6KS3,219108.40630296504,-804971.0785737731
OH90,1608144.262721574,-357247.9878312637
22C,1190688.8751155683,-79818.6003041785
67MU,737961.2463498064,-578126.3605073385
TT12,218203.5061280838,-1409412.7555705018
TS90,43549.86028040387,-1708808.25948899
TS05,259537.59171255634,-1862992.1232587781
7AR8,808465.4009420358,-1105534.8260066006
FL23,1259093.997956591,-1523159.6925254671
37FD,1702716.2429009604,-1648997.7599597126
7KS1,60599.24209534409,-639097.546371374
90MI,1381983.3988837276,-120285.17894491793
8MI1,1321774.13673803,-101369.12649921485
MI56,1116258.2422697626,105643.12329994325
MU46,470672.8960788795,-677906.094176056
33MO,730383.1341331777,-550186.2037166395
95MU,771254.4262740385,-715180.6329934386
OH56,1455051.657814339,-385210.47703673097
SC84,1710696.4744700876,-1049705.1293030456
TX77,213853.89441313985,-1625324.1545901743
TT65,347635.73093629297,-1652522.1978220323
TT62,301089.64120219083,-1813905.172680841
TT07,54535.71752297839,-1461181.3793636144
TT66,302451.3378302038,-1424884.6151025367
43FA,1744715.6770562704,-1713195.3319728982
73MD,2015874.6003282839,-355244.75968348415
MI69,1112399.933627066,226186.6534981282
41D,1341390.5725628245,-122805.04084541116
OL36,327345.9809851329,-882954.0802784039
OL38,493264.06966510887,-1085316.4476710302
42XA,278203.6808592103,-1508189.7251931485
35XA,486355.26617235935,-1556945.9489011052
77TX,203346.42391905305,-1364031.293681696
81ME,2407802.4731149212,435575.43407258
TX90,368417.1073002317,-1705699.3234975964
51XA,314711.7906257318,-1307919.357354455
AL31,1133983.161948469,-1509738.7033376435
17GE,1434942.5024147518,-1150777.8805613336
0IA6,635860.0949239712,-149292.9641047439
6IL6,816028.7304800645,-404578.26134093164
54MN,382840.8806781028,290482.0014363665
8MN9,398261.5090059716,121030.82984241545
09MN,549907.3642470016,32359.217667039273
52MY,546397.9959786563,59308.190484089435
82NE,-98048.85456744162,-341150.9910195698
22NE,319349.29750289436,-410766.83642815036
PN39,2024826.672669152,-282676.2803435884
SD42,-274023.0867776794,-117121.84790219564
53XA,454514.09904671577,-1742766.6112562006
TS80,-588.1927052435032,-1842151.3186825817
TS70,358983.38673930283,-1435939.3254174879
TT37,543364.9894681674,-1329968.6230723865
TA27,445029.24998585146,-1349249.8457946084
72XS,435895.1273901909,-1243224.2068602305
2IA7,500422.42325937696,-363185.4960609978
9IL3,916485.8137440841,-400470.5784931903
8IL6,927808.5507258667,-408007.0537415758
MO89,825806.8342032019,-697151.5978903282
18SC,1659402.5602554695,-1032432.0875022484
65XA,509547.83596727205,-1547863.644313977
XS92,357994.9653678369,-1591367.6672166518
TT50,38102.29004002437,-1215538.943033645
71AR,496363.2679464251,-952111.6232698291
MI47,1197374.4790471953,-201691.74107129214
5MO6,654843.2367862947,-511051.52658502525
21MO,724088.8376746543,-788058.8755175784
OA33,1328645.1165900563,-526532.2447115647
OL37,312339.2497882956,-1166381.2874566566
56XA,252687.70036847237,-1373556.6950969303
86AL,1375979.499609002,-1404591.7467361856
AL98,1354990.1907277277,-1174234.081371884
17FD,1789701.6795669324,-1534136.254445277
FD82,1977509.7438077126,-1866588.4686324054
94IL,885413.2441955034,-646523.1271387552
0KS5,104725.4118103384,-727104.6531534581
54MU,414580.4610850227,-510166.4039407365
61PS,2013338.2904069982,-291702.98380580347
TT75,411010.30693288957,-1605383.8068875119
TX33,442472.749085005,-1649360.2000309797
75XS,205720.89437959867,-2046894.2638769022
UT91,-1208062.7011151137,-730090.9675391129
IA80,688871.3186492017,-156546.8356548857
NC47,1900611.4544160406,-778876.9221835805
35MU,763784.1074945237,-579781.7753177515
89MU,543726.3287023078,-878543.5227845836
NE03,-43789.18069523564,-235718.94720017276
SD62,-274413.82509050524,-117545.70636467465
XA68,-61223.7513970979,-1600777.0281854342
31AL,1379571.0804648176,-1428042.8249012725
60AR,713161.7621376211,-921251.3632954205
41IL,969409.0672681879,-211230.55013661648
23MS,1099555.3347154646,-1515446.0689646185
NC35,1670892.4066797919,-778119.628503635
NH30,2240931.8550407295,254221.85234997922
3OH2,1379628.9310309382,-528559.9012557926
43PN,1665376.1695729156,-131640.0472032743
PN43,1968783.4648937157,-56765.70440542937
4PS7,2077495.5380315203,-245643.05624143613
88MD,2050793.7541952517,-388180.0122474566
NE77,74999.38987936932,-479658.7475797309
JPX,2276669.819298044,-58646.08394482608
1SC5,1596290.3102317727,-961559.5821203406
1SC1,1588305.648964654,-984418.985056837
19TS,145684.5442017679,-1889942.3361801424
XA58,451178.3447670975,-1436848.1925942989
XA49,255881.41181424813,-1317823.1572032426
VA63,1808384.3482165416,-511811.4958821654
37MN,388939.4594884416,-40491.11508001426
16MN,459997.8338113054,246416.0474357918
0MN5,349830.4802641203,-75974.80367556625
71TT,264325.66534970276,-1913253.186868121
62TS,231460.52353700448,-1316020.4773540248
TT13,257599.860270535,-1647317.3422946301
TT46,343382.6984627302,-1567336.7451095
43TT,292677.51770582824,-1302070.7842837316
98XA,270392.0408726426,-1478985.2067934128
AL28,1201024.8391544682,-1545867.744648795
FL79,1979547.433459114,-1889424.23618931
07IA,420040.71373456053,-471149.00589126174
0MO6,652965.8512123456,-516961.0221264694
5MU9,816761.8520053403,-768078.3844353126
6MU5,534915.6083358119,-606357.5521702417
ND92,-68173.86634932627,273842.51691629837
NK12,1862668.243636882,-69716.51659193603
SC36,1633179.2820800769,-916358.2225578988
84OH,1357618.0511128374,-440831.61302481906
OL40,303680.85749208403,-988813.283273055
7PS4,2005869.6214941125,-166482.3977744778
3PN8,2031976.2605221083,-240448.5575020767
84TA,245019.41899181055,-1526701.155960979
19TE,413674.762027186,-1244857.176345591
TA83,289650.6899457817,-1783771.695778292
81AL,1200254.9702115504,-1246716.087918705
AL06,1301432.6821450402,-1371924.9442571027
07AZ,-1103546.2026885787,-1184879.6421189741
04AZ,-1300864.1744539512,-918695.7626519259
FL26,1816426.3900795735,-1860907.2523953582
IA94,544036.6762491203,-213386.76968809613
ID83,-1290499.4389919864,280926.7835231238
0KS3,263110.55303289735,-869357.1905301911
76MU,651106.2656942133,-587429.6222671161
NE73,130315.92012504801,-311728.7159608
NE52,373764.3862313961,-537304.9928194509
9NE6,-149762.5991981737,-360882.24107384414
NK47,1807399.3544142693,-44425.04498557717
5AR8,585843.2918961915,-931820.6242348398
20AZ,-1248907.8714531434,-902778.8032541058
17AZ,-1103423.2353353333,-1184953.5250875242
5FD5,1801126.6883768246,-1615769.42234668
1FA4,1774144.58854204,-1457497.9142278347
7FD0,1758755.80784792,-1467501.584564849
II93,1176456.4461213502,-515072.26278145204
6KS6,433582.29687511094,-708101.8719418006
90MD,1991271.128867491,-341939.22278913244
6MO9,643442.841778703,-554466.2112355208
NV18,-1290753.2020847658,-813013.2105701565
NV01,-1286679.0053744288,-855982.838108598
OA35,1352971.300731385,-450311.28796707565
33AL,1309383.3746122879,-1231765.4178835412
6FA3,1380443.5837203385,-1515207.7587416072
9FA3,1703890.8469574759,-1691050.604193405
3GA7,1476571.533093195,-1256174.782969849
7IL1,850644.0795965985,-324243.47800722375
27PN,2046628.3527080053,-167134.14662429044
01MU,-1016910.3090600314,-1356706.709006349
49NR,2058299.1180747598,-725003.4551398025
8TS4,433546.46942892537,-1676234.1779377253
6FL2,1779022.3798590994,-1464084.3217165582
98IA,584746.6294475415,-308196.4477593434
MI04,1311932.552261218,-89293.75101710386
MI33,1357251.2734561285,-164623.62494725556
9OH9,1526850.1260157572,-221187.38180131535
TN45,1326609.997760653,-944754.7927623678
9FA5,1745592.4277000136,-1570810.1597397928
UT92,-805493.3387821788,-457866.7295491002
VA59,1628960.615135085,-734660.3211868898
AL73,1239157.7724585726,-1163248.6274986002
AA13,-1039622.1115654827,-1380624.6214388714
20CT,2229160.006109466,46436.780545981805
8FA9,1514341.482283495,-1518847.1401203156
8FL9,1232879.2654400717,-1480521.2606998666
4FA9,1756330.6244141478,-1810313.1074211411
1GA6,1483735.9245527543,-1336692.6066281614
11KS,269593.7961134992,-855665.6266617383
LS46,690387.7980861149,-1539735.8087674372
LA04,776859.5185262477,-1411490.9923535583
45ME,2364822.815221813,345220.6157146079
47ME,2345039.450219672,430264.28941082454
49ME,2334250.254261563,395670.31929627486
MI43,878580.5125414322,256001.39347496393
36MS,852787.7567383054,-1237374.6472548353
64MS,856238.8730967176,-1239266.4990292492
MT82,-1032650.1578045496,229979.07107815062
33OA,1335335.1800852786,-498548.77351322246
OR97,-1772046.6748873673,184506.7278573083
2Q0,1814968.5156615018,-958789.2569938828
TE61,-141015.61562865664,-1415160.2027190286
9OH4,1488991.3871824797,-237767.45941740947
TE56,-462984.93691702315,-1534592.9667680303
57VT,2097539.6547751464,241220.07987825014
28VT,2173428.7990774065,206664.92080841912
73FA,1741346.0306586016,-1738402.2994253803
GA49,1556001.5602506893,-1380797.3088257802
05OH,1521993.8518503965,-367679.61737366376
05TN,907188.11131408,-1041256.0366677349
7FD3,1986850.6404776538,-1884930.4375533818
9CA6,-1576002.7784992983,-620504.2366957873
3A5,-1635764.0980381342,-521699.3022491734
22XA,196214.30486070557,-1456192.6276373232
VG10,1964148.8754426027,-560825.6781809948
3FL6,1711257.468529622,-1663007.6884774973
8FD8,1747399.2648310587,-1802248.784722606
14IA,448936.45386238047,-167021.87568834735
08IL,936115.7205780469,-284224.31850332266
XS46,257741.11421448778,-1810170.0546449062
79XA,-161091.54485113893,-1635729.152529359
88TT,279946.6354360263,-1288154.7881944794
VG54,1830977.0704543558,-506875.9591156078
MU96,848187.7388674775,-663343.8792673033
CA48,-1642422.1295655102,-1032568.8489667083
26CL,-1532643.7446984467,-1160095.172734874
43FL,1782399.3364174317,-1636337.4833474346
FL46,1837221.6618093008,-1637154.1913609586
FL83,1393540.813676909,-1498135.863511862
7FL2,1732835.7324449276,-1682917.5674599458
60IA,766471.0287122926,-349471.35447315255
14MA,2202610.491374189,72083.80686626109
MY27,316072.88982851297,209923.70108998002
70MN,375338.2488257687,233011.88290750858
63MS,1010660.8011285928,-1118177.1323748096
41MS,895587.7861591146,-1223324.61285057
MT68,-914063.5860116339,87880.66908832628
MT26,-1044384.0140488571,443338.5182422731
68NH,2252323.546218956,156462.22566169876
55NV,-1296660.8751766032,-350933.7333553049
5NY3,1677831.7245754492,12459.567955551338
OL56,241966.84183046964,-1008502.3896840808
TT98,328447.60656513413,-1252231.8275906462
38TT,375997.705423499,-1304509.0570661756
TT41,435209.5432565379,-1574872.7989002736
94XA,599346.6759325644,-1629670.3390156215
33TE,303036.71425645344,-1235933.82738815
90TT,267765.0892430576,-1693922.1310742246
83NH,2250256.346317308,255168.30968264828
CN40,-1865677.25321752,-440399.3493476585
3PA3,2018775.6292166642,-177943.99876213638
70TT,-346403.69505853805,-1698646.3064133176
25TT,222681.79034312122,-1298833.363829804
TT91,-2107.5193528493796,-1631150.4601091922
5FL9,1849303.8475442012,-1594680.9309069058
FL03,1755063.9697812253,-1622344.544087641
PS58,1977067.6705271888,-260649.29544758977
90XA,184440.3737520431,-1723149.5535504483
38VG,1628506.6603891414,-694022.4139377367
82NR,1544943.1698645144,-877498.0527865045
52TN,1240460.9978204013,-941859.0097304016
19CA,-1692696.4886924694,-990730.2875291392
ID31,-1264667.5951303297,51224.07085211688
LS82,923666.1321779015,-1613194.9063209908
30ME,2341972.426106109,366272.0464064579
56ME,2373444.570442458,668037.7432534425
60ME,2316164.5522185746,259188.9774031525
61ME,2364103.4036853197,323475.2353882371
86ME,2338985.2062312663,332357.80937856337
57NH,2238589.777262601,263887.4023080987
73NH,2186660.184544023,359530.8112186117
TN59,938765.5213406576,-1023525.5727585419
TN62,1174316.9574934195,-911305.6034483532
XS22,148496.91796372551,-1242176.225446844
WT78,-1642079.2119048336,527407.2908322605
I26,784446.136631981,-342899.5956827426
88ME,2276595.774183871,325201.41026206245
18MS,907261.0289847511,-1341257.4977800476
NV11,-1321091.7949157613,-208662.11887025117
OR80,-1340799.9603665913,203139.64449553387
OR60,-1833665.913025898,-24134.614384962017
58XA,-41978.38617641397,-1674273.7414796287
WA69,-1269013.550548466,519708.17452655936
NA,-43124.37281485009,-1880686.5462142993
GA02,1460666.1265245061,-1210118.4964597817
65MD,2022571.7901979538,-470732.0962802786
O68,-1282366.7602930898,182197.4997275932
O48,-1288969.0757452745,230742.69239379244
O29,-1269884.129762508,200357.35605268987
00XS,139552.8081047348,-1928948.746383286
62XA,516694.5591200221,-1481598.4207478077
19VT,2147822.372961812,229758.3879936419
60VT,2075570.727357605,327900.3021184949
WT29,-1703733.978374689,589567.6399224447
2FA3,1279693.9324472125,-1474157.423053588
GE20,1641668.6440365068,-1154744.8130654618
GE72,1543034.5081594377,-1041267.9971611191
MT66,-1057579.5876785459,272731.41457002907
49NE,307508.8460749652,-403861.1948267058
52NH,2258065.575327163,164848.07968644932
95NH,2260374.7296665283,187837.95418338277
74NH,2256875.746550664,186749.57408533528
NV26,-1595340.650293307,-432011.6068332899
OR01,-1276610.9567720061,190882.78581094986
4VG8,1939260.7354881132,-497977.9627660142
WY08,-883206.1918403485,-81579.63582693531
WY02,-369700.4502489157,-426636.1181951473
45TT,478693.6606560438,-1706940.124563449
33WY,-889877.8313943228,-157243.34206119715
CO98,-439751.3053441152,-567494.221798469
8TX5,-313914.16559628636,-1633765.495509812
UT94,-1067254.4188842566,-282059.0720845079
1FD1,1728457.2633974468,-1762184.6395452989
54FA,1967795.6730553433,-1873246.8105264269
FA28,1930532.1125296347,-1737439.8865343113
5FA6,1978599.7785061365,-1784763.9273762242
14FA,1523036.4639831118,-1456302.6422323503
ID63,-1322639.6810548254,12244.631370728186
84IL,825804.1224910385,-244521.48274942915
0KS6,48637.22734566384,-690324.7285522728
41ME,2300033.93842874,379212.59270763403
5MI8,1356917.0763683377,-144715.50773255885
58MU,511254.14261171344,-926874.374098719
MT56,-672351.1069063381,117988.9577454559
NR92,2102276.3494413192,-822405.1776129504
NR21,1821258.1882071698,-772126.378660156
NR72,1764158.2464022983,-852952.9888726899
NR70,1743655.874497073,-821362.8163477548
NV39,-1550397.914826199,-368511.92957208765
NV49,-1679048.4688910719,-413271.99454353127
NV44,-1640760.4152852362,-477862.453412564
OL44,56269.04752997511,-1095602.5797621564
38TX,295937.4068093394,-1346324.347251269
TA28,219343.49034150082,-2039463.5797094062
83XA,-87148.61598033266,-1280279.8178616194
66XA,162108.95911214105,-1229232.8250948705
38VT,2083822.4469517462,284182.9695120627
WI48,925097.2367149479,-70061.60608598821
03WI,972166.9271645382,-114114.308736298
08WI,934947.2172588072,22049.568477858258
07WI,934410.0445300703,-201342.05582116538
AZ68,-1033522.8535785597,-1123106.267199166
CO94,-422327.38707528525,-830802.0430664375
4PA3,1840872.8697421926,-214129.10901107642
XA45,118524.13876758513,-1637995.5814696874
29TA,295848.09566153673,-1309627.8821105752
WT55,-1441988.1622548136,528830.0674940023
ID06,-1204009.3239106152,-19219.81746883719
51ME,2306070.4945644746,379697.81364584743
NM16,-810623.4310791091,-1270463.6158400897
67XA,172870.03606816585,-1272718.2557152775
TS41,46775.220398729725,-1707055.1875714166
ID50,-1076409.1690650221,121182.08320684487
67KY,1330531.7096082962,-564232.965211397
63ME,2355445.9602065133,489566.7296877581
XS05,243721.54452448915,-1320152.5206532981
21TX,404247.18189313146,-1257782.3393180685
9WI7,617660.4869662884,90491.00017506642
NV28,-1606346.2195797337,-539479.5265890256
1TT1,367196.1405953127,-1621464.4556309253
85TS,303373.5080422084,-1335889.8626021633
NV47,-1454974.2835297848,-276426.87152087566
NV68,-1460215.4823184526,-264158.3948616577
CN86,-1811684.2905424412,-412103.6255696292
FA77,1878030.1057087432,-1617072.4567581983
ID90,-1341101.4777551985,-7130.770861550052
20KS,195158.73284792586,-586340.3826698902
92KY,1396353.6809699512,-661477.4859461057
05MO,661056.3544389297,-505544.4519432746
04MO,476433.20907706907,-646290.6560593559
NM20,-714332.0333008141,-1383046.4435860086
NV03,-1688423.2592562854,-473727.2938991935
5NK5,2209432.041045596,-99880.01743497963
NK67,2214589.668302893,-82815.66317123003
32NK,2125584.815194173,-85603.44019688225
NK63,1759321.7739893496,-11830.272409295434
OL45,201103.07151712594,-1059814.730018368
TN73,1220846.008611523,-916501.1179550341
89XA,235633.38648878358,-1460952.9616245574
TA63,487954.0388047719,-1569598.2695174813
TT44,407960.9475335721,-1247831.4897436893
TE55,504447.24374607013,-1640396.375600753
WT15,-1620804.6936155101,659153.6210945079
2WI2,908159.6214660961,-44401.79170051615
44FA,1779542.8244494116,-1698833.9761702262
IA20,529473.0375780901,-386658.1043290739
21NR,2130310.565862384,-641312.6639284749
NV80,-1290670.7154248247,-354933.7069977815
NV56,-1364641.9723644522,-843271.4145048859
NV88,-1470137.682610279,-222717.05259881695
NV36,-1431172.337695178,-838890.934746674
MN20,486114.7324139545,266676.5292872252
NV29,-1462157.5579168077,-792681.2733615552
NV45,-1482657.6432925137,-754916.0479596433
NV81,-1481634.4050863844,-750568.262162222
NV95,-1389322.5919482308,-840649.9927942047
73XA,-149014.55421545345,-1468926.7473430499
31WI,850773.5177868598,8952.120612068022
38AL,1374362.3739266442,-1306410.29968365
56I,1221248.7846612788,-273037.41062452894
7MI5,1304524.518086275,-171341.84189436544
14MO,582182.9524808708,-773176.2966149639
6VA7,1938166.4318299796,-478606.80408777285
NA,-1128504.6470793986,625533.8191348638
NA,-916860.0733232803,588800.920313806
NA,-763884.1512734797,609521.9326968835
NA,-1690565.4965145714,657289.9184261429
NA,-1648112.7300833839,694897.2364561392
NA,-1605693.131140188,675389.0193845268
NA,-1266246.8496913416,619085.5477911972
NA,-1571000.5024578117,680947.720747636
NA,-1329696.793758446,601658.1572252882
NA,-1399536.9716922517,670386.79240332
NA,-1270714.1122893598,592472.5416724709
NA,-1192468.4265602026,573167.7819269961
NA,-1004515.5994643804,591433.5552695929
NA,-957798.5576930316,542914.495101244
NA,-622205.148991754,497453.3432316509
NA,404598.67881243816,546654.128152577
NA,786150.1514480102,427611.9353715744
NA,481178.1783449401,426233.47165362706
NA,520008.2741133925,560880.9306457004
NA,611646.3285328972,451723.25108314224
NA,3415.6434110104974,545521.5117127302
NA,123740.04297667531,546376.1532898509
NA,197819.99648772753,548558.1420984789
NA,179998.374383158,457908.1111405332
NA,-215069.11981630104,471794.9827701308
NA,1545923.579088417,563545.7365772638
NA,1355385.1030546867,556507.7445021522
NA,933314.7097598314,608332.4916013153
NA,1625168.9277635813,568116.1047923627
NA,2169007.8586030346,547566.9269679325
NA,2109671.9879699624,572124.6226172213
NA,1932139.0466301113,333759.43840397027
NA,2729794.2586269528,684949.5590859908
NA,2650129.3063911884,590153.1305183206
NA,2498106.20289102,629746.3948752555
NA,2568364.3766398444,593820.628774914
NA,2752985.351060225,628983.4344053891
NA,2531718.6442683702,501177.0507678559
NA,2422616.980821374,681982.6990662849
NA,2397240.5412878906,653677.5114430619
NA,2610634.9984267084,516505.1586328129
NA,2690683.260408759,514880.7445095587
NA,2528097.3449804173,678605.7283958268
NA,2120095.1275179097,584024.7464517835
NA,1811991.307495924,314240.26568143646
NA,1840349.8856239796,312237.2045244246
NA,1832444.7226818744,180579.78468927217
NA,2039537.180992273,533957.5989150619
NA,2002546.9415637027,383063.27941666904
NA,1863608.7683550522,336178.6606598051
NA,2024441.9834377305,396232.54048035684
NA,2042487.6699888573,376145.51724937605
NA,1866446.3006424797,320785.1885196076
NA,1998629.5420557212,613531.2832967088
NA,1894022.8252956483,458127.32812564267
NA,1888201.58114025,637686.4440547636
NA,1950638.1387125892,385732.39304057724
NA,2046392.3653138753,504027.9629189032
NA,2152100.100126025,433257.77208130225
NA,1882883.1968062758,245472.93263494654
NA,1998999.581050544,450497.65582111536
NA,1831353.7232531023,456161.6874110336
NA,2085822.2186511406,457436.15615752066
NA,1858668.4383598515,273959.37004039355
NA,2195839.345119253,529529.6749997407
NA,2141436.9932196843,579727.1837398015
NA,2034351.289935983,455282.59789829113
NA,2081703.8937696668,389693.30016808584
NA,1811199.5501814766,415371.1379244301
NA,2159175.078534278,509992.9239179214
NA,2108902.424625267,498080.0209326241
NA,1955260.2297076888,322400.99886166235
NA,1973750.5009103033,397773.3835743942
NA,2034219.665743751,486968.82322789717
NA,1867425.0710132192,344585.51698525157
NA,1781259.5626654527,147895.20114301672
NA,1605549.8241194556,204621.36279181138
NA,1557390.4251946537,352621.86698708154
NA,1765338.1256617925,149050.7556146091
NA,1474946.2915843355,144836.80310895908
NA,1449028.8580387176,355494.69298850594
NA,1176899.4446690665,279048.1937135288
NA,1732242.6286066724,343456.0538589549
NA,1698498.9430844018,143160.92378238047
NA,1662597.9818018833,148898.16293129476
NA,1493676.3479010316,81816.61263135805
NA,1613659.4067141023,172145.11614892023
NA,1566476.9823489534,160698.82298310602
NA,1325407.6837211952,294872.97658672294
NA,1555342.4649202628,130664.41534172877
NA,1423385.3794596856,187574.95914742595
NA,1488263.8986356058,488783.08859966235
NA,1336224.9962253072,243448.92427300184
NA,1795638.688731227,165388.88224910368
NA,1665900.7144472115,13710.189926372997
NA,1525145.9706350977,-70299.37946483454
NA,1549623.8101346376,-45886.30069515006
NA,1636451.1741630107,56577.68180484063
NA,1659742.8748827786,-12174.399922806238
NA,1522352.0592659784,2908.361244610359
NA,1606359.2396373095,27097.404523687983
NA,1576509.4318271938,19784.093066639285
NA,1430355.017830065,-177373.4660005482
NA,1450907.4278428676,76585.8976036834
NA,1232134.1521706306,442871.9617283682
NA,1209092.0756804557,277917.93742370093
NA,1558188.9416479357,224907.73669657265
NA,1390546.4933007276,251242.32069503848
NA,1600406.0487526734,146448.57678146783
NA,1570075.353592386,133267.4058455151
NA,1414241.5500527166,272269.98850749613
NA,1499720.437361412,133141.53968415008
NA,1576208.1426886169,-16140.465629059008
NA,1481465.2156437514,-21597.86310948648
NA,1459282.2845193802,-138749.2849494588
NA,1627857.6089647948,67535.98231825554
NA,1453922.4159744482,27226.284916131524
NA,1464792.811886626,-25029.2766000149
NA,1514723.5710024908,-41822.283269581705
NA,1616958.203653282,56995.04432148018
NA,1607765.3248962704,-3413.555545483456
NA,1666616.1607163642,98697.92412550776
NA,1389003.6366136745,-157873.03485517766
NA,1423618.0473649849,-206760.56901232258
NA,1564174.7076629098,18579.30239268133
NA,1424853.0897630858,-66999.63555122477
NA,1577610.0805454862,-44369.05033985634
NA,2622251.5807878263,432391.37346434774
NA,1482794.3649095942,45875.613298841556
MD84,1988830.3090233074,-459481.3899398406
CO99,-408701.58981587406,-622932.4066911684
1FD0,1813415.781239692,-1515184.50464211
FA89,1657764.5075565528,-1455344.5985084684
1FD9,1804267.6929572856,-1695170.5262020866
2IN,1206820.8313231417,-273744.8703173893
I01,1205581.7302491064,-276172.41983087163
8MN8,405542.2969153925,278792.4386785179
13MN,488910.78368189174,1285.462096653111
NV82,-1272864.3675411304,-708884.8277149971
3MN1,501648.0789363863,82638.02149540701
NK80,1677152.404250012,4871.046987722891
19TX,213460.68231294703,-1608344.261246141
4WI7,979261.3186307121,-66917.51635199883
3WI7,980227.5308362792,-180281.64202767756
8GK,1301384.3443194376,-584095.7580135637
67TT,238575.84375937603,-1289755.3559160135
48FA,1773871.2650526278,-1604259.7949762808
24FA,1786922.957239218,-1628451.5962913388
26FA,1742596.3577685375,-1721643.9340671396
IN09,1202284.4637727812,-474377.31759123056
0IA,1187699.8921624916,-309444.34533750254
31MN,581932.7892039804,-69954.22769679544
OL39,300947.6681581702,-1027218.7053801763
15MO,684020.9210461614,-679659.4966357208
OL41,343755.57983674045,-1113109.4089941815
PA22,1713672.8253618008,-306069.8213182656
4PN9,1769748.866617047,-350554.0814868527
HLR,219161.35708224215,-1534788.1353985637
WA99,-1708189.9875200463,510193.66519932006
62FA,1787924.6937054389,-1634814.8000346103
ID97,-1069774.0203375958,-18450.53319341476
4D2,-1135771.012202286,108894.12702325395
51LA,914035.235437686,-1544226.521328695
19MO,719168.1310153325,-764155.819586702
PS45,1973628.688984642,-280633.2504514105
PS35,1964230.9268192032,-280819.7415701131
58TT,399072.11606501654,-1431910.922964165
68TT,400835.07930567785,-1432618.0138882652
48TT,401263.9875390874,-1433029.2904622303
WI75,950486.4241369754,-113896.53076266532
3NY9,1679043.7173015645,4458.756008676177
OR26,-1762130.6020672156,251585.6819765196
30GA,1493366.997970161,-1158981.9221988162
67MD,1923841.2715147599,-337899.5001566725
9ND2,166126.64277003135,264503.91241765255
PS59,1994731.895144328,-94534.15640966763
3FA9,1836357.0113016495,-1640304.55561591
9FD4,1831955.2397308983,-1612478.7772648612
99FL,1228287.0960383315,-1520518.818383039
3PS2,1804785.8453991967,-321734.74886002956
PN56,1944714.2824207228,-175262.2443442742
88WA,-1662659.3126036476,644199.8541520942
FD13,1358431.1077677733,-1524807.1666326353
IN16,1046035.6879839621,-317702.45125502994
JY79,2158833.7829883657,-288637.1709824081
42JY,2109186.637775454,-298548.6644399931
4WA6,-1686281.6284724837,589008.8300476784
56WA,-1667584.688519153,490484.84162838245
64OH,1345226.2798662658,-499036.11717868474
VA89,1991405.776193713,-505713.2417100823
CL18,-1631141.562724879,-1030574.8200390096
CL88,-1627830.999792126,-1032835.5275951268
47FA,1975875.1966932463,-1991263.5704181385
24ID,-1077937.309298711,30340.507703519535
MI65,1182431.9480903188,-170037.30275414657
4MY2,402586.6928088222,163425.28101787236
75NJ,2088122.9656925704,-269851.1498905081
PN83,1975479.898412207,-196012.63944384694
4PN4,1872742.4006036439,-160429.29282033202
PS37,1908390.6465629912,-145665.68133064348
VG68,1946888.9752699123,-574204.6785193875
53NH,2235909.060643215,249462.16552357402
29NY,2129464.7981300713,-84442.1094977771
OK83,186802.66479794946,-1201671.5411369365
32WA,-1486577.9471760485,496292.517985101
9DC9,1963405.261284156,-405699.6835435242
30GE,1540110.0150074384,-1046571.8188481394
29GE,1444196.860807721,-1106304.378480461
MT34,-870050.3161387141,177909.29638209648
OK66,274402.1057160751,-991747.0274254936
TN41,1551570.4876666074,-802844.9808028551
TN68,1263304.3179600553,-874788.0517842589
CO04,-376203.7879890403,-545550.9597424137
CO28,-188575.91302313618,-684368.4758384429
03GE,1465020.2778491923,-1031290.5872027223
27ME,2334277.5012055393,345900.90705892036
MN54,467353.5984114954,278648.1464336194
49MS,1036219.8696182373,-1286381.2749353796
41TT,57467.17002255169,-1642984.4501637346
3WS9,778128.7997116251,-108024.95919416405
7PA4,1752519.5521984096,-215198.70855830368
WY37,-800634.4332277167,-188435.33779130736
AL72,1215833.4322204369,-1041808.9675621158
69WA,-1501641.6918591573,454444.7686949285
56AL,1170612.6558912375,-1046856.4017998056
39AL,1119532.5786060959,-1425487.368312995
9AL0,1195900.481950978,-1078272.863459197
9AL9,1212342.5165717432,-1033779.9112576013
45AL,1285323.9050146295,-1308718.8943658313
3AL7,1289950.2921360333,-1163039.3295263955
95AL,1238883.2903246111,-1165928.8519274541
6AL3,1264821.6687010892,-1188604.1638592798
44AR,682402.4283028562,-1140357.7136898593
CA93,-1757993.55849788,-989756.6610701716
1FA8,1816621.2224855407,-1634161.335912867
3FA2,1735726.7825446443,-1684614.865123557
30ID,-1153111.5361572097,-68528.30593702127
75KS,429784.89543341275,-865977.3393045996
50ME,2492274.805620765,492804.60626094684
26MO,493968.8332795318,-598905.1592394355
JY64,2085951.8878490787,-245315.01825627437
34NK,1703103.2432641564,18678.91854974052
36NY,1941471.2339581305,297577.5806561745
NY86,1972233.200570245,92818.58816360535
4PS6,2074746.2213940579,-196248.04690443273
TN75,1461972.6257618535,-831033.9762385599
TN78,1340892.9543372537,-966459.5426314621
79TT,298036.7881901366,-1292494.751181626
25TX,452019.3763409723,-1616324.2098841493
TA03,511427.76775995886,-1724463.049336275
XA39,125655.42042480258,-1721233.9122750429
74XS,549286.5349011077,-1262614.2083415377
1WA7,-1637516.2488282442,520846.3965868053
4WN4,968344.2717090172,-93867.98232244441
8WV8,1858291.2531227912,-381942.8405490288
CT29,2221766.392027421,47682.483624798035
08IN,1215936.88905798,-395182.1780147525
55D,1367453.3071240084,-58810.0073864554
32MT,-964999.7842154629,125681.9862949661
OL23,207484.14713183392,-1015535.7680981354
OL48,401551.84551300853,-1021650.5964711563
68PN,1640459.4903131898,-339822.1395240567
88PN,1941366.8378560285,-186927.77322257432
00TT,5837.1891893144,-1164082.4168427305
87MA,2304511.9496126226,140584.0581427241
2SD3,36874.06136493861,37487.8116506726
TT48,1494938.2153259255,-851437.9585139625
28ID,-1193866.0769160322,171803.041911622
27ID,-1183634.3320537682,-163020.42300458602
42ID,-1251637.6593140566,18977.51156523016
3ID3,-1284383.0724922128,334716.7381830273
1MT4,-1056732.3564803945,463362.7290794309
OK61,251234.68585116576,-1030650.4675448657
81TE,104676.78000120299,-1472720.5176644542
WN28,782733.5570142224,-186829.63720248215
5AR4,816175.4868998575,-1107242.5857559245
93OH,1550116.7971809418,-209473.54218235973
92OH,1587694.3853565648,-150923.20848670704
88PS,1973053.50733288,-257194.8210785188
XS36,-98495.27704579104,-1339980.4307084107
11TT,-18362.25230546627,-1622002.4899074624
79WS,832132.7885436098,-203902.02621705784
47AR,713817.8313797672,-1132923.4314473353
64AR,745790.0686579301,-1077891.8375431243
CN50,-1598908.7144387136,-1193129.954193096
IN19,1052987.3805976985,-320061.4674321197
29MD,2049320.2539023482,-417203.9263367937
74MD,1966078.9409162032,-380379.01088122494
6MY8,603883.2923126366,354224.8145768926
M56,685408.2476599015,382762.2701766214
4MN9,370564.49131379585,331454.15659187007
94MO,477896.17669030366,-646372.7021872812
NR44,2100143.3552793907,-849266.3991889653
29JY,2158327.2437491147,-204213.0041901733
87OH,1561210.941401813,-173412.756069139
97OH,1541699.204540868,-193763.78361230326
60OH,1527530.4838892573,-201224.55337055252
OK90,173595.0732450032,-1169954.1012610504
48PS,1839853.31851485,-306422.55978261674
99PN,1967338.57789933,-236695.66515555145
PN29,1992133.6161132166,-240826.85576403202
PS42,1814448.9510888753,-97745.77875866121
TA60,195106.92162482208,-1579642.9008681825
TE92,256418.61773548895,-1318537.5909930556
TE05,-50298.31667090502,-956872.6818056554
TT87,-27987.19773156588,-1685336.2542973596
WY53,-329837.0621060553,-93588.83982171238
MN73,481583.3347377738,268817.05326825543
PN33,1921057.6904055306,-302622.4597439921
74PS,2058852.0631661152,-227524.98636597567
6SD4,-316928.78796681354,-196197.12807142994
SD25,-259113.6925051854,-81729.8492123545
56WV,1729829.58246823,-416746.8133467099
65AR,775748.5709128628,-982505.5913681277
2KS3,-27152.44505268289,-839938.8142537344
99KY,1372319.2042356117,-648716.1447483439
18MI,1232241.7783164296,-197314.5219867683
8MY9,339139.8017666033,126119.76084662926
MY17,571622.7960621582,-17627.6153371525
44MO,721159.6926545395,-687901.1410194355
9TX2,-169296.5370789163,-1260842.70980319
30IN,1130314.9381603703,-421749.02315622015
3JY6,2105831.120765315,-304164.9359319308
72WI,804760.9073327057,-211705.73495327556
83KS,254664.14411748125,-781252.9283407938
6MI8,1103645.2654680735,-265536.311373021
73NR,1605561.0884280417,-837598.8262247321
68NR,1515684.0764464233,-916311.8499816845
OK32,245381.57121540152,-1084348.6795910443
26PS,1676179.562367044,-300930.0367899428
21TE,363408.86879154044,-1741546.6312041096
74AR,717400.4501934032,-1128686.5342618998
80GE,1659294.886362122,-1097860.8433467655
07GE,1583075.4782718369,-1336748.299203338
54LA,666025.4028096249,-1454791.8787095724
60D,1310374.0769213317,-41306.20352128571
57MO,687268.9320947323,-731250.8659285014
30XS,251077.6496877432,-1712582.5609519149
FD23,1735952.4345514125,-1609361.2470408783
97KS,274614.2570791702,-808761.6250746604
87KS,120047.98821872078,-684626.86272448
0KY3,1323877.5328309042,-579920.6928455292
0KY2,1342591.8705541166,-771848.6761603701
4MD5,2000901.175892854,-431689.8926177058
82ME,2240192.4038761477,608108.5643234962
MT63,-896133.0749163536,241999.73567876633
NH66,2295141.8278028034,183573.77177797456
59NH,2281657.3331714678,162620.35326788604
OK56,242345.90086580534,-1098304.2649193956
E75,1619495.8737132826,-116265.07097697048
4PA9,2053528.9406348397,-215098.21034501307
00TN,1222273.6969635298,-887035.683302528
07TN,942889.8288640603,-969568.5327934581
81XA,219208.7022571233,-1562568.978563096
TX14,371457.1578729476,-1625122.636666896
54VT,2192199.5691066105,124163.41527592251
WS84,755697.2058697059,-36434.47268978766
SC52,1865928.4209662268,-1125289.6014362094
09MT,-1058337.1384289514,191797.52861055554
2PS6,1841726.4533857717,-209356.08021453934
TA77,450511.235306524,-1603652.2545453
CO09,-409418.47374698205,-539213.2077177868
34IN,1247700.5877144733,-327256.0126958425
Y68,1091473.3198973702,45071.25169444595
Y59,1093084.1198540507,43215.890130461696
11MI,1111859.4348361185,100953.87654988034
NM28,-603873.6010422488,-1077062.8065516325
NY58,2024637.8345768452,-41249.9472483808
84SC,1855073.316598847,-1020338.312043524
51SC,1722430.3353395981,-912751.9681869935
93SC,1848199.2099854618,-1117023.1521905402
TT29,400846.5710725375,-1262711.8965558503
UT95,-996098.2445658898,-407784.16675807524
12UT,-820663.5659260155,-677142.6668679639
WY56,-359110.2422299599,6809.3489046425475
WY45,-372382.77656613407,-416091.454630369
WY54,-679416.028586949,-182120.10096044003
WY58,-411374.87148824055,-313033.3017467881
26IA,347798.7150032345,-283006.8946629711
57MI,1139568.1154288212,76530.79876997849
82NJ,2137457.8084906926,-103868.38865129033
OL54,262034.35285152748,-1195571.654191424
MUI,1951607.3166172379,-227008.24436339497
5PS4,1684367.2714861264,-172393.5819278577
54TT,204709.05004461494,-1579527.7339437194
31UT,-1016326.8729474569,-426472.39479635475
24UT,-1177713.4855860597,-775127.0159906839
UT99,-1003712.8620817203,-437337.46901592537
33UT,-1006478.2342097037,-440441.8949938174
AZ42,-1304143.0707856724,-918521.7189485601
AZ19,-917335.3202118434,-1381134.2427102448
47GE,1344361.6567466396,-1050975.1624380331
5IG9,1233786.7844334668,-444991.1822552728
OR48,-1876243.021602618,7147.479006691614
14UT,-1005600.3274977794,-439087.32583966333
WT32,-1418835.8512696007,464733.7850210853
WT18,-1435458.84637921,416444.5650317845
96AL,1160631.3390004947,-1490258.552520821
AL61,1166047.5981403552,-1041340.1406300173
15AZ,-920454.1338105772,-1138804.1186802536
CT31,2233125.33919335,44727.24468097606
51FA,1758006.4123109933,-1421688.7636264595
FA14,1802660.8974134151,-1654183.3372359534
26IL,903204.0944659918,-638910.7171195707
24LA,873386.7717902471,-1582416.002295041
7MY6,370838.42419048713,172534.98497205722
MT84,-1061812.850523109,405964.44205983356
MT96,-932835.535808958,234840.79395420244
76NJ,2110634.9911707034,-203358.29539835645
02NM,-839110.7241521215,-1389010.879308993
29NK,1948254.7923517358,-31133.246977096245
72NY,1985573.1416637823,118803.67460336284
TN47,1486341.7841795608,-850201.0819614427
TN81,1103855.9247530529,-866827.3163670326
15TT,322702.4926066559,-1312556.5734536818
VG65,2094320.2227726053,-528436.4116741372
CN10,-1682062.3157879093,-1058124.4192444505
11GA,1361829.9753863786,-1022995.46721177
OH50,1490753.399547922,-231334.06304991242
98SC,1742574.4126722026,-1113050.2652616631
TA72,126508.4065179047,-1719216.334788544
3FA4,1836587.3641299973,-1639878.55679264
31GE,1547283.4702605614,-1200911.0703060434
C63,1201728.0160323703,-83794.86470039077
72AR,600597.8693544611,-1164992.2864723469
76A,795272.9541380098,-1017818.212109079
66AR,505643.5597831392,-978831.8298461157
30AZ,-979911.386175014,-1320142.2968295203
6CO5,-348319.2109649364,-526924.1461260733
64GE,1356650.6090824958,-1133979.4190601485
18GE,1648893.0872108059,-1267878.6003372874
29ID,-1323049.9495490072,12528.557521392704
4MN2,371458.2994384354,491578.11054495524
83MY,518108.61148554663,41459.02789561507
22MN,446987.71859582956,311275.26996429416
93M,716747.7987409928,-536162.0731954223
OL42,501579.8542262823,-1065040.2269153378
PA23,2010760.2918049013,-161026.6233499828
PS23,1894393.6123278083,-228411.98141334616
43SC,1581520.0595086738,-944245.7653559389
TT73,381951.94000173104,-1373566.9126395553
XS89,348611.79039447143,-1326625.1589042684
VG67,1854225.8422548263,-629605.8999739962
28IA,694636.4963978642,-293980.9981246599
5KS3,54802.41560316305,-642628.9358938289
MI36,1100953.1511807244,82616.04814479695
MI92,1268160.7092671155,-138784.1766635003
52MO,516878.770306471,-677770.9998087793
24PS,2015183.3338164017,-100582.71993834407
XA00,383171.8498280385,-1309891.891626439
VT72,2094715.5624021147,301605.70106707956
91ME,2358939.843972407,448761.91228502867
8MI2,1269241.5806650359,-127483.45594038646
39MS,906009.9452200703,-1346578.9181052777
MS92,882924.4728048117,-1114254.5915060372
MS62,858443.6382564836,-1327156.6534598577
TT18,352483.16316432355,-1661546.0507391917
TT57,129203.93022438466,-1480632.906417655
46TS,-169222.09273204778,-1425302.1487008613
TT60,148721.95212573823,-1567482.8538784287
3VG5,1816095.4098479333,-648170.1766961383
1CA8,-1729691.234789693,-201378.85115857288
60GE,1541184.7627620585,-1074747.20270196
28IL,960952.5765260891,-240428.5342581698
29IL,909543.6945263282,-369968.0978847219
2KY8,1360699.355014054,-640836.953806826
3KY2,1355699.5015961325,-659700.5104167507
3KY7,1361731.2560517632,-658242.1141367275
4KY0,1348430.8056388926,-773629.2492876786
4KY3,1275140.8266706986,-663381.2599915498
69MA,2231259.817771523,58099.024621196506
4MI9,1175644.0792426744,-111025.1967129187
7MI9,1150980.8580900924,-103675.38526220285
MY43,322419.68470357335,39158.16153173471
71MN,443085.2953789754,1625.5733041211877
MY74,498305.7099682733,81919.8234101609
95MO,559695.7930510816,-917296.722983905
OH74,1510876.1324579413,-510343.4620901311
OL04,456298.6885033795,-995901.5538816443
14TA,118963.3785152629,-1222192.3058762595
VG31,1717817.453579038,-718037.9236391688
64WI,811885.0091869662,-63059.06300478796
85NR,1756088.4935572422,-784247.6756707017
16UT,-1000181.3742783566,-321832.5539718265
77UT,-1002458.5268826613,-392255.15923982725
CA36,-1947094.162255131,-559631.2313741102
CA45,-1869107.452520801,-468566.2848636797
27CO,-426780.16372562904,-479153.0323716448
92MD,1960701.7517434394,-385987.9226429865
8MN1,308078.8583363929,-73614.08998501026
NM31,-728395.2320878463,-878034.4288498468
NK35,1890405.6566873542,26528.78950626477
UT36,-1163292.534408053,-707750.4412279684
05UT,-1207728.6331134075,-757778.7255047355
77VA,1779681.6333362728,-690721.0908387699
CL73,-1648902.1347555248,-1068559.7253415268
3JA,373870.23367105966,-784497.3239747726
80NC,1666090.696859151,-849621.9532407661
72NH,2258243.6270879176,246094.35425347817
4KY8,1458428.7489993647,-627333.016213092
87NR,2113038.833088899,-699157.310510692
83NR,1705842.4666278902,-837813.5053636751
T47,312031.7803210432,-1266601.6359057757
7VA5,1834852.0109983715,-646201.1378328985
4AR4,843360.1602335037,-901727.6852532089
34AZ,-1351476.3922011452,-1254052.695789015
CA54,-1688185.8599850324,-990660.3133888706
5KY2,1292016.8933156128,-644075.5736488033
5KY7,1372319.2042356117,-648716.1447483439
05NR,1842529.6499650232,-752091.4876011575
TA90,206392.88395523932,-1397903.217687714
9AL6,1414289.835708963,-1404308.313448971
AL47,1170249.0491020868,-1514884.6290124184
80AL,1247021.0270149028,-1331238.68960392
35AZ,-898914.7201373513,-1405315.7600903087
CN96,-1836448.4210886548,-157230.8401329214
03CO,-533220.2030312145,-747562.6391579916
2ID7,-1341140.9210388965,31976.243636022504
31ID,-1198234.8154832914,500737.34042810777
7KS6,302207.05656949367,-646721.1521683676
6KY2,1278744.2839303163,-748002.9300218276
6KY7,1499635.118376397,-643166.2643381737
09MD,1747284.2739978607,-383361.7159802028
83MS,963361.2144602671,-1336596.1797171247
53NR,1557644.267385029,-877834.6468751798
77NR,1732396.1155520794,-908423.0075418282
37NR,1505566.9637271839,-940047.7260376634
29NR,1790584.7237505391,-768304.8389596445
89NR,1728292.6607225793,-802077.0962533671
NC76,1607802.2233899788,-915649.3903745158
34JY,2156959.6246191068,-287161.8931777597
39PA,1890472.301729538,-324514.2194327613
2SD8,253013.65622760326,-160990.44010907778
TN86,1137558.3416653464,-844405.1175990382
73TS,-24715.992130474177,-1552217.7884648126
76TX,448098.3050630554,-1684245.0601495507
TE12,158801.77979764683,-1617896.7972626705
53WA,-1503012.5534873845,322491.70892784296
4FA1,1769296.3069806795,-1589171.9269900264
AL80,1209779.280494366,-1202734.9027911923
36AZ,-1082363.4026268683,-1287787.2150270776
3FD4,1776760.0441977058,-1462468.936748321
32ID,-1203369.7492747959,-70498.0569105368
C26,937625.0737076822,-474776.77861426654
1UT,-1031847.4872899363,-347348.4270716888
2UT,-1028203.0839669461,-349739.2222638875
08UT,-796098.1694633267,-697033.9427299994
78AR,638876.3453320904,-918740.3091968324
41FA,1983060.7081078372,-1883858.5178982164
7KY4,1318733.35539165,-811931.3837003316
36NR,2036134.7421945606,-686429.4874541787
OL46,6856.398905357682,-1077773.6903449043
42TS,136414.2080626452,-1637618.3997730268
VA26,2079622.7719703414,-608427.1388988484
VA34,2051359.669495353,-571155.6736663412
AL68,1106601.2200849836,-1059592.1794403687
48AL,1188275.1418453958,-1537082.394204999
6AL0,1347594.500437893,-1146797.6447811392
6AL5,1288913.5414886095,-1256565.1133111778
47CN,-1886090.0179475064,-239569.68648122813
56MO,690206.0740983931,-658065.0941931957
ND32,141539.9985920351,272600.8788241945
NM61,-318783.0084287455,-1067485.7514573168
11OR,-1725817.5365088216,-93007.61021649603
TA95,-217376.4018106475,-1006010.0231909062
21TT,368032.90656697494,-1548478.693687182
MT73,-765778.3303365873,297514.2173542923
23PS,2039440.1427403805,-268594.68498872843
4PN8,1925125.7632123923,-300685.0587808934
0AZ1,-1227712.3709001408,-1192655.1443380849
35ID,-1092705.1689953497,86146.61007811848
8ME2,2331082.1278161984,287304.58814350876
9MY7,424234.31579506915,80654.29279192176
48MY,346789.9415102086,22671.66813702568
2MO5,507660.7588570024,-506834.927409825
2ND8,102425.87546602974,186700.0633118525
OH09,1492357.235452947,-359345.7772241537
70OH,1588331.7189120874,-231740.52488939557
7OK7,-123458.53687224915,-916073.3324198063
40RI,2331565.6747738714,21675.9196930441
SD15,271908.8259233879,-243738.14401937422
SD38,-252949.15057034045,-95099.24260975674
5FD3,1725282.8930997052,-1762019.9717950406
CO61,-483116.70495095046,-699894.1605287398
GE61,1343681.895027437,-1093910.1117526582
33IA,748975.8212410486,-341710.3476066798
0KY,1323614.8312985024,-777312.104923527
25ME,2312847.710859187,215289.7903172146
NR01,1502962.0992686732,-907766.4651568753
NR13,1921341.0970972143,-692205.7326821894
5NK6,2014471.7455839075,89902.176854842
7S1,1744677.3154118252,-1138706.7416163331
21TN,1449496.900671978,-842396.562778913
TN95,942755.9187776147,-914449.5696246917
3WN1,820558.1816788834,-186023.5961655679
8WV3,1720404.125868389,-513570.9483847205
4FA2,1746001.7422137896,-1634601.4145452087
IL46,981704.896045916,-336043.87788141763
C88,1270393.803643348,-83458.81483301376
MI79,1184229.4426663932,132993.90090901102
6MO8,599439.3007727652,-855195.9957605625
34MT,-807312.2326984484,152498.72294815356
47TN,1179308.4569848168,-884008.4602420693
94TT,-174135.95125020685,-1510018.7023771636
76TT,561754.8048458785,-1601396.6943688865
99AR,539816.1945047779,-955005.8153725708
CL44,-1604935.4766314784,-1113343.2300060927
43GE,1414584.405190296,-1017874.3180843998
8MO4,841598.922439057,-796882.9321817576
09NV,-1358333.5980870654,-879300.9020649203
NY39,1680195.888964955,-94672.49425769474
C28,1620998.3583352594,-118587.84526088687
57PN,1877986.7955033663,-80724.65587203593
54TN,936771.4809609206,-1052135.9549580207
62TN,1567519.972496045,-822046.3971249579
53TN,1439546.1981618935,-866485.9767981649
56TN,1452130.5026992317,-859565.1102188095
01TX,128948.41544841253,-1312010.2207872558
4XA9,495791.3032922031,-1366531.2167168974
21UT,-1042521.9025639489,-428537.8929158158
78VA,1899628.0776769374,-554263.6138007718
C57,1261221.208985697,-90197.57502562497
32TT,20901.011587169218,-1424546.8063414441
9WN6,979195.5519218101,-79835.12513410141
30CN,-1545778.2773610088,-965858.5120693599
CN70,-1453295.859161773,-1181320.8680028946
CL48,-1649615.2681774795,-1024744.9847376979
59CO,-398642.4026635337,-468933.7280297578
59FA,1742744.8505898993,-1709137.0025099507
84FA,1778300.5810670017,-1637584.7020657477
81FD,1822534.0860302271,-1670573.3143348806
FA07,1895232.560816644,-1714469.3271665769
74GE,1481893.690843062,-1045423.9143966227
20GE,1645519.2501821248,-1105650.9454065666
28GE,1339043.8469646908,-1083728.6631607562
7IL3,937412.3248440565,-237217.8566902758
6KS7,193883.46711063664,-796350.7438758363
94MD,2027659.800601472,-361890.14260647487
MD96,2040736.8441856108,-388833.1694879811
26NR,1535893.6033702004,-896175.0290375827
NR76,1915810.4526347683,-841332.6628924467
32NR,1730479.850309687,-842650.7315371867
75NC,1775609.7038660634,-762718.4356904172
ND64,58598.18223879189,313631.45968181075
NY75,1732080.5230823813,-8246.004831339402
88OK,185543.16089669906,-1150147.6640657804
81TN,1584231.0110959713,-774519.1397692296
74TN,1341211.653012417,-977384.2315540122
58TN,1107810.9784357992,-969649.3859898649
63TN,1408230.1223753719,-931292.7648475321
TX95,211717.27746280812,-1626329.3935453193
WV95,1640393.854284528,-576377.8001525347
WV47,1656979.5961872109,-564428.0380108373
VA33,1721569.441948198,-702450.3885475259
CN57,-1756027.9797028024,-694482.3122092145
44NR,1901117.2581989153,-777390.5069891048
53TS,297851.5475996861,-1303142.9501148188
8VA9,1921945.1247036231,-438840.6545342634
4VA4,2059889.117189419,-574928.8781235354
4FA4,1865711.4330682606,-2063418.7764088735
8IL3,972295.7418746843,-535622.6485458829
2MO8,527918.5576020785,-773040.4444113693
41NR,1735675.6222578557,-806088.7760255545
ND84,58186.79185863859,305959.9173275886
44NK,2058869.230901256,45303.30274021165
OL47,318347.9776160884,-1077829.9693143517
90AR,831598.9472299318,-984145.3986134
62KT,1415350.5833287123,-669921.6486622071
MA03,2316187.982846078,73717.88752772115
OL55,266825.67367821233,-993971.5189097167
PA83,1881686.1176421004,-281972.46643812576
94TN,1168261.3585100228,-988362.0206894259
MS44,887288.288202894,-1204983.4055930716
52NR,1848028.0418892778,-824427.2188743859
2NK5,1928789.6012815174,93211.74576655628
87TN,959151.9321547936,-912864.0301210776
59TN,943025.7439969743,-904596.0749947611
63AL,1291023.1094437963,-1293841.6134209873
43CA,-1516086.1898289556,-1164660.6365841222
42IN,1222216.817932239,-295929.453664053
OH51,1308442.4702351305,-400270.9824586167
45XA,302251.4999945666,-1313710.1027437516
6AR5,750578.7605138471,-1098756.6128981002
CD05,-453955.42974517273,-791007.6746362332
75CO,-404660.0874083044,-467797.93238455825
8DC8,1965027.8002523624,-402391.80864345346
FA63,1735066.4172037018,-1648989.0278252745
3K4,-42185.0450013939,-854596.5012720003
7MN0,300840.0125728578,202536.83544544943
2MY5,531174.9210231503,-65557.28577089708
49MY,549720.8977708915,55522.70086791856
64MN,427460.7616155622,233802.83076357338
MY88,336203.29395647167,-151529.3191840631
51MY,574763.1866874215,349674.119319929
38MS,879879.1100850479,-1257675.5948114914
79MT,-325062.2228182706,167623.2932742612
NR85,1894135.6974014551,-799505.0445861415
44NE,276298.8133546366,-441039.21170724626
21OR,-1487373.5203929858,270333.5274651443
58PN,1907293.700240056,-142876.40082960398
PN47,2053626.8749682182,-204431.66243101875
PN85,1844213.228209752,-215090.1102456153
02RI,2331910.6069475147,21382.259935482714
95SC,1713447.4931594532,-1103195.2949905186
64TN,1173664.4806541386,-978501.7352399962
TA40,546122.3923361235,-1301642.5203385146
XS63,150206.46836456077,-1690976.4116779023
39TT,254460.18291842483,-1398651.1030271535
XA28,434543.2717572157,-1378392.5874954758
TX84,551794.4217376533,-1261389.748634766
XA82,206302.2552613091,-1625073.521268048
16VG,2090286.6518816417,-555552.2530032198
7VG4,2061191.7347208236,-538882.044641643
WA60,-1556467.8246571382,452307.0883463125
1WA,-1401900.7631808918,614351.6249684158
93AR,603302.1467023818,-1080878.7733552745
53AZ,-1248930.465890412,-959182.1509519194
38AZ,-1133452.5848917,-1076464.1088792104
85AZ,-1102027.8510062566,-1190553.113451796
9OI2,1534366.1086876327,-196757.33309976902
40OR,-1841992.5131941326,-51394.92493059193
XA81,383463.29414705804,-1251506.5302525787
10KY,1147137.0539471356,-827106.471214859
7MD6,2135765.7705348614,-405686.69488697045
14OR,-1657674.2058060018,131137.8832302044
91TN,1158337.6406649528,-875489.2907702675
41GE,1401982.7782314136,-1106380.4806886856
GE56,1544208.7642408838,-1104481.8420473742
61FA,1886493.1295675337,-1622661.1963833617
23FL,1753737.9413622823,-1739220.5271717277
84TN,1426518.302294344,-840206.8396676552
8XA6,282036.7576793245,-1291859.843629337
7TA4,375396.2337093204,-1460400.7933255911
13TT,102395.06590343485,-1713369.6873421909
