reporting_airline,id,type,airport,x,y
Southwest Airlines,1,origin,ABQ,-603104.745800889,-1082686.4778323667
Southwest Airlines,1,dest,AUS,225823.07315140465,-1638702.7618488022
Southwest Airlines,2,origin,ABQ,-603104.745800889,-1082686.4778323667
Southwest Airlines,2,dest,BWI,1980887.5167152977,-365563.636502196
Southwest Airlines,3,origin,ABQ,-603104.745800889,-1082686.4778323667
Southwest Airlines,3,dest,DAL,295794.1446696455,-1343507.98461109
Southwest Airlines,4,origin,ABQ,-603104.745800889,-1082686.4778323667
Southwest Airlines,4,dest,DEN,-398957.8437938119,-559911.2634607605
Southwest Airlines,5,origin,ABQ,-603104.745800889,-1082686.4778323667
Southwest Airlines,5,dest,HOU,460280.73628586193,-1689712.830489488
Southwest Airlines,6,origin,ABQ,-603104.745800889,-1082686.4778323667
Southwest Airlines,6,dest,LAS,-1356682.4796960566,-868251.8410072095
Southwest Airlines,7,origin,ABQ,-603104.745800889,-1082686.4778323667
Southwest Airlines,7,dest,LAX,-1689593.4354288722,-1043456.7015018368
Southwest Airlines,8,origin,ABQ,-603104.745800889,-1082686.4778323667
Southwest Airlines,8,dest,MCI,455074.4312943624,-619331.8913740775
Southwest Airlines,9,origin,ABQ,-603104.745800889,-1082686.4778323667
Southwest Airlines,9,dest,MDW,1011185.7905791268,-281702.30650750065
Southwest Airlines,10,origin,ABQ,-603104.745800889,-1082686.4778323667
Southwest Airlines,10,dest,OAK,-1929816.947397706,-549399.1884917811
Southwest Airlines,11,origin,ABQ,-603104.745800889,-1082686.4778323667
Southwest Airlines,11,dest,PHX,-1115699.3885834513,-1205089.0053395256
Southwest Airlines,12,origin,ABQ,-603104.745800889,-1082686.4778323667
Southwest Airlines,12,dest,SAN,-1603701.5452417962,-1199220.2306533586
Southwest Airlines,13,origin,ALB,2093896.6988834653,90839.80353075745
Southwest Airlines,13,dest,BWI,1980887.5167152977,-365563.636502196
Southwest Airlines,14,origin,ALB,2093896.6988834653,90839.80353075745
Southwest Airlines,14,dest,DEN,-398957.8437938119,-559911.2634607605
Southwest Airlines,15,origin,ALB,2093896.6988834653,90839.80353075745
Southwest Airlines,15,dest,MCO,1829771.2698870576,-1638824.7811905802
Southwest Airlines,16,origin,ALB,2093896.6988834653,90839.80353075745
Southwest Airlines,16,dest,MDW,1011185.7905791268,-281702.30650750065
Southwest Airlines,17,origin,ALB,2093896.6988834653,90839.80353075745
Southwest Airlines,17,dest,TPA,1720329.790563932,-1713285.848456208
Southwest Airlines,18,origin,AMA,-155479.84081452896,-1084678.4667509194
Southwest Airlines,18,dest,DAL,295794.1446696455,-1343507.98461109
Southwest Airlines,19,origin,AMA,-155479.84081452896,-1084678.4667509194
Southwest Airlines,19,dest,LAS,-1356682.4796960566,-868251.8410072095
Southwest Airlines,20,origin,ATL,1438837.9937618312,-1129310.979486318
Southwest Airlines,20,dest,AUS,225823.07315140465,-1638702.7618488022
Southwest Airlines,21,origin,ATL,1438837.9937618312,-1129310.979486318
Southwest Airlines,21,dest,BOS,2320658.4485041024,126152.13380139158
Southwest Airlines,22,origin,ATL,1438837.9937618312,-1129310.979486318
Southwest Airlines,22,dest,BWI,1980887.5167152977,-365563.636502196
Southwest Airlines,23,origin,ATL,1438837.9937618312,-1129310.979486318
Southwest Airlines,23,dest,CLE,1498726.2792607923,-232627.15593650908
Southwest Airlines,24,origin,ATL,1438837.9937618312,-1129310.979486318
Southwest Airlines,24,dest,CMH,1445821.7184349983,-405735.9494879742
Southwest Airlines,25,origin,ATL,1438837.9937618312,-1129310.979486318
Southwest Airlines,25,dest,DAL,295794.1446696455,-1343507.98461109
Southwest Airlines,26,origin,ATL,1438837.9937618312,-1129310.979486318
Southwest Airlines,26,dest,DCA,1959959.090984065,-409479.41835946374
Southwest Airlines,27,origin,ATL,1438837.9937618312,-1129310.979486318
Southwest Airlines,27,dest,DEN,-398957.8437938119,-559911.2634607605
Southwest Airlines,28,origin,ATL,1438837.9937618312,-1129310.979486318
Southwest Airlines,28,dest,DTW,1359641.697254995,-170996.60408534826
Southwest Airlines,29,origin,ATL,1438837.9937618312,-1129310.979486318
Southwest Airlines,29,dest,FLL,1989416.8668556917,-1869685.279595282
Southwest Airlines,30,origin,ATL,1438837.9937618312,-1129310.979486318
Southwest Airlines,30,dest,GSP,1613274.8060153143,-951578.4592630994
Southwest Airlines,31,origin,ATL,1438837.9937618312,-1129310.979486318
Southwest Airlines,31,dest,HOU,460280.73628586193,-1689712.830489488
Southwest Airlines,32,origin,ATL,1438837.9937618312,-1129310.979486318
Southwest Airlines,32,dest,IAD,1922328.2460675351,-409030.73296909296
Southwest Airlines,33,origin,ATL,1438837.9937618312,-1129310.979486318
Southwest Airlines,33,dest,IND,1166867.010981104,-490339.71160834696
Southwest Airlines,34,origin,ATL,1438837.9937618312,-1129310.979486318
Southwest Airlines,34,dest,JAX,1752547.7524868262,-1421732.3716896002
Southwest Airlines,35,origin,ATL,1438837.9937618312,-1129310.979486318
Southwest Airlines,35,dest,LAS,-1356682.4796960566,-868251.8410072095
Southwest Airlines,36,origin,ATL,1438837.9937618312,-1129310.979486318
Southwest Airlines,36,dest,LAX,-1689593.4354288722,-1043456.7015018368
Southwest Airlines,37,origin,ATL,1438837.9937618312,-1129310.979486318
Southwest Airlines,37,dest,LGA,2155684.513057,-122316.28523641168
Southwest Airlines,38,origin,ATL,1438837.9937618312,-1129310.979486318
Southwest Airlines,38,dest,MCI,455074.4312943624,-619331.8913740775
Southwest Airlines,39,origin,ATL,1438837.9937618312,-1129310.979486318
Southwest Airlines,39,dest,MCO,1829771.2698870576,-1638824.7811905802
Southwest Airlines,40,origin,ATL,1438837.9937618312,-1129310.979486318
Southwest Airlines,40,dest,MDW,1011185.7905791268,-281702.30650750065
Southwest Airlines,41,origin,ATL,1438837.9937618312,-1129310.979486318
Southwest Airlines,41,dest,MKE,980769.513678976,-155418.02245427898
Southwest Airlines,42,origin,ATL,1438837.9937618312,-1129310.979486318
Southwest Airlines,42,dest,MSP,533284.8020873081,9198.64416372486
Southwest Airlines,43,origin,ATL,1438837.9937618312,-1129310.979486318
Southwest Airlines,43,dest,MSY,943779.1568939897,-1610813.662288556
Southwest Airlines,44,origin,ATL,1438837.9937618312,-1129310.979486318
Southwest Airlines,44,dest,OAK,-1929816.947397706,-549399.1884917811
Southwest Airlines,45,origin,ATL,1438837.9937618312,-1129310.979486318
Southwest Airlines,45,dest,PBI,1982322.2831828392,-1802085.774986376
Southwest Airlines,46,origin,ATL,1438837.9937618312,-1129310.979486318
Southwest Airlines,46,dest,PHL,2075929.4181951769,-255080.32292677445
Southwest Airlines,47,origin,ATL,1438837.9937618312,-1129310.979486318
Southwest Airlines,47,dest,PHX,-1115699.3885834513,-1205089.0053395256
Southwest Airlines,48,origin,ATL,1438837.9937618312,-1129310.979486318
Southwest Airlines,48,dest,PIT,1653058.7188770992,-301571.10045485134
Southwest Airlines,49,origin,ATL,1438837.9937618312,-1129310.979486318
Southwest Airlines,49,dest,RDU,1892329.2704660424,-772779.4700067013
Southwest Airlines,50,origin,ATL,1438837.9937618312,-1129310.979486318
Southwest Airlines,50,dest,RIC,1974576.5147112373,-562009.3202353421
Southwest Airlines,51,origin,ATL,1438837.9937618312,-1129310.979486318
Southwest Airlines,51,dest,RSW,1822839.8385921961,-1854169.26849232
Southwest Airlines,52,origin,ATL,1438837.9937618312,-1129310.979486318
Southwest Airlines,52,dest,SAN,-1603701.5452417962,-1199220.2306533586
Southwest Airlines,53,origin,ATL,1438837.9937618312,-1129310.979486318
Southwest Airlines,53,dest,SAT,149495.41162521293,-1713236.8214802423
Southwest Airlines,54,origin,ATL,1438837.9937618312,-1129310.979486318
Southwest Airlines,54,dest,STL,834066.6669227502,-646449.0468188728
Southwest Airlines,55,origin,ATL,1438837.9937618312,-1129310.979486318
Southwest Airlines,55,dest,TPA,1720329.790563932,-1713285.848456208
Southwest Airlines,56,origin,AUS,225823.07315140465,-1638702.7618488022
Southwest Airlines,56,dest,ABQ,-603104.745800889,-1082686.4778323667
Southwest Airlines,57,origin,AUS,225823.07315140465,-1638702.7618488022
Southwest Airlines,57,dest,ATL,1438837.9937618312,-1129310.979486318
Southwest Airlines,58,origin,AUS,225823.07315140465,-1638702.7618488022
Southwest Airlines,58,dest,BNA,1193955.4135102862,-891176.9680870201
Southwest Airlines,59,origin,AUS,225823.07315140465,-1638702.7618488022
Southwest Airlines,59,dest,BOS,2320658.4485041024,126152.13380139158
Southwest Airlines,60,origin,AUS,225823.07315140465,-1638702.7618488022
Southwest Airlines,60,dest,BWI,1980887.5167152977,-365563.636502196
Southwest Airlines,61,origin,AUS,225823.07315140465,-1638702.7618488022
Southwest Airlines,61,dest,DAL,295794.1446696455,-1343507.98461109
Southwest Airlines,62,origin,AUS,225823.07315140465,-1638702.7618488022
Southwest Airlines,62,dest,DCA,1959959.090984065,-409479.41835946374
Southwest Airlines,63,origin,AUS,225823.07315140465,-1638702.7618488022
Southwest Airlines,63,dest,DEN,-398957.8437938119,-559911.2634607605
Southwest Airlines,64,origin,AUS,225823.07315140465,-1638702.7618488022
Southwest Airlines,64,dest,ELP,-605825.3288960081,-1441254.1790057654
Southwest Airlines,65,origin,AUS,225823.07315140465,-1638702.7618488022
Southwest Airlines,65,dest,EWR,2135095.905011877,-139210.669492847
Southwest Airlines,66,origin,AUS,225823.07315140465,-1638702.7618488022
Southwest Airlines,66,dest,FLL,1989416.8668556917,-1869685.279595282
Southwest Airlines,67,origin,AUS,225823.07315140465,-1638702.7618488022
Southwest Airlines,67,dest,HOU,460280.73628586193,-1689712.830489488
Southwest Airlines,68,origin,AUS,225823.07315140465,-1638702.7618488022
Southwest Airlines,68,dest,HRL,237048.03015074244,-2075075.3380641756
Southwest Airlines,69,origin,AUS,225823.07315140465,-1638702.7618488022
Southwest Airlines,69,dest,LAS,-1356682.4796960566,-868251.8410072095
Southwest Airlines,70,origin,AUS,225823.07315140465,-1638702.7618488022
Southwest Airlines,70,dest,LAX,-1689593.4354288722,-1043456.7015018368
Southwest Airlines,71,origin,AUS,225823.07315140465,-1638702.7618488022
Southwest Airlines,71,dest,LBB,-169260.8260850428,-1256692.0105488796
Southwest Airlines,72,origin,AUS,225823.07315140465,-1638702.7618488022
Southwest Airlines,72,dest,MCI,455074.4312943624,-619331.8913740775
Southwest Airlines,73,origin,AUS,225823.07315140465,-1638702.7618488022
Southwest Airlines,73,dest,MCO,1829771.2698870576,-1638824.7811905802
Southwest Airlines,74,origin,AUS,225823.07315140465,-1638702.7618488022
Southwest Airlines,74,dest,MDW,1011185.7905791268,-281702.30650750065
Southwest Airlines,75,origin,AUS,225823.07315140465,-1638702.7618488022
Southwest Airlines,75,dest,MSY,943779.1568939897,-1610813.662288556
Southwest Airlines,76,origin,AUS,225823.07315140465,-1638702.7618488022
Southwest Airlines,76,dest,OAK,-1929816.947397706,-549399.1884917811
Southwest Airlines,77,origin,AUS,225823.07315140465,-1638702.7618488022
Southwest Airlines,77,dest,PHX,-1115699.3885834513,-1205089.0053395256
Southwest Airlines,78,origin,AUS,225823.07315140465,-1638702.7618488022
Southwest Airlines,78,dest,SAN,-1603701.5452417962,-1199220.2306533586
Southwest Airlines,79,origin,AUS,225823.07315140465,-1638702.7618488022
Southwest Airlines,79,dest,SEA,-1650755.3926562539,505066.6320739882
Southwest Airlines,80,origin,AUS,225823.07315140465,-1638702.7618488022
Southwest Airlines,80,dest,SJC,-1914820.4720456952,-595055.2286396603
Southwest Airlines,81,origin,AUS,225823.07315140465,-1638702.7618488022
Southwest Airlines,81,dest,STL,834066.6669227502,-646449.0468188728
Southwest Airlines,82,origin,AUS,225823.07315140465,-1638702.7618488022
Southwest Airlines,82,dest,TPA,1720329.790563932,-1713285.848456208
Southwest Airlines,83,origin,BDL,2208123.028463688,33971.4893617478
Southwest Airlines,83,dest,BWI,1980887.5167152977,-365563.636502196
Southwest Airlines,84,origin,BDL,2208123.028463688,33971.4893617478
Southwest Airlines,84,dest,DEN,-398957.8437938119,-559911.2634607605
Southwest Airlines,85,origin,BDL,2208123.028463688,33971.4893617478
Southwest Airlines,85,dest,FLL,1989416.8668556917,-1869685.279595282
Southwest Airlines,86,origin,BDL,2208123.028463688,33971.4893617478
Southwest Airlines,86,dest,LAS,-1356682.4796960566,-868251.8410072095
Southwest Airlines,87,origin,BDL,2208123.028463688,33971.4893617478
Southwest Airlines,87,dest,MCO,1829771.2698870576,-1638824.7811905802
Southwest Airlines,88,origin,BDL,2208123.028463688,33971.4893617478
Southwest Airlines,88,dest,MDW,1011185.7905791268,-281702.30650750065
Southwest Airlines,89,origin,BDL,2208123.028463688,33971.4893617478
Southwest Airlines,89,dest,TPA,1720329.790563932,-1713285.848456208
Southwest Airlines,90,origin,BHM,1227516.423781454,-1173804.5684248093
Southwest Airlines,90,dest,BWI,1980887.5167152977,-365563.636502196
Southwest Airlines,91,origin,BHM,1227516.423781454,-1173804.5684248093
Southwest Airlines,91,dest,DAL,295794.1446696455,-1343507.98461109
Southwest Airlines,92,origin,BHM,1227516.423781454,-1173804.5684248093
Southwest Airlines,92,dest,HOU,460280.73628586193,-1689712.830489488
Southwest Airlines,93,origin,BHM,1227516.423781454,-1173804.5684248093
Southwest Airlines,93,dest,LAS,-1356682.4796960566,-868251.8410072095
Southwest Airlines,94,origin,BHM,1227516.423781454,-1173804.5684248093
Southwest Airlines,94,dest,MCO,1829771.2698870576,-1638824.7811905802
Southwest Airlines,95,origin,BHM,1227516.423781454,-1173804.5684248093
Southwest Airlines,95,dest,MDW,1011185.7905791268,-281702.30650750065
Southwest Airlines,96,origin,BHM,1227516.423781454,-1173804.5684248093
Southwest Airlines,96,dest,TPA,1720329.790563932,-1713285.848456208
Southwest Airlines,97,origin,BNA,1193955.4135102862,-891176.9680870201
Southwest Airlines,97,dest,AUS,225823.07315140465,-1638702.7618488022
Southwest Airlines,98,origin,BNA,1193955.4135102862,-891176.9680870201
Southwest Airlines,98,dest,BOS,2320658.4485041024,126152.13380139158
Southwest Airlines,99,origin,BNA,1193955.4135102862,-891176.9680870201
Southwest Airlines,99,dest,BWI,1980887.5167152977,-365563.636502196
Southwest Airlines,100,origin,BNA,1193955.4135102862,-891176.9680870201
Southwest Airlines,100,dest,CHS,1853007.6958618572,-1124845.6869020823
Southwest Airlines,101,origin,BNA,1193955.4135102862,-891176.9680870201
Southwest Airlines,101,dest,CLE,1498726.2792607923,-232627.15593650908
Southwest Airlines,102,origin,BNA,1193955.4135102862,-891176.9680870201
Southwest Airlines,102,dest,CLT,1718765.594159813,-891788.5105128315
Southwest Airlines,103,origin,BNA,1193955.4135102862,-891176.9680870201
Southwest Airlines,103,dest,CMH,1445821.7184349983,-405735.9494879742
Southwest Airlines,104,origin,BNA,1193955.4135102862,-891176.9680870201
Southwest Airlines,104,dest,DAL,295794.1446696455,-1343507.98461109
Southwest Airlines,105,origin,BNA,1193955.4135102862,-891176.9680870201
Southwest Airlines,105,dest,DCA,1959959.090984065,-409479.41835946374
Southwest Airlines,106,origin,BNA,1193955.4135102862,-891176.9680870201
Southwest Airlines,106,dest,DEN,-398957.8437938119,-559911.2634607605
Southwest Airlines,107,origin,BNA,1193955.4135102862,-891176.9680870201
Southwest Airlines,107,dest,DTW,1359641.697254995,-170996.60408534826
Southwest Airlines,108,origin,BNA,1193955.4135102862,-891176.9680870201
Southwest Airlines,108,dest,ECP,1366547.510727577,-1511044.3472759733
Southwest Airlines,109,origin,BNA,1193955.4135102862,-891176.9680870201
Southwest Airlines,109,dest,FLL,1989416.8668556917,-1869685.279595282
Southwest Airlines,110,origin,BNA,1193955.4135102862,-891176.9680870201
Southwest Airlines,110,dest,HOU,460280.73628586193,-1689712.830489488
Southwest Airlines,111,origin,BNA,1193955.4135102862,-891176.9680870201
Southwest Airlines,111,dest,JAX,1752547.7524868262,-1421732.3716896002
Southwest Airlines,112,origin,BNA,1193955.4135102862,-891176.9680870201
Southwest Airlines,112,dest,LAS,-1356682.4796960566,-868251.8410072095
Southwest Airlines,113,origin,BNA,1193955.4135102862,-891176.9680870201
Southwest Airlines,113,dest,LAX,-1689593.4354288722,-1043456.7015018368
Southwest Airlines,114,origin,BNA,1193955.4135102862,-891176.9680870201
Southwest Airlines,114,dest,LGA,2155684.513057,-122316.28523641168
Southwest Airlines,115,origin,BNA,1193955.4135102862,-891176.9680870201
Southwest Airlines,115,dest,MCI,455074.4312943624,-619331.8913740775
Southwest Airlines,116,origin,BNA,1193955.4135102862,-891176.9680870201
Southwest Airlines,116,dest,MCO,1829771.2698870576,-1638824.7811905802
Southwest Airlines,117,origin,BNA,1193955.4135102862,-891176.9680870201
Southwest Airlines,117,dest,MDW,1011185.7905791268,-281702.30650750065
Southwest Airlines,118,origin,BNA,1193955.4135102862,-891176.9680870201
Southwest Airlines,118,dest,MSP,533284.8020873081,9198.64416372486
Southwest Airlines,119,origin,BNA,1193955.4135102862,-891176.9680870201
Southwest Airlines,119,dest,MSY,943779.1568939897,-1610813.662288556
Southwest Airlines,120,origin,BNA,1193955.4135102862,-891176.9680870201
Southwest Airlines,120,dest,OAK,-1929816.947397706,-549399.1884917811
Southwest Airlines,121,origin,BNA,1193955.4135102862,-891176.9680870201
Southwest Airlines,121,dest,PHL,2075929.4181951769,-255080.32292677445
Southwest Airlines,122,origin,BNA,1193955.4135102862,-891176.9680870201
Southwest Airlines,122,dest,PHX,-1115699.3885834513,-1205089.0053395256
Southwest Airlines,123,origin,BNA,1193955.4135102862,-891176.9680870201
Southwest Airlines,123,dest,PIT,1653058.7188770992,-301571.10045485134
Southwest Airlines,124,origin,BNA,1193955.4135102862,-891176.9680870201
Southwest Airlines,124,dest,PNS,1232374.963107157,-1519383.0474165194
Southwest Airlines,125,origin,BNA,1193955.4135102862,-891176.9680870201
Southwest Airlines,125,dest,RDU,1892329.2704660424,-772779.4700067013
Southwest Airlines,126,origin,BNA,1193955.4135102862,-891176.9680870201
Southwest Airlines,126,dest,SAN,-1603701.5452417962,-1199220.2306533586
Southwest Airlines,127,origin,BNA,1193955.4135102862,-891176.9680870201
Southwest Airlines,127,dest,SAT,149495.41162521293,-1713236.8214802423
Southwest Airlines,128,origin,BNA,1193955.4135102862,-891176.9680870201
Southwest Airlines,128,dest,STL,834066.6669227502,-646449.0468188728
Southwest Airlines,129,origin,BNA,1193955.4135102862,-891176.9680870201
Southwest Airlines,129,dest,TPA,1720329.790563932,-1713285.848456208
Southwest Airlines,130,origin,BOI,-1296364.617988922,-29797.04410178459
Southwest Airlines,130,dest,DEN,-398957.8437938119,-559911.2634607605
Southwest Airlines,131,origin,BOI,-1296364.617988922,-29797.04410178459
Southwest Airlines,131,dest,GEG,-1301359.421680582,434754.4516689109
Southwest Airlines,132,origin,BOI,-1296364.617988922,-29797.04410178459
Southwest Airlines,132,dest,LAS,-1356682.4796960566,-868251.8410072095
Southwest Airlines,133,origin,BOI,-1296364.617988922,-29797.04410178459
Southwest Airlines,133,dest,OAK,-1929816.947397706,-549399.1884917811
Southwest Airlines,134,origin,BOI,-1296364.617988922,-29797.04410178459
Southwest Airlines,134,dest,PHX,-1115699.3885834513,-1205089.0053395256
Southwest Airlines,135,origin,BOI,-1296364.617988922,-29797.04410178459
Southwest Airlines,135,dest,SAN,-1603701.5452417962,-1199220.2306533586
Southwest Airlines,136,origin,BOI,-1296364.617988922,-29797.04410178459
Southwest Airlines,136,dest,SMF,-1850472.0747063856,-458086.04301328777
Southwest Airlines,137,origin,BOS,2320658.4485041024,126152.13380139158
Southwest Airlines,137,dest,ATL,1438837.9937618312,-1129310.979486318
Southwest Airlines,138,origin,BOS,2320658.4485041024,126152.13380139158
Southwest Airlines,138,dest,AUS,225823.07315140465,-1638702.7618488022
Southwest Airlines,139,origin,BOS,2320658.4485041024,126152.13380139158
Southwest Airlines,139,dest,BNA,1193955.4135102862,-891176.9680870201
Southwest Airlines,140,origin,BOS,2320658.4485041024,126152.13380139158
Southwest Airlines,140,dest,BWI,1980887.5167152977,-365563.636502196
Southwest Airlines,141,origin,BOS,2320658.4485041024,126152.13380139158
Southwest Airlines,141,dest,CMH,1445821.7184349983,-405735.9494879742
Southwest Airlines,142,origin,BOS,2320658.4485041024,126152.13380139158
Southwest Airlines,142,dest,DAL,295794.1446696455,-1343507.98461109
Southwest Airlines,143,origin,BOS,2320658.4485041024,126152.13380139158
Southwest Airlines,143,dest,DEN,-398957.8437938119,-559911.2634607605
Southwest Airlines,144,origin,BOS,2320658.4485041024,126152.13380139158
Southwest Airlines,144,dest,HOU,460280.73628586193,-1689712.830489488
Southwest Airlines,145,origin,BOS,2320658.4485041024,126152.13380139158
Southwest Airlines,145,dest,IND,1166867.010981104,-490339.71160834696
Southwest Airlines,146,origin,BOS,2320658.4485041024,126152.13380139158
Southwest Airlines,146,dest,MCI,455074.4312943624,-619331.8913740775
Southwest Airlines,147,origin,BOS,2320658.4485041024,126152.13380139158
Southwest Airlines,147,dest,MDW,1011185.7905791268,-281702.30650750065
Southwest Airlines,148,origin,BOS,2320658.4485041024,126152.13380139158
Southwest Airlines,148,dest,MKE,980769.513678976,-155418.02245427898
Southwest Airlines,149,origin,BOS,2320658.4485041024,126152.13380139158
Southwest Airlines,149,dest,STL,834066.6669227502,-646449.0468188728
Southwest Airlines,150,origin,BUF,1707245.286740146,-4371.266382491431
Southwest Airlines,150,dest,BWI,1980887.5167152977,-365563.636502196
Southwest Airlines,151,origin,BUF,1707245.286740146,-4371.266382491431
Southwest Airlines,151,dest,FLL,1989416.8668556917,-1869685.279595282
Southwest Airlines,152,origin,BUF,1707245.286740146,-4371.266382491431
Southwest Airlines,152,dest,LAS,-1356682.4796960566,-868251.8410072095
Southwest Airlines,153,origin,BUF,1707245.286740146,-4371.266382491431
Southwest Airlines,153,dest,MCO,1829771.2698870576,-1638824.7811905802
Southwest Airlines,154,origin,BUF,1707245.286740146,-4371.266382491431
Southwest Airlines,154,dest,MDW,1011185.7905791268,-281702.30650750065
Southwest Airlines,155,origin,BUF,1707245.286740146,-4371.266382491431
Southwest Airlines,155,dest,PHX,-1115699.3885834513,-1205089.0053395256
Southwest Airlines,156,origin,BUF,1707245.286740146,-4371.266382491431
Southwest Airlines,156,dest,TPA,1720329.790563932,-1713285.848456208
Southwest Airlines,157,origin,BUR,-1679613.0736233827,-1016244.4677102008
Southwest Airlines,157,dest,DAL,295794.1446696455,-1343507.98461109
Southwest Airlines,158,origin,BUR,-1679613.0736233827,-1016244.4677102008
Southwest Airlines,158,dest,DEN,-398957.8437938119,-559911.2634607605
Southwest Airlines,159,origin,BUR,-1679613.0736233827,-1016244.4677102008
Southwest Airlines,159,dest,LAS,-1356682.4796960566,-868251.8410072095
Southwest Airlines,160,origin,BUR,-1679613.0736233827,-1016244.4677102008
Southwest Airlines,160,dest,OAK,-1929816.947397706,-549399.1884917811
Southwest Airlines,161,origin,BUR,-1679613.0736233827,-1016244.4677102008
Southwest Airlines,161,dest,PDX,-1729571.0771865274,310444.7043324455
Southwest Airlines,162,origin,BUR,-1679613.0736233827,-1016244.4677102008
Southwest Airlines,162,dest,PHX,-1115699.3885834513,-1205089.0053395256
Southwest Airlines,163,origin,BUR,-1679613.0736233827,-1016244.4677102008
Southwest Airlines,163,dest,SFO,-1945640.7538789264,-556902.5127197708
Southwest Airlines,164,origin,BUR,-1679613.0736233827,-1016244.4677102008
Southwest Airlines,164,dest,SJC,-1914820.4720456952,-595055.2286396603
Southwest Airlines,165,origin,BUR,-1679613.0736233827,-1016244.4677102008
Southwest Airlines,165,dest,SLC,-1004609.4621734885,-395049.06406783813
Southwest Airlines,166,origin,BUR,-1679613.0736233827,-1016244.4677102008
Southwest Airlines,166,dest,SMF,-1850472.0747063856,-458086.04301328777
Southwest Airlines,167,origin,BWI,1980887.5167152977,-365563.636502196
Southwest Airlines,167,dest,ABQ,-603104.745800889,-1082686.4778323667
Southwest Airlines,168,origin,BWI,1980887.5167152977,-365563.636502196
Southwest Airlines,168,dest,ALB,2093896.6988834653,90839.80353075745
Southwest Airlines,169,origin,BWI,1980887.5167152977,-365563.636502196
Southwest Airlines,169,dest,ATL,1438837.9937618312,-1129310.979486318
Southwest Airlines,170,origin,BWI,1980887.5167152977,-365563.636502196
Southwest Airlines,170,dest,AUS,225823.07315140465,-1638702.7618488022
Southwest Airlines,171,origin,BWI,1980887.5167152977,-365563.636502196
Southwest Airlines,171,dest,BDL,2208123.028463688,33971.4893617478
Southwest Airlines,172,origin,BWI,1980887.5167152977,-365563.636502196
Southwest Airlines,172,dest,BHM,1227516.423781454,-1173804.5684248093
Southwest Airlines,173,origin,BWI,1980887.5167152977,-365563.636502196
Southwest Airlines,173,dest,BNA,1193955.4135102862,-891176.9680870201
Southwest Airlines,174,origin,BWI,1980887.5167152977,-365563.636502196
Southwest Airlines,174,dest,BOS,2320658.4485041024,126152.13380139158
Southwest Airlines,175,origin,BWI,1980887.5167152977,-365563.636502196
Southwest Airlines,175,dest,BUF,1707245.286740146,-4371.266382491431
Southwest Airlines,176,origin,BWI,1980887.5167152977,-365563.636502196
Southwest Airlines,176,dest,CHS,1853007.6958618572,-1124845.6869020823
Southwest Airlines,177,origin,BWI,1980887.5167152977,-365563.636502196
Southwest Airlines,177,dest,CLE,1498726.2792607923,-232627.15593650908
Southwest Airlines,178,origin,BWI,1980887.5167152977,-365563.636502196
Southwest Airlines,178,dest,CLT,1718765.594159813,-891788.5105128315
Southwest Airlines,179,origin,BWI,1980887.5167152977,-365563.636502196
Southwest Airlines,179,dest,CMH,1445821.7184349983,-405735.9494879742
Southwest Airlines,180,origin,BWI,1980887.5167152977,-365563.636502196
Southwest Airlines,180,dest,CVG,1316490.950820449,-539409.9479712159
Southwest Airlines,181,origin,BWI,1980887.5167152977,-365563.636502196
Southwest Airlines,181,dest,DAL,295794.1446696455,-1343507.98461109
Southwest Airlines,182,origin,BWI,1980887.5167152977,-365563.636502196
Southwest Airlines,182,dest,DEN,-398957.8437938119,-559911.2634607605
Southwest Airlines,183,origin,BWI,1980887.5167152977,-365563.636502196
Southwest Airlines,183,dest,DTW,1359641.697254995,-170996.60408534826
Southwest Airlines,184,origin,BWI,1980887.5167152977,-365563.636502196
Southwest Airlines,184,dest,FLL,1989416.8668556917,-1869685.279595282
Southwest Airlines,185,origin,BWI,1980887.5167152977,-365563.636502196
Southwest Airlines,185,dest,GRR,1172122.820083283,-131332.61154739256
Southwest Airlines,186,origin,BWI,1980887.5167152977,-365563.636502196
Southwest Airlines,186,dest,HOU,460280.73628586193,-1689712.830489488
Southwest Airlines,187,origin,BWI,1980887.5167152977,-365563.636502196
Southwest Airlines,187,dest,IND,1166867.010981104,-490339.71160834696
Southwest Airlines,188,origin,BWI,1980887.5167152977,-365563.636502196
Southwest Airlines,188,dest,ISP,2215883.546956132,-99560.578426239
Southwest Airlines,189,origin,BWI,1980887.5167152977,-365563.636502196
Southwest Airlines,189,dest,JAX,1752547.7524868262,-1421732.3716896002
Southwest Airlines,190,origin,BWI,1980887.5167152977,-365563.636502196
Southwest Airlines,190,dest,LAS,-1356682.4796960566,-868251.8410072095
Southwest Airlines,191,origin,BWI,1980887.5167152977,-365563.636502196
Southwest Airlines,191,dest,LAX,-1689593.4354288722,-1043456.7015018368
Southwest Airlines,192,origin,BWI,1980887.5167152977,-365563.636502196
Southwest Airlines,192,dest,MCI,455074.4312943624,-619331.8913740775
Southwest Airlines,193,origin,BWI,1980887.5167152977,-365563.636502196
Southwest Airlines,193,dest,MCO,1829771.2698870576,-1638824.7811905802
Southwest Airlines,194,origin,BWI,1980887.5167152977,-365563.636502196
Southwest Airlines,194,dest,MDW,1011185.7905791268,-281702.30650750065
Southwest Airlines,195,origin,BWI,1980887.5167152977,-365563.636502196
Southwest Airlines,195,dest,MEM,913341.2595404746,-1051685.0479322155
Southwest Airlines,196,origin,BWI,1980887.5167152977,-365563.636502196
Southwest Airlines,196,dest,MHT,2266652.2564188894,174443.80657271238
Southwest Airlines,197,origin,BWI,1980887.5167152977,-365563.636502196
Southwest Airlines,197,dest,MKE,980769.513678976,-155418.02245427898
Southwest Airlines,198,origin,BWI,1980887.5167152977,-365563.636502196
Southwest Airlines,198,dest,MSP,533284.8020873081,9198.64416372486
Southwest Airlines,199,origin,BWI,1980887.5167152977,-365563.636502196
Southwest Airlines,199,dest,MSY,943779.1568939897,-1610813.662288556
Southwest Airlines,200,origin,BWI,1980887.5167152977,-365563.636502196
Southwest Airlines,200,dest,OAK,-1929816.947397706,-549399.1884917811
Southwest Airlines,201,origin,BWI,1980887.5167152977,-365563.636502196
Southwest Airlines,201,dest,OKC,218240.3077465392,-1063902.9710996167
Southwest Airlines,202,origin,BWI,1980887.5167152977,-365563.636502196
Southwest Airlines,202,dest,ORF,2086513.5755781755,-600723.1638676772
Southwest Airlines,203,origin,BWI,1980887.5167152977,-365563.636502196
Southwest Airlines,203,dest,PBI,1982322.2831828392,-1802085.774986376
Southwest Airlines,204,origin,BWI,1980887.5167152977,-365563.636502196
Southwest Airlines,204,dest,PHX,-1115699.3885834513,-1205089.0053395256
Southwest Airlines,205,origin,BWI,1980887.5167152977,-365563.636502196
Southwest Airlines,205,dest,PIT,1653058.7188770992,-301571.10045485134
Southwest Airlines,206,origin,BWI,1980887.5167152977,-365563.636502196
Southwest Airlines,206,dest,PVD,2312630.224903233,45984.38112504096
Southwest Airlines,207,origin,BWI,1980887.5167152977,-365563.636502196
Southwest Airlines,207,dest,PWM,2323046.368311461,282201.85932739975
Southwest Airlines,208,origin,BWI,1980887.5167152977,-365563.636502196
Southwest Airlines,208,dest,RDU,1892329.2704660424,-772779.4700067013
Southwest Airlines,209,origin,BWI,1980887.5167152977,-365563.636502196
Southwest Airlines,209,dest,ROC,1784302.386940441,37810.92949343497
Southwest Airlines,210,origin,BWI,1980887.5167152977,-365563.636502196
Southwest Airlines,210,dest,RSW,1822839.8385921961,-1854169.26849232
Southwest Airlines,211,origin,BWI,1980887.5167152977,-365563.636502196
Southwest Airlines,211,dest,SAN,-1603701.5452417962,-1199220.2306533586
Southwest Airlines,212,origin,BWI,1980887.5167152977,-365563.636502196
Southwest Airlines,212,dest,SAT,149495.41162521293,-1713236.8214802423
Southwest Airlines,213,origin,BWI,1980887.5167152977,-365563.636502196
Southwest Airlines,213,dest,SDF,1241535.522119959,-652005.0450171886
Southwest Airlines,214,origin,BWI,1980887.5167152977,-365563.636502196
Southwest Airlines,214,dest,SEA,-1650755.3926562539,505066.6320739882
Southwest Airlines,215,origin,BWI,1980887.5167152977,-365563.636502196
Southwest Airlines,215,dest,SJC,-1914820.4720456952,-595055.2286396603
Southwest Airlines,216,origin,BWI,1980887.5167152977,-365563.636502196
Southwest Airlines,216,dest,SJU,NA,NA
Southwest Airlines,217,origin,BWI,1980887.5167152977,-365563.636502196
Southwest Airlines,217,dest,SMF,-1850472.0747063856,-458086.04301328777
Southwest Airlines,218,origin,BWI,1980887.5167152977,-365563.636502196
Southwest Airlines,218,dest,STL,834066.6669227502,-646449.0468188728
Southwest Airlines,219,origin,BWI,1980887.5167152977,-365563.636502196
Southwest Airlines,219,dest,TPA,1720329.790563932,-1713285.848456208
Southwest Airlines,220,origin,CHS,1853007.6958618572,-1124845.6869020823
Southwest Airlines,220,dest,BNA,1193955.4135102862,-891176.9680870201
Southwest Airlines,221,origin,CHS,1853007.6958618572,-1124845.6869020823
Southwest Airlines,221,dest,BWI,1980887.5167152977,-365563.636502196
Southwest Airlines,222,origin,CHS,1853007.6958618572,-1124845.6869020823
Southwest Airlines,222,dest,DAL,295794.1446696455,-1343507.98461109
Southwest Airlines,223,origin,CHS,1853007.6958618572,-1124845.6869020823
Southwest Airlines,223,dest,HOU,460280.73628586193,-1689712.830489488
Southwest Airlines,224,origin,CHS,1853007.6958618572,-1124845.6869020823
Southwest Airlines,224,dest,MDW,1011185.7905791268,-281702.30650750065
Southwest Airlines,225,origin,CLE,1498726.2792607923,-232627.15593650908
Southwest Airlines,225,dest,ATL,1438837.9937618312,-1129310.979486318
Southwest Airlines,226,origin,CLE,1498726.2792607923,-232627.15593650908
Southwest Airlines,226,dest,BNA,1193955.4135102862,-891176.9680870201
Southwest Airlines,227,origin,CLE,1498726.2792607923,-232627.15593650908
Southwest Airlines,227,dest,BWI,1980887.5167152977,-365563.636502196
Southwest Airlines,228,origin,CLE,1498726.2792607923,-232627.15593650908
Southwest Airlines,228,dest,DEN,-398957.8437938119,-559911.2634607605
Southwest Airlines,229,origin,CLE,1498726.2792607923,-232627.15593650908
Southwest Airlines,229,dest,LAS,-1356682.4796960566,-868251.8410072095
Southwest Airlines,230,origin,CLE,1498726.2792607923,-232627.15593650908
Southwest Airlines,230,dest,MDW,1011185.7905791268,-281702.30650750065
Southwest Airlines,231,origin,CLE,1498726.2792607923,-232627.15593650908
Southwest Airlines,231,dest,PHX,-1115699.3885834513,-1205089.0053395256
Southwest Airlines,232,origin,CLE,1498726.2792607923,-232627.15593650908
Southwest Airlines,232,dest,STL,834066.6669227502,-646449.0468188728
Southwest Airlines,233,origin,CLT,1718765.594159813,-891788.5105128315
Southwest Airlines,233,dest,BNA,1193955.4135102862,-891176.9680870201
Southwest Airlines,234,origin,CLT,1718765.594159813,-891788.5105128315
Southwest Airlines,234,dest,BWI,1980887.5167152977,-365563.636502196
Southwest Airlines,235,origin,CLT,1718765.594159813,-891788.5105128315
Southwest Airlines,235,dest,DAL,295794.1446696455,-1343507.98461109
Southwest Airlines,236,origin,CLT,1718765.594159813,-891788.5105128315
Southwest Airlines,236,dest,HOU,460280.73628586193,-1689712.830489488
Southwest Airlines,237,origin,CLT,1718765.594159813,-891788.5105128315
Southwest Airlines,237,dest,MDW,1011185.7905791268,-281702.30650750065
Southwest Airlines,238,origin,CMH,1445821.7184349983,-405735.9494879742
Southwest Airlines,238,dest,ATL,1438837.9937618312,-1129310.979486318
Southwest Airlines,239,origin,CMH,1445821.7184349983,-405735.9494879742
Southwest Airlines,239,dest,BNA,1193955.4135102862,-891176.9680870201
Southwest Airlines,240,origin,CMH,1445821.7184349983,-405735.9494879742
Southwest Airlines,240,dest,BOS,2320658.4485041024,126152.13380139158
Southwest Airlines,241,origin,CMH,1445821.7184349983,-405735.9494879742
Southwest Airlines,241,dest,BWI,1980887.5167152977,-365563.636502196
Southwest Airlines,242,origin,CMH,1445821.7184349983,-405735.9494879742
Southwest Airlines,242,dest,DAL,295794.1446696455,-1343507.98461109
Southwest Airlines,243,origin,CMH,1445821.7184349983,-405735.9494879742
Southwest Airlines,243,dest,DCA,1959959.090984065,-409479.41835946374
Southwest Airlines,244,origin,CMH,1445821.7184349983,-405735.9494879742
Southwest Airlines,244,dest,DEN,-398957.8437938119,-559911.2634607605
Southwest Airlines,245,origin,CMH,1445821.7184349983,-405735.9494879742
Southwest Airlines,245,dest,LAS,-1356682.4796960566,-868251.8410072095
Southwest Airlines,246,origin,CMH,1445821.7184349983,-405735.9494879742
Southwest Airlines,246,dest,MCO,1829771.2698870576,-1638824.7811905802
Southwest Airlines,247,origin,CMH,1445821.7184349983,-405735.9494879742
Southwest Airlines,247,dest,MDW,1011185.7905791268,-281702.30650750065
Southwest Airlines,248,origin,CMH,1445821.7184349983,-405735.9494879742
Southwest Airlines,248,dest,MSY,943779.1568939897,-1610813.662288556
Southwest Airlines,249,origin,CMH,1445821.7184349983,-405735.9494879742
Southwest Airlines,249,dest,OAK,-1929816.947397706,-549399.1884917811
Southwest Airlines,250,origin,CMH,1445821.7184349983,-405735.9494879742
Southwest Airlines,250,dest,PHX,-1115699.3885834513,-1205089.0053395256
Southwest Airlines,251,origin,CMH,1445821.7184349983,-405735.9494879742
Southwest Airlines,251,dest,RSW,1822839.8385921961,-1854169.26849232
Southwest Airlines,252,origin,CMH,1445821.7184349983,-405735.9494879742
Southwest Airlines,252,dest,STL,834066.6669227502,-646449.0468188728
Southwest Airlines,253,origin,CMH,1445821.7184349983,-405735.9494879742
Southwest Airlines,253,dest,TPA,1720329.790563932,-1713285.848456208
Southwest Airlines,254,origin,CRP,248519.4938179987,-1904926.3228790544
Southwest Airlines,254,dest,HOU,460280.73628586193,-1689712.830489488
Southwest Airlines,255,origin,CVG,1316490.950820449,-539409.9479712159
Southwest Airlines,255,dest,BWI,1980887.5167152977,-365563.636502196
Southwest Airlines,256,origin,CVG,1316490.950820449,-539409.9479712159
Southwest Airlines,256,dest,MDW,1011185.7905791268,-281702.30650750065
Southwest Airlines,257,origin,DAL,295794.1446696455,-1343507.98461109
Southwest Airlines,257,dest,ABQ,-603104.745800889,-1082686.4778323667
Southwest Airlines,258,origin,DAL,295794.1446696455,-1343507.98461109
Southwest Airlines,258,dest,AMA,-155479.84081452896,-1084678.4667509194
Southwest Airlines,259,origin,DAL,295794.1446696455,-1343507.98461109
Southwest Airlines,259,dest,ATL,1438837.9937618312,-1129310.979486318
Southwest Airlines,260,origin,DAL,295794.1446696455,-1343507.98461109
Southwest Airlines,260,dest,AUS,225823.07315140465,-1638702.7618488022
Southwest Airlines,261,origin,DAL,295794.1446696455,-1343507.98461109
Southwest Airlines,261,dest,BHM,1227516.423781454,-1173804.5684248093
Southwest Airlines,262,origin,DAL,295794.1446696455,-1343507.98461109
Southwest Airlines,262,dest,BNA,1193955.4135102862,-891176.9680870201
Southwest Airlines,263,origin,DAL,295794.1446696455,-1343507.98461109
Southwest Airlines,263,dest,BOS,2320658.4485041024,126152.13380139158
Southwest Airlines,264,origin,DAL,295794.1446696455,-1343507.98461109
Southwest Airlines,264,dest,BUR,-1679613.0736233827,-1016244.4677102008
Southwest Airlines,265,origin,DAL,295794.1446696455,-1343507.98461109
Southwest Airlines,265,dest,BWI,1980887.5167152977,-365563.636502196
Southwest Airlines,266,origin,DAL,295794.1446696455,-1343507.98461109
Southwest Airlines,266,dest,CHS,1853007.6958618572,-1124845.6869020823
Southwest Airlines,267,origin,DAL,295794.1446696455,-1343507.98461109
Southwest Airlines,267,dest,CLT,1718765.594159813,-891788.5105128315
Southwest Airlines,268,origin,DAL,295794.1446696455,-1343507.98461109
Southwest Airlines,268,dest,CMH,1445821.7184349983,-405735.9494879742
Southwest Airlines,269,origin,DAL,295794.1446696455,-1343507.98461109
Southwest Airlines,269,dest,DCA,1959959.090984065,-409479.41835946374
Southwest Airlines,270,origin,DAL,295794.1446696455,-1343507.98461109
Southwest Airlines,270,dest,DEN,-398957.8437938119,-559911.2634607605
Southwest Airlines,271,origin,DAL,295794.1446696455,-1343507.98461109
Southwest Airlines,271,dest,DTW,1359641.697254995,-170996.60408534826
Southwest Airlines,272,origin,DAL,295794.1446696455,-1343507.98461109
Southwest Airlines,272,dest,ELP,-605825.3288960081,-1441254.1790057654
Southwest Airlines,273,origin,DAL,295794.1446696455,-1343507.98461109
Southwest Airlines,273,dest,FLL,1989416.8668556917,-1869685.279595282
Southwest Airlines,274,origin,DAL,295794.1446696455,-1343507.98461109
Southwest Airlines,274,dest,HOU,460280.73628586193,-1689712.830489488
Southwest Airlines,275,origin,DAL,295794.1446696455,-1343507.98461109
Southwest Airlines,275,dest,IND,1166867.010981104,-490339.71160834696
Southwest Airlines,276,origin,DAL,295794.1446696455,-1343507.98461109
Southwest Airlines,276,dest,LAS,-1356682.4796960566,-868251.8410072095
Southwest Airlines,277,origin,DAL,295794.1446696455,-1343507.98461109
Southwest Airlines,277,dest,LAX,-1689593.4354288722,-1043456.7015018368
Southwest Airlines,278,origin,DAL,295794.1446696455,-1343507.98461109
Southwest Airlines,278,dest,LBB,-169260.8260850428,-1256692.0105488796
Southwest Airlines,279,origin,DAL,295794.1446696455,-1343507.98461109
Southwest Airlines,279,dest,LGA,2155684.513057,-122316.28523641168
Southwest Airlines,280,origin,DAL,295794.1446696455,-1343507.98461109
Southwest Airlines,280,dest,LIT,712194.5002882322,-1107832.4518794755
Southwest Airlines,281,origin,DAL,295794.1446696455,-1343507.98461109
Southwest Airlines,281,dest,MAF,-209054.6593990342,-1446122.8030006909
Southwest Airlines,282,origin,DAL,295794.1446696455,-1343507.98461109
Southwest Airlines,282,dest,MCI,455074.4312943624,-619331.8913740775
Southwest Airlines,283,origin,DAL,295794.1446696455,-1343507.98461109
Southwest Airlines,283,dest,MCO,1829771.2698870576,-1638824.7811905802
Southwest Airlines,284,origin,DAL,295794.1446696455,-1343507.98461109
Southwest Airlines,284,dest,MDW,1011185.7905791268,-281702.30650750065
Southwest Airlines,285,origin,DAL,295794.1446696455,-1343507.98461109
Southwest Airlines,285,dest,MEM,913341.2595404746,-1051685.0479322155
Southwest Airlines,286,origin,DAL,295794.1446696455,-1343507.98461109
Southwest Airlines,286,dest,MKE,980769.513678976,-155418.02245427898
Southwest Airlines,287,origin,DAL,295794.1446696455,-1343507.98461109
Southwest Airlines,287,dest,MSY,943779.1568939897,-1610813.662288556
Southwest Airlines,288,origin,DAL,295794.1446696455,-1343507.98461109
Southwest Airlines,288,dest,OAK,-1929816.947397706,-549399.1884917811
Southwest Airlines,289,origin,DAL,295794.1446696455,-1343507.98461109
Southwest Airlines,289,dest,OKC,218240.3077465392,-1063902.9710996167
Southwest Airlines,290,origin,DAL,295794.1446696455,-1343507.98461109
Southwest Airlines,290,dest,OMA,343006.6325637459,-402442.5398354072
Southwest Airlines,291,origin,DAL,295794.1446696455,-1343507.98461109
Southwest Airlines,291,dest,ONT,-1614545.9907031525,-1046821.4894757676
Southwest Airlines,292,origin,DAL,295794.1446696455,-1343507.98461109
Southwest Airlines,292,dest,PDX,-1729571.0771865274,310444.7043324455
Southwest Airlines,293,origin,DAL,295794.1446696455,-1343507.98461109
Southwest Airlines,293,dest,PHL,2075929.4181951769,-255080.32292677445
Southwest Airlines,294,origin,DAL,295794.1446696455,-1343507.98461109
Southwest Airlines,294,dest,PHX,-1115699.3885834513,-1205089.0053395256
Southwest Airlines,295,origin,DAL,295794.1446696455,-1343507.98461109
Southwest Airlines,295,dest,PIT,1653058.7188770992,-301571.10045485134
Southwest Airlines,296,origin,DAL,295794.1446696455,-1343507.98461109
Southwest Airlines,296,dest,RDU,1892329.2704660424,-772779.4700067013
Southwest Airlines,297,origin,DAL,295794.1446696455,-1343507.98461109
Southwest Airlines,297,dest,SAN,-1603701.5452417962,-1199220.2306533586
Southwest Airlines,298,origin,DAL,295794.1446696455,-1343507.98461109
Southwest Airlines,298,dest,SAT,149495.41162521293,-1713236.8214802423
Southwest Airlines,299,origin,DAL,295794.1446696455,-1343507.98461109
Southwest Airlines,299,dest,SEA,-1650755.3926562539,505066.6320739882
Southwest Airlines,300,origin,DAL,295794.1446696455,-1343507.98461109
Southwest Airlines,300,dest,SFO,-1945640.7538789264,-556902.5127197708
Southwest Airlines,301,origin,DAL,295794.1446696455,-1343507.98461109
Southwest Airlines,301,dest,SJC,-1914820.4720456952,-595055.2286396603
Southwest Airlines,302,origin,DAL,295794.1446696455,-1343507.98461109
Southwest Airlines,302,dest,SLC,-1004609.4621734885,-395049.06406783813
Southwest Airlines,303,origin,DAL,295794.1446696455,-1343507.98461109
Southwest Airlines,303,dest,SMF,-1850472.0747063856,-458086.04301328777
Southwest Airlines,304,origin,DAL,295794.1446696455,-1343507.98461109
Southwest Airlines,304,dest,SNA,-1646508.559850192,-1083248.598617272
Southwest Airlines,305,origin,DAL,295794.1446696455,-1343507.98461109
Southwest Airlines,305,dest,STL,834066.6669227502,-646449.0468188728
Southwest Airlines,306,origin,DAL,295794.1446696455,-1343507.98461109
Southwest Airlines,306,dest,TPA,1720329.790563932,-1713285.848456208
Southwest Airlines,307,origin,DAL,295794.1446696455,-1343507.98461109
Southwest Airlines,307,dest,TUL,369902.00173730054,-968710.335093024
Southwest Airlines,308,origin,DCA,1959959.090984065,-409479.41835946374
Southwest Airlines,308,dest,ATL,1438837.9937618312,-1129310.979486318
Southwest Airlines,309,origin,DCA,1959959.090984065,-409479.41835946374
Southwest Airlines,309,dest,AUS,225823.07315140465,-1638702.7618488022
Southwest Airlines,310,origin,DCA,1959959.090984065,-409479.41835946374
Southwest Airlines,310,dest,BNA,1193955.4135102862,-891176.9680870201
Southwest Airlines,311,origin,DCA,1959959.090984065,-409479.41835946374
Southwest Airlines,311,dest,CMH,1445821.7184349983,-405735.9494879742
Southwest Airlines,312,origin,DCA,1959959.090984065,-409479.41835946374
Southwest Airlines,312,dest,DAL,295794.1446696455,-1343507.98461109
Southwest Airlines,313,origin,DCA,1959959.090984065,-409479.41835946374
Southwest Airlines,313,dest,FLL,1989416.8668556917,-1869685.279595282
Southwest Airlines,314,origin,DCA,1959959.090984065,-409479.41835946374
Southwest Airlines,314,dest,HOU,460280.73628586193,-1689712.830489488
Southwest Airlines,315,origin,DCA,1959959.090984065,-409479.41835946374
Southwest Airlines,315,dest,IND,1166867.010981104,-490339.71160834696
Southwest Airlines,316,origin,DCA,1959959.090984065,-409479.41835946374
Southwest Airlines,316,dest,MCI,455074.4312943624,-619331.8913740775
Southwest Airlines,317,origin,DCA,1959959.090984065,-409479.41835946374
Southwest Airlines,317,dest,MCO,1829771.2698870576,-1638824.7811905802
Southwest Airlines,318,origin,DCA,1959959.090984065,-409479.41835946374
Southwest Airlines,318,dest,MDW,1011185.7905791268,-281702.30650750065
Southwest Airlines,319,origin,DCA,1959959.090984065,-409479.41835946374
Southwest Airlines,319,dest,MKE,980769.513678976,-155418.02245427898
Southwest Airlines,320,origin,DCA,1959959.090984065,-409479.41835946374
Southwest Airlines,320,dest,MSY,943779.1568939897,-1610813.662288556
Southwest Airlines,321,origin,DCA,1959959.090984065,-409479.41835946374
Southwest Airlines,321,dest,OMA,343006.6325637459,-402442.5398354072
Southwest Airlines,322,origin,DCA,1959959.090984065,-409479.41835946374
Southwest Airlines,322,dest,PVD,2312630.224903233,45984.38112504096
Southwest Airlines,323,origin,DCA,1959959.090984065,-409479.41835946374
Southwest Airlines,323,dest,STL,834066.6669227502,-646449.0468188728
Southwest Airlines,324,origin,DCA,1959959.090984065,-409479.41835946374
Southwest Airlines,324,dest,TPA,1720329.790563932,-1713285.848456208
Southwest Airlines,325,origin,DEN,-398957.8437938119,-559911.2634607605
Southwest Airlines,325,dest,ABQ,-603104.745800889,-1082686.4778323667
Southwest Airlines,326,origin,DEN,-398957.8437938119,-559911.2634607605
Southwest Airlines,326,dest,ALB,2093896.6988834653,90839.80353075745
Southwest Airlines,327,origin,DEN,-398957.8437938119,-559911.2634607605
Southwest Airlines,327,dest,ATL,1438837.9937618312,-1129310.979486318
Southwest Airlines,328,origin,DEN,-398957.8437938119,-559911.2634607605
Southwest Airlines,328,dest,AUS,225823.07315140465,-1638702.7618488022
Southwest Airlines,329,origin,DEN,-398957.8437938119,-559911.2634607605
Southwest Airlines,329,dest,BDL,2208123.028463688,33971.4893617478
Southwest Airlines,330,origin,DEN,-398957.8437938119,-559911.2634607605
Southwest Airlines,330,dest,BNA,1193955.4135102862,-891176.9680870201
Southwest Airlines,331,origin,DEN,-398957.8437938119,-559911.2634607605
Southwest Airlines,331,dest,BOI,-1296364.617988922,-29797.04410178459
Southwest Airlines,332,origin,DEN,-398957.8437938119,-559911.2634607605
Southwest Airlines,332,dest,BOS,2320658.4485041024,126152.13380139158
Southwest Airlines,333,origin,DEN,-398957.8437938119,-559911.2634607605
Southwest Airlines,333,dest,BUR,-1679613.0736233827,-1016244.4677102008
Southwest Airlines,334,origin,DEN,-398957.8437938119,-559911.2634607605
Southwest Airlines,334,dest,BWI,1980887.5167152977,-365563.636502196
Southwest Airlines,335,origin,DEN,-398957.8437938119,-559911.2634607605
Southwest Airlines,335,dest,CLE,1498726.2792607923,-232627.15593650908
Southwest Airlines,336,origin,DEN,-398957.8437938119,-559911.2634607605
Southwest Airlines,336,dest,CMH,1445821.7184349983,-405735.9494879742
Southwest Airlines,337,origin,DEN,-398957.8437938119,-559911.2634607605
Southwest Airlines,337,dest,DAL,295794.1446696455,-1343507.98461109
Southwest Airlines,338,origin,DEN,-398957.8437938119,-559911.2634607605
Southwest Airlines,338,dest,DTW,1359641.697254995,-170996.60408534826
Southwest Airlines,339,origin,DEN,-398957.8437938119,-559911.2634607605
Southwest Airlines,339,dest,EWR,2135095.905011877,-139210.669492847
Southwest Airlines,340,origin,DEN,-398957.8437938119,-559911.2634607605
Southwest Airlines,340,dest,FLL,1989416.8668556917,-1869685.279595282
Southwest Airlines,341,origin,DEN,-398957.8437938119,-559911.2634607605
Southwest Airlines,341,dest,GEG,-1301359.421680582,434754.4516689109
Southwest Airlines,342,origin,DEN,-398957.8437938119,-559911.2634607605
Southwest Airlines,342,dest,GRR,1172122.820083283,-131332.61154739256
Southwest Airlines,343,origin,DEN,-398957.8437938119,-559911.2634607605
Southwest Airlines,343,dest,HOU,460280.73628586193,-1689712.830489488
Southwest Airlines,344,origin,DEN,-398957.8437938119,-559911.2634607605
Southwest Airlines,344,dest,IAD,1922328.2460675351,-409030.73296909296
Southwest Airlines,345,origin,DEN,-398957.8437938119,-559911.2634607605
Southwest Airlines,345,dest,IND,1166867.010981104,-490339.71160834696
Southwest Airlines,346,origin,DEN,-398957.8437938119,-559911.2634607605
Southwest Airlines,346,dest,JAX,1752547.7524868262,-1421732.3716896002
Southwest Airlines,347,origin,DEN,-398957.8437938119,-559911.2634607605
Southwest Airlines,347,dest,LAS,-1356682.4796960566,-868251.8410072095
Southwest Airlines,348,origin,DEN,-398957.8437938119,-559911.2634607605
Southwest Airlines,348,dest,LAX,-1689593.4354288722,-1043456.7015018368
Southwest Airlines,349,origin,DEN,-398957.8437938119,-559911.2634607605
Southwest Airlines,349,dest,LGA,2155684.513057,-122316.28523641168
Southwest Airlines,350,origin,DEN,-398957.8437938119,-559911.2634607605
Southwest Airlines,350,dest,LGB,-1669160.1672619907,-1062148.6422438323
Southwest Airlines,351,origin,DEN,-398957.8437938119,-559911.2634607605
Southwest Airlines,351,dest,MCI,455074.4312943624,-619331.8913740775
Southwest Airlines,352,origin,DEN,-398957.8437938119,-559911.2634607605
Southwest Airlines,352,dest,MCO,1829771.2698870576,-1638824.7811905802
Southwest Airlines,353,origin,DEN,-398957.8437938119,-559911.2634607605
Southwest Airlines,353,dest,MDW,1011185.7905791268,-281702.30650750065
Southwest Airlines,354,origin,DEN,-398957.8437938119,-559911.2634607605
Southwest Airlines,354,dest,MKE,980769.513678976,-155418.02245427898
Southwest Airlines,355,origin,DEN,-398957.8437938119,-559911.2634607605
Southwest Airlines,355,dest,MSP,533284.8020873081,9198.64416372486
Southwest Airlines,356,origin,DEN,-398957.8437938119,-559911.2634607605
Southwest Airlines,356,dest,MSY,943779.1568939897,-1610813.662288556
Southwest Airlines,357,origin,DEN,-398957.8437938119,-559911.2634607605
Southwest Airlines,357,dest,OAK,-1929816.947397706,-549399.1884917811
Southwest Airlines,358,origin,DEN,-398957.8437938119,-559911.2634607605
Southwest Airlines,358,dest,OKC,218240.3077465392,-1063902.9710996167
Southwest Airlines,359,origin,DEN,-398957.8437938119,-559911.2634607605
Southwest Airlines,359,dest,OMA,343006.6325637459,-402442.5398354072
Southwest Airlines,360,origin,DEN,-398957.8437938119,-559911.2634607605
Southwest Airlines,360,dest,ONT,-1614545.9907031525,-1046821.4894757676
Southwest Airlines,361,origin,DEN,-398957.8437938119,-559911.2634607605
Southwest Airlines,361,dest,PDX,-1729571.0771865274,310444.7043324455
Southwest Airlines,362,origin,DEN,-398957.8437938119,-559911.2634607605
Southwest Airlines,362,dest,PHL,2075929.4181951769,-255080.32292677445
Southwest Airlines,363,origin,DEN,-398957.8437938119,-559911.2634607605
Southwest Airlines,363,dest,PHX,-1115699.3885834513,-1205089.0053395256
Southwest Airlines,364,origin,DEN,-398957.8437938119,-559911.2634607605
Southwest Airlines,364,dest,PIT,1653058.7188770992,-301571.10045485134
Southwest Airlines,365,origin,DEN,-398957.8437938119,-559911.2634607605
Southwest Airlines,365,dest,RDU,1892329.2704660424,-772779.4700067013
Southwest Airlines,366,origin,DEN,-398957.8437938119,-559911.2634607605
Southwest Airlines,366,dest,RNO,-1678096.5663649472,-409666.019399356
Southwest Airlines,367,origin,DEN,-398957.8437938119,-559911.2634607605
Southwest Airlines,367,dest,SAN,-1603701.5452417962,-1199220.2306533586
Southwest Airlines,368,origin,DEN,-398957.8437938119,-559911.2634607605
Southwest Airlines,368,dest,SAT,149495.41162521293,-1713236.8214802423
Southwest Airlines,369,origin,DEN,-398957.8437938119,-559911.2634607605
Southwest Airlines,369,dest,SDF,1241535.522119959,-652005.0450171886
Southwest Airlines,370,origin,DEN,-398957.8437938119,-559911.2634607605
Southwest Airlines,370,dest,SEA,-1650755.3926562539,505066.6320739882
Southwest Airlines,371,origin,DEN,-398957.8437938119,-559911.2634607605
Southwest Airlines,371,dest,SFO,-1945640.7538789264,-556902.5127197708
Southwest Airlines,372,origin,DEN,-398957.8437938119,-559911.2634607605
Southwest Airlines,372,dest,SJC,-1914820.4720456952,-595055.2286396603
Southwest Airlines,373,origin,DEN,-398957.8437938119,-559911.2634607605
Southwest Airlines,373,dest,SLC,-1004609.4621734885,-395049.06406783813
Southwest Airlines,374,origin,DEN,-398957.8437938119,-559911.2634607605
Southwest Airlines,374,dest,SMF,-1850472.0747063856,-458086.04301328777
Southwest Airlines,375,origin,DEN,-398957.8437938119,-559911.2634607605
Southwest Airlines,375,dest,SNA,-1646508.559850192,-1083248.598617272
Southwest Airlines,376,origin,DEN,-398957.8437938119,-559911.2634607605
Southwest Airlines,376,dest,STL,834066.6669227502,-646449.0468188728
Southwest Airlines,377,origin,DEN,-398957.8437938119,-559911.2634607605
Southwest Airlines,377,dest,TPA,1720329.790563932,-1713285.848456208
Southwest Airlines,378,origin,DEN,-398957.8437938119,-559911.2634607605
Southwest Airlines,378,dest,TUL,369902.00173730054,-968710.335093024
Southwest Airlines,379,origin,DEN,-398957.8437938119,-559911.2634607605
Southwest Airlines,379,dest,TUS,-1033490.7270596127,-1363482.3767388165
Southwest Airlines,380,origin,DSM,527073.5637794238,-365025.8008899143
Southwest Airlines,380,dest,LAS,-1356682.4796960566,-868251.8410072095
Southwest Airlines,381,origin,DSM,527073.5637794238,-365025.8008899143
Southwest Airlines,381,dest,STL,834066.6669227502,-646449.0468188728
Southwest Airlines,382,origin,DTW,1359641.697254995,-170996.60408534826
Southwest Airlines,382,dest,ATL,1438837.9937618312,-1129310.979486318
Southwest Airlines,383,origin,DTW,1359641.697254995,-170996.60408534826
Southwest Airlines,383,dest,BNA,1193955.4135102862,-891176.9680870201
Southwest Airlines,384,origin,DTW,1359641.697254995,-170996.60408534826
Southwest Airlines,384,dest,BWI,1980887.5167152977,-365563.636502196
Southwest Airlines,385,origin,DTW,1359641.697254995,-170996.60408534826
Southwest Airlines,385,dest,DAL,295794.1446696455,-1343507.98461109
Southwest Airlines,386,origin,DTW,1359641.697254995,-170996.60408534826
Southwest Airlines,386,dest,DEN,-398957.8437938119,-559911.2634607605
Southwest Airlines,387,origin,DTW,1359641.697254995,-170996.60408534826
Southwest Airlines,387,dest,LAS,-1356682.4796960566,-868251.8410072095
Southwest Airlines,388,origin,DTW,1359641.697254995,-170996.60408534826
Southwest Airlines,388,dest,MDW,1011185.7905791268,-281702.30650750065
Southwest Airlines,389,origin,DTW,1359641.697254995,-170996.60408534826
Southwest Airlines,389,dest,PHX,-1115699.3885834513,-1205089.0053395256
Southwest Airlines,390,origin,DTW,1359641.697254995,-170996.60408534826
Southwest Airlines,390,dest,STL,834066.6669227502,-646449.0468188728
Southwest Airlines,391,origin,ECP,1366547.510727577,-1511044.3472759733
Southwest Airlines,391,dest,BNA,1193955.4135102862,-891176.9680870201
Southwest Airlines,392,origin,ECP,1366547.510727577,-1511044.3472759733
Southwest Airlines,392,dest,HOU,460280.73628586193,-1689712.830489488
Southwest Airlines,393,origin,ELP,-605825.3288960081,-1441254.1790057654
Southwest Airlines,393,dest,AUS,225823.07315140465,-1638702.7618488022
Southwest Airlines,394,origin,ELP,-605825.3288960081,-1441254.1790057654
Southwest Airlines,394,dest,DAL,295794.1446696455,-1343507.98461109
Southwest Airlines,395,origin,ELP,-605825.3288960081,-1441254.1790057654
Southwest Airlines,395,dest,HOU,460280.73628586193,-1689712.830489488
Southwest Airlines,396,origin,ELP,-605825.3288960081,-1441254.1790057654
Southwest Airlines,396,dest,LAS,-1356682.4796960566,-868251.8410072095
Southwest Airlines,397,origin,ELP,-605825.3288960081,-1441254.1790057654
Southwest Airlines,397,dest,LAX,-1689593.4354288722,-1043456.7015018368
Southwest Airlines,398,origin,ELP,-605825.3288960081,-1441254.1790057654
Southwest Airlines,398,dest,PHX,-1115699.3885834513,-1205089.0053395256
Southwest Airlines,399,origin,ELP,-605825.3288960081,-1441254.1790057654
Southwest Airlines,399,dest,SAT,149495.41162521293,-1713236.8214802423
Southwest Airlines,400,origin,EWR,2135095.905011877,-139210.669492847
Southwest Airlines,400,dest,AUS,225823.07315140465,-1638702.7618488022
Southwest Airlines,401,origin,EWR,2135095.905011877,-139210.669492847
Southwest Airlines,401,dest,DEN,-398957.8437938119,-559911.2634607605
Southwest Airlines,402,origin,EWR,2135095.905011877,-139210.669492847
Southwest Airlines,402,dest,FLL,1989416.8668556917,-1869685.279595282
Southwest Airlines,403,origin,EWR,2135095.905011877,-139210.669492847
Southwest Airlines,403,dest,IND,1166867.010981104,-490339.71160834696
Southwest Airlines,404,origin,EWR,2135095.905011877,-139210.669492847
Southwest Airlines,404,dest,MCO,1829771.2698870576,-1638824.7811905802
Southwest Airlines,405,origin,EWR,2135095.905011877,-139210.669492847
Southwest Airlines,405,dest,MDW,1011185.7905791268,-281702.30650750065
Southwest Airlines,406,origin,EWR,2135095.905011877,-139210.669492847
Southwest Airlines,406,dest,PHX,-1115699.3885834513,-1205089.0053395256
Southwest Airlines,407,origin,EWR,2135095.905011877,-139210.669492847
Southwest Airlines,407,dest,STL,834066.6669227502,-646449.0468188728
Southwest Airlines,408,origin,FLL,1989416.8668556917,-1869685.279595282
Southwest Airlines,408,dest,ATL,1438837.9937618312,-1129310.979486318
Southwest Airlines,409,origin,FLL,1989416.8668556917,-1869685.279595282
Southwest Airlines,409,dest,AUS,225823.07315140465,-1638702.7618488022
Southwest Airlines,410,origin,FLL,1989416.8668556917,-1869685.279595282
Southwest Airlines,410,dest,BDL,2208123.028463688,33971.4893617478
Southwest Airlines,411,origin,FLL,1989416.8668556917,-1869685.279595282
Southwest Airlines,411,dest,BNA,1193955.4135102862,-891176.9680870201
Southwest Airlines,412,origin,FLL,1989416.8668556917,-1869685.279595282
Southwest Airlines,412,dest,BUF,1707245.286740146,-4371.266382491431
Southwest Airlines,413,origin,FLL,1989416.8668556917,-1869685.279595282
Southwest Airlines,413,dest,BWI,1980887.5167152977,-365563.636502196
Southwest Airlines,414,origin,FLL,1989416.8668556917,-1869685.279595282
Southwest Airlines,414,dest,DAL,295794.1446696455,-1343507.98461109
Southwest Airlines,415,origin,FLL,1989416.8668556917,-1869685.279595282
Southwest Airlines,415,dest,DCA,1959959.090984065,-409479.41835946374
Southwest Airlines,416,origin,FLL,1989416.8668556917,-1869685.279595282
Southwest Airlines,416,dest,DEN,-398957.8437938119,-559911.2634607605
Southwest Airlines,417,origin,FLL,1989416.8668556917,-1869685.279595282
Southwest Airlines,417,dest,EWR,2135095.905011877,-139210.669492847
Southwest Airlines,418,origin,FLL,1989416.8668556917,-1869685.279595282
Southwest Airlines,418,dest,HOU,460280.73628586193,-1689712.830489488
Southwest Airlines,419,origin,FLL,1989416.8668556917,-1869685.279595282
Southwest Airlines,419,dest,IAD,1922328.2460675351,-409030.73296909296
Southwest Airlines,420,origin,FLL,1989416.8668556917,-1869685.279595282
Southwest Airlines,420,dest,IND,1166867.010981104,-490339.71160834696
Southwest Airlines,421,origin,FLL,1989416.8668556917,-1869685.279595282
Southwest Airlines,421,dest,ISP,2215883.546956132,-99560.578426239
Southwest Airlines,422,origin,FLL,1989416.8668556917,-1869685.279595282
Southwest Airlines,422,dest,LAS,-1356682.4796960566,-868251.8410072095
Southwest Airlines,423,origin,FLL,1989416.8668556917,-1869685.279595282
Southwest Airlines,423,dest,MCI,455074.4312943624,-619331.8913740775
Southwest Airlines,424,origin,FLL,1989416.8668556917,-1869685.279595282
Southwest Airlines,424,dest,MCO,1829771.2698870576,-1638824.7811905802
Southwest Airlines,425,origin,FLL,1989416.8668556917,-1869685.279595282
Southwest Airlines,425,dest,MDW,1011185.7905791268,-281702.30650750065
Southwest Airlines,426,origin,FLL,1989416.8668556917,-1869685.279595282
Southwest Airlines,426,dest,MSY,943779.1568939897,-1610813.662288556
Southwest Airlines,427,origin,FLL,1989416.8668556917,-1869685.279595282
Southwest Airlines,427,dest,PHL,2075929.4181951769,-255080.32292677445
Southwest Airlines,428,origin,FLL,1989416.8668556917,-1869685.279595282
Southwest Airlines,428,dest,PHX,-1115699.3885834513,-1205089.0053395256
Southwest Airlines,429,origin,FLL,1989416.8668556917,-1869685.279595282
Southwest Airlines,429,dest,PIT,1653058.7188770992,-301571.10045485134
Southwest Airlines,430,origin,FLL,1989416.8668556917,-1869685.279595282
Southwest Airlines,430,dest,PVD,2312630.224903233,45984.38112504096
Southwest Airlines,431,origin,FLL,1989416.8668556917,-1869685.279595282
Southwest Airlines,431,dest,RDU,1892329.2704660424,-772779.4700067013
Southwest Airlines,432,origin,FLL,1989416.8668556917,-1869685.279595282
Southwest Airlines,432,dest,SJU,NA,NA
Southwest Airlines,433,origin,FLL,1989416.8668556917,-1869685.279595282
Southwest Airlines,433,dest,STL,834066.6669227502,-646449.0468188728
Southwest Airlines,434,origin,FLL,1989416.8668556917,-1869685.279595282
Southwest Airlines,434,dest,TPA,1720329.790563932,-1713285.848456208
Southwest Airlines,435,origin,FNT,1311994.7209737643,-94908.29069657825
Southwest Airlines,435,dest,MDW,1011185.7905791268,-281702.30650750065
Southwest Airlines,436,origin,GEG,-1301359.421680582,434754.4516689109
Southwest Airlines,436,dest,BOI,-1296364.617988922,-29797.04410178459
Southwest Airlines,437,origin,GEG,-1301359.421680582,434754.4516689109
Southwest Airlines,437,dest,DEN,-398957.8437938119,-559911.2634607605
Southwest Airlines,438,origin,GEG,-1301359.421680582,434754.4516689109
Southwest Airlines,438,dest,LAS,-1356682.4796960566,-868251.8410072095
Southwest Airlines,439,origin,GEG,-1301359.421680582,434754.4516689109
Southwest Airlines,439,dest,OAK,-1929816.947397706,-549399.1884917811
Southwest Airlines,440,origin,GEG,-1301359.421680582,434754.4516689109
Southwest Airlines,440,dest,PHX,-1115699.3885834513,-1205089.0053395256
Southwest Airlines,441,origin,GEG,-1301359.421680582,434754.4516689109
Southwest Airlines,441,dest,SMF,-1850472.0747063856,-458086.04301328777
Southwest Airlines,442,origin,GRR,1172122.820083283,-131332.61154739256
Southwest Airlines,442,dest,BWI,1980887.5167152977,-365563.636502196
Southwest Airlines,443,origin,GRR,1172122.820083283,-131332.61154739256
Southwest Airlines,443,dest,DEN,-398957.8437938119,-559911.2634607605
Southwest Airlines,444,origin,GRR,1172122.820083283,-131332.61154739256
Southwest Airlines,444,dest,MDW,1011185.7905791268,-281702.30650750065
Southwest Airlines,445,origin,GSP,1613274.8060153143,-951578.4592630994
Southwest Airlines,445,dest,ATL,1438837.9937618312,-1129310.979486318
Southwest Airlines,446,origin,HOU,460280.73628586193,-1689712.830489488
Southwest Airlines,446,dest,ABQ,-603104.745800889,-1082686.4778323667
Southwest Airlines,447,origin,HOU,460280.73628586193,-1689712.830489488
Southwest Airlines,447,dest,ATL,1438837.9937618312,-1129310.979486318
Southwest Airlines,448,origin,HOU,460280.73628586193,-1689712.830489488
Southwest Airlines,448,dest,AUS,225823.07315140465,-1638702.7618488022
Southwest Airlines,449,origin,HOU,460280.73628586193,-1689712.830489488
Southwest Airlines,449,dest,BHM,1227516.423781454,-1173804.5684248093
Southwest Airlines,450,origin,HOU,460280.73628586193,-1689712.830489488
Southwest Airlines,450,dest,BNA,1193955.4135102862,-891176.9680870201
Southwest Airlines,451,origin,HOU,460280.73628586193,-1689712.830489488
Southwest Airlines,451,dest,BOS,2320658.4485041024,126152.13380139158
Southwest Airlines,452,origin,HOU,460280.73628586193,-1689712.830489488
Southwest Airlines,452,dest,BWI,1980887.5167152977,-365563.636502196
Southwest Airlines,453,origin,HOU,460280.73628586193,-1689712.830489488
Southwest Airlines,453,dest,CHS,1853007.6958618572,-1124845.6869020823
Southwest Airlines,454,origin,HOU,460280.73628586193,-1689712.830489488
Southwest Airlines,454,dest,CLT,1718765.594159813,-891788.5105128315
Southwest Airlines,455,origin,HOU,460280.73628586193,-1689712.830489488
Southwest Airlines,455,dest,CRP,248519.4938179987,-1904926.3228790544
Southwest Airlines,456,origin,HOU,460280.73628586193,-1689712.830489488
Southwest Airlines,456,dest,DAL,295794.1446696455,-1343507.98461109
Southwest Airlines,457,origin,HOU,460280.73628586193,-1689712.830489488
Southwest Airlines,457,dest,DCA,1959959.090984065,-409479.41835946374
Southwest Airlines,458,origin,HOU,460280.73628586193,-1689712.830489488
Southwest Airlines,458,dest,DEN,-398957.8437938119,-559911.2634607605
Southwest Airlines,459,origin,HOU,460280.73628586193,-1689712.830489488
Southwest Airlines,459,dest,ECP,1366547.510727577,-1511044.3472759733
Southwest Airlines,460,origin,HOU,460280.73628586193,-1689712.830489488
Southwest Airlines,460,dest,ELP,-605825.3288960081,-1441254.1790057654
Southwest Airlines,461,origin,HOU,460280.73628586193,-1689712.830489488
Southwest Airlines,461,dest,FLL,1989416.8668556917,-1869685.279595282
Southwest Airlines,462,origin,HOU,460280.73628586193,-1689712.830489488
Southwest Airlines,462,dest,HRL,237048.03015074244,-2075075.3380641756
Southwest Airlines,463,origin,HOU,460280.73628586193,-1689712.830489488
Southwest Airlines,463,dest,IND,1166867.010981104,-490339.71160834696
Southwest Airlines,464,origin,HOU,460280.73628586193,-1689712.830489488
Southwest Airlines,464,dest,JAX,1752547.7524868262,-1421732.3716896002
Southwest Airlines,465,origin,HOU,460280.73628586193,-1689712.830489488
Southwest Airlines,465,dest,LAS,-1356682.4796960566,-868251.8410072095
Southwest Airlines,466,origin,HOU,460280.73628586193,-1689712.830489488
Southwest Airlines,466,dest,LAX,-1689593.4354288722,-1043456.7015018368
Southwest Airlines,467,origin,HOU,460280.73628586193,-1689712.830489488
Southwest Airlines,467,dest,LGA,2155684.513057,-122316.28523641168
Southwest Airlines,468,origin,HOU,460280.73628586193,-1689712.830489488
Southwest Airlines,468,dest,MAF,-209054.6593990342,-1446122.8030006909
Southwest Airlines,469,origin,HOU,460280.73628586193,-1689712.830489488
Southwest Airlines,469,dest,MCI,455074.4312943624,-619331.8913740775
Southwest Airlines,470,origin,HOU,460280.73628586193,-1689712.830489488
Southwest Airlines,470,dest,MCO,1829771.2698870576,-1638824.7811905802
Southwest Airlines,471,origin,HOU,460280.73628586193,-1689712.830489488
Southwest Airlines,471,dest,MDW,1011185.7905791268,-281702.30650750065
Southwest Airlines,472,origin,HOU,460280.73628586193,-1689712.830489488
Southwest Airlines,472,dest,MEM,913341.2595404746,-1051685.0479322155
Southwest Airlines,473,origin,HOU,460280.73628586193,-1689712.830489488
Southwest Airlines,473,dest,MSY,943779.1568939897,-1610813.662288556
Southwest Airlines,474,origin,HOU,460280.73628586193,-1689712.830489488
Southwest Airlines,474,dest,OAK,-1929816.947397706,-549399.1884917811
Southwest Airlines,475,origin,HOU,460280.73628586193,-1689712.830489488
Southwest Airlines,475,dest,OKC,218240.3077465392,-1063902.9710996167
Southwest Airlines,476,origin,HOU,460280.73628586193,-1689712.830489488
Southwest Airlines,476,dest,OMA,343006.6325637459,-402442.5398354072
Southwest Airlines,477,origin,HOU,460280.73628586193,-1689712.830489488
Southwest Airlines,477,dest,PHX,-1115699.3885834513,-1205089.0053395256
Southwest Airlines,478,origin,HOU,460280.73628586193,-1689712.830489488
Southwest Airlines,478,dest,PIT,1653058.7188770992,-301571.10045485134
Southwest Airlines,479,origin,HOU,460280.73628586193,-1689712.830489488
Southwest Airlines,479,dest,PNS,1232374.963107157,-1519383.0474165194
Southwest Airlines,480,origin,HOU,460280.73628586193,-1689712.830489488
Southwest Airlines,480,dest,RDU,1892329.2704660424,-772779.4700067013
Southwest Airlines,481,origin,HOU,460280.73628586193,-1689712.830489488
Southwest Airlines,481,dest,SAN,-1603701.5452417962,-1199220.2306533586
Southwest Airlines,482,origin,HOU,460280.73628586193,-1689712.830489488
Southwest Airlines,482,dest,SAT,149495.41162521293,-1713236.8214802423
Southwest Airlines,483,origin,HOU,460280.73628586193,-1689712.830489488
Southwest Airlines,483,dest,SNA,-1646508.559850192,-1083248.598617272
Southwest Airlines,484,origin,HOU,460280.73628586193,-1689712.830489488
Southwest Airlines,484,dest,STL,834066.6669227502,-646449.0468188728
Southwest Airlines,485,origin,HOU,460280.73628586193,-1689712.830489488
Southwest Airlines,485,dest,TPA,1720329.790563932,-1713285.848456208
Southwest Airlines,486,origin,HOU,460280.73628586193,-1689712.830489488
Southwest Airlines,486,dest,TUL,369902.00173730054,-968710.335093024
Southwest Airlines,487,origin,HRL,237048.03015074244,-2075075.3380641756
Southwest Airlines,487,dest,AUS,225823.07315140465,-1638702.7618488022
Southwest Airlines,488,origin,HRL,237048.03015074244,-2075075.3380641756
Southwest Airlines,488,dest,HOU,460280.73628586193,-1689712.830489488
Southwest Airlines,489,origin,IAD,1922328.2460675351,-409030.73296909296
Southwest Airlines,489,dest,ATL,1438837.9937618312,-1129310.979486318
Southwest Airlines,490,origin,IAD,1922328.2460675351,-409030.73296909296
Southwest Airlines,490,dest,DEN,-398957.8437938119,-559911.2634607605
Southwest Airlines,491,origin,IAD,1922328.2460675351,-409030.73296909296
Southwest Airlines,491,dest,FLL,1989416.8668556917,-1869685.279595282
Southwest Airlines,492,origin,IAD,1922328.2460675351,-409030.73296909296
Southwest Airlines,492,dest,MCO,1829771.2698870576,-1638824.7811905802
Southwest Airlines,493,origin,ICT,226443.7486944286,-813259.0022928995
Southwest Airlines,493,dest,LAS,-1356682.4796960566,-868251.8410072095
Southwest Airlines,494,origin,ICT,226443.7486944286,-813259.0022928995
Southwest Airlines,494,dest,PHX,-1115699.3885834513,-1205089.0053395256
Southwest Airlines,495,origin,ICT,226443.7486944286,-813259.0022928995
Southwest Airlines,495,dest,STL,834066.6669227502,-646449.0468188728
Southwest Airlines,496,origin,IND,1166867.010981104,-490339.71160834696
Southwest Airlines,496,dest,ATL,1438837.9937618312,-1129310.979486318
Southwest Airlines,497,origin,IND,1166867.010981104,-490339.71160834696
Southwest Airlines,497,dest,BOS,2320658.4485041024,126152.13380139158
Southwest Airlines,498,origin,IND,1166867.010981104,-490339.71160834696
Southwest Airlines,498,dest,BWI,1980887.5167152977,-365563.636502196
Southwest Airlines,499,origin,IND,1166867.010981104,-490339.71160834696
Southwest Airlines,499,dest,DAL,295794.1446696455,-1343507.98461109
Southwest Airlines,500,origin,IND,1166867.010981104,-490339.71160834696
Southwest Airlines,500,dest,DCA,1959959.090984065,-409479.41835946374
Southwest Airlines,501,origin,IND,1166867.010981104,-490339.71160834696
Southwest Airlines,501,dest,DEN,-398957.8437938119,-559911.2634607605
Southwest Airlines,502,origin,IND,1166867.010981104,-490339.71160834696
Southwest Airlines,502,dest,EWR,2135095.905011877,-139210.669492847
Southwest Airlines,503,origin,IND,1166867.010981104,-490339.71160834696
Southwest Airlines,503,dest,FLL,1989416.8668556917,-1869685.279595282
Southwest Airlines,504,origin,IND,1166867.010981104,-490339.71160834696
Southwest Airlines,504,dest,HOU,460280.73628586193,-1689712.830489488
Southwest Airlines,505,origin,IND,1166867.010981104,-490339.71160834696
Southwest Airlines,505,dest,LAS,-1356682.4796960566,-868251.8410072095
Southwest Airlines,506,origin,IND,1166867.010981104,-490339.71160834696
Southwest Airlines,506,dest,LAX,-1689593.4354288722,-1043456.7015018368
Southwest Airlines,507,origin,IND,1166867.010981104,-490339.71160834696
Southwest Airlines,507,dest,MCI,455074.4312943624,-619331.8913740775
Southwest Airlines,508,origin,IND,1166867.010981104,-490339.71160834696
Southwest Airlines,508,dest,MCO,1829771.2698870576,-1638824.7811905802
Southwest Airlines,509,origin,IND,1166867.010981104,-490339.71160834696
Southwest Airlines,509,dest,MDW,1011185.7905791268,-281702.30650750065
Southwest Airlines,510,origin,IND,1166867.010981104,-490339.71160834696
Southwest Airlines,510,dest,PHX,-1115699.3885834513,-1205089.0053395256
Southwest Airlines,511,origin,IND,1166867.010981104,-490339.71160834696
Southwest Airlines,511,dest,RSW,1822839.8385921961,-1854169.26849232
Southwest Airlines,512,origin,IND,1166867.010981104,-490339.71160834696
Southwest Airlines,512,dest,TPA,1720329.790563932,-1713285.848456208
Southwest Airlines,513,origin,ISP,2215883.546956132,-99560.578426239
Southwest Airlines,513,dest,BWI,1980887.5167152977,-365563.636502196
Southwest Airlines,514,origin,ISP,2215883.546956132,-99560.578426239
Southwest Airlines,514,dest,FLL,1989416.8668556917,-1869685.279595282
Southwest Airlines,515,origin,ISP,2215883.546956132,-99560.578426239
Southwest Airlines,515,dest,MCO,1829771.2698870576,-1638824.7811905802
Southwest Airlines,516,origin,ISP,2215883.546956132,-99560.578426239
Southwest Airlines,516,dest,PBI,1982322.2831828392,-1802085.774986376
Southwest Airlines,517,origin,ISP,2215883.546956132,-99560.578426239
Southwest Airlines,517,dest,TPA,1720329.790563932,-1713285.848456208
Southwest Airlines,518,origin,JAX,1752547.7524868262,-1421732.3716896002
Southwest Airlines,518,dest,ATL,1438837.9937618312,-1129310.979486318
Southwest Airlines,519,origin,JAX,1752547.7524868262,-1421732.3716896002
Southwest Airlines,519,dest,BNA,1193955.4135102862,-891176.9680870201
Southwest Airlines,520,origin,JAX,1752547.7524868262,-1421732.3716896002
Southwest Airlines,520,dest,BWI,1980887.5167152977,-365563.636502196
Southwest Airlines,521,origin,JAX,1752547.7524868262,-1421732.3716896002
Southwest Airlines,521,dest,DEN,-398957.8437938119,-559911.2634607605
Southwest Airlines,522,origin,JAX,1752547.7524868262,-1421732.3716896002
Southwest Airlines,522,dest,HOU,460280.73628586193,-1689712.830489488
Southwest Airlines,523,origin,JAX,1752547.7524868262,-1421732.3716896002
Southwest Airlines,523,dest,MDW,1011185.7905791268,-281702.30650750065
Southwest Airlines,524,origin,LAS,-1356682.4796960566,-868251.8410072095
Southwest Airlines,524,dest,ABQ,-603104.745800889,-1082686.4778323667
Southwest Airlines,525,origin,LAS,-1356682.4796960566,-868251.8410072095
Southwest Airlines,525,dest,AMA,-155479.84081452896,-1084678.4667509194
Southwest Airlines,526,origin,LAS,-1356682.4796960566,-868251.8410072095
Southwest Airlines,526,dest,ATL,1438837.9937618312,-1129310.979486318
Southwest Airlines,527,origin,LAS,-1356682.4796960566,-868251.8410072095
Southwest Airlines,527,dest,AUS,225823.07315140465,-1638702.7618488022
Southwest Airlines,528,origin,LAS,-1356682.4796960566,-868251.8410072095
Southwest Airlines,528,dest,BDL,2208123.028463688,33971.4893617478
Southwest Airlines,529,origin,LAS,-1356682.4796960566,-868251.8410072095
Southwest Airlines,529,dest,BHM,1227516.423781454,-1173804.5684248093
Southwest Airlines,530,origin,LAS,-1356682.4796960566,-868251.8410072095
Southwest Airlines,530,dest,BNA,1193955.4135102862,-891176.9680870201
Southwest Airlines,531,origin,LAS,-1356682.4796960566,-868251.8410072095
Southwest Airlines,531,dest,BOI,-1296364.617988922,-29797.04410178459
Southwest Airlines,532,origin,LAS,-1356682.4796960566,-868251.8410072095
Southwest Airlines,532,dest,BUF,1707245.286740146,-4371.266382491431
Southwest Airlines,533,origin,LAS,-1356682.4796960566,-868251.8410072095
Southwest Airlines,533,dest,BUR,-1679613.0736233827,-1016244.4677102008
Southwest Airlines,534,origin,LAS,-1356682.4796960566,-868251.8410072095
Southwest Airlines,534,dest,BWI,1980887.5167152977,-365563.636502196
Southwest Airlines,535,origin,LAS,-1356682.4796960566,-868251.8410072095
Southwest Airlines,535,dest,CLE,1498726.2792607923,-232627.15593650908
Southwest Airlines,536,origin,LAS,-1356682.4796960566,-868251.8410072095
Southwest Airlines,536,dest,CMH,1445821.7184349983,-405735.9494879742
Southwest Airlines,537,origin,LAS,-1356682.4796960566,-868251.8410072095
Southwest Airlines,537,dest,DAL,295794.1446696455,-1343507.98461109
Southwest Airlines,538,origin,LAS,-1356682.4796960566,-868251.8410072095
Southwest Airlines,538,dest,DEN,-398957.8437938119,-559911.2634607605
Southwest Airlines,539,origin,LAS,-1356682.4796960566,-868251.8410072095
Southwest Airlines,539,dest,DSM,527073.5637794238,-365025.8008899143
Southwest Airlines,540,origin,LAS,-1356682.4796960566,-868251.8410072095
Southwest Airlines,540,dest,DTW,1359641.697254995,-170996.60408534826
Southwest Airlines,541,origin,LAS,-1356682.4796960566,-868251.8410072095
Southwest Airlines,541,dest,ELP,-605825.3288960081,-1441254.1790057654
Southwest Airlines,542,origin,LAS,-1356682.4796960566,-868251.8410072095
Southwest Airlines,542,dest,FLL,1989416.8668556917,-1869685.279595282
Southwest Airlines,543,origin,LAS,-1356682.4796960566,-868251.8410072095
Southwest Airlines,543,dest,GEG,-1301359.421680582,434754.4516689109
Southwest Airlines,544,origin,LAS,-1356682.4796960566,-868251.8410072095
Southwest Airlines,544,dest,HOU,460280.73628586193,-1689712.830489488
Southwest Airlines,545,origin,LAS,-1356682.4796960566,-868251.8410072095
Southwest Airlines,545,dest,ICT,226443.7486944286,-813259.0022928995
Southwest Airlines,546,origin,LAS,-1356682.4796960566,-868251.8410072095
Southwest Airlines,546,dest,IND,1166867.010981104,-490339.71160834696
Southwest Airlines,547,origin,LAS,-1356682.4796960566,-868251.8410072095
Southwest Airlines,547,dest,LAX,-1689593.4354288722,-1043456.7015018368
Southwest Airlines,548,origin,LAS,-1356682.4796960566,-868251.8410072095
Southwest Airlines,548,dest,LBB,-169260.8260850428,-1256692.0105488796
Southwest Airlines,549,origin,LAS,-1356682.4796960566,-868251.8410072095
Southwest Airlines,549,dest,LGB,-1669160.1672619907,-1062148.6422438323
Southwest Airlines,550,origin,LAS,-1356682.4796960566,-868251.8410072095
Southwest Airlines,550,dest,LIT,712194.5002882322,-1107832.4518794755
Southwest Airlines,551,origin,LAS,-1356682.4796960566,-868251.8410072095
Southwest Airlines,551,dest,MAF,-209054.6593990342,-1446122.8030006909
Southwest Airlines,552,origin,LAS,-1356682.4796960566,-868251.8410072095
Southwest Airlines,552,dest,MCI,455074.4312943624,-619331.8913740775
Southwest Airlines,553,origin,LAS,-1356682.4796960566,-868251.8410072095
Southwest Airlines,553,dest,MCO,1829771.2698870576,-1638824.7811905802
Southwest Airlines,554,origin,LAS,-1356682.4796960566,-868251.8410072095
Southwest Airlines,554,dest,MDW,1011185.7905791268,-281702.30650750065
Southwest Airlines,555,origin,LAS,-1356682.4796960566,-868251.8410072095
Southwest Airlines,555,dest,MKE,980769.513678976,-155418.02245427898
Southwest Airlines,556,origin,LAS,-1356682.4796960566,-868251.8410072095
Southwest Airlines,556,dest,MSY,943779.1568939897,-1610813.662288556
Southwest Airlines,557,origin,LAS,-1356682.4796960566,-868251.8410072095
Southwest Airlines,557,dest,OAK,-1929816.947397706,-549399.1884917811
Southwest Airlines,558,origin,LAS,-1356682.4796960566,-868251.8410072095
Southwest Airlines,558,dest,OKC,218240.3077465392,-1063902.9710996167
Southwest Airlines,559,origin,LAS,-1356682.4796960566,-868251.8410072095
Southwest Airlines,559,dest,OMA,343006.6325637459,-402442.5398354072
Southwest Airlines,560,origin,LAS,-1356682.4796960566,-868251.8410072095
Southwest Airlines,560,dest,ONT,-1614545.9907031525,-1046821.4894757676
Southwest Airlines,561,origin,LAS,-1356682.4796960566,-868251.8410072095
Southwest Airlines,561,dest,PDX,-1729571.0771865274,310444.7043324455
Southwest Airlines,562,origin,LAS,-1356682.4796960566,-868251.8410072095
Southwest Airlines,562,dest,PHL,2075929.4181951769,-255080.32292677445
Southwest Airlines,563,origin,LAS,-1356682.4796960566,-868251.8410072095
Southwest Airlines,563,dest,PHX,-1115699.3885834513,-1205089.0053395256
Southwest Airlines,564,origin,LAS,-1356682.4796960566,-868251.8410072095
Southwest Airlines,564,dest,PIT,1653058.7188770992,-301571.10045485134
Southwest Airlines,565,origin,LAS,-1356682.4796960566,-868251.8410072095
Southwest Airlines,565,dest,RDU,1892329.2704660424,-772779.4700067013
Southwest Airlines,566,origin,LAS,-1356682.4796960566,-868251.8410072095
Southwest Airlines,566,dest,RNO,-1678096.5663649472,-409666.019399356
Southwest Airlines,567,origin,LAS,-1356682.4796960566,-868251.8410072095
Southwest Airlines,567,dest,SAN,-1603701.5452417962,-1199220.2306533586
Southwest Airlines,568,origin,LAS,-1356682.4796960566,-868251.8410072095
Southwest Airlines,568,dest,SAT,149495.41162521293,-1713236.8214802423
Southwest Airlines,569,origin,LAS,-1356682.4796960566,-868251.8410072095
Southwest Airlines,569,dest,SDF,1241535.522119959,-652005.0450171886
Southwest Airlines,570,origin,LAS,-1356682.4796960566,-868251.8410072095
Southwest Airlines,570,dest,SEA,-1650755.3926562539,505066.6320739882
Southwest Airlines,571,origin,LAS,-1356682.4796960566,-868251.8410072095
Southwest Airlines,571,dest,SFO,-1945640.7538789264,-556902.5127197708
Southwest Airlines,572,origin,LAS,-1356682.4796960566,-868251.8410072095
Southwest Airlines,572,dest,SJC,-1914820.4720456952,-595055.2286396603
Southwest Airlines,573,origin,LAS,-1356682.4796960566,-868251.8410072095
Southwest Airlines,573,dest,SLC,-1004609.4621734885,-395049.06406783813
Southwest Airlines,574,origin,LAS,-1356682.4796960566,-868251.8410072095
Southwest Airlines,574,dest,SMF,-1850472.0747063856,-458086.04301328777
Southwest Airlines,575,origin,LAS,-1356682.4796960566,-868251.8410072095
Southwest Airlines,575,dest,SNA,-1646508.559850192,-1083248.598617272
Southwest Airlines,576,origin,LAS,-1356682.4796960566,-868251.8410072095
Southwest Airlines,576,dest,STL,834066.6669227502,-646449.0468188728
Southwest Airlines,577,origin,LAS,-1356682.4796960566,-868251.8410072095
Southwest Airlines,577,dest,TPA,1720329.790563932,-1713285.848456208
Southwest Airlines,578,origin,LAS,-1356682.4796960566,-868251.8410072095
Southwest Airlines,578,dest,TUL,369902.00173730054,-968710.335093024
Southwest Airlines,579,origin,LAS,-1356682.4796960566,-868251.8410072095
Southwest Airlines,579,dest,TUS,-1033490.7270596127,-1363482.3767388165
Southwest Airlines,580,origin,LAX,-1689593.4354288722,-1043456.7015018368
Southwest Airlines,580,dest,ABQ,-603104.745800889,-1082686.4778323667
Southwest Airlines,581,origin,LAX,-1689593.4354288722,-1043456.7015018368
Southwest Airlines,581,dest,ATL,1438837.9937618312,-1129310.979486318
Southwest Airlines,582,origin,LAX,-1689593.4354288722,-1043456.7015018368
Southwest Airlines,582,dest,AUS,225823.07315140465,-1638702.7618488022
Southwest Airlines,583,origin,LAX,-1689593.4354288722,-1043456.7015018368
Southwest Airlines,583,dest,BNA,1193955.4135102862,-891176.9680870201
Southwest Airlines,584,origin,LAX,-1689593.4354288722,-1043456.7015018368
Southwest Airlines,584,dest,BWI,1980887.5167152977,-365563.636502196
Southwest Airlines,585,origin,LAX,-1689593.4354288722,-1043456.7015018368
Southwest Airlines,585,dest,DAL,295794.1446696455,-1343507.98461109
Southwest Airlines,586,origin,LAX,-1689593.4354288722,-1043456.7015018368
Southwest Airlines,586,dest,DEN,-398957.8437938119,-559911.2634607605
Southwest Airlines,587,origin,LAX,-1689593.4354288722,-1043456.7015018368
Southwest Airlines,587,dest,ELP,-605825.3288960081,-1441254.1790057654
Southwest Airlines,588,origin,LAX,-1689593.4354288722,-1043456.7015018368
Southwest Airlines,588,dest,HOU,460280.73628586193,-1689712.830489488
Southwest Airlines,589,origin,LAX,-1689593.4354288722,-1043456.7015018368
Southwest Airlines,589,dest,IND,1166867.010981104,-490339.71160834696
Southwest Airlines,590,origin,LAX,-1689593.4354288722,-1043456.7015018368
Southwest Airlines,590,dest,LAS,-1356682.4796960566,-868251.8410072095
Southwest Airlines,591,origin,LAX,-1689593.4354288722,-1043456.7015018368
Southwest Airlines,591,dest,MCI,455074.4312943624,-619331.8913740775
Southwest Airlines,592,origin,LAX,-1689593.4354288722,-1043456.7015018368
Southwest Airlines,592,dest,MDW,1011185.7905791268,-281702.30650750065
Southwest Airlines,593,origin,LAX,-1689593.4354288722,-1043456.7015018368
Southwest Airlines,593,dest,MKE,980769.513678976,-155418.02245427898
Southwest Airlines,594,origin,LAX,-1689593.4354288722,-1043456.7015018368
Southwest Airlines,594,dest,MSY,943779.1568939897,-1610813.662288556
Southwest Airlines,595,origin,LAX,-1689593.4354288722,-1043456.7015018368
Southwest Airlines,595,dest,OAK,-1929816.947397706,-549399.1884917811
Southwest Airlines,596,origin,LAX,-1689593.4354288722,-1043456.7015018368
Southwest Airlines,596,dest,PDX,-1729571.0771865274,310444.7043324455
Southwest Airlines,597,origin,LAX,-1689593.4354288722,-1043456.7015018368
Southwest Airlines,597,dest,PHX,-1115699.3885834513,-1205089.0053395256
Southwest Airlines,598,origin,LAX,-1689593.4354288722,-1043456.7015018368
Southwest Airlines,598,dest,PIT,1653058.7188770992,-301571.10045485134
Southwest Airlines,599,origin,LAX,-1689593.4354288722,-1043456.7015018368
Southwest Airlines,599,dest,RNO,-1678096.5663649472,-409666.019399356
Southwest Airlines,600,origin,LAX,-1689593.4354288722,-1043456.7015018368
Southwest Airlines,600,dest,SAT,149495.41162521293,-1713236.8214802423
Southwest Airlines,601,origin,LAX,-1689593.4354288722,-1043456.7015018368
Southwest Airlines,601,dest,SFO,-1945640.7538789264,-556902.5127197708
Southwest Airlines,602,origin,LAX,-1689593.4354288722,-1043456.7015018368
Southwest Airlines,602,dest,SJC,-1914820.4720456952,-595055.2286396603
Southwest Airlines,603,origin,LAX,-1689593.4354288722,-1043456.7015018368
Southwest Airlines,603,dest,SLC,-1004609.4621734885,-395049.06406783813
Southwest Airlines,604,origin,LAX,-1689593.4354288722,-1043456.7015018368
Southwest Airlines,604,dest,SMF,-1850472.0747063856,-458086.04301328777
Southwest Airlines,605,origin,LAX,-1689593.4354288722,-1043456.7015018368
Southwest Airlines,605,dest,STL,834066.6669227502,-646449.0468188728
Southwest Airlines,606,origin,LAX,-1689593.4354288722,-1043456.7015018368
Southwest Airlines,606,dest,TUS,-1033490.7270596127,-1363482.3767388165
Southwest Airlines,607,origin,LBB,-169260.8260850428,-1256692.0105488796
Southwest Airlines,607,dest,AUS,225823.07315140465,-1638702.7618488022
Southwest Airlines,608,origin,LBB,-169260.8260850428,-1256692.0105488796
Southwest Airlines,608,dest,DAL,295794.1446696455,-1343507.98461109
Southwest Airlines,609,origin,LBB,-169260.8260850428,-1256692.0105488796
Southwest Airlines,609,dest,LAS,-1356682.4796960566,-868251.8410072095
Southwest Airlines,610,origin,LGA,2155684.513057,-122316.28523641168
Southwest Airlines,610,dest,ATL,1438837.9937618312,-1129310.979486318
Southwest Airlines,611,origin,LGA,2155684.513057,-122316.28523641168
Southwest Airlines,611,dest,BNA,1193955.4135102862,-891176.9680870201
Southwest Airlines,612,origin,LGA,2155684.513057,-122316.28523641168
Southwest Airlines,612,dest,DAL,295794.1446696455,-1343507.98461109
Southwest Airlines,613,origin,LGA,2155684.513057,-122316.28523641168
Southwest Airlines,613,dest,DEN,-398957.8437938119,-559911.2634607605
Southwest Airlines,614,origin,LGA,2155684.513057,-122316.28523641168
Southwest Airlines,614,dest,HOU,460280.73628586193,-1689712.830489488
Southwest Airlines,615,origin,LGA,2155684.513057,-122316.28523641168
Southwest Airlines,615,dest,MCI,455074.4312943624,-619331.8913740775
Southwest Airlines,616,origin,LGA,2155684.513057,-122316.28523641168
Southwest Airlines,616,dest,MDW,1011185.7905791268,-281702.30650750065
Southwest Airlines,617,origin,LGA,2155684.513057,-122316.28523641168
Southwest Airlines,617,dest,MKE,980769.513678976,-155418.02245427898
Southwest Airlines,618,origin,LGA,2155684.513057,-122316.28523641168
Southwest Airlines,618,dest,STL,834066.6669227502,-646449.0468188728
Southwest Airlines,619,origin,LGA,2155684.513057,-122316.28523641168
Southwest Airlines,619,dest,TPA,1720329.790563932,-1713285.848456208
Southwest Airlines,620,origin,LGB,-1669160.1672619907,-1062148.6422438323
Southwest Airlines,620,dest,DEN,-398957.8437938119,-559911.2634607605
Southwest Airlines,621,origin,LGB,-1669160.1672619907,-1062148.6422438323
Southwest Airlines,621,dest,LAS,-1356682.4796960566,-868251.8410072095
Southwest Airlines,622,origin,LGB,-1669160.1672619907,-1062148.6422438323
Southwest Airlines,622,dest,OAK,-1929816.947397706,-549399.1884917811
Southwest Airlines,623,origin,LGB,-1669160.1672619907,-1062148.6422438323
Southwest Airlines,623,dest,SMF,-1850472.0747063856,-458086.04301328777
Southwest Airlines,624,origin,LIT,712194.5002882322,-1107832.4518794755
Southwest Airlines,624,dest,DAL,295794.1446696455,-1343507.98461109
Southwest Airlines,625,origin,LIT,712194.5002882322,-1107832.4518794755
Southwest Airlines,625,dest,LAS,-1356682.4796960566,-868251.8410072095
Southwest Airlines,626,origin,LIT,712194.5002882322,-1107832.4518794755
Southwest Airlines,626,dest,PHX,-1115699.3885834513,-1205089.0053395256
Southwest Airlines,627,origin,LIT,712194.5002882322,-1107832.4518794755
Southwest Airlines,627,dest,STL,834066.6669227502,-646449.0468188728
Southwest Airlines,628,origin,MAF,-209054.6593990342,-1446122.8030006909
Southwest Airlines,628,dest,DAL,295794.1446696455,-1343507.98461109
Southwest Airlines,629,origin,MAF,-209054.6593990342,-1446122.8030006909
Southwest Airlines,629,dest,HOU,460280.73628586193,-1689712.830489488
Southwest Airlines,630,origin,MAF,-209054.6593990342,-1446122.8030006909
Southwest Airlines,630,dest,LAS,-1356682.4796960566,-868251.8410072095
Southwest Airlines,631,origin,MCI,455074.4312943624,-619331.8913740775
Southwest Airlines,631,dest,ABQ,-603104.745800889,-1082686.4778323667
Southwest Airlines,632,origin,MCI,455074.4312943624,-619331.8913740775
Southwest Airlines,632,dest,ATL,1438837.9937618312,-1129310.979486318
Southwest Airlines,633,origin,MCI,455074.4312943624,-619331.8913740775
Southwest Airlines,633,dest,AUS,225823.07315140465,-1638702.7618488022
Southwest Airlines,634,origin,MCI,455074.4312943624,-619331.8913740775
Southwest Airlines,634,dest,BNA,1193955.4135102862,-891176.9680870201
Southwest Airlines,635,origin,MCI,455074.4312943624,-619331.8913740775
Southwest Airlines,635,dest,BOS,2320658.4485041024,126152.13380139158
Southwest Airlines,636,origin,MCI,455074.4312943624,-619331.8913740775
Southwest Airlines,636,dest,BWI,1980887.5167152977,-365563.636502196
Southwest Airlines,637,origin,MCI,455074.4312943624,-619331.8913740775
Southwest Airlines,637,dest,DAL,295794.1446696455,-1343507.98461109
Southwest Airlines,638,origin,MCI,455074.4312943624,-619331.8913740775
Southwest Airlines,638,dest,DCA,1959959.090984065,-409479.41835946374
Southwest Airlines,639,origin,MCI,455074.4312943624,-619331.8913740775
Southwest Airlines,639,dest,DEN,-398957.8437938119,-559911.2634607605
Southwest Airlines,640,origin,MCI,455074.4312943624,-619331.8913740775
Southwest Airlines,640,dest,FLL,1989416.8668556917,-1869685.279595282
Southwest Airlines,641,origin,MCI,455074.4312943624,-619331.8913740775
Southwest Airlines,641,dest,HOU,460280.73628586193,-1689712.830489488
Southwest Airlines,642,origin,MCI,455074.4312943624,-619331.8913740775
Southwest Airlines,642,dest,IND,1166867.010981104,-490339.71160834696
Southwest Airlines,643,origin,MCI,455074.4312943624,-619331.8913740775
Southwest Airlines,643,dest,LAS,-1356682.4796960566,-868251.8410072095
Southwest Airlines,644,origin,MCI,455074.4312943624,-619331.8913740775
Southwest Airlines,644,dest,LAX,-1689593.4354288722,-1043456.7015018368
Southwest Airlines,645,origin,MCI,455074.4312943624,-619331.8913740775
Southwest Airlines,645,dest,LGA,2155684.513057,-122316.28523641168
Southwest Airlines,646,origin,MCI,455074.4312943624,-619331.8913740775
Southwest Airlines,646,dest,MCO,1829771.2698870576,-1638824.7811905802
Southwest Airlines,647,origin,MCI,455074.4312943624,-619331.8913740775
Southwest Airlines,647,dest,MDW,1011185.7905791268,-281702.30650750065
Southwest Airlines,648,origin,MCI,455074.4312943624,-619331.8913740775
Southwest Airlines,648,dest,MKE,980769.513678976,-155418.02245427898
Southwest Airlines,649,origin,MCI,455074.4312943624,-619331.8913740775
Southwest Airlines,649,dest,MSP,533284.8020873081,9198.64416372486
Southwest Airlines,650,origin,MCI,455074.4312943624,-619331.8913740775
Southwest Airlines,650,dest,MSY,943779.1568939897,-1610813.662288556
Southwest Airlines,651,origin,MCI,455074.4312943624,-619331.8913740775
Southwest Airlines,651,dest,OAK,-1929816.947397706,-549399.1884917811
Southwest Airlines,652,origin,MCI,455074.4312943624,-619331.8913740775
Southwest Airlines,652,dest,PDX,-1729571.0771865274,310444.7043324455
Southwest Airlines,653,origin,MCI,455074.4312943624,-619331.8913740775
Southwest Airlines,653,dest,PHX,-1115699.3885834513,-1205089.0053395256
Southwest Airlines,654,origin,MCI,455074.4312943624,-619331.8913740775
Southwest Airlines,654,dest,SAN,-1603701.5452417962,-1199220.2306533586
Southwest Airlines,655,origin,MCI,455074.4312943624,-619331.8913740775
Southwest Airlines,655,dest,SAT,149495.41162521293,-1713236.8214802423
Southwest Airlines,656,origin,MCI,455074.4312943624,-619331.8913740775
Southwest Airlines,656,dest,SEA,-1650755.3926562539,505066.6320739882
Southwest Airlines,657,origin,MCI,455074.4312943624,-619331.8913740775
Southwest Airlines,657,dest,STL,834066.6669227502,-646449.0468188728
Southwest Airlines,658,origin,MCI,455074.4312943624,-619331.8913740775
Southwest Airlines,658,dest,TPA,1720329.790563932,-1713285.848456208
Southwest Airlines,659,origin,MCO,1829771.2698870576,-1638824.7811905802
Southwest Airlines,659,dest,ALB,2093896.6988834653,90839.80353075745
Southwest Airlines,660,origin,MCO,1829771.2698870576,-1638824.7811905802
Southwest Airlines,660,dest,ATL,1438837.9937618312,-1129310.979486318
Southwest Airlines,661,origin,MCO,1829771.2698870576,-1638824.7811905802
Southwest Airlines,661,dest,AUS,225823.07315140465,-1638702.7618488022
Southwest Airlines,662,origin,MCO,1829771.2698870576,-1638824.7811905802
Southwest Airlines,662,dest,BDL,2208123.028463688,33971.4893617478
Southwest Airlines,663,origin,MCO,1829771.2698870576,-1638824.7811905802
Southwest Airlines,663,dest,BHM,1227516.423781454,-1173804.5684248093
Southwest Airlines,664,origin,MCO,1829771.2698870576,-1638824.7811905802
Southwest Airlines,664,dest,BNA,1193955.4135102862,-891176.9680870201
Southwest Airlines,665,origin,MCO,1829771.2698870576,-1638824.7811905802
Southwest Airlines,665,dest,BUF,1707245.286740146,-4371.266382491431
Southwest Airlines,666,origin,MCO,1829771.2698870576,-1638824.7811905802
Southwest Airlines,666,dest,BWI,1980887.5167152977,-365563.636502196
Southwest Airlines,667,origin,MCO,1829771.2698870576,-1638824.7811905802
Southwest Airlines,667,dest,CMH,1445821.7184349983,-405735.9494879742
Southwest Airlines,668,origin,MCO,1829771.2698870576,-1638824.7811905802
Southwest Airlines,668,dest,DAL,295794.1446696455,-1343507.98461109
Southwest Airlines,669,origin,MCO,1829771.2698870576,-1638824.7811905802
Southwest Airlines,669,dest,DCA,1959959.090984065,-409479.41835946374
Southwest Airlines,670,origin,MCO,1829771.2698870576,-1638824.7811905802
Southwest Airlines,670,dest,DEN,-398957.8437938119,-559911.2634607605
Southwest Airlines,671,origin,MCO,1829771.2698870576,-1638824.7811905802
Southwest Airlines,671,dest,EWR,2135095.905011877,-139210.669492847
Southwest Airlines,672,origin,MCO,1829771.2698870576,-1638824.7811905802
Southwest Airlines,672,dest,FLL,1989416.8668556917,-1869685.279595282
Southwest Airlines,673,origin,MCO,1829771.2698870576,-1638824.7811905802
Southwest Airlines,673,dest,HOU,460280.73628586193,-1689712.830489488
Southwest Airlines,674,origin,MCO,1829771.2698870576,-1638824.7811905802
Southwest Airlines,674,dest,IAD,1922328.2460675351,-409030.73296909296
Southwest Airlines,675,origin,MCO,1829771.2698870576,-1638824.7811905802
Southwest Airlines,675,dest,IND,1166867.010981104,-490339.71160834696
Southwest Airlines,676,origin,MCO,1829771.2698870576,-1638824.7811905802
Southwest Airlines,676,dest,ISP,2215883.546956132,-99560.578426239
Southwest Airlines,677,origin,MCO,1829771.2698870576,-1638824.7811905802
Southwest Airlines,677,dest,LAS,-1356682.4796960566,-868251.8410072095
Southwest Airlines,678,origin,MCO,1829771.2698870576,-1638824.7811905802
Southwest Airlines,678,dest,MCI,455074.4312943624,-619331.8913740775
Southwest Airlines,679,origin,MCO,1829771.2698870576,-1638824.7811905802
Southwest Airlines,679,dest,MDW,1011185.7905791268,-281702.30650750065
Southwest Airlines,680,origin,MCO,1829771.2698870576,-1638824.7811905802
Southwest Airlines,680,dest,MEM,913341.2595404746,-1051685.0479322155
Southwest Airlines,681,origin,MCO,1829771.2698870576,-1638824.7811905802
Southwest Airlines,681,dest,MHT,2266652.2564188894,174443.80657271238
Southwest Airlines,682,origin,MCO,1829771.2698870576,-1638824.7811905802
Southwest Airlines,682,dest,MKE,980769.513678976,-155418.02245427898
Southwest Airlines,683,origin,MCO,1829771.2698870576,-1638824.7811905802
Southwest Airlines,683,dest,MSY,943779.1568939897,-1610813.662288556
Southwest Airlines,684,origin,MCO,1829771.2698870576,-1638824.7811905802
Southwest Airlines,684,dest,ORF,2086513.5755781755,-600723.1638676772
Southwest Airlines,685,origin,MCO,1829771.2698870576,-1638824.7811905802
Southwest Airlines,685,dest,PHL,2075929.4181951769,-255080.32292677445
Southwest Airlines,686,origin,MCO,1829771.2698870576,-1638824.7811905802
Southwest Airlines,686,dest,PHX,-1115699.3885834513,-1205089.0053395256
Southwest Airlines,687,origin,MCO,1829771.2698870576,-1638824.7811905802
Southwest Airlines,687,dest,PIT,1653058.7188770992,-301571.10045485134
Southwest Airlines,688,origin,MCO,1829771.2698870576,-1638824.7811905802
Southwest Airlines,688,dest,PVD,2312630.224903233,45984.38112504096
Southwest Airlines,689,origin,MCO,1829771.2698870576,-1638824.7811905802
Southwest Airlines,689,dest,RDU,1892329.2704660424,-772779.4700067013
Southwest Airlines,690,origin,MCO,1829771.2698870576,-1638824.7811905802
Southwest Airlines,690,dest,ROC,1784302.386940441,37810.92949343497
Southwest Airlines,691,origin,MCO,1829771.2698870576,-1638824.7811905802
Southwest Airlines,691,dest,SAN,-1603701.5452417962,-1199220.2306533586
Southwest Airlines,692,origin,MCO,1829771.2698870576,-1638824.7811905802
Southwest Airlines,692,dest,SAT,149495.41162521293,-1713236.8214802423
Southwest Airlines,693,origin,MCO,1829771.2698870576,-1638824.7811905802
Southwest Airlines,693,dest,SDF,1241535.522119959,-652005.0450171886
Southwest Airlines,694,origin,MCO,1829771.2698870576,-1638824.7811905802
Southwest Airlines,694,dest,SJU,NA,NA
Southwest Airlines,695,origin,MCO,1829771.2698870576,-1638824.7811905802
Southwest Airlines,695,dest,STL,834066.6669227502,-646449.0468188728
Southwest Airlines,696,origin,MDW,1011185.7905791268,-281702.30650750065
Southwest Airlines,696,dest,ABQ,-603104.745800889,-1082686.4778323667
Southwest Airlines,697,origin,MDW,1011185.7905791268,-281702.30650750065
Southwest Airlines,697,dest,ALB,2093896.6988834653,90839.80353075745
Southwest Airlines,698,origin,MDW,1011185.7905791268,-281702.30650750065
Southwest Airlines,698,dest,ATL,1438837.9937618312,-1129310.979486318
Southwest Airlines,699,origin,MDW,1011185.7905791268,-281702.30650750065
Southwest Airlines,699,dest,AUS,225823.07315140465,-1638702.7618488022
Southwest Airlines,700,origin,MDW,1011185.7905791268,-281702.30650750065
Southwest Airlines,700,dest,BDL,2208123.028463688,33971.4893617478
Southwest Airlines,701,origin,MDW,1011185.7905791268,-281702.30650750065
Southwest Airlines,701,dest,BHM,1227516.423781454,-1173804.5684248093
Southwest Airlines,702,origin,MDW,1011185.7905791268,-281702.30650750065
Southwest Airlines,702,dest,BNA,1193955.4135102862,-891176.9680870201
Southwest Airlines,703,origin,MDW,1011185.7905791268,-281702.30650750065
Southwest Airlines,703,dest,BOS,2320658.4485041024,126152.13380139158
Southwest Airlines,704,origin,MDW,1011185.7905791268,-281702.30650750065
Southwest Airlines,704,dest,BUF,1707245.286740146,-4371.266382491431
Southwest Airlines,705,origin,MDW,1011185.7905791268,-281702.30650750065
Southwest Airlines,705,dest,BWI,1980887.5167152977,-365563.636502196
Southwest Airlines,706,origin,MDW,1011185.7905791268,-281702.30650750065
Southwest Airlines,706,dest,CHS,1853007.6958618572,-1124845.6869020823
Southwest Airlines,707,origin,MDW,1011185.7905791268,-281702.30650750065
Southwest Airlines,707,dest,CLE,1498726.2792607923,-232627.15593650908
Southwest Airlines,708,origin,MDW,1011185.7905791268,-281702.30650750065
Southwest Airlines,708,dest,CLT,1718765.594159813,-891788.5105128315
Southwest Airlines,709,origin,MDW,1011185.7905791268,-281702.30650750065
Southwest Airlines,709,dest,CMH,1445821.7184349983,-405735.9494879742
Southwest Airlines,710,origin,MDW,1011185.7905791268,-281702.30650750065
Southwest Airlines,710,dest,CVG,1316490.950820449,-539409.9479712159
Southwest Airlines,711,origin,MDW,1011185.7905791268,-281702.30650750065
Southwest Airlines,711,dest,DAL,295794.1446696455,-1343507.98461109
Southwest Airlines,712,origin,MDW,1011185.7905791268,-281702.30650750065
Southwest Airlines,712,dest,DCA,1959959.090984065,-409479.41835946374
Southwest Airlines,713,origin,MDW,1011185.7905791268,-281702.30650750065
Southwest Airlines,713,dest,DEN,-398957.8437938119,-559911.2634607605
Southwest Airlines,714,origin,MDW,1011185.7905791268,-281702.30650750065
Southwest Airlines,714,dest,DTW,1359641.697254995,-170996.60408534826
Southwest Airlines,715,origin,MDW,1011185.7905791268,-281702.30650750065
Southwest Airlines,715,dest,EWR,2135095.905011877,-139210.669492847
Southwest Airlines,716,origin,MDW,1011185.7905791268,-281702.30650750065
Southwest Airlines,716,dest,FLL,1989416.8668556917,-1869685.279595282
Southwest Airlines,717,origin,MDW,1011185.7905791268,-281702.30650750065
Southwest Airlines,717,dest,FNT,1311994.7209737643,-94908.29069657825
Southwest Airlines,718,origin,MDW,1011185.7905791268,-281702.30650750065
Southwest Airlines,718,dest,GRR,1172122.820083283,-131332.61154739256
Southwest Airlines,719,origin,MDW,1011185.7905791268,-281702.30650750065
Southwest Airlines,719,dest,HOU,460280.73628586193,-1689712.830489488
Southwest Airlines,720,origin,MDW,1011185.7905791268,-281702.30650750065
Southwest Airlines,720,dest,IND,1166867.010981104,-490339.71160834696
Southwest Airlines,721,origin,MDW,1011185.7905791268,-281702.30650750065
Southwest Airlines,721,dest,JAX,1752547.7524868262,-1421732.3716896002
Southwest Airlines,722,origin,MDW,1011185.7905791268,-281702.30650750065
Southwest Airlines,722,dest,LAS,-1356682.4796960566,-868251.8410072095
Southwest Airlines,723,origin,MDW,1011185.7905791268,-281702.30650750065
Southwest Airlines,723,dest,LAX,-1689593.4354288722,-1043456.7015018368
Southwest Airlines,724,origin,MDW,1011185.7905791268,-281702.30650750065
Southwest Airlines,724,dest,LGA,2155684.513057,-122316.28523641168
Southwest Airlines,725,origin,MDW,1011185.7905791268,-281702.30650750065
Southwest Airlines,725,dest,MCI,455074.4312943624,-619331.8913740775
Southwest Airlines,726,origin,MDW,1011185.7905791268,-281702.30650750065
Southwest Airlines,726,dest,MCO,1829771.2698870576,-1638824.7811905802
Southwest Airlines,727,origin,MDW,1011185.7905791268,-281702.30650750065
Southwest Airlines,727,dest,MEM,913341.2595404746,-1051685.0479322155
Southwest Airlines,728,origin,MDW,1011185.7905791268,-281702.30650750065
Southwest Airlines,728,dest,MHT,2266652.2564188894,174443.80657271238
Southwest Airlines,729,origin,MDW,1011185.7905791268,-281702.30650750065
Southwest Airlines,729,dest,MSP,533284.8020873081,9198.64416372486
Southwest Airlines,730,origin,MDW,1011185.7905791268,-281702.30650750065
Southwest Airlines,730,dest,MSY,943779.1568939897,-1610813.662288556
Southwest Airlines,731,origin,MDW,1011185.7905791268,-281702.30650750065
Southwest Airlines,731,dest,OAK,-1929816.947397706,-549399.1884917811
Southwest Airlines,732,origin,MDW,1011185.7905791268,-281702.30650750065
Southwest Airlines,732,dest,OKC,218240.3077465392,-1063902.9710996167
Southwest Airlines,733,origin,MDW,1011185.7905791268,-281702.30650750065
Southwest Airlines,733,dest,OMA,343006.6325637459,-402442.5398354072
Southwest Airlines,734,origin,MDW,1011185.7905791268,-281702.30650750065
Southwest Airlines,734,dest,ONT,-1614545.9907031525,-1046821.4894757676
Southwest Airlines,735,origin,MDW,1011185.7905791268,-281702.30650750065
Southwest Airlines,735,dest,ORF,2086513.5755781755,-600723.1638676772
Southwest Airlines,736,origin,MDW,1011185.7905791268,-281702.30650750065
Southwest Airlines,736,dest,PDX,-1729571.0771865274,310444.7043324455
Southwest Airlines,737,origin,MDW,1011185.7905791268,-281702.30650750065
Southwest Airlines,737,dest,PHL,2075929.4181951769,-255080.32292677445
Southwest Airlines,738,origin,MDW,1011185.7905791268,-281702.30650750065
Southwest Airlines,738,dest,PHX,-1115699.3885834513,-1205089.0053395256
Southwest Airlines,739,origin,MDW,1011185.7905791268,-281702.30650750065
Southwest Airlines,739,dest,PIT,1653058.7188770992,-301571.10045485134
Southwest Airlines,740,origin,MDW,1011185.7905791268,-281702.30650750065
Southwest Airlines,740,dest,PVD,2312630.224903233,45984.38112504096
Southwest Airlines,741,origin,MDW,1011185.7905791268,-281702.30650750065
Southwest Airlines,741,dest,RDU,1892329.2704660424,-772779.4700067013
Southwest Airlines,742,origin,MDW,1011185.7905791268,-281702.30650750065
Southwest Airlines,742,dest,RNO,-1678096.5663649472,-409666.019399356
Southwest Airlines,743,origin,MDW,1011185.7905791268,-281702.30650750065
Southwest Airlines,743,dest,RSW,1822839.8385921961,-1854169.26849232
Southwest Airlines,744,origin,MDW,1011185.7905791268,-281702.30650750065
Southwest Airlines,744,dest,SAN,-1603701.5452417962,-1199220.2306533586
Southwest Airlines,745,origin,MDW,1011185.7905791268,-281702.30650750065
Southwest Airlines,745,dest,SAT,149495.41162521293,-1713236.8214802423
Southwest Airlines,746,origin,MDW,1011185.7905791268,-281702.30650750065
Southwest Airlines,746,dest,SDF,1241535.522119959,-652005.0450171886
Southwest Airlines,747,origin,MDW,1011185.7905791268,-281702.30650750065
Southwest Airlines,747,dest,SEA,-1650755.3926562539,505066.6320739882
Southwest Airlines,748,origin,MDW,1011185.7905791268,-281702.30650750065
Southwest Airlines,748,dest,SFO,-1945640.7538789264,-556902.5127197708
Southwest Airlines,749,origin,MDW,1011185.7905791268,-281702.30650750065
Southwest Airlines,749,dest,SJC,-1914820.4720456952,-595055.2286396603
Southwest Airlines,750,origin,MDW,1011185.7905791268,-281702.30650750065
Southwest Airlines,750,dest,SJU,NA,NA
Southwest Airlines,751,origin,MDW,1011185.7905791268,-281702.30650750065
Southwest Airlines,751,dest,SLC,-1004609.4621734885,-395049.06406783813
Southwest Airlines,752,origin,MDW,1011185.7905791268,-281702.30650750065
Southwest Airlines,752,dest,SMF,-1850472.0747063856,-458086.04301328777
Southwest Airlines,753,origin,MDW,1011185.7905791268,-281702.30650750065
Southwest Airlines,753,dest,SNA,-1646508.559850192,-1083248.598617272
Southwest Airlines,754,origin,MDW,1011185.7905791268,-281702.30650750065
Southwest Airlines,754,dest,STL,834066.6669227502,-646449.0468188728
Southwest Airlines,755,origin,MDW,1011185.7905791268,-281702.30650750065
Southwest Airlines,755,dest,TPA,1720329.790563932,-1713285.848456208
Southwest Airlines,756,origin,MDW,1011185.7905791268,-281702.30650750065
Southwest Airlines,756,dest,TUS,-1033490.7270596127,-1363482.3767388165
Southwest Airlines,757,origin,MEM,913341.2595404746,-1051685.0479322155
Southwest Airlines,757,dest,BWI,1980887.5167152977,-365563.636502196
Southwest Airlines,758,origin,MEM,913341.2595404746,-1051685.0479322155
Southwest Airlines,758,dest,DAL,295794.1446696455,-1343507.98461109
Southwest Airlines,759,origin,MEM,913341.2595404746,-1051685.0479322155
Southwest Airlines,759,dest,HOU,460280.73628586193,-1689712.830489488
Southwest Airlines,760,origin,MEM,913341.2595404746,-1051685.0479322155
Southwest Airlines,760,dest,MCO,1829771.2698870576,-1638824.7811905802
Southwest Airlines,761,origin,MEM,913341.2595404746,-1051685.0479322155
Southwest Airlines,761,dest,MDW,1011185.7905791268,-281702.30650750065
Southwest Airlines,762,origin,MEM,913341.2595404746,-1051685.0479322155
Southwest Airlines,762,dest,TPA,1720329.790563932,-1713285.848456208
Southwest Airlines,763,origin,MHT,2266652.2564188894,174443.80657271238
Southwest Airlines,763,dest,BWI,1980887.5167152977,-365563.636502196
Southwest Airlines,764,origin,MHT,2266652.2564188894,174443.80657271238
Southwest Airlines,764,dest,MCO,1829771.2698870576,-1638824.7811905802
Southwest Airlines,765,origin,MHT,2266652.2564188894,174443.80657271238
Southwest Airlines,765,dest,MDW,1011185.7905791268,-281702.30650750065
Southwest Airlines,766,origin,MHT,2266652.2564188894,174443.80657271238
Southwest Airlines,766,dest,TPA,1720329.790563932,-1713285.848456208
Southwest Airlines,767,origin,MKE,980769.513678976,-155418.02245427898
Southwest Airlines,767,dest,ATL,1438837.9937618312,-1129310.979486318
Southwest Airlines,768,origin,MKE,980769.513678976,-155418.02245427898
Southwest Airlines,768,dest,BOS,2320658.4485041024,126152.13380139158
Southwest Airlines,769,origin,MKE,980769.513678976,-155418.02245427898
Southwest Airlines,769,dest,BWI,1980887.5167152977,-365563.636502196
Southwest Airlines,770,origin,MKE,980769.513678976,-155418.02245427898
Southwest Airlines,770,dest,DAL,295794.1446696455,-1343507.98461109
Southwest Airlines,771,origin,MKE,980769.513678976,-155418.02245427898
Southwest Airlines,771,dest,DCA,1959959.090984065,-409479.41835946374
Southwest Airlines,772,origin,MKE,980769.513678976,-155418.02245427898
Southwest Airlines,772,dest,DEN,-398957.8437938119,-559911.2634607605
Southwest Airlines,773,origin,MKE,980769.513678976,-155418.02245427898
Southwest Airlines,773,dest,LAS,-1356682.4796960566,-868251.8410072095
Southwest Airlines,774,origin,MKE,980769.513678976,-155418.02245427898
Southwest Airlines,774,dest,LAX,-1689593.4354288722,-1043456.7015018368
Southwest Airlines,775,origin,MKE,980769.513678976,-155418.02245427898
Southwest Airlines,775,dest,LGA,2155684.513057,-122316.28523641168
Southwest Airlines,776,origin,MKE,980769.513678976,-155418.02245427898
Southwest Airlines,776,dest,MCI,455074.4312943624,-619331.8913740775
Southwest Airlines,777,origin,MKE,980769.513678976,-155418.02245427898
Southwest Airlines,777,dest,MCO,1829771.2698870576,-1638824.7811905802
Southwest Airlines,778,origin,MKE,980769.513678976,-155418.02245427898
Southwest Airlines,778,dest,MSP,533284.8020873081,9198.64416372486
Southwest Airlines,779,origin,MKE,980769.513678976,-155418.02245427898
Southwest Airlines,779,dest,PHX,-1115699.3885834513,-1205089.0053395256
Southwest Airlines,780,origin,MKE,980769.513678976,-155418.02245427898
Southwest Airlines,780,dest,STL,834066.6669227502,-646449.0468188728
Southwest Airlines,781,origin,MKE,980769.513678976,-155418.02245427898
Southwest Airlines,781,dest,TPA,1720329.790563932,-1713285.848456208
Southwest Airlines,782,origin,MSP,533284.8020873081,9198.64416372486
Southwest Airlines,782,dest,ATL,1438837.9937618312,-1129310.979486318
Southwest Airlines,783,origin,MSP,533284.8020873081,9198.64416372486
Southwest Airlines,783,dest,BNA,1193955.4135102862,-891176.9680870201
Southwest Airlines,784,origin,MSP,533284.8020873081,9198.64416372486
Southwest Airlines,784,dest,BWI,1980887.5167152977,-365563.636502196
Southwest Airlines,785,origin,MSP,533284.8020873081,9198.64416372486
Southwest Airlines,785,dest,DEN,-398957.8437938119,-559911.2634607605
Southwest Airlines,786,origin,MSP,533284.8020873081,9198.64416372486
Southwest Airlines,786,dest,MCI,455074.4312943624,-619331.8913740775
Southwest Airlines,787,origin,MSP,533284.8020873081,9198.64416372486
Southwest Airlines,787,dest,MDW,1011185.7905791268,-281702.30650750065
Southwest Airlines,788,origin,MSP,533284.8020873081,9198.64416372486
Southwest Airlines,788,dest,MKE,980769.513678976,-155418.02245427898
Southwest Airlines,789,origin,MSP,533284.8020873081,9198.64416372486
Southwest Airlines,789,dest,PHX,-1115699.3885834513,-1205089.0053395256
Southwest Airlines,790,origin,MSP,533284.8020873081,9198.64416372486
Southwest Airlines,790,dest,STL,834066.6669227502,-646449.0468188728
Southwest Airlines,791,origin,MSY,943779.1568939897,-1610813.662288556
Southwest Airlines,791,dest,ATL,1438837.9937618312,-1129310.979486318
Southwest Airlines,792,origin,MSY,943779.1568939897,-1610813.662288556
Southwest Airlines,792,dest,AUS,225823.07315140465,-1638702.7618488022
Southwest Airlines,793,origin,MSY,943779.1568939897,-1610813.662288556
Southwest Airlines,793,dest,BNA,1193955.4135102862,-891176.9680870201
Southwest Airlines,794,origin,MSY,943779.1568939897,-1610813.662288556
Southwest Airlines,794,dest,BWI,1980887.5167152977,-365563.636502196
Southwest Airlines,795,origin,MSY,943779.1568939897,-1610813.662288556
Southwest Airlines,795,dest,CMH,1445821.7184349983,-405735.9494879742
Southwest Airlines,796,origin,MSY,943779.1568939897,-1610813.662288556
Southwest Airlines,796,dest,DAL,295794.1446696455,-1343507.98461109
Southwest Airlines,797,origin,MSY,943779.1568939897,-1610813.662288556
Southwest Airlines,797,dest,DCA,1959959.090984065,-409479.41835946374
Southwest Airlines,798,origin,MSY,943779.1568939897,-1610813.662288556
Southwest Airlines,798,dest,DEN,-398957.8437938119,-559911.2634607605
Southwest Airlines,799,origin,MSY,943779.1568939897,-1610813.662288556
Southwest Airlines,799,dest,FLL,1989416.8668556917,-1869685.279595282
Southwest Airlines,800,origin,MSY,943779.1568939897,-1610813.662288556
Southwest Airlines,800,dest,HOU,460280.73628586193,-1689712.830489488
Southwest Airlines,801,origin,MSY,943779.1568939897,-1610813.662288556
Southwest Airlines,801,dest,LAS,-1356682.4796960566,-868251.8410072095
Southwest Airlines,802,origin,MSY,943779.1568939897,-1610813.662288556
Southwest Airlines,802,dest,LAX,-1689593.4354288722,-1043456.7015018368
Southwest Airlines,803,origin,MSY,943779.1568939897,-1610813.662288556
Southwest Airlines,803,dest,MCI,455074.4312943624,-619331.8913740775
Southwest Airlines,804,origin,MSY,943779.1568939897,-1610813.662288556
Southwest Airlines,804,dest,MCO,1829771.2698870576,-1638824.7811905802
Southwest Airlines,805,origin,MSY,943779.1568939897,-1610813.662288556
Southwest Airlines,805,dest,MDW,1011185.7905791268,-281702.30650750065
Southwest Airlines,806,origin,MSY,943779.1568939897,-1610813.662288556
Southwest Airlines,806,dest,OAK,-1929816.947397706,-549399.1884917811
Southwest Airlines,807,origin,MSY,943779.1568939897,-1610813.662288556
Southwest Airlines,807,dest,PHX,-1115699.3885834513,-1205089.0053395256
Southwest Airlines,808,origin,MSY,943779.1568939897,-1610813.662288556
Southwest Airlines,808,dest,PIT,1653058.7188770992,-301571.10045485134
Southwest Airlines,809,origin,MSY,943779.1568939897,-1610813.662288556
Southwest Airlines,809,dest,RDU,1892329.2704660424,-772779.4700067013
Southwest Airlines,810,origin,MSY,943779.1568939897,-1610813.662288556
Southwest Airlines,810,dest,SAN,-1603701.5452417962,-1199220.2306533586
Southwest Airlines,811,origin,MSY,943779.1568939897,-1610813.662288556
Southwest Airlines,811,dest,SAT,149495.41162521293,-1713236.8214802423
Southwest Airlines,812,origin,MSY,943779.1568939897,-1610813.662288556
Southwest Airlines,812,dest,STL,834066.6669227502,-646449.0468188728
Southwest Airlines,813,origin,MSY,943779.1568939897,-1610813.662288556
Southwest Airlines,813,dest,TPA,1720329.790563932,-1713285.848456208
Southwest Airlines,814,origin,OAK,-1929816.947397706,-549399.1884917811
Southwest Airlines,814,dest,ABQ,-603104.745800889,-1082686.4778323667
Southwest Airlines,815,origin,OAK,-1929816.947397706,-549399.1884917811
Southwest Airlines,815,dest,ATL,1438837.9937618312,-1129310.979486318
Southwest Airlines,816,origin,OAK,-1929816.947397706,-549399.1884917811
Southwest Airlines,816,dest,AUS,225823.07315140465,-1638702.7618488022
Southwest Airlines,817,origin,OAK,-1929816.947397706,-549399.1884917811
Southwest Airlines,817,dest,BNA,1193955.4135102862,-891176.9680870201
Southwest Airlines,818,origin,OAK,-1929816.947397706,-549399.1884917811
Southwest Airlines,818,dest,BOI,-1296364.617988922,-29797.04410178459
Southwest Airlines,819,origin,OAK,-1929816.947397706,-549399.1884917811
Southwest Airlines,819,dest,BUR,-1679613.0736233827,-1016244.4677102008
Southwest Airlines,820,origin,OAK,-1929816.947397706,-549399.1884917811
Southwest Airlines,820,dest,BWI,1980887.5167152977,-365563.636502196
Southwest Airlines,821,origin,OAK,-1929816.947397706,-549399.1884917811
Southwest Airlines,821,dest,CMH,1445821.7184349983,-405735.9494879742
Southwest Airlines,822,origin,OAK,-1929816.947397706,-549399.1884917811
Southwest Airlines,822,dest,DAL,295794.1446696455,-1343507.98461109
Southwest Airlines,823,origin,OAK,-1929816.947397706,-549399.1884917811
Southwest Airlines,823,dest,DEN,-398957.8437938119,-559911.2634607605
Southwest Airlines,824,origin,OAK,-1929816.947397706,-549399.1884917811
Southwest Airlines,824,dest,GEG,-1301359.421680582,434754.4516689109
Southwest Airlines,825,origin,OAK,-1929816.947397706,-549399.1884917811
Southwest Airlines,825,dest,HOU,460280.73628586193,-1689712.830489488
Southwest Airlines,826,origin,OAK,-1929816.947397706,-549399.1884917811
Southwest Airlines,826,dest,LAS,-1356682.4796960566,-868251.8410072095
Southwest Airlines,827,origin,OAK,-1929816.947397706,-549399.1884917811
Southwest Airlines,827,dest,LAX,-1689593.4354288722,-1043456.7015018368
Southwest Airlines,828,origin,OAK,-1929816.947397706,-549399.1884917811
Southwest Airlines,828,dest,LGB,-1669160.1672619907,-1062148.6422438323
Southwest Airlines,829,origin,OAK,-1929816.947397706,-549399.1884917811
Southwest Airlines,829,dest,MCI,455074.4312943624,-619331.8913740775
Southwest Airlines,830,origin,OAK,-1929816.947397706,-549399.1884917811
Southwest Airlines,830,dest,MDW,1011185.7905791268,-281702.30650750065
Southwest Airlines,831,origin,OAK,-1929816.947397706,-549399.1884917811
Southwest Airlines,831,dest,MSY,943779.1568939897,-1610813.662288556
Southwest Airlines,832,origin,OAK,-1929816.947397706,-549399.1884917811
Southwest Airlines,832,dest,ONT,-1614545.9907031525,-1046821.4894757676
Southwest Airlines,833,origin,OAK,-1929816.947397706,-549399.1884917811
Southwest Airlines,833,dest,PDX,-1729571.0771865274,310444.7043324455
Southwest Airlines,834,origin,OAK,-1929816.947397706,-549399.1884917811
Southwest Airlines,834,dest,PHX,-1115699.3885834513,-1205089.0053395256
Southwest Airlines,835,origin,OAK,-1929816.947397706,-549399.1884917811
Southwest Airlines,835,dest,RNO,-1678096.5663649472,-409666.019399356
Southwest Airlines,836,origin,OAK,-1929816.947397706,-549399.1884917811
Southwest Airlines,836,dest,SAN,-1603701.5452417962,-1199220.2306533586
Southwest Airlines,837,origin,OAK,-1929816.947397706,-549399.1884917811
Southwest Airlines,837,dest,SEA,-1650755.3926562539,505066.6320739882
Southwest Airlines,838,origin,OAK,-1929816.947397706,-549399.1884917811
Southwest Airlines,838,dest,SLC,-1004609.4621734885,-395049.06406783813
Southwest Airlines,839,origin,OAK,-1929816.947397706,-549399.1884917811
Southwest Airlines,839,dest,SNA,-1646508.559850192,-1083248.598617272
Southwest Airlines,840,origin,OAK,-1929816.947397706,-549399.1884917811
Southwest Airlines,840,dest,STL,834066.6669227502,-646449.0468188728
Southwest Airlines,841,origin,OKC,218240.3077465392,-1063902.9710996167
Southwest Airlines,841,dest,BWI,1980887.5167152977,-365563.636502196
Southwest Airlines,842,origin,OKC,218240.3077465392,-1063902.9710996167
Southwest Airlines,842,dest,DAL,295794.1446696455,-1343507.98461109
Southwest Airlines,843,origin,OKC,218240.3077465392,-1063902.9710996167
Southwest Airlines,843,dest,DEN,-398957.8437938119,-559911.2634607605
Southwest Airlines,844,origin,OKC,218240.3077465392,-1063902.9710996167
Southwest Airlines,844,dest,HOU,460280.73628586193,-1689712.830489488
Southwest Airlines,845,origin,OKC,218240.3077465392,-1063902.9710996167
Southwest Airlines,845,dest,LAS,-1356682.4796960566,-868251.8410072095
Southwest Airlines,846,origin,OKC,218240.3077465392,-1063902.9710996167
Southwest Airlines,846,dest,MDW,1011185.7905791268,-281702.30650750065
Southwest Airlines,847,origin,OKC,218240.3077465392,-1063902.9710996167
Southwest Airlines,847,dest,PHX,-1115699.3885834513,-1205089.0053395256
Southwest Airlines,848,origin,OKC,218240.3077465392,-1063902.9710996167
Southwest Airlines,848,dest,STL,834066.6669227502,-646449.0468188728
Southwest Airlines,849,origin,OMA,343006.6325637459,-402442.5398354072
Southwest Airlines,849,dest,DAL,295794.1446696455,-1343507.98461109
Southwest Airlines,850,origin,OMA,343006.6325637459,-402442.5398354072
Southwest Airlines,850,dest,DCA,1959959.090984065,-409479.41835946374
Southwest Airlines,851,origin,OMA,343006.6325637459,-402442.5398354072
Southwest Airlines,851,dest,DEN,-398957.8437938119,-559911.2634607605
Southwest Airlines,852,origin,OMA,343006.6325637459,-402442.5398354072
Southwest Airlines,852,dest,HOU,460280.73628586193,-1689712.830489488
Southwest Airlines,853,origin,OMA,343006.6325637459,-402442.5398354072
Southwest Airlines,853,dest,LAS,-1356682.4796960566,-868251.8410072095
Southwest Airlines,854,origin,OMA,343006.6325637459,-402442.5398354072
Southwest Airlines,854,dest,MDW,1011185.7905791268,-281702.30650750065
Southwest Airlines,855,origin,OMA,343006.6325637459,-402442.5398354072
Southwest Airlines,855,dest,PHX,-1115699.3885834513,-1205089.0053395256
Southwest Airlines,856,origin,OMA,343006.6325637459,-402442.5398354072
Southwest Airlines,856,dest,STL,834066.6669227502,-646449.0468188728
Southwest Airlines,857,origin,ONT,-1614545.9907031525,-1046821.4894757676
Southwest Airlines,857,dest,DAL,295794.1446696455,-1343507.98461109
Southwest Airlines,858,origin,ONT,-1614545.9907031525,-1046821.4894757676
Southwest Airlines,858,dest,DEN,-398957.8437938119,-559911.2634607605
Southwest Airlines,859,origin,ONT,-1614545.9907031525,-1046821.4894757676
Southwest Airlines,859,dest,LAS,-1356682.4796960566,-868251.8410072095
Southwest Airlines,860,origin,ONT,-1614545.9907031525,-1046821.4894757676
Southwest Airlines,860,dest,MDW,1011185.7905791268,-281702.30650750065
Southwest Airlines,861,origin,ONT,-1614545.9907031525,-1046821.4894757676
Southwest Airlines,861,dest,OAK,-1929816.947397706,-549399.1884917811
Southwest Airlines,862,origin,ONT,-1614545.9907031525,-1046821.4894757676
Southwest Airlines,862,dest,PDX,-1729571.0771865274,310444.7043324455
Southwest Airlines,863,origin,ONT,-1614545.9907031525,-1046821.4894757676
Southwest Airlines,863,dest,PHX,-1115699.3885834513,-1205089.0053395256
Southwest Airlines,864,origin,ONT,-1614545.9907031525,-1046821.4894757676
Southwest Airlines,864,dest,SJC,-1914820.4720456952,-595055.2286396603
Southwest Airlines,865,origin,ONT,-1614545.9907031525,-1046821.4894757676
Southwest Airlines,865,dest,SMF,-1850472.0747063856,-458086.04301328777
Southwest Airlines,866,origin,ORF,2086513.5755781755,-600723.1638676772
Southwest Airlines,866,dest,BWI,1980887.5167152977,-365563.636502196
Southwest Airlines,867,origin,ORF,2086513.5755781755,-600723.1638676772
Southwest Airlines,867,dest,MCO,1829771.2698870576,-1638824.7811905802
Southwest Airlines,868,origin,ORF,2086513.5755781755,-600723.1638676772
Southwest Airlines,868,dest,MDW,1011185.7905791268,-281702.30650750065
Southwest Airlines,869,origin,PBI,1982322.2831828392,-1802085.774986376
Southwest Airlines,869,dest,ATL,1438837.9937618312,-1129310.979486318
Southwest Airlines,870,origin,PBI,1982322.2831828392,-1802085.774986376
Southwest Airlines,870,dest,BWI,1980887.5167152977,-365563.636502196
Southwest Airlines,871,origin,PBI,1982322.2831828392,-1802085.774986376
Southwest Airlines,871,dest,ISP,2215883.546956132,-99560.578426239
Southwest Airlines,872,origin,PDX,-1729571.0771865274,310444.7043324455
Southwest Airlines,872,dest,BUR,-1679613.0736233827,-1016244.4677102008
Southwest Airlines,873,origin,PDX,-1729571.0771865274,310444.7043324455
Southwest Airlines,873,dest,DAL,295794.1446696455,-1343507.98461109
Southwest Airlines,874,origin,PDX,-1729571.0771865274,310444.7043324455
Southwest Airlines,874,dest,DEN,-398957.8437938119,-559911.2634607605
Southwest Airlines,875,origin,PDX,-1729571.0771865274,310444.7043324455
Southwest Airlines,875,dest,LAS,-1356682.4796960566,-868251.8410072095
Southwest Airlines,876,origin,PDX,-1729571.0771865274,310444.7043324455
Southwest Airlines,876,dest,LAX,-1689593.4354288722,-1043456.7015018368
Southwest Airlines,877,origin,PDX,-1729571.0771865274,310444.7043324455
Southwest Airlines,877,dest,MCI,455074.4312943624,-619331.8913740775
Southwest Airlines,878,origin,PDX,-1729571.0771865274,310444.7043324455
Southwest Airlines,878,dest,MDW,1011185.7905791268,-281702.30650750065
Southwest Airlines,879,origin,PDX,-1729571.0771865274,310444.7043324455
Southwest Airlines,879,dest,OAK,-1929816.947397706,-549399.1884917811
Southwest Airlines,880,origin,PDX,-1729571.0771865274,310444.7043324455
Southwest Airlines,880,dest,ONT,-1614545.9907031525,-1046821.4894757676
Southwest Airlines,881,origin,PDX,-1729571.0771865274,310444.7043324455
Southwest Airlines,881,dest,PHX,-1115699.3885834513,-1205089.0053395256
Southwest Airlines,882,origin,PDX,-1729571.0771865274,310444.7043324455
Southwest Airlines,882,dest,SAN,-1603701.5452417962,-1199220.2306533586
Southwest Airlines,883,origin,PDX,-1729571.0771865274,310444.7043324455
Southwest Airlines,883,dest,SFO,-1945640.7538789264,-556902.5127197708
Southwest Airlines,884,origin,PDX,-1729571.0771865274,310444.7043324455
Southwest Airlines,884,dest,SJC,-1914820.4720456952,-595055.2286396603
Southwest Airlines,885,origin,PDX,-1729571.0771865274,310444.7043324455
Southwest Airlines,885,dest,SMF,-1850472.0747063856,-458086.04301328777
Southwest Airlines,886,origin,PDX,-1729571.0771865274,310444.7043324455
Southwest Airlines,886,dest,STL,834066.6669227502,-646449.0468188728
Southwest Airlines,887,origin,PHL,2075929.4181951769,-255080.32292677445
Southwest Airlines,887,dest,ATL,1438837.9937618312,-1129310.979486318
Southwest Airlines,888,origin,PHL,2075929.4181951769,-255080.32292677445
Southwest Airlines,888,dest,BNA,1193955.4135102862,-891176.9680870201
Southwest Airlines,889,origin,PHL,2075929.4181951769,-255080.32292677445
Southwest Airlines,889,dest,DAL,295794.1446696455,-1343507.98461109
Southwest Airlines,890,origin,PHL,2075929.4181951769,-255080.32292677445
Southwest Airlines,890,dest,DEN,-398957.8437938119,-559911.2634607605
Southwest Airlines,891,origin,PHL,2075929.4181951769,-255080.32292677445
Southwest Airlines,891,dest,FLL,1989416.8668556917,-1869685.279595282
Southwest Airlines,892,origin,PHL,2075929.4181951769,-255080.32292677445
Southwest Airlines,892,dest,LAS,-1356682.4796960566,-868251.8410072095
Southwest Airlines,893,origin,PHL,2075929.4181951769,-255080.32292677445
Southwest Airlines,893,dest,MCO,1829771.2698870576,-1638824.7811905802
Southwest Airlines,894,origin,PHL,2075929.4181951769,-255080.32292677445
Southwest Airlines,894,dest,MDW,1011185.7905791268,-281702.30650750065
Southwest Airlines,895,origin,PHL,2075929.4181951769,-255080.32292677445
Southwest Airlines,895,dest,PHX,-1115699.3885834513,-1205089.0053395256
Southwest Airlines,896,origin,PHL,2075929.4181951769,-255080.32292677445
Southwest Airlines,896,dest,STL,834066.6669227502,-646449.0468188728
Southwest Airlines,897,origin,PHL,2075929.4181951769,-255080.32292677445
Southwest Airlines,897,dest,TPA,1720329.790563932,-1713285.848456208
Southwest Airlines,898,origin,PHX,-1115699.3885834513,-1205089.0053395256
Southwest Airlines,898,dest,ABQ,-603104.745800889,-1082686.4778323667
Southwest Airlines,899,origin,PHX,-1115699.3885834513,-1205089.0053395256
Southwest Airlines,899,dest,ATL,1438837.9937618312,-1129310.979486318
Southwest Airlines,900,origin,PHX,-1115699.3885834513,-1205089.0053395256
Southwest Airlines,900,dest,AUS,225823.07315140465,-1638702.7618488022
Southwest Airlines,901,origin,PHX,-1115699.3885834513,-1205089.0053395256
Southwest Airlines,901,dest,BNA,1193955.4135102862,-891176.9680870201
Southwest Airlines,902,origin,PHX,-1115699.3885834513,-1205089.0053395256
Southwest Airlines,902,dest,BOI,-1296364.617988922,-29797.04410178459
Southwest Airlines,903,origin,PHX,-1115699.3885834513,-1205089.0053395256
Southwest Airlines,903,dest,BUF,1707245.286740146,-4371.266382491431
Southwest Airlines,904,origin,PHX,-1115699.3885834513,-1205089.0053395256
Southwest Airlines,904,dest,BUR,-1679613.0736233827,-1016244.4677102008
Southwest Airlines,905,origin,PHX,-1115699.3885834513,-1205089.0053395256
Southwest Airlines,905,dest,BWI,1980887.5167152977,-365563.636502196
Southwest Airlines,906,origin,PHX,-1115699.3885834513,-1205089.0053395256
Southwest Airlines,906,dest,CLE,1498726.2792607923,-232627.15593650908
Southwest Airlines,907,origin,PHX,-1115699.3885834513,-1205089.0053395256
Southwest Airlines,907,dest,CMH,1445821.7184349983,-405735.9494879742
Southwest Airlines,908,origin,PHX,-1115699.3885834513,-1205089.0053395256
Southwest Airlines,908,dest,DAL,295794.1446696455,-1343507.98461109
Southwest Airlines,909,origin,PHX,-1115699.3885834513,-1205089.0053395256
Southwest Airlines,909,dest,DEN,-398957.8437938119,-559911.2634607605
Southwest Airlines,910,origin,PHX,-1115699.3885834513,-1205089.0053395256
Southwest Airlines,910,dest,DTW,1359641.697254995,-170996.60408534826
Southwest Airlines,911,origin,PHX,-1115699.3885834513,-1205089.0053395256
Southwest Airlines,911,dest,ELP,-605825.3288960081,-1441254.1790057654
Southwest Airlines,912,origin,PHX,-1115699.3885834513,-1205089.0053395256
Southwest Airlines,912,dest,EWR,2135095.905011877,-139210.669492847
Southwest Airlines,913,origin,PHX,-1115699.3885834513,-1205089.0053395256
Southwest Airlines,913,dest,FLL,1989416.8668556917,-1869685.279595282
Southwest Airlines,914,origin,PHX,-1115699.3885834513,-1205089.0053395256
Southwest Airlines,914,dest,GEG,-1301359.421680582,434754.4516689109
Southwest Airlines,915,origin,PHX,-1115699.3885834513,-1205089.0053395256
Southwest Airlines,915,dest,HOU,460280.73628586193,-1689712.830489488
Southwest Airlines,916,origin,PHX,-1115699.3885834513,-1205089.0053395256
Southwest Airlines,916,dest,ICT,226443.7486944286,-813259.0022928995
Southwest Airlines,917,origin,PHX,-1115699.3885834513,-1205089.0053395256
Southwest Airlines,917,dest,IND,1166867.010981104,-490339.71160834696
Southwest Airlines,918,origin,PHX,-1115699.3885834513,-1205089.0053395256
Southwest Airlines,918,dest,LAS,-1356682.4796960566,-868251.8410072095
Southwest Airlines,919,origin,PHX,-1115699.3885834513,-1205089.0053395256
Southwest Airlines,919,dest,LAX,-1689593.4354288722,-1043456.7015018368
Southwest Airlines,920,origin,PHX,-1115699.3885834513,-1205089.0053395256
Southwest Airlines,920,dest,LIT,712194.5002882322,-1107832.4518794755
Southwest Airlines,921,origin,PHX,-1115699.3885834513,-1205089.0053395256
Southwest Airlines,921,dest,MCI,455074.4312943624,-619331.8913740775
Southwest Airlines,922,origin,PHX,-1115699.3885834513,-1205089.0053395256
Southwest Airlines,922,dest,MCO,1829771.2698870576,-1638824.7811905802
Southwest Airlines,923,origin,PHX,-1115699.3885834513,-1205089.0053395256
Southwest Airlines,923,dest,MDW,1011185.7905791268,-281702.30650750065
Southwest Airlines,924,origin,PHX,-1115699.3885834513,-1205089.0053395256
Southwest Airlines,924,dest,MKE,980769.513678976,-155418.02245427898
Southwest Airlines,925,origin,PHX,-1115699.3885834513,-1205089.0053395256
Southwest Airlines,925,dest,MSP,533284.8020873081,9198.64416372486
Southwest Airlines,926,origin,PHX,-1115699.3885834513,-1205089.0053395256
Southwest Airlines,926,dest,MSY,943779.1568939897,-1610813.662288556
Southwest Airlines,927,origin,PHX,-1115699.3885834513,-1205089.0053395256
Southwest Airlines,927,dest,OAK,-1929816.947397706,-549399.1884917811
Southwest Airlines,928,origin,PHX,-1115699.3885834513,-1205089.0053395256
Southwest Airlines,928,dest,OKC,218240.3077465392,-1063902.9710996167
Southwest Airlines,929,origin,PHX,-1115699.3885834513,-1205089.0053395256
Southwest Airlines,929,dest,OMA,343006.6325637459,-402442.5398354072
Southwest Airlines,930,origin,PHX,-1115699.3885834513,-1205089.0053395256
Southwest Airlines,930,dest,ONT,-1614545.9907031525,-1046821.4894757676
Southwest Airlines,931,origin,PHX,-1115699.3885834513,-1205089.0053395256
Southwest Airlines,931,dest,PDX,-1729571.0771865274,310444.7043324455
Southwest Airlines,932,origin,PHX,-1115699.3885834513,-1205089.0053395256
Southwest Airlines,932,dest,PHL,2075929.4181951769,-255080.32292677445
Southwest Airlines,933,origin,PHX,-1115699.3885834513,-1205089.0053395256
Southwest Airlines,933,dest,PIT,1653058.7188770992,-301571.10045485134
Southwest Airlines,934,origin,PHX,-1115699.3885834513,-1205089.0053395256
Southwest Airlines,934,dest,RDU,1892329.2704660424,-772779.4700067013
Southwest Airlines,935,origin,PHX,-1115699.3885834513,-1205089.0053395256
Southwest Airlines,935,dest,RNO,-1678096.5663649472,-409666.019399356
Southwest Airlines,936,origin,PHX,-1115699.3885834513,-1205089.0053395256
Southwest Airlines,936,dest,SAN,-1603701.5452417962,-1199220.2306533586
Southwest Airlines,937,origin,PHX,-1115699.3885834513,-1205089.0053395256
Southwest Airlines,937,dest,SAT,149495.41162521293,-1713236.8214802423
Southwest Airlines,938,origin,PHX,-1115699.3885834513,-1205089.0053395256
Southwest Airlines,938,dest,SDF,1241535.522119959,-652005.0450171886
Southwest Airlines,939,origin,PHX,-1115699.3885834513,-1205089.0053395256
Southwest Airlines,939,dest,SEA,-1650755.3926562539,505066.6320739882
Southwest Airlines,940,origin,PHX,-1115699.3885834513,-1205089.0053395256
Southwest Airlines,940,dest,SFO,-1945640.7538789264,-556902.5127197708
Southwest Airlines,941,origin,PHX,-1115699.3885834513,-1205089.0053395256
Southwest Airlines,941,dest,SJC,-1914820.4720456952,-595055.2286396603
Southwest Airlines,942,origin,PHX,-1115699.3885834513,-1205089.0053395256
Southwest Airlines,942,dest,SLC,-1004609.4621734885,-395049.06406783813
Southwest Airlines,943,origin,PHX,-1115699.3885834513,-1205089.0053395256
Southwest Airlines,943,dest,SMF,-1850472.0747063856,-458086.04301328777
Southwest Airlines,944,origin,PHX,-1115699.3885834513,-1205089.0053395256
Southwest Airlines,944,dest,SNA,-1646508.559850192,-1083248.598617272
Southwest Airlines,945,origin,PHX,-1115699.3885834513,-1205089.0053395256
Southwest Airlines,945,dest,STL,834066.6669227502,-646449.0468188728
Southwest Airlines,946,origin,PHX,-1115699.3885834513,-1205089.0053395256
Southwest Airlines,946,dest,TPA,1720329.790563932,-1713285.848456208
Southwest Airlines,947,origin,PHX,-1115699.3885834513,-1205089.0053395256
Southwest Airlines,947,dest,TUL,369902.00173730054,-968710.335093024
Southwest Airlines,948,origin,PIT,1653058.7188770992,-301571.10045485134
Southwest Airlines,948,dest,ATL,1438837.9937618312,-1129310.979486318
Southwest Airlines,949,origin,PIT,1653058.7188770992,-301571.10045485134
Southwest Airlines,949,dest,BNA,1193955.4135102862,-891176.9680870201
Southwest Airlines,950,origin,PIT,1653058.7188770992,-301571.10045485134
Southwest Airlines,950,dest,BWI,1980887.5167152977,-365563.636502196
Southwest Airlines,951,origin,PIT,1653058.7188770992,-301571.10045485134
Southwest Airlines,951,dest,DAL,295794.1446696455,-1343507.98461109
Southwest Airlines,952,origin,PIT,1653058.7188770992,-301571.10045485134
Southwest Airlines,952,dest,DEN,-398957.8437938119,-559911.2634607605
Southwest Airlines,953,origin,PIT,1653058.7188770992,-301571.10045485134
Southwest Airlines,953,dest,FLL,1989416.8668556917,-1869685.279595282
Southwest Airlines,954,origin,PIT,1653058.7188770992,-301571.10045485134
Southwest Airlines,954,dest,HOU,460280.73628586193,-1689712.830489488
Southwest Airlines,955,origin,PIT,1653058.7188770992,-301571.10045485134
Southwest Airlines,955,dest,LAS,-1356682.4796960566,-868251.8410072095
Southwest Airlines,956,origin,PIT,1653058.7188770992,-301571.10045485134
Southwest Airlines,956,dest,LAX,-1689593.4354288722,-1043456.7015018368
Southwest Airlines,957,origin,PIT,1653058.7188770992,-301571.10045485134
Southwest Airlines,957,dest,MCO,1829771.2698870576,-1638824.7811905802
Southwest Airlines,958,origin,PIT,1653058.7188770992,-301571.10045485134
Southwest Airlines,958,dest,MDW,1011185.7905791268,-281702.30650750065
Southwest Airlines,959,origin,PIT,1653058.7188770992,-301571.10045485134
Southwest Airlines,959,dest,MSY,943779.1568939897,-1610813.662288556
Southwest Airlines,960,origin,PIT,1653058.7188770992,-301571.10045485134
Southwest Airlines,960,dest,PHX,-1115699.3885834513,-1205089.0053395256
Southwest Airlines,961,origin,PIT,1653058.7188770992,-301571.10045485134
Southwest Airlines,961,dest,RSW,1822839.8385921961,-1854169.26849232
Southwest Airlines,962,origin,PIT,1653058.7188770992,-301571.10045485134
Southwest Airlines,962,dest,STL,834066.6669227502,-646449.0468188728
Southwest Airlines,963,origin,PIT,1653058.7188770992,-301571.10045485134
Southwest Airlines,963,dest,TPA,1720329.790563932,-1713285.848456208
Southwest Airlines,964,origin,PNS,1232374.963107157,-1519383.0474165194
Southwest Airlines,964,dest,BNA,1193955.4135102862,-891176.9680870201
Southwest Airlines,965,origin,PNS,1232374.963107157,-1519383.0474165194
Southwest Airlines,965,dest,HOU,460280.73628586193,-1689712.830489488
Southwest Airlines,966,origin,PVD,2312630.224903233,45984.38112504096
Southwest Airlines,966,dest,BWI,1980887.5167152977,-365563.636502196
Southwest Airlines,967,origin,PVD,2312630.224903233,45984.38112504096
Southwest Airlines,967,dest,DCA,1959959.090984065,-409479.41835946374
Southwest Airlines,968,origin,PVD,2312630.224903233,45984.38112504096
Southwest Airlines,968,dest,FLL,1989416.8668556917,-1869685.279595282
Southwest Airlines,969,origin,PVD,2312630.224903233,45984.38112504096
Southwest Airlines,969,dest,MCO,1829771.2698870576,-1638824.7811905802
Southwest Airlines,970,origin,PVD,2312630.224903233,45984.38112504096
Southwest Airlines,970,dest,MDW,1011185.7905791268,-281702.30650750065
Southwest Airlines,971,origin,PVD,2312630.224903233,45984.38112504096
Southwest Airlines,971,dest,TPA,1720329.790563932,-1713285.848456208
Southwest Airlines,972,origin,PWM,2323046.368311461,282201.85932739975
Southwest Airlines,972,dest,BWI,1980887.5167152977,-365563.636502196
Southwest Airlines,973,origin,RDU,1892329.2704660424,-772779.4700067013
Southwest Airlines,973,dest,ATL,1438837.9937618312,-1129310.979486318
Southwest Airlines,974,origin,RDU,1892329.2704660424,-772779.4700067013
Southwest Airlines,974,dest,BNA,1193955.4135102862,-891176.9680870201
Southwest Airlines,975,origin,RDU,1892329.2704660424,-772779.4700067013
Southwest Airlines,975,dest,BWI,1980887.5167152977,-365563.636502196
Southwest Airlines,976,origin,RDU,1892329.2704660424,-772779.4700067013
Southwest Airlines,976,dest,DAL,295794.1446696455,-1343507.98461109
Southwest Airlines,977,origin,RDU,1892329.2704660424,-772779.4700067013
Southwest Airlines,977,dest,DEN,-398957.8437938119,-559911.2634607605
Southwest Airlines,978,origin,RDU,1892329.2704660424,-772779.4700067013
Southwest Airlines,978,dest,FLL,1989416.8668556917,-1869685.279595282
Southwest Airlines,979,origin,RDU,1892329.2704660424,-772779.4700067013
Southwest Airlines,979,dest,HOU,460280.73628586193,-1689712.830489488
Southwest Airlines,980,origin,RDU,1892329.2704660424,-772779.4700067013
Southwest Airlines,980,dest,LAS,-1356682.4796960566,-868251.8410072095
Southwest Airlines,981,origin,RDU,1892329.2704660424,-772779.4700067013
Southwest Airlines,981,dest,MCO,1829771.2698870576,-1638824.7811905802
Southwest Airlines,982,origin,RDU,1892329.2704660424,-772779.4700067013
Southwest Airlines,982,dest,MDW,1011185.7905791268,-281702.30650750065
Southwest Airlines,983,origin,RDU,1892329.2704660424,-772779.4700067013
Southwest Airlines,983,dest,MSY,943779.1568939897,-1610813.662288556
Southwest Airlines,984,origin,RDU,1892329.2704660424,-772779.4700067013
Southwest Airlines,984,dest,PHX,-1115699.3885834513,-1205089.0053395256
Southwest Airlines,985,origin,RDU,1892329.2704660424,-772779.4700067013
Southwest Airlines,985,dest,STL,834066.6669227502,-646449.0468188728
Southwest Airlines,986,origin,RDU,1892329.2704660424,-772779.4700067013
Southwest Airlines,986,dest,TPA,1720329.790563932,-1713285.848456208
Southwest Airlines,987,origin,RIC,1974576.5147112373,-562009.3202353421
Southwest Airlines,987,dest,ATL,1438837.9937618312,-1129310.979486318
Southwest Airlines,988,origin,RNO,-1678096.5663649472,-409666.019399356
Southwest Airlines,988,dest,DEN,-398957.8437938119,-559911.2634607605
Southwest Airlines,989,origin,RNO,-1678096.5663649472,-409666.019399356
Southwest Airlines,989,dest,LAS,-1356682.4796960566,-868251.8410072095
Southwest Airlines,990,origin,RNO,-1678096.5663649472,-409666.019399356
Southwest Airlines,990,dest,LAX,-1689593.4354288722,-1043456.7015018368
Southwest Airlines,991,origin,RNO,-1678096.5663649472,-409666.019399356
Southwest Airlines,991,dest,MDW,1011185.7905791268,-281702.30650750065
Southwest Airlines,992,origin,RNO,-1678096.5663649472,-409666.019399356
Southwest Airlines,992,dest,OAK,-1929816.947397706,-549399.1884917811
Southwest Airlines,993,origin,RNO,-1678096.5663649472,-409666.019399356
Southwest Airlines,993,dest,PHX,-1115699.3885834513,-1205089.0053395256
Southwest Airlines,994,origin,RNO,-1678096.5663649472,-409666.019399356
Southwest Airlines,994,dest,SAN,-1603701.5452417962,-1199220.2306533586
Southwest Airlines,995,origin,RNO,-1678096.5663649472,-409666.019399356
Southwest Airlines,995,dest,SJC,-1914820.4720456952,-595055.2286396603
Southwest Airlines,996,origin,ROC,1784302.386940441,37810.92949343497
Southwest Airlines,996,dest,BWI,1980887.5167152977,-365563.636502196
Southwest Airlines,997,origin,ROC,1784302.386940441,37810.92949343497
Southwest Airlines,997,dest,MCO,1829771.2698870576,-1638824.7811905802
Southwest Airlines,998,origin,RSW,1822839.8385921961,-1854169.26849232
Southwest Airlines,998,dest,ATL,1438837.9937618312,-1129310.979486318
Southwest Airlines,999,origin,RSW,1822839.8385921961,-1854169.26849232
Southwest Airlines,999,dest,BWI,1980887.5167152977,-365563.636502196
Southwest Airlines,1000,origin,RSW,1822839.8385921961,-1854169.26849232
Southwest Airlines,1000,dest,CMH,1445821.7184349983,-405735.9494879742
Southwest Airlines,1001,origin,RSW,1822839.8385921961,-1854169.26849232
Southwest Airlines,1001,dest,IND,1166867.010981104,-490339.71160834696
Southwest Airlines,1002,origin,RSW,1822839.8385921961,-1854169.26849232
Southwest Airlines,1002,dest,MDW,1011185.7905791268,-281702.30650750065
Southwest Airlines,1003,origin,RSW,1822839.8385921961,-1854169.26849232
Southwest Airlines,1003,dest,PIT,1653058.7188770992,-301571.10045485134
Southwest Airlines,1004,origin,RSW,1822839.8385921961,-1854169.26849232
Southwest Airlines,1004,dest,STL,834066.6669227502,-646449.0468188728
Southwest Airlines,1005,origin,SAN,-1603701.5452417962,-1199220.2306533586
Southwest Airlines,1005,dest,ABQ,-603104.745800889,-1082686.4778323667
Southwest Airlines,1006,origin,SAN,-1603701.5452417962,-1199220.2306533586
Southwest Airlines,1006,dest,ATL,1438837.9937618312,-1129310.979486318
Southwest Airlines,1007,origin,SAN,-1603701.5452417962,-1199220.2306533586
Southwest Airlines,1007,dest,AUS,225823.07315140465,-1638702.7618488022
Southwest Airlines,1008,origin,SAN,-1603701.5452417962,-1199220.2306533586
Southwest Airlines,1008,dest,BNA,1193955.4135102862,-891176.9680870201
Southwest Airlines,1009,origin,SAN,-1603701.5452417962,-1199220.2306533586
Southwest Airlines,1009,dest,BOI,-1296364.617988922,-29797.04410178459
Southwest Airlines,1010,origin,SAN,-1603701.5452417962,-1199220.2306533586
Southwest Airlines,1010,dest,BWI,1980887.5167152977,-365563.636502196
Southwest Airlines,1011,origin,SAN,-1603701.5452417962,-1199220.2306533586
Southwest Airlines,1011,dest,DAL,295794.1446696455,-1343507.98461109
Southwest Airlines,1012,origin,SAN,-1603701.5452417962,-1199220.2306533586
Southwest Airlines,1012,dest,DEN,-398957.8437938119,-559911.2634607605
Southwest Airlines,1013,origin,SAN,-1603701.5452417962,-1199220.2306533586
Southwest Airlines,1013,dest,HOU,460280.73628586193,-1689712.830489488
Southwest Airlines,1014,origin,SAN,-1603701.5452417962,-1199220.2306533586
Southwest Airlines,1014,dest,LAS,-1356682.4796960566,-868251.8410072095
Southwest Airlines,1015,origin,SAN,-1603701.5452417962,-1199220.2306533586
Southwest Airlines,1015,dest,MCI,455074.4312943624,-619331.8913740775
Southwest Airlines,1016,origin,SAN,-1603701.5452417962,-1199220.2306533586
Southwest Airlines,1016,dest,MCO,1829771.2698870576,-1638824.7811905802
Southwest Airlines,1017,origin,SAN,-1603701.5452417962,-1199220.2306533586
Southwest Airlines,1017,dest,MDW,1011185.7905791268,-281702.30650750065
Southwest Airlines,1018,origin,SAN,-1603701.5452417962,-1199220.2306533586
Southwest Airlines,1018,dest,MSY,943779.1568939897,-1610813.662288556
Southwest Airlines,1019,origin,SAN,-1603701.5452417962,-1199220.2306533586
Southwest Airlines,1019,dest,OAK,-1929816.947397706,-549399.1884917811
Southwest Airlines,1020,origin,SAN,-1603701.5452417962,-1199220.2306533586
Southwest Airlines,1020,dest,PDX,-1729571.0771865274,310444.7043324455
Southwest Airlines,1021,origin,SAN,-1603701.5452417962,-1199220.2306533586
Southwest Airlines,1021,dest,PHX,-1115699.3885834513,-1205089.0053395256
Southwest Airlines,1022,origin,SAN,-1603701.5452417962,-1199220.2306533586
Southwest Airlines,1022,dest,RNO,-1678096.5663649472,-409666.019399356
Southwest Airlines,1023,origin,SAN,-1603701.5452417962,-1199220.2306533586
Southwest Airlines,1023,dest,SAT,149495.41162521293,-1713236.8214802423
Southwest Airlines,1024,origin,SAN,-1603701.5452417962,-1199220.2306533586
Southwest Airlines,1024,dest,SEA,-1650755.3926562539,505066.6320739882
Southwest Airlines,1025,origin,SAN,-1603701.5452417962,-1199220.2306533586
Southwest Airlines,1025,dest,SFO,-1945640.7538789264,-556902.5127197708
Southwest Airlines,1026,origin,SAN,-1603701.5452417962,-1199220.2306533586
Southwest Airlines,1026,dest,SJC,-1914820.4720456952,-595055.2286396603
Southwest Airlines,1027,origin,SAN,-1603701.5452417962,-1199220.2306533586
Southwest Airlines,1027,dest,SLC,-1004609.4621734885,-395049.06406783813
Southwest Airlines,1028,origin,SAN,-1603701.5452417962,-1199220.2306533586
Southwest Airlines,1028,dest,SMF,-1850472.0747063856,-458086.04301328777
Southwest Airlines,1029,origin,SAN,-1603701.5452417962,-1199220.2306533586
Southwest Airlines,1029,dest,STL,834066.6669227502,-646449.0468188728
Southwest Airlines,1030,origin,SAN,-1603701.5452417962,-1199220.2306533586
Southwest Airlines,1030,dest,TUS,-1033490.7270596127,-1363482.3767388165
Southwest Airlines,1031,origin,SAT,149495.41162521293,-1713236.8214802423
Southwest Airlines,1031,dest,ATL,1438837.9937618312,-1129310.979486318
Southwest Airlines,1032,origin,SAT,149495.41162521293,-1713236.8214802423
Southwest Airlines,1032,dest,BNA,1193955.4135102862,-891176.9680870201
Southwest Airlines,1033,origin,SAT,149495.41162521293,-1713236.8214802423
Southwest Airlines,1033,dest,BWI,1980887.5167152977,-365563.636502196
Southwest Airlines,1034,origin,SAT,149495.41162521293,-1713236.8214802423
Southwest Airlines,1034,dest,DAL,295794.1446696455,-1343507.98461109
Southwest Airlines,1035,origin,SAT,149495.41162521293,-1713236.8214802423
Southwest Airlines,1035,dest,DEN,-398957.8437938119,-559911.2634607605
Southwest Airlines,1036,origin,SAT,149495.41162521293,-1713236.8214802423
Southwest Airlines,1036,dest,ELP,-605825.3288960081,-1441254.1790057654
Southwest Airlines,1037,origin,SAT,149495.41162521293,-1713236.8214802423
Southwest Airlines,1037,dest,HOU,460280.73628586193,-1689712.830489488
Southwest Airlines,1038,origin,SAT,149495.41162521293,-1713236.8214802423
Southwest Airlines,1038,dest,LAS,-1356682.4796960566,-868251.8410072095
Southwest Airlines,1039,origin,SAT,149495.41162521293,-1713236.8214802423
Southwest Airlines,1039,dest,LAX,-1689593.4354288722,-1043456.7015018368
Southwest Airlines,1040,origin,SAT,149495.41162521293,-1713236.8214802423
Southwest Airlines,1040,dest,MCI,455074.4312943624,-619331.8913740775
Southwest Airlines,1041,origin,SAT,149495.41162521293,-1713236.8214802423
Southwest Airlines,1041,dest,MCO,1829771.2698870576,-1638824.7811905802
Southwest Airlines,1042,origin,SAT,149495.41162521293,-1713236.8214802423
Southwest Airlines,1042,dest,MDW,1011185.7905791268,-281702.30650750065
Southwest Airlines,1043,origin,SAT,149495.41162521293,-1713236.8214802423
Southwest Airlines,1043,dest,MSY,943779.1568939897,-1610813.662288556
Southwest Airlines,1044,origin,SAT,149495.41162521293,-1713236.8214802423
Southwest Airlines,1044,dest,PHX,-1115699.3885834513,-1205089.0053395256
Southwest Airlines,1045,origin,SAT,149495.41162521293,-1713236.8214802423
Southwest Airlines,1045,dest,SAN,-1603701.5452417962,-1199220.2306533586
Southwest Airlines,1046,origin,SAT,149495.41162521293,-1713236.8214802423
Southwest Airlines,1046,dest,STL,834066.6669227502,-646449.0468188728
Southwest Airlines,1047,origin,SAT,149495.41162521293,-1713236.8214802423
Southwest Airlines,1047,dest,TPA,1720329.790563932,-1713285.848456208
Southwest Airlines,1048,origin,SDF,1241535.522119959,-652005.0450171886
Southwest Airlines,1048,dest,BWI,1980887.5167152977,-365563.636502196
Southwest Airlines,1049,origin,SDF,1241535.522119959,-652005.0450171886
Southwest Airlines,1049,dest,DEN,-398957.8437938119,-559911.2634607605
Southwest Airlines,1050,origin,SDF,1241535.522119959,-652005.0450171886
Southwest Airlines,1050,dest,LAS,-1356682.4796960566,-868251.8410072095
Southwest Airlines,1051,origin,SDF,1241535.522119959,-652005.0450171886
Southwest Airlines,1051,dest,MCO,1829771.2698870576,-1638824.7811905802
Southwest Airlines,1052,origin,SDF,1241535.522119959,-652005.0450171886
Southwest Airlines,1052,dest,MDW,1011185.7905791268,-281702.30650750065
Southwest Airlines,1053,origin,SDF,1241535.522119959,-652005.0450171886
Southwest Airlines,1053,dest,PHX,-1115699.3885834513,-1205089.0053395256
Southwest Airlines,1054,origin,SDF,1241535.522119959,-652005.0450171886
Southwest Airlines,1054,dest,TPA,1720329.790563932,-1713285.848456208
Southwest Airlines,1055,origin,SEA,-1650755.3926562539,505066.6320739882
Southwest Airlines,1055,dest,AUS,225823.07315140465,-1638702.7618488022
Southwest Airlines,1056,origin,SEA,-1650755.3926562539,505066.6320739882
Southwest Airlines,1056,dest,BWI,1980887.5167152977,-365563.636502196
Southwest Airlines,1057,origin,SEA,-1650755.3926562539,505066.6320739882
Southwest Airlines,1057,dest,DAL,295794.1446696455,-1343507.98461109
Southwest Airlines,1058,origin,SEA,-1650755.3926562539,505066.6320739882
Southwest Airlines,1058,dest,DEN,-398957.8437938119,-559911.2634607605
Southwest Airlines,1059,origin,SEA,-1650755.3926562539,505066.6320739882
Southwest Airlines,1059,dest,LAS,-1356682.4796960566,-868251.8410072095
Southwest Airlines,1060,origin,SEA,-1650755.3926562539,505066.6320739882
Southwest Airlines,1060,dest,MCI,455074.4312943624,-619331.8913740775
Southwest Airlines,1061,origin,SEA,-1650755.3926562539,505066.6320739882
Southwest Airlines,1061,dest,MDW,1011185.7905791268,-281702.30650750065
Southwest Airlines,1062,origin,SEA,-1650755.3926562539,505066.6320739882
Southwest Airlines,1062,dest,OAK,-1929816.947397706,-549399.1884917811
Southwest Airlines,1063,origin,SEA,-1650755.3926562539,505066.6320739882
Southwest Airlines,1063,dest,PHX,-1115699.3885834513,-1205089.0053395256
Southwest Airlines,1064,origin,SEA,-1650755.3926562539,505066.6320739882
Southwest Airlines,1064,dest,SAN,-1603701.5452417962,-1199220.2306533586
Southwest Airlines,1065,origin,SEA,-1650755.3926562539,505066.6320739882
Southwest Airlines,1065,dest,SJC,-1914820.4720456952,-595055.2286396603
Southwest Airlines,1066,origin,SEA,-1650755.3926562539,505066.6320739882
Southwest Airlines,1066,dest,SMF,-1850472.0747063856,-458086.04301328777
Southwest Airlines,1067,origin,SEA,-1650755.3926562539,505066.6320739882
Southwest Airlines,1067,dest,STL,834066.6669227502,-646449.0468188728
Southwest Airlines,1068,origin,SFO,-1945640.7538789264,-556902.5127197708
Southwest Airlines,1068,dest,BUR,-1679613.0736233827,-1016244.4677102008
Southwest Airlines,1069,origin,SFO,-1945640.7538789264,-556902.5127197708
Southwest Airlines,1069,dest,DAL,295794.1446696455,-1343507.98461109
Southwest Airlines,1070,origin,SFO,-1945640.7538789264,-556902.5127197708
Southwest Airlines,1070,dest,DEN,-398957.8437938119,-559911.2634607605
Southwest Airlines,1071,origin,SFO,-1945640.7538789264,-556902.5127197708
Southwest Airlines,1071,dest,LAS,-1356682.4796960566,-868251.8410072095
Southwest Airlines,1072,origin,SFO,-1945640.7538789264,-556902.5127197708
Southwest Airlines,1072,dest,LAX,-1689593.4354288722,-1043456.7015018368
Southwest Airlines,1073,origin,SFO,-1945640.7538789264,-556902.5127197708
Southwest Airlines,1073,dest,MDW,1011185.7905791268,-281702.30650750065
Southwest Airlines,1074,origin,SFO,-1945640.7538789264,-556902.5127197708
Southwest Airlines,1074,dest,PDX,-1729571.0771865274,310444.7043324455
Southwest Airlines,1075,origin,SFO,-1945640.7538789264,-556902.5127197708
Southwest Airlines,1075,dest,PHX,-1115699.3885834513,-1205089.0053395256
Southwest Airlines,1076,origin,SFO,-1945640.7538789264,-556902.5127197708
Southwest Airlines,1076,dest,SAN,-1603701.5452417962,-1199220.2306533586
Southwest Airlines,1077,origin,SFO,-1945640.7538789264,-556902.5127197708
Southwest Airlines,1077,dest,SNA,-1646508.559850192,-1083248.598617272
Southwest Airlines,1078,origin,SFO,-1945640.7538789264,-556902.5127197708
Southwest Airlines,1078,dest,STL,834066.6669227502,-646449.0468188728
Southwest Airlines,1079,origin,SJC,-1914820.4720456952,-595055.2286396603
Southwest Airlines,1079,dest,AUS,225823.07315140465,-1638702.7618488022
Southwest Airlines,1080,origin,SJC,-1914820.4720456952,-595055.2286396603
Southwest Airlines,1080,dest,BUR,-1679613.0736233827,-1016244.4677102008
Southwest Airlines,1081,origin,SJC,-1914820.4720456952,-595055.2286396603
Southwest Airlines,1081,dest,BWI,1980887.5167152977,-365563.636502196
Southwest Airlines,1082,origin,SJC,-1914820.4720456952,-595055.2286396603
Southwest Airlines,1082,dest,DAL,295794.1446696455,-1343507.98461109
Southwest Airlines,1083,origin,SJC,-1914820.4720456952,-595055.2286396603
Southwest Airlines,1083,dest,DEN,-398957.8437938119,-559911.2634607605
Southwest Airlines,1084,origin,SJC,-1914820.4720456952,-595055.2286396603
Southwest Airlines,1084,dest,LAS,-1356682.4796960566,-868251.8410072095
Southwest Airlines,1085,origin,SJC,-1914820.4720456952,-595055.2286396603
Southwest Airlines,1085,dest,LAX,-1689593.4354288722,-1043456.7015018368
Southwest Airlines,1086,origin,SJC,-1914820.4720456952,-595055.2286396603
Southwest Airlines,1086,dest,MDW,1011185.7905791268,-281702.30650750065
Southwest Airlines,1087,origin,SJC,-1914820.4720456952,-595055.2286396603
Southwest Airlines,1087,dest,ONT,-1614545.9907031525,-1046821.4894757676
Southwest Airlines,1088,origin,SJC,-1914820.4720456952,-595055.2286396603
Southwest Airlines,1088,dest,PDX,-1729571.0771865274,310444.7043324455
Southwest Airlines,1089,origin,SJC,-1914820.4720456952,-595055.2286396603
Southwest Airlines,1089,dest,PHX,-1115699.3885834513,-1205089.0053395256
Southwest Airlines,1090,origin,SJC,-1914820.4720456952,-595055.2286396603
Southwest Airlines,1090,dest,RNO,-1678096.5663649472,-409666.019399356
Southwest Airlines,1091,origin,SJC,-1914820.4720456952,-595055.2286396603
Southwest Airlines,1091,dest,SAN,-1603701.5452417962,-1199220.2306533586
Southwest Airlines,1092,origin,SJC,-1914820.4720456952,-595055.2286396603
Southwest Airlines,1092,dest,SEA,-1650755.3926562539,505066.6320739882
Southwest Airlines,1093,origin,SJC,-1914820.4720456952,-595055.2286396603
Southwest Airlines,1093,dest,SLC,-1004609.4621734885,-395049.06406783813
Southwest Airlines,1094,origin,SJC,-1914820.4720456952,-595055.2286396603
Southwest Airlines,1094,dest,SNA,-1646508.559850192,-1083248.598617272
Southwest Airlines,1095,origin,SJU,NA,NA
Southwest Airlines,1095,dest,BWI,1980887.5167152977,-365563.636502196
Southwest Airlines,1096,origin,SJU,NA,NA
Southwest Airlines,1096,dest,FLL,1989416.8668556917,-1869685.279595282
Southwest Airlines,1097,origin,SJU,NA,NA
Southwest Airlines,1097,dest,MCO,1829771.2698870576,-1638824.7811905802
Southwest Airlines,1098,origin,SJU,NA,NA
Southwest Airlines,1098,dest,MDW,1011185.7905791268,-281702.30650750065
Southwest Airlines,1099,origin,SJU,NA,NA
Southwest Airlines,1099,dest,TPA,1720329.790563932,-1713285.848456208
Southwest Airlines,1100,origin,SLC,-1004609.4621734885,-395049.06406783813
Southwest Airlines,1100,dest,BUR,-1679613.0736233827,-1016244.4677102008
Southwest Airlines,1101,origin,SLC,-1004609.4621734885,-395049.06406783813
Southwest Airlines,1101,dest,DAL,295794.1446696455,-1343507.98461109
Southwest Airlines,1102,origin,SLC,-1004609.4621734885,-395049.06406783813
Southwest Airlines,1102,dest,DEN,-398957.8437938119,-559911.2634607605
Southwest Airlines,1103,origin,SLC,-1004609.4621734885,-395049.06406783813
Southwest Airlines,1103,dest,LAS,-1356682.4796960566,-868251.8410072095
Southwest Airlines,1104,origin,SLC,-1004609.4621734885,-395049.06406783813
Southwest Airlines,1104,dest,LAX,-1689593.4354288722,-1043456.7015018368
Southwest Airlines,1105,origin,SLC,-1004609.4621734885,-395049.06406783813
Southwest Airlines,1105,dest,MDW,1011185.7905791268,-281702.30650750065
Southwest Airlines,1106,origin,SLC,-1004609.4621734885,-395049.06406783813
Southwest Airlines,1106,dest,OAK,-1929816.947397706,-549399.1884917811
Southwest Airlines,1107,origin,SLC,-1004609.4621734885,-395049.06406783813
Southwest Airlines,1107,dest,PHX,-1115699.3885834513,-1205089.0053395256
Southwest Airlines,1108,origin,SLC,-1004609.4621734885,-395049.06406783813
Southwest Airlines,1108,dest,SAN,-1603701.5452417962,-1199220.2306533586
Southwest Airlines,1109,origin,SLC,-1004609.4621734885,-395049.06406783813
Southwest Airlines,1109,dest,SJC,-1914820.4720456952,-595055.2286396603
Southwest Airlines,1110,origin,SLC,-1004609.4621734885,-395049.06406783813
Southwest Airlines,1110,dest,SMF,-1850472.0747063856,-458086.04301328777
Southwest Airlines,1111,origin,SMF,-1850472.0747063856,-458086.04301328777
Southwest Airlines,1111,dest,BOI,-1296364.617988922,-29797.04410178459
Southwest Airlines,1112,origin,SMF,-1850472.0747063856,-458086.04301328777
Southwest Airlines,1112,dest,BUR,-1679613.0736233827,-1016244.4677102008
Southwest Airlines,1113,origin,SMF,-1850472.0747063856,-458086.04301328777
Southwest Airlines,1113,dest,BWI,1980887.5167152977,-365563.636502196
Southwest Airlines,1114,origin,SMF,-1850472.0747063856,-458086.04301328777
Southwest Airlines,1114,dest,DAL,295794.1446696455,-1343507.98461109
Southwest Airlines,1115,origin,SMF,-1850472.0747063856,-458086.04301328777
Southwest Airlines,1115,dest,DEN,-398957.8437938119,-559911.2634607605
Southwest Airlines,1116,origin,SMF,-1850472.0747063856,-458086.04301328777
Southwest Airlines,1116,dest,GEG,-1301359.421680582,434754.4516689109
Southwest Airlines,1117,origin,SMF,-1850472.0747063856,-458086.04301328777
Southwest Airlines,1117,dest,LAS,-1356682.4796960566,-868251.8410072095
Southwest Airlines,1118,origin,SMF,-1850472.0747063856,-458086.04301328777
Southwest Airlines,1118,dest,LAX,-1689593.4354288722,-1043456.7015018368
Southwest Airlines,1119,origin,SMF,-1850472.0747063856,-458086.04301328777
Southwest Airlines,1119,dest,LGB,-1669160.1672619907,-1062148.6422438323
Southwest Airlines,1120,origin,SMF,-1850472.0747063856,-458086.04301328777
Southwest Airlines,1120,dest,MDW,1011185.7905791268,-281702.30650750065
Southwest Airlines,1121,origin,SMF,-1850472.0747063856,-458086.04301328777
Southwest Airlines,1121,dest,ONT,-1614545.9907031525,-1046821.4894757676
Southwest Airlines,1122,origin,SMF,-1850472.0747063856,-458086.04301328777
Southwest Airlines,1122,dest,PDX,-1729571.0771865274,310444.7043324455
Southwest Airlines,1123,origin,SMF,-1850472.0747063856,-458086.04301328777
Southwest Airlines,1123,dest,PHX,-1115699.3885834513,-1205089.0053395256
Southwest Airlines,1124,origin,SMF,-1850472.0747063856,-458086.04301328777
Southwest Airlines,1124,dest,SAN,-1603701.5452417962,-1199220.2306533586
Southwest Airlines,1125,origin,SMF,-1850472.0747063856,-458086.04301328777
Southwest Airlines,1125,dest,SEA,-1650755.3926562539,505066.6320739882
Southwest Airlines,1126,origin,SMF,-1850472.0747063856,-458086.04301328777
Southwest Airlines,1126,dest,SLC,-1004609.4621734885,-395049.06406783813
Southwest Airlines,1127,origin,SMF,-1850472.0747063856,-458086.04301328777
Southwest Airlines,1127,dest,SNA,-1646508.559850192,-1083248.598617272
Southwest Airlines,1128,origin,SNA,-1646508.559850192,-1083248.598617272
Southwest Airlines,1128,dest,DAL,295794.1446696455,-1343507.98461109
Southwest Airlines,1129,origin,SNA,-1646508.559850192,-1083248.598617272
Southwest Airlines,1129,dest,DEN,-398957.8437938119,-559911.2634607605
Southwest Airlines,1130,origin,SNA,-1646508.559850192,-1083248.598617272
Southwest Airlines,1130,dest,HOU,460280.73628586193,-1689712.830489488
Southwest Airlines,1131,origin,SNA,-1646508.559850192,-1083248.598617272
Southwest Airlines,1131,dest,LAS,-1356682.4796960566,-868251.8410072095
Southwest Airlines,1132,origin,SNA,-1646508.559850192,-1083248.598617272
Southwest Airlines,1132,dest,MDW,1011185.7905791268,-281702.30650750065
Southwest Airlines,1133,origin,SNA,-1646508.559850192,-1083248.598617272
Southwest Airlines,1133,dest,OAK,-1929816.947397706,-549399.1884917811
Southwest Airlines,1134,origin,SNA,-1646508.559850192,-1083248.598617272
Southwest Airlines,1134,dest,PHX,-1115699.3885834513,-1205089.0053395256
Southwest Airlines,1135,origin,SNA,-1646508.559850192,-1083248.598617272
Southwest Airlines,1135,dest,SFO,-1945640.7538789264,-556902.5127197708
Southwest Airlines,1136,origin,SNA,-1646508.559850192,-1083248.598617272
Southwest Airlines,1136,dest,SJC,-1914820.4720456952,-595055.2286396603
Southwest Airlines,1137,origin,SNA,-1646508.559850192,-1083248.598617272
Southwest Airlines,1137,dest,SMF,-1850472.0747063856,-458086.04301328777
Southwest Airlines,1138,origin,STL,834066.6669227502,-646449.0468188728
Southwest Airlines,1138,dest,ATL,1438837.9937618312,-1129310.979486318
Southwest Airlines,1139,origin,STL,834066.6669227502,-646449.0468188728
Southwest Airlines,1139,dest,AUS,225823.07315140465,-1638702.7618488022
Southwest Airlines,1140,origin,STL,834066.6669227502,-646449.0468188728
Southwest Airlines,1140,dest,BNA,1193955.4135102862,-891176.9680870201
Southwest Airlines,1141,origin,STL,834066.6669227502,-646449.0468188728
Southwest Airlines,1141,dest,BOS,2320658.4485041024,126152.13380139158
Southwest Airlines,1142,origin,STL,834066.6669227502,-646449.0468188728
Southwest Airlines,1142,dest,BWI,1980887.5167152977,-365563.636502196
Southwest Airlines,1143,origin,STL,834066.6669227502,-646449.0468188728
Southwest Airlines,1143,dest,CLE,1498726.2792607923,-232627.15593650908
Southwest Airlines,1144,origin,STL,834066.6669227502,-646449.0468188728
Southwest Airlines,1144,dest,CMH,1445821.7184349983,-405735.9494879742
Southwest Airlines,1145,origin,STL,834066.6669227502,-646449.0468188728
Southwest Airlines,1145,dest,DAL,295794.1446696455,-1343507.98461109
Southwest Airlines,1146,origin,STL,834066.6669227502,-646449.0468188728
Southwest Airlines,1146,dest,DCA,1959959.090984065,-409479.41835946374
Southwest Airlines,1147,origin,STL,834066.6669227502,-646449.0468188728
Southwest Airlines,1147,dest,DEN,-398957.8437938119,-559911.2634607605
Southwest Airlines,1148,origin,STL,834066.6669227502,-646449.0468188728
Southwest Airlines,1148,dest,DSM,527073.5637794238,-365025.8008899143
Southwest Airlines,1149,origin,STL,834066.6669227502,-646449.0468188728
Southwest Airlines,1149,dest,DTW,1359641.697254995,-170996.60408534826
Southwest Airlines,1150,origin,STL,834066.6669227502,-646449.0468188728
Southwest Airlines,1150,dest,EWR,2135095.905011877,-139210.669492847
Southwest Airlines,1151,origin,STL,834066.6669227502,-646449.0468188728
Southwest Airlines,1151,dest,FLL,1989416.8668556917,-1869685.279595282
Southwest Airlines,1152,origin,STL,834066.6669227502,-646449.0468188728
Southwest Airlines,1152,dest,HOU,460280.73628586193,-1689712.830489488
Southwest Airlines,1153,origin,STL,834066.6669227502,-646449.0468188728
Southwest Airlines,1153,dest,ICT,226443.7486944286,-813259.0022928995
Southwest Airlines,1154,origin,STL,834066.6669227502,-646449.0468188728
Southwest Airlines,1154,dest,LAS,-1356682.4796960566,-868251.8410072095
Southwest Airlines,1155,origin,STL,834066.6669227502,-646449.0468188728
Southwest Airlines,1155,dest,LAX,-1689593.4354288722,-1043456.7015018368
Southwest Airlines,1156,origin,STL,834066.6669227502,-646449.0468188728
Southwest Airlines,1156,dest,LGA,2155684.513057,-122316.28523641168
Southwest Airlines,1157,origin,STL,834066.6669227502,-646449.0468188728
Southwest Airlines,1157,dest,LIT,712194.5002882322,-1107832.4518794755
Southwest Airlines,1158,origin,STL,834066.6669227502,-646449.0468188728
Southwest Airlines,1158,dest,MCI,455074.4312943624,-619331.8913740775
Southwest Airlines,1159,origin,STL,834066.6669227502,-646449.0468188728
Southwest Airlines,1159,dest,MCO,1829771.2698870576,-1638824.7811905802
Southwest Airlines,1160,origin,STL,834066.6669227502,-646449.0468188728
Southwest Airlines,1160,dest,MDW,1011185.7905791268,-281702.30650750065
Southwest Airlines,1161,origin,STL,834066.6669227502,-646449.0468188728
Southwest Airlines,1161,dest,MKE,980769.513678976,-155418.02245427898
Southwest Airlines,1162,origin,STL,834066.6669227502,-646449.0468188728
Southwest Airlines,1162,dest,MSP,533284.8020873081,9198.64416372486
Southwest Airlines,1163,origin,STL,834066.6669227502,-646449.0468188728
Southwest Airlines,1163,dest,MSY,943779.1568939897,-1610813.662288556
Southwest Airlines,1164,origin,STL,834066.6669227502,-646449.0468188728
Southwest Airlines,1164,dest,OAK,-1929816.947397706,-549399.1884917811
Southwest Airlines,1165,origin,STL,834066.6669227502,-646449.0468188728
Southwest Airlines,1165,dest,OKC,218240.3077465392,-1063902.9710996167
Southwest Airlines,1166,origin,STL,834066.6669227502,-646449.0468188728
Southwest Airlines,1166,dest,OMA,343006.6325637459,-402442.5398354072
Southwest Airlines,1167,origin,STL,834066.6669227502,-646449.0468188728
Southwest Airlines,1167,dest,PDX,-1729571.0771865274,310444.7043324455
Southwest Airlines,1168,origin,STL,834066.6669227502,-646449.0468188728
Southwest Airlines,1168,dest,PHL,2075929.4181951769,-255080.32292677445
Southwest Airlines,1169,origin,STL,834066.6669227502,-646449.0468188728
Southwest Airlines,1169,dest,PHX,-1115699.3885834513,-1205089.0053395256
Southwest Airlines,1170,origin,STL,834066.6669227502,-646449.0468188728
Southwest Airlines,1170,dest,PIT,1653058.7188770992,-301571.10045485134
Southwest Airlines,1171,origin,STL,834066.6669227502,-646449.0468188728
Southwest Airlines,1171,dest,RDU,1892329.2704660424,-772779.4700067013
Southwest Airlines,1172,origin,STL,834066.6669227502,-646449.0468188728
Southwest Airlines,1172,dest,RSW,1822839.8385921961,-1854169.26849232
Southwest Airlines,1173,origin,STL,834066.6669227502,-646449.0468188728
Southwest Airlines,1173,dest,SAN,-1603701.5452417962,-1199220.2306533586
Southwest Airlines,1174,origin,STL,834066.6669227502,-646449.0468188728
Southwest Airlines,1174,dest,SAT,149495.41162521293,-1713236.8214802423
Southwest Airlines,1175,origin,STL,834066.6669227502,-646449.0468188728
Southwest Airlines,1175,dest,SEA,-1650755.3926562539,505066.6320739882
Southwest Airlines,1176,origin,STL,834066.6669227502,-646449.0468188728
Southwest Airlines,1176,dest,SFO,-1945640.7538789264,-556902.5127197708
Southwest Airlines,1177,origin,STL,834066.6669227502,-646449.0468188728
Southwest Airlines,1177,dest,TPA,1720329.790563932,-1713285.848456208
Southwest Airlines,1178,origin,STL,834066.6669227502,-646449.0468188728
Southwest Airlines,1178,dest,TUL,369902.00173730054,-968710.335093024
Southwest Airlines,1179,origin,TPA,1720329.790563932,-1713285.848456208
Southwest Airlines,1179,dest,ALB,2093896.6988834653,90839.80353075745
Southwest Airlines,1180,origin,TPA,1720329.790563932,-1713285.848456208
Southwest Airlines,1180,dest,ATL,1438837.9937618312,-1129310.979486318
Southwest Airlines,1181,origin,TPA,1720329.790563932,-1713285.848456208
Southwest Airlines,1181,dest,AUS,225823.07315140465,-1638702.7618488022
Southwest Airlines,1182,origin,TPA,1720329.790563932,-1713285.848456208
Southwest Airlines,1182,dest,BDL,2208123.028463688,33971.4893617478
Southwest Airlines,1183,origin,TPA,1720329.790563932,-1713285.848456208
Southwest Airlines,1183,dest,BHM,1227516.423781454,-1173804.5684248093
Southwest Airlines,1184,origin,TPA,1720329.790563932,-1713285.848456208
Southwest Airlines,1184,dest,BNA,1193955.4135102862,-891176.9680870201
Southwest Airlines,1185,origin,TPA,1720329.790563932,-1713285.848456208
Southwest Airlines,1185,dest,BUF,1707245.286740146,-4371.266382491431
Southwest Airlines,1186,origin,TPA,1720329.790563932,-1713285.848456208
Southwest Airlines,1186,dest,BWI,1980887.5167152977,-365563.636502196
Southwest Airlines,1187,origin,TPA,1720329.790563932,-1713285.848456208
Southwest Airlines,1187,dest,CMH,1445821.7184349983,-405735.9494879742
Southwest Airlines,1188,origin,TPA,1720329.790563932,-1713285.848456208
Southwest Airlines,1188,dest,DAL,295794.1446696455,-1343507.98461109
Southwest Airlines,1189,origin,TPA,1720329.790563932,-1713285.848456208
Southwest Airlines,1189,dest,DCA,1959959.090984065,-409479.41835946374
Southwest Airlines,1190,origin,TPA,1720329.790563932,-1713285.848456208
Southwest Airlines,1190,dest,DEN,-398957.8437938119,-559911.2634607605
Southwest Airlines,1191,origin,TPA,1720329.790563932,-1713285.848456208
Southwest Airlines,1191,dest,FLL,1989416.8668556917,-1869685.279595282
Southwest Airlines,1192,origin,TPA,1720329.790563932,-1713285.848456208
Southwest Airlines,1192,dest,HOU,460280.73628586193,-1689712.830489488
Southwest Airlines,1193,origin,TPA,1720329.790563932,-1713285.848456208
Southwest Airlines,1193,dest,IND,1166867.010981104,-490339.71160834696
Southwest Airlines,1194,origin,TPA,1720329.790563932,-1713285.848456208
Southwest Airlines,1194,dest,ISP,2215883.546956132,-99560.578426239
Southwest Airlines,1195,origin,TPA,1720329.790563932,-1713285.848456208
Southwest Airlines,1195,dest,LAS,-1356682.4796960566,-868251.8410072095
Southwest Airlines,1196,origin,TPA,1720329.790563932,-1713285.848456208
Southwest Airlines,1196,dest,LGA,2155684.513057,-122316.28523641168
Southwest Airlines,1197,origin,TPA,1720329.790563932,-1713285.848456208
Southwest Airlines,1197,dest,MCI,455074.4312943624,-619331.8913740775
Southwest Airlines,1198,origin,TPA,1720329.790563932,-1713285.848456208
Southwest Airlines,1198,dest,MDW,1011185.7905791268,-281702.30650750065
Southwest Airlines,1199,origin,TPA,1720329.790563932,-1713285.848456208
Southwest Airlines,1199,dest,MEM,913341.2595404746,-1051685.0479322155
Southwest Airlines,1200,origin,TPA,1720329.790563932,-1713285.848456208
Southwest Airlines,1200,dest,MHT,2266652.2564188894,174443.80657271238
Southwest Airlines,1201,origin,TPA,1720329.790563932,-1713285.848456208
Southwest Airlines,1201,dest,MKE,980769.513678976,-155418.02245427898
Southwest Airlines,1202,origin,TPA,1720329.790563932,-1713285.848456208
Southwest Airlines,1202,dest,MSY,943779.1568939897,-1610813.662288556
Southwest Airlines,1203,origin,TPA,1720329.790563932,-1713285.848456208
Southwest Airlines,1203,dest,PHL,2075929.4181951769,-255080.32292677445
Southwest Airlines,1204,origin,TPA,1720329.790563932,-1713285.848456208
Southwest Airlines,1204,dest,PHX,-1115699.3885834513,-1205089.0053395256
Southwest Airlines,1205,origin,TPA,1720329.790563932,-1713285.848456208
Southwest Airlines,1205,dest,PIT,1653058.7188770992,-301571.10045485134
Southwest Airlines,1206,origin,TPA,1720329.790563932,-1713285.848456208
Southwest Airlines,1206,dest,PVD,2312630.224903233,45984.38112504096
Southwest Airlines,1207,origin,TPA,1720329.790563932,-1713285.848456208
Southwest Airlines,1207,dest,RDU,1892329.2704660424,-772779.4700067013
Southwest Airlines,1208,origin,TPA,1720329.790563932,-1713285.848456208
Southwest Airlines,1208,dest,SAT,149495.41162521293,-1713236.8214802423
Southwest Airlines,1209,origin,TPA,1720329.790563932,-1713285.848456208
Southwest Airlines,1209,dest,SDF,1241535.522119959,-652005.0450171886
Southwest Airlines,1210,origin,TPA,1720329.790563932,-1713285.848456208
Southwest Airlines,1210,dest,SJU,NA,NA
Southwest Airlines,1211,origin,TPA,1720329.790563932,-1713285.848456208
Southwest Airlines,1211,dest,STL,834066.6669227502,-646449.0468188728
Southwest Airlines,1212,origin,TUL,369902.00173730054,-968710.335093024
Southwest Airlines,1212,dest,DAL,295794.1446696455,-1343507.98461109
Southwest Airlines,1213,origin,TUL,369902.00173730054,-968710.335093024
Southwest Airlines,1213,dest,DEN,-398957.8437938119,-559911.2634607605
Southwest Airlines,1214,origin,TUL,369902.00173730054,-968710.335093024
Southwest Airlines,1214,dest,HOU,460280.73628586193,-1689712.830489488
Southwest Airlines,1215,origin,TUL,369902.00173730054,-968710.335093024
Southwest Airlines,1215,dest,LAS,-1356682.4796960566,-868251.8410072095
Southwest Airlines,1216,origin,TUL,369902.00173730054,-968710.335093024
Southwest Airlines,1216,dest,PHX,-1115699.3885834513,-1205089.0053395256
Southwest Airlines,1217,origin,TUL,369902.00173730054,-968710.335093024
Southwest Airlines,1217,dest,STL,834066.6669227502,-646449.0468188728
Southwest Airlines,1218,origin,TUS,-1033490.7270596127,-1363482.3767388165
Southwest Airlines,1218,dest,DEN,-398957.8437938119,-559911.2634607605
Southwest Airlines,1219,origin,TUS,-1033490.7270596127,-1363482.3767388165
Southwest Airlines,1219,dest,LAS,-1356682.4796960566,-868251.8410072095
Southwest Airlines,1220,origin,TUS,-1033490.7270596127,-1363482.3767388165
Southwest Airlines,1220,dest,LAX,-1689593.4354288722,-1043456.7015018368
Southwest Airlines,1221,origin,TUS,-1033490.7270596127,-1363482.3767388165
Southwest Airlines,1221,dest,MDW,1011185.7905791268,-281702.30650750065
Southwest Airlines,1222,origin,TUS,-1033490.7270596127,-1363482.3767388165
Southwest Airlines,1222,dest,SAN,-1603701.5452417962,-1199220.2306533586
American Airlines,1223,origin,JFK,2167729.4793459354,-134551.3799715436
American Airlines,1223,dest,LAX,-1689593.4354288722,-1043456.7015018368
American Airlines,1224,origin,LAX,-1689593.4354288722,-1043456.7015018368
American Airlines,1224,dest,JFK,2167729.4793459354,-134551.3799715436
American Airlines,1225,origin,DFW,278083.31647186854,-1338465.2155458855
American Airlines,1225,dest,HNL,NA,NA
American Airlines,1226,origin,OKC,218240.3077465392,-1063902.9710996167
American Airlines,1226,dest,DFW,278083.31647186854,-1338465.2155458855
American Airlines,1227,origin,OGG,NA,NA
American Airlines,1227,dest,DFW,278083.31647186854,-1338465.2155458855
American Airlines,1228,origin,DFW,278083.31647186854,-1338465.2155458855
American Airlines,1228,dest,OGG,NA,NA
American Airlines,1229,origin,HNL,NA,NA
American Airlines,1229,dest,DFW,278083.31647186854,-1338465.2155458855
American Airlines,1230,origin,JFK,2167729.4793459354,-134551.3799715436
American Airlines,1230,dest,SFO,-1945640.7538789264,-556902.5127197708
American Airlines,1231,origin,SFO,-1945640.7538789264,-556902.5127197708
American Airlines,1231,dest,JFK,2167729.4793459354,-134551.3799715436
American Airlines,1232,origin,OGG,NA,NA
American Airlines,1232,dest,LAX,-1689593.4354288722,-1043456.7015018368
American Airlines,1233,origin,DFW,278083.31647186854,-1338465.2155458855
American Airlines,1233,dest,MIA,1981134.7610135972,-1902847.3929129404
American Airlines,1234,origin,MIA,1981134.7610135972,-1902847.3929129404
American Airlines,1234,dest,DFW,278083.31647186854,-1338465.2155458855
American Airlines,1235,origin,ORD,995411.7016669,-262546.73068444384
American Airlines,1235,dest,LAS,-1356682.4796960566,-868251.8410072095
American Airlines,1236,origin,MIA,1981134.7610135972,-1902847.3929129404
American Airlines,1236,dest,BOS,2320658.4485041024,126152.13380139158
American Airlines,1237,origin,LAX,-1689593.4354288722,-1043456.7015018368
American Airlines,1237,dest,HNL,NA,NA
American Airlines,1238,origin,SFO,-1945640.7538789264,-556902.5127197708
American Airlines,1238,dest,DFW,278083.31647186854,-1338465.2155458855
American Airlines,1239,origin,DFW,278083.31647186854,-1338465.2155458855
American Airlines,1239,dest,SFO,-1945640.7538789264,-556902.5127197708
American Airlines,1240,origin,IAH,452316.2866359444,-1652751.7266989667
American Airlines,1240,dest,MIA,1981134.7610135972,-1902847.3929129404
American Airlines,1241,origin,MIA,1981134.7610135972,-1902847.3929129404
American Airlines,1241,dest,MCO,1829771.2698870576,-1638824.7811905802
American Airlines,1242,origin,BOS,2320658.4485041024,126152.13380139158
American Airlines,1242,dest,ORD,995411.7016669,-262546.73068444384
American Airlines,1243,origin,ORD,995411.7016669,-262546.73068444384
American Airlines,1243,dest,SFO,-1945640.7538789264,-556902.5127197708
American Airlines,1244,origin,DFW,278083.31647186854,-1338465.2155458855
American Airlines,1244,dest,DTW,1359641.697254995,-170996.60408534826
American Airlines,1245,origin,DTW,1359641.697254995,-170996.60408534826
American Airlines,1245,dest,DFW,278083.31647186854,-1338465.2155458855
American Airlines,1246,origin,SEA,-1650755.3926562539,505066.6320739882
American Airlines,1246,dest,JFK,2167729.4793459354,-134551.3799715436
American Airlines,1247,origin,JFK,2167729.4793459354,-134551.3799715436
American Airlines,1247,dest,SEA,-1650755.3926562539,505066.6320739882
American Airlines,1248,origin,MSP,533284.8020873081,9198.64416372486
American Airlines,1248,dest,ORD,995411.7016669,-262546.73068444384
American Airlines,1249,origin,STL,834066.6669227502,-646449.0468188728
American Airlines,1249,dest,DFW,278083.31647186854,-1338465.2155458855
American Airlines,1250,origin,DFW,278083.31647186854,-1338465.2155458855
American Airlines,1250,dest,STL,834066.6669227502,-646449.0468188728
American Airlines,1251,origin,LAX,-1689593.4354288722,-1043456.7015018368
American Airlines,1251,dest,DCA,1959959.090984065,-409479.41835946374
American Airlines,1252,origin,ORD,995411.7016669,-262546.73068444384
American Airlines,1252,dest,TPA,1720329.790563932,-1713285.848456208
American Airlines,1253,origin,MCO,1829771.2698870576,-1638824.7811905802
American Airlines,1253,dest,ORD,995411.7016669,-262546.73068444384
American Airlines,1254,origin,ORD,995411.7016669,-262546.73068444384
American Airlines,1254,dest,MCO,1829771.2698870576,-1638824.7811905802
American Airlines,1255,origin,MCO,1829771.2698870576,-1638824.7811905802
American Airlines,1255,dest,MIA,1981134.7610135972,-1902847.3929129404
American Airlines,1256,origin,KOA,NA,NA
American Airlines,1256,dest,LAX,-1689593.4354288722,-1043456.7015018368
American Airlines,1257,origin,LAX,-1689593.4354288722,-1043456.7015018368
American Airlines,1257,dest,KOA,NA,NA
American Airlines,1258,origin,MIA,1981134.7610135972,-1902847.3929129404
American Airlines,1258,dest,JFK,2167729.4793459354,-134551.3799715436
American Airlines,1259,origin,JFK,2167729.4793459354,-134551.3799715436
American Airlines,1259,dest,MIA,1981134.7610135972,-1902847.3929129404
American Airlines,1260,origin,LAX,-1689593.4354288722,-1043456.7015018368
American Airlines,1260,dest,MIA,1981134.7610135972,-1902847.3929129404
American Airlines,1261,origin,MIA,1981134.7610135972,-1902847.3929129404
American Airlines,1261,dest,LAX,-1689593.4354288722,-1043456.7015018368
American Airlines,1262,origin,LAX,-1689593.4354288722,-1043456.7015018368
American Airlines,1262,dest,DFW,278083.31647186854,-1338465.2155458855
American Airlines,1263,origin,DFW,278083.31647186854,-1338465.2155458855
American Airlines,1263,dest,LAX,-1689593.4354288722,-1043456.7015018368
American Airlines,1264,origin,LAX,-1689593.4354288722,-1043456.7015018368
American Airlines,1264,dest,LAS,-1356682.4796960566,-868251.8410072095
American Airlines,1265,origin,LAS,-1356682.4796960566,-868251.8410072095
American Airlines,1265,dest,LAX,-1689593.4354288722,-1043456.7015018368
American Airlines,1266,origin,DFW,278083.31647186854,-1338465.2155458855
American Airlines,1266,dest,MEM,913341.2595404746,-1051685.0479322155
American Airlines,1267,origin,MEM,913341.2595404746,-1051685.0479322155
American Airlines,1267,dest,DFW,278083.31647186854,-1338465.2155458855
American Airlines,1268,origin,DFW,278083.31647186854,-1338465.2155458855
American Airlines,1268,dest,DCA,1959959.090984065,-409479.41835946374
American Airlines,1269,origin,DFW,278083.31647186854,-1338465.2155458855
American Airlines,1269,dest,DEN,-398957.8437938119,-559911.2634607605
American Airlines,1270,origin,BOS,2320658.4485041024,126152.13380139158
American Airlines,1270,dest,JFK,2167729.4793459354,-134551.3799715436
American Airlines,1271,origin,PDX,-1729571.0771865274,310444.7043324455
American Airlines,1271,dest,ORD,995411.7016669,-262546.73068444384
American Airlines,1272,origin,ORD,995411.7016669,-262546.73068444384
American Airlines,1272,dest,PDX,-1729571.0771865274,310444.7043324455
American Airlines,1273,origin,MIA,1981134.7610135972,-1902847.3929129404
American Airlines,1273,dest,LGA,2155684.513057,-122316.28523641168
American Airlines,1274,origin,DFW,278083.31647186854,-1338465.2155458855
American Airlines,1274,dest,SLC,-1004609.4621734885,-395049.06406783813
American Airlines,1275,origin,DCA,1959959.090984065,-409479.41835946374
American Airlines,1275,dest,DFW,278083.31647186854,-1338465.2155458855
American Airlines,1276,origin,SAN,-1603701.5452417962,-1199220.2306533586
American Airlines,1276,dest,JFK,2167729.4793459354,-134551.3799715436
American Airlines,1277,origin,JFK,2167729.4793459354,-134551.3799715436
American Airlines,1277,dest,SAN,-1603701.5452417962,-1199220.2306533586
American Airlines,1278,origin,MIA,1981134.7610135972,-1902847.3929129404
American Airlines,1278,dest,IAH,452316.2866359444,-1652751.7266989667
American Airlines,1279,origin,TUS,-1033490.7270596127,-1363482.3767388165
American Airlines,1279,dest,ORD,995411.7016669,-262546.73068444384
American Airlines,1280,origin,CLT,1718765.594159813,-891788.5105128315
American Airlines,1280,dest,JFK,2167729.4793459354,-134551.3799715436
American Airlines,1281,origin,IAH,452316.2866359444,-1652751.7266989667
American Airlines,1281,dest,CLT,1718765.594159813,-891788.5105128315
American Airlines,1282,origin,ORD,995411.7016669,-262546.73068444384
American Airlines,1282,dest,CLT,1718765.594159813,-891788.5105128315
American Airlines,1283,origin,JFK,2167729.4793459354,-134551.3799715436
American Airlines,1283,dest,CLT,1718765.594159813,-891788.5105128315
American Airlines,1284,origin,DFW,278083.31647186854,-1338465.2155458855
American Airlines,1284,dest,SJC,-1914820.4720456952,-595055.2286396603
American Airlines,1285,origin,SJC,-1914820.4720456952,-595055.2286396603
American Airlines,1285,dest,DFW,278083.31647186854,-1338465.2155458855
American Airlines,1286,origin,DCA,1959959.090984065,-409479.41835946374
American Airlines,1286,dest,JFK,2167729.4793459354,-134551.3799715436
American Airlines,1287,origin,PHX,-1115699.3885834513,-1205089.0053395256
American Airlines,1287,dest,JFK,2167729.4793459354,-134551.3799715436
American Airlines,1288,origin,SNA,-1646508.559850192,-1083248.598617272
American Airlines,1288,dest,PHX,-1115699.3885834513,-1205089.0053395256
American Airlines,1289,origin,HNL,NA,NA
American Airlines,1289,dest,LAX,-1689593.4354288722,-1043456.7015018368
American Airlines,1290,origin,LAX,-1689593.4354288722,-1043456.7015018368
American Airlines,1290,dest,ORD,995411.7016669,-262546.73068444384
American Airlines,1291,origin,ORD,995411.7016669,-262546.73068444384
American Airlines,1291,dest,LAX,-1689593.4354288722,-1043456.7015018368
American Airlines,1292,origin,DFW,278083.31647186854,-1338465.2155458855
American Airlines,1292,dest,LGA,2155684.513057,-122316.28523641168
American Airlines,1293,origin,MCO,1829771.2698870576,-1638824.7811905802
American Airlines,1293,dest,DFW,278083.31647186854,-1338465.2155458855
American Airlines,1294,origin,LGA,2155684.513057,-122316.28523641168
American Airlines,1294,dest,MCO,1829771.2698870576,-1638824.7811905802
American Airlines,1295,origin,ORD,995411.7016669,-262546.73068444384
American Airlines,1295,dest,JFK,2167729.4793459354,-134551.3799715436
American Airlines,1296,origin,DFW,278083.31647186854,-1338465.2155458855
American Airlines,1296,dest,EWR,2135095.905011877,-139210.669492847
American Airlines,1297,origin,MIA,1981134.7610135972,-1902847.3929129404
American Airlines,1297,dest,SEA,-1650755.3926562539,505066.6320739882
American Airlines,1298,origin,ATL,1438837.9937618312,-1129310.979486318
American Airlines,1298,dest,MIA,1981134.7610135972,-1902847.3929129404
American Airlines,1299,origin,LAX,-1689593.4354288722,-1043456.7015018368
American Airlines,1299,dest,BOS,2320658.4485041024,126152.13380139158
American Airlines,1300,origin,BOS,2320658.4485041024,126152.13380139158
American Airlines,1300,dest,LAX,-1689593.4354288722,-1043456.7015018368
American Airlines,1301,origin,CLT,1718765.594159813,-891788.5105128315
American Airlines,1301,dest,MIA,1981134.7610135972,-1902847.3929129404
American Airlines,1302,origin,MIA,1981134.7610135972,-1902847.3929129404
American Airlines,1302,dest,CLT,1718765.594159813,-891788.5105128315
American Airlines,1303,origin,LGA,2155684.513057,-122316.28523641168
American Airlines,1303,dest,DFW,278083.31647186854,-1338465.2155458855
American Airlines,1304,origin,SFO,-1945640.7538789264,-556902.5127197708
American Airlines,1304,dest,ORD,995411.7016669,-262546.73068444384
American Airlines,1305,origin,DCA,1959959.090984065,-409479.41835946374
American Airlines,1305,dest,ORD,995411.7016669,-262546.73068444384
American Airlines,1306,origin,ORD,995411.7016669,-262546.73068444384
American Airlines,1306,dest,DCA,1959959.090984065,-409479.41835946374
American Airlines,1307,origin,SAN,-1603701.5452417962,-1199220.2306533586
American Airlines,1307,dest,ORD,995411.7016669,-262546.73068444384
American Airlines,1308,origin,COS,-407608.2995632326,-676916.7449861787
American Airlines,1308,dest,DFW,278083.31647186854,-1338465.2155458855
American Airlines,1309,origin,LAX,-1689593.4354288722,-1043456.7015018368
American Airlines,1309,dest,OGG,NA,NA
American Airlines,1310,origin,LAX,-1689593.4354288722,-1043456.7015018368
American Airlines,1310,dest,MCO,1829771.2698870576,-1638824.7811905802
American Airlines,1311,origin,MCO,1829771.2698870576,-1638824.7811905802
American Airlines,1311,dest,LGA,2155684.513057,-122316.28523641168
American Airlines,1312,origin,MIA,1981134.7610135972,-1902847.3929129404
American Airlines,1312,dest,SFO,-1945640.7538789264,-556902.5127197708
American Airlines,1313,origin,MIA,1981134.7610135972,-1902847.3929129404
American Airlines,1313,dest,IAD,1922328.2460675351,-409030.73296909296
American Airlines,1314,origin,ORD,995411.7016669,-262546.73068444384
American Airlines,1314,dest,RDU,1892329.2704660424,-772779.4700067013
American Airlines,1315,origin,RDU,1892329.2704660424,-772779.4700067013
American Airlines,1315,dest,DFW,278083.31647186854,-1338465.2155458855
American Airlines,1316,origin,DFW,278083.31647186854,-1338465.2155458855
American Airlines,1316,dest,RDU,1892329.2704660424,-772779.4700067013
American Airlines,1317,origin,BOS,2320658.4485041024,126152.13380139158
American Airlines,1317,dest,DFW,278083.31647186854,-1338465.2155458855
American Airlines,1318,origin,DFW,278083.31647186854,-1338465.2155458855
American Airlines,1318,dest,BOS,2320658.4485041024,126152.13380139158
American Airlines,1319,origin,MCO,1829771.2698870576,-1638824.7811905802
American Airlines,1319,dest,LAX,-1689593.4354288722,-1043456.7015018368
American Airlines,1320,origin,DCA,1959959.090984065,-409479.41835946374
American Airlines,1320,dest,MCO,1829771.2698870576,-1638824.7811905802
American Airlines,1321,origin,MCO,1829771.2698870576,-1638824.7811905802
American Airlines,1321,dest,DCA,1959959.090984065,-409479.41835946374
American Airlines,1322,origin,LAX,-1689593.4354288722,-1043456.7015018368
American Airlines,1322,dest,AUS,225823.07315140465,-1638702.7618488022
American Airlines,1323,origin,AUS,225823.07315140465,-1638702.7618488022
American Airlines,1323,dest,LAX,-1689593.4354288722,-1043456.7015018368
American Airlines,1324,origin,AUS,225823.07315140465,-1638702.7618488022
American Airlines,1324,dest,DFW,278083.31647186854,-1338465.2155458855
American Airlines,1325,origin,ORD,995411.7016669,-262546.73068444384
American Airlines,1325,dest,LGA,2155684.513057,-122316.28523641168
American Airlines,1326,origin,DFW,278083.31647186854,-1338465.2155458855
American Airlines,1326,dest,SAT,149495.41162521293,-1713236.8214802423
American Airlines,1327,origin,MIA,1981134.7610135972,-1902847.3929129404
American Airlines,1327,dest,BWI,1980887.5167152977,-365563.636502196
American Airlines,1328,origin,MIA,1981134.7610135972,-1902847.3929129404
American Airlines,1328,dest,PHL,2075929.4181951769,-255080.32292677445
American Airlines,1329,origin,JFK,2167729.4793459354,-134551.3799715436
American Airlines,1329,dest,BOS,2320658.4485041024,126152.13380139158
American Airlines,1330,origin,LAS,-1356682.4796960566,-868251.8410072095
American Airlines,1330,dest,JFK,2167729.4793459354,-134551.3799715436
American Airlines,1331,origin,PHL,2075929.4181951769,-255080.32292677445
American Airlines,1331,dest,BOS,2320658.4485041024,126152.13380139158
American Airlines,1332,origin,SFO,-1945640.7538789264,-556902.5127197708
American Airlines,1332,dest,MIA,1981134.7610135972,-1902847.3929129404
American Airlines,1333,origin,JFK,2167729.4793459354,-134551.3799715436
American Airlines,1333,dest,LAS,-1356682.4796960566,-868251.8410072095
American Airlines,1334,origin,LAS,-1356682.4796960566,-868251.8410072095
American Airlines,1334,dest,ORD,995411.7016669,-262546.73068444384
American Airlines,1335,origin,DFW,278083.31647186854,-1338465.2155458855
American Airlines,1335,dest,KOA,NA,NA
American Airlines,1336,origin,KOA,NA,NA
American Airlines,1336,dest,DFW,278083.31647186854,-1338465.2155458855
American Airlines,1337,origin,BOS,2320658.4485041024,126152.13380139158
American Airlines,1337,dest,PHL,2075929.4181951769,-255080.32292677445
American Airlines,1338,origin,ATL,1438837.9937618312,-1129310.979486318
American Airlines,1338,dest,DFW,278083.31647186854,-1338465.2155458855
American Airlines,1339,origin,DFW,278083.31647186854,-1338465.2155458855
American Airlines,1339,dest,ATL,1438837.9937618312,-1129310.979486318
American Airlines,1340,origin,ORD,995411.7016669,-262546.73068444384
American Airlines,1340,dest,MIA,1981134.7610135972,-1902847.3929129404
American Airlines,1341,origin,MIA,1981134.7610135972,-1902847.3929129404
American Airlines,1341,dest,ORD,995411.7016669,-262546.73068444384
American Airlines,1342,origin,DCA,1959959.090984065,-409479.41835946374
American Airlines,1342,dest,MIA,1981134.7610135972,-1902847.3929129404
American Airlines,1343,origin,MIA,1981134.7610135972,-1902847.3929129404
American Airlines,1343,dest,DCA,1959959.090984065,-409479.41835946374
American Airlines,1344,origin,DFW,278083.31647186854,-1338465.2155458855
American Airlines,1344,dest,MSP,533284.8020873081,9198.64416372486
American Airlines,1345,origin,SNA,-1646508.559850192,-1083248.598617272
American Airlines,1345,dest,DFW,278083.31647186854,-1338465.2155458855
American Airlines,1346,origin,DCA,1959959.090984065,-409479.41835946374
American Airlines,1346,dest,LAX,-1689593.4354288722,-1043456.7015018368
American Airlines,1347,origin,MCI,455074.4312943624,-619331.8913740775
American Airlines,1347,dest,ORD,995411.7016669,-262546.73068444384
American Airlines,1348,origin,ORD,995411.7016669,-262546.73068444384
American Airlines,1348,dest,BOS,2320658.4485041024,126152.13380139158
American Airlines,1349,origin,LAX,-1689593.4354288722,-1043456.7015018368
American Airlines,1349,dest,LIH,NA,NA
American Airlines,1350,origin,LIH,NA,NA
American Airlines,1350,dest,LAX,-1689593.4354288722,-1043456.7015018368
American Airlines,1351,origin,DEN,-398957.8437938119,-559911.2634607605
American Airlines,1351,dest,DFW,278083.31647186854,-1338465.2155458855
American Airlines,1352,origin,MCO,1829771.2698870576,-1638824.7811905802
American Airlines,1352,dest,JFK,2167729.4793459354,-134551.3799715436
American Airlines,1353,origin,JFK,2167729.4793459354,-134551.3799715436
American Airlines,1353,dest,MCO,1829771.2698870576,-1638824.7811905802
American Airlines,1354,origin,SJU,NA,NA
American Airlines,1354,dest,MIA,1981134.7610135972,-1902847.3929129404
American Airlines,1355,origin,LGA,2155684.513057,-122316.28523641168
American Airlines,1355,dest,ORD,995411.7016669,-262546.73068444384
American Airlines,1356,origin,DFW,278083.31647186854,-1338465.2155458855
American Airlines,1356,dest,ORF,2086513.5755781755,-600723.1638676772
American Airlines,1357,origin,ORF,2086513.5755781755,-600723.1638676772
American Airlines,1357,dest,DFW,278083.31647186854,-1338465.2155458855
American Airlines,1358,origin,DFW,278083.31647186854,-1338465.2155458855
American Airlines,1358,dest,TUL,369902.00173730054,-968710.335093024
American Airlines,1359,origin,FLL,1989416.8668556917,-1869685.279595282
American Airlines,1359,dest,DFW,278083.31647186854,-1338465.2155458855
American Airlines,1360,origin,TUS,-1033490.7270596127,-1363482.3767388165
American Airlines,1360,dest,DFW,278083.31647186854,-1338465.2155458855
American Airlines,1361,origin,DFW,278083.31647186854,-1338465.2155458855
American Airlines,1361,dest,BNA,1193955.4135102862,-891176.9680870201
American Airlines,1362,origin,FLL,1989416.8668556917,-1869685.279595282
American Airlines,1362,dest,ORD,995411.7016669,-262546.73068444384
American Airlines,1363,origin,SEA,-1650755.3926562539,505066.6320739882
American Airlines,1363,dest,MIA,1981134.7610135972,-1902847.3929129404
American Airlines,1364,origin,ORD,995411.7016669,-262546.73068444384
American Airlines,1364,dest,PBI,1982322.2831828392,-1802085.774986376
American Airlines,1365,origin,PBI,1982322.2831828392,-1802085.774986376
American Airlines,1365,dest,ORD,995411.7016669,-262546.73068444384
American Airlines,1366,origin,EWR,2135095.905011877,-139210.669492847
American Airlines,1366,dest,PHX,-1115699.3885834513,-1205089.0053395256
American Airlines,1367,origin,PHX,-1115699.3885834513,-1205089.0053395256
American Airlines,1367,dest,SLC,-1004609.4621734885,-395049.06406783813
American Airlines,1368,origin,ONT,-1614545.9907031525,-1046821.4894757676
American Airlines,1368,dest,PHX,-1115699.3885834513,-1205089.0053395256
American Airlines,1369,origin,PDX,-1729571.0771865274,310444.7043324455
American Airlines,1369,dest,PHX,-1115699.3885834513,-1205089.0053395256
American Airlines,1370,origin,PHX,-1115699.3885834513,-1205089.0053395256
American Airlines,1370,dest,MSP,533284.8020873081,9198.64416372486
American Airlines,1371,origin,IND,1166867.010981104,-490339.71160834696
American Airlines,1371,dest,DFW,278083.31647186854,-1338465.2155458855
American Airlines,1372,origin,DFW,278083.31647186854,-1338465.2155458855
American Airlines,1372,dest,ELP,-605825.3288960081,-1441254.1790057654
American Airlines,1373,origin,MIA,1981134.7610135972,-1902847.3929129404
American Airlines,1373,dest,EWR,2135095.905011877,-139210.669492847
American Airlines,1374,origin,SAT,149495.41162521293,-1713236.8214802423
American Airlines,1374,dest,DFW,278083.31647186854,-1338465.2155458855
American Airlines,1375,origin,DFW,278083.31647186854,-1338465.2155458855
American Airlines,1375,dest,LAS,-1356682.4796960566,-868251.8410072095
American Airlines,1376,origin,LGA,2155684.513057,-122316.28523641168
American Airlines,1376,dest,MIA,1981134.7610135972,-1902847.3929129404
American Airlines,1377,origin,IAD,1922328.2460675351,-409030.73296909296
American Airlines,1377,dest,MIA,1981134.7610135972,-1902847.3929129404
American Airlines,1378,origin,MIA,1981134.7610135972,-1902847.3929129404
American Airlines,1378,dest,MSP,533284.8020873081,9198.64416372486
American Airlines,1379,origin,ORD,995411.7016669,-262546.73068444384
American Airlines,1379,dest,SEA,-1650755.3926562539,505066.6320739882
American Airlines,1380,origin,BOS,2320658.4485041024,126152.13380139158
American Airlines,1380,dest,MIA,1981134.7610135972,-1902847.3929129404
American Airlines,1381,origin,ORD,995411.7016669,-262546.73068444384
American Airlines,1381,dest,SJC,-1914820.4720456952,-595055.2286396603
American Airlines,1382,origin,SJC,-1914820.4720456952,-595055.2286396603
American Airlines,1382,dest,ORD,995411.7016669,-262546.73068444384
American Airlines,1383,origin,DFW,278083.31647186854,-1338465.2155458855
American Airlines,1383,dest,SJU,NA,NA
American Airlines,1384,origin,LAS,-1356682.4796960566,-868251.8410072095
American Airlines,1384,dest,DFW,278083.31647186854,-1338465.2155458855
American Airlines,1385,origin,PHL,2075929.4181951769,-255080.32292677445
American Airlines,1385,dest,STT,NA,NA
American Airlines,1386,origin,STT,NA,NA
American Airlines,1386,dest,PHL,2075929.4181951769,-255080.32292677445
American Airlines,1387,origin,DFW,278083.31647186854,-1338465.2155458855
American Airlines,1387,dest,IAH,452316.2866359444,-1652751.7266989667
American Airlines,1388,origin,IAH,452316.2866359444,-1652751.7266989667
American Airlines,1388,dest,DFW,278083.31647186854,-1338465.2155458855
American Airlines,1389,origin,SEA,-1650755.3926562539,505066.6320739882
American Airlines,1389,dest,ORD,995411.7016669,-262546.73068444384
American Airlines,1390,origin,PHX,-1115699.3885834513,-1205089.0053395256
American Airlines,1390,dest,ORD,995411.7016669,-262546.73068444384
American Airlines,1391,origin,ORD,995411.7016669,-262546.73068444384
American Airlines,1391,dest,TUL,369902.00173730054,-968710.335093024
American Airlines,1392,origin,ORD,995411.7016669,-262546.73068444384
American Airlines,1392,dest,STL,834066.6669227502,-646449.0468188728
American Airlines,1393,origin,STL,834066.6669227502,-646449.0468188728
American Airlines,1393,dest,ORD,995411.7016669,-262546.73068444384
American Airlines,1394,origin,BWI,1980887.5167152977,-365563.636502196
American Airlines,1394,dest,DFW,278083.31647186854,-1338465.2155458855
American Airlines,1395,origin,PHX,-1115699.3885834513,-1205089.0053395256
American Airlines,1395,dest,LAS,-1356682.4796960566,-868251.8410072095
American Airlines,1396,origin,EWR,2135095.905011877,-139210.669492847
American Airlines,1396,dest,CLT,1718765.594159813,-891788.5105128315
American Airlines,1397,origin,ORD,995411.7016669,-262546.73068444384
American Airlines,1397,dest,PHX,-1115699.3885834513,-1205089.0053395256
American Airlines,1398,origin,MIA,1981134.7610135972,-1902847.3929129404
American Airlines,1398,dest,TPA,1720329.790563932,-1713285.848456208
American Airlines,1399,origin,ONT,-1614545.9907031525,-1046821.4894757676
American Airlines,1399,dest,DFW,278083.31647186854,-1338465.2155458855
American Airlines,1400,origin,LAX,-1689593.4354288722,-1043456.7015018368
American Airlines,1400,dest,ATL,1438837.9937618312,-1129310.979486318
American Airlines,1401,origin,DFW,278083.31647186854,-1338465.2155458855
American Airlines,1401,dest,SAN,-1603701.5452417962,-1199220.2306533586
American Airlines,1402,origin,DFW,278083.31647186854,-1338465.2155458855
American Airlines,1402,dest,SNA,-1646508.559850192,-1083248.598617272
American Airlines,1403,origin,ORD,995411.7016669,-262546.73068444384
American Airlines,1403,dest,SLC,-1004609.4621734885,-395049.06406783813
American Airlines,1404,origin,CLT,1718765.594159813,-891788.5105128315
American Airlines,1404,dest,EWR,2135095.905011877,-139210.669492847
American Airlines,1405,origin,ORD,995411.7016669,-262546.73068444384
American Airlines,1405,dest,MCI,455074.4312943624,-619331.8913740775
American Airlines,1406,origin,DFW,278083.31647186854,-1338465.2155458855
American Airlines,1406,dest,MCO,1829771.2698870576,-1638824.7811905802
American Airlines,1407,origin,SMF,-1850472.0747063856,-458086.04301328777
American Airlines,1407,dest,DFW,278083.31647186854,-1338465.2155458855
American Airlines,1408,origin,DFW,278083.31647186854,-1338465.2155458855
American Airlines,1408,dest,IND,1166867.010981104,-490339.71160834696
American Airlines,1409,origin,PHX,-1115699.3885834513,-1205089.0053395256
American Airlines,1409,dest,DCA,1959959.090984065,-409479.41835946374
American Airlines,1410,origin,EWR,2135095.905011877,-139210.669492847
American Airlines,1410,dest,DFW,278083.31647186854,-1338465.2155458855
American Airlines,1411,origin,DSM,527073.5637794238,-365025.8008899143
American Airlines,1411,dest,DFW,278083.31647186854,-1338465.2155458855
American Airlines,1412,origin,RDU,1892329.2704660424,-772779.4700067013
American Airlines,1412,dest,LAX,-1689593.4354288722,-1043456.7015018368
American Airlines,1413,origin,LAX,-1689593.4354288722,-1043456.7015018368
American Airlines,1413,dest,RDU,1892329.2704660424,-772779.4700067013
American Airlines,1414,origin,DFW,278083.31647186854,-1338465.2155458855
American Airlines,1414,dest,ORD,995411.7016669,-262546.73068444384
American Airlines,1415,origin,SJU,NA,NA
American Airlines,1415,dest,JFK,2167729.4793459354,-134551.3799715436
American Airlines,1416,origin,ORD,995411.7016669,-262546.73068444384
American Airlines,1416,dest,TUS,-1033490.7270596127,-1363482.3767388165
American Airlines,1417,origin,PHX,-1115699.3885834513,-1205089.0053395256
American Airlines,1417,dest,SNA,-1646508.559850192,-1083248.598617272
American Airlines,1418,origin,SMF,-1850472.0747063856,-458086.04301328777
American Airlines,1418,dest,ORD,995411.7016669,-262546.73068444384
American Airlines,1419,origin,PHX,-1115699.3885834513,-1205089.0053395256
American Airlines,1419,dest,DFW,278083.31647186854,-1338465.2155458855
American Airlines,1420,origin,RDU,1892329.2704660424,-772779.4700067013
American Airlines,1420,dest,ORD,995411.7016669,-262546.73068444384
American Airlines,1421,origin,EGE,-591915.5806713243,-570781.3448486088
American Airlines,1421,dest,JFK,2167729.4793459354,-134551.3799715436
American Airlines,1422,origin,DEN,-398957.8437938119,-559911.2634607605
American Airlines,1422,dest,JFK,2167729.4793459354,-134551.3799715436
American Airlines,1423,origin,DEN,-398957.8437938119,-559911.2634607605
American Airlines,1423,dest,PHX,-1115699.3885834513,-1205089.0053395256
American Airlines,1424,origin,LAX,-1689593.4354288722,-1043456.7015018368
American Airlines,1424,dest,BDL,2208123.028463688,33971.4893617478
American Airlines,1425,origin,DAY,1337337.3311413545,-438530.28268780926
American Airlines,1425,dest,DFW,278083.31647186854,-1338465.2155458855
American Airlines,1426,origin,SNA,-1646508.559850192,-1083248.598617272
American Airlines,1426,dest,ORD,995411.7016669,-262546.73068444384
American Airlines,1427,origin,DFW,278083.31647186854,-1338465.2155458855
American Airlines,1427,dest,PHL,2075929.4181951769,-255080.32292677445
American Airlines,1428,origin,ORD,995411.7016669,-262546.73068444384
American Airlines,1428,dest,RSW,1822839.8385921961,-1854169.26849232
American Airlines,1429,origin,PHL,2075929.4181951769,-255080.32292677445
American Airlines,1429,dest,DEN,-398957.8437938119,-559911.2634607605
American Airlines,1430,origin,SLC,-1004609.4621734885,-395049.06406783813
American Airlines,1430,dest,DFW,278083.31647186854,-1338465.2155458855
American Airlines,1431,origin,MSP,533284.8020873081,9198.64416372486
American Airlines,1431,dest,LAX,-1689593.4354288722,-1043456.7015018368
American Airlines,1432,origin,LAX,-1689593.4354288722,-1043456.7015018368
American Airlines,1432,dest,MSP,533284.8020873081,9198.64416372486
American Airlines,1433,origin,DFW,278083.31647186854,-1338465.2155458855
American Airlines,1433,dest,DAY,1337337.3311413545,-438530.28268780926
American Airlines,1434,origin,ORD,995411.7016669,-262546.73068444384
American Airlines,1434,dest,MSY,943779.1568939897,-1610813.662288556
American Airlines,1435,origin,JFK,2167729.4793459354,-134551.3799715436
American Airlines,1435,dest,PHX,-1115699.3885834513,-1205089.0053395256
American Airlines,1436,origin,PHX,-1115699.3885834513,-1205089.0053395256
American Airlines,1436,dest,RNO,-1678096.5663649472,-409666.019399356
American Airlines,1437,origin,TPA,1720329.790563932,-1713285.848456208
American Airlines,1437,dest,ORD,995411.7016669,-262546.73068444384
American Airlines,1438,origin,BNA,1193955.4135102862,-891176.9680870201
American Airlines,1438,dest,DFW,278083.31647186854,-1338465.2155458855
American Airlines,1439,origin,BDL,2208123.028463688,33971.4893617478
American Airlines,1439,dest,LAX,-1689593.4354288722,-1043456.7015018368
American Airlines,1440,origin,ORD,995411.7016669,-262546.73068444384
American Airlines,1440,dest,SNA,-1646508.559850192,-1083248.598617272
American Airlines,1441,origin,FAT,-1740731.0681842598,-707419.3398996206
American Airlines,1441,dest,DFW,278083.31647186854,-1338465.2155458855
American Airlines,1442,origin,JFK,2167729.4793459354,-134551.3799715436
American Airlines,1442,dest,TUS,-1033490.7270596127,-1363482.3767388165
American Airlines,1443,origin,CLT,1718765.594159813,-891788.5105128315
American Airlines,1443,dest,STT,NA,NA
American Airlines,1444,origin,DFW,278083.31647186854,-1338465.2155458855
American Airlines,1444,dest,MFE,178187.07418528103,-2082010.5655443657
American Airlines,1445,origin,MFE,178187.07418528103,-2082010.5655443657
American Airlines,1445,dest,DFW,278083.31647186854,-1338465.2155458855
American Airlines,1446,origin,STT,NA,NA
American Airlines,1446,dest,CLT,1718765.594159813,-891788.5105128315
American Airlines,1447,origin,DFW,278083.31647186854,-1338465.2155458855
American Airlines,1447,dest,TPA,1720329.790563932,-1713285.848456208
American Airlines,1448,origin,TPA,1720329.790563932,-1713285.848456208
American Airlines,1448,dest,DFW,278083.31647186854,-1338465.2155458855
American Airlines,1449,origin,DFW,278083.31647186854,-1338465.2155458855
American Airlines,1449,dest,IAD,1922328.2460675351,-409030.73296909296
American Airlines,1450,origin,DFW,278083.31647186854,-1338465.2155458855
American Airlines,1450,dest,SMF,-1850472.0747063856,-458086.04301328777
American Airlines,1451,origin,MSP,533284.8020873081,9198.64416372486
American Airlines,1451,dest,DFW,278083.31647186854,-1338465.2155458855
American Airlines,1452,origin,PHL,2075929.4181951769,-255080.32292677445
American Airlines,1452,dest,DFW,278083.31647186854,-1338465.2155458855
American Airlines,1453,origin,SAN,-1603701.5452417962,-1199220.2306533586
American Airlines,1453,dest,PHL,2075929.4181951769,-255080.32292677445
American Airlines,1454,origin,PHL,2075929.4181951769,-255080.32292677445
American Airlines,1454,dest,SAN,-1603701.5452417962,-1199220.2306533586
American Airlines,1455,origin,FLL,1989416.8668556917,-1869685.279595282
American Airlines,1455,dest,PHL,2075929.4181951769,-255080.32292677445
American Airlines,1456,origin,PHL,2075929.4181951769,-255080.32292677445
American Airlines,1456,dest,FLL,1989416.8668556917,-1869685.279595282
American Airlines,1457,origin,RSW,1822839.8385921961,-1854169.26849232
American Airlines,1457,dest,DFW,278083.31647186854,-1338465.2155458855
American Airlines,1458,origin,RNO,-1678096.5663649472,-409666.019399356
American Airlines,1458,dest,DFW,278083.31647186854,-1338465.2155458855
American Airlines,1459,origin,DFW,278083.31647186854,-1338465.2155458855
American Airlines,1459,dest,SEA,-1650755.3926562539,505066.6320739882
American Airlines,1460,origin,DFW,278083.31647186854,-1338465.2155458855
American Airlines,1460,dest,AUS,225823.07315140465,-1638702.7618488022
American Airlines,1461,origin,JFK,2167729.4793459354,-134551.3799715436
American Airlines,1461,dest,DFW,278083.31647186854,-1338465.2155458855
American Airlines,1462,origin,MCI,455074.4312943624,-619331.8913740775
American Airlines,1462,dest,DFW,278083.31647186854,-1338465.2155458855
American Airlines,1463,origin,ORD,995411.7016669,-262546.73068444384
American Airlines,1463,dest,PHL,2075929.4181951769,-255080.32292677445
American Airlines,1464,origin,SEA,-1650755.3926562539,505066.6320739882
American Airlines,1464,dest,DFW,278083.31647186854,-1338465.2155458855
American Airlines,1465,origin,AUS,225823.07315140465,-1638702.7618488022
American Airlines,1465,dest,MIA,1981134.7610135972,-1902847.3929129404
American Airlines,1466,origin,DFW,278083.31647186854,-1338465.2155458855
American Airlines,1466,dest,MKE,980769.513678976,-155418.02245427898
American Airlines,1467,origin,ORD,995411.7016669,-262546.73068444384
American Airlines,1467,dest,FLL,1989416.8668556917,-1869685.279595282
American Airlines,1468,origin,DFW,278083.31647186854,-1338465.2155458855
American Airlines,1468,dest,FLL,1989416.8668556917,-1869685.279595282
American Airlines,1469,origin,DFW,278083.31647186854,-1338465.2155458855
American Airlines,1469,dest,ONT,-1614545.9907031525,-1046821.4894757676
American Airlines,1470,origin,DTW,1359641.697254995,-170996.60408534826
American Airlines,1470,dest,ORD,995411.7016669,-262546.73068444384
American Airlines,1471,origin,ORD,995411.7016669,-262546.73068444384
American Airlines,1471,dest,DTW,1359641.697254995,-170996.60408534826
American Airlines,1472,origin,PHL,2075929.4181951769,-255080.32292677445
American Airlines,1472,dest,MIA,1981134.7610135972,-1902847.3929129404
American Airlines,1473,origin,PHX,-1115699.3885834513,-1205089.0053395256
American Airlines,1473,dest,DEN,-398957.8437938119,-559911.2634607605
American Airlines,1474,origin,ATL,1438837.9937618312,-1129310.979486318
American Airlines,1474,dest,LAX,-1689593.4354288722,-1043456.7015018368
American Airlines,1475,origin,DFW,278083.31647186854,-1338465.2155458855
American Airlines,1475,dest,SDF,1241535.522119959,-652005.0450171886
American Airlines,1476,origin,SDF,1241535.522119959,-652005.0450171886
American Airlines,1476,dest,DFW,278083.31647186854,-1338465.2155458855
American Airlines,1477,origin,DFW,278083.31647186854,-1338465.2155458855
American Airlines,1477,dest,PIT,1653058.7188770992,-301571.10045485134
American Airlines,1478,origin,MSP,533284.8020873081,9198.64416372486
American Airlines,1478,dest,MIA,1981134.7610135972,-1902847.3929129404
American Airlines,1479,origin,PIT,1653058.7188770992,-301571.10045485134
American Airlines,1479,dest,DFW,278083.31647186854,-1338465.2155458855
American Airlines,1480,origin,MIA,1981134.7610135972,-1902847.3929129404
American Airlines,1480,dest,SJU,NA,NA
American Airlines,1481,origin,TUL,369902.00173730054,-968710.335093024
American Airlines,1481,dest,DFW,278083.31647186854,-1338465.2155458855
American Airlines,1482,origin,LAX,-1689593.4354288722,-1043456.7015018368
American Airlines,1482,dest,STL,834066.6669227502,-646449.0468188728
American Airlines,1483,origin,MIA,1981134.7610135972,-1902847.3929129404
American Airlines,1483,dest,RDU,1892329.2704660424,-772779.4700067013
American Airlines,1484,origin,RDU,1892329.2704660424,-772779.4700067013
American Airlines,1484,dest,MIA,1981134.7610135972,-1902847.3929129404
American Airlines,1485,origin,DFW,278083.31647186854,-1338465.2155458855
American Airlines,1485,dest,RIC,1974576.5147112373,-562009.3202353421
American Airlines,1486,origin,DEN,-398957.8437938119,-559911.2634607605
American Airlines,1486,dest,ORD,995411.7016669,-262546.73068444384
American Airlines,1487,origin,ORD,995411.7016669,-262546.73068444384
American Airlines,1487,dest,DEN,-398957.8437938119,-559911.2634607605
American Airlines,1488,origin,SJU,NA,NA
American Airlines,1488,dest,DFW,278083.31647186854,-1338465.2155458855
American Airlines,1489,origin,LAX,-1689593.4354288722,-1043456.7015018368
American Airlines,1489,dest,SFO,-1945640.7538789264,-556902.5127197708
American Airlines,1490,origin,MSY,943779.1568939897,-1610813.662288556
American Airlines,1490,dest,ORD,995411.7016669,-262546.73068444384
American Airlines,1491,origin,SFO,-1945640.7538789264,-556902.5127197708
American Airlines,1491,dest,LAX,-1689593.4354288722,-1043456.7015018368
American Airlines,1492,origin,PHX,-1115699.3885834513,-1205089.0053395256
American Airlines,1492,dest,EWR,2135095.905011877,-139210.669492847
American Airlines,1493,origin,SLC,-1004609.4621734885,-395049.06406783813
American Airlines,1493,dest,PHX,-1115699.3885834513,-1205089.0053395256
American Airlines,1494,origin,ABQ,-603104.745800889,-1082686.4778323667
American Airlines,1494,dest,DFW,278083.31647186854,-1338465.2155458855
American Airlines,1495,origin,DFW,278083.31647186854,-1338465.2155458855
American Airlines,1495,dest,JFK,2167729.4793459354,-134551.3799715436
American Airlines,1496,origin,JFK,2167729.4793459354,-134551.3799715436
American Airlines,1496,dest,ORD,995411.7016669,-262546.73068444384
American Airlines,1497,origin,SJU,NA,NA
American Airlines,1497,dest,CLT,1718765.594159813,-891788.5105128315
American Airlines,1498,origin,DTW,1359641.697254995,-170996.60408534826
American Airlines,1498,dest,CLT,1718765.594159813,-891788.5105128315
American Airlines,1499,origin,ORF,2086513.5755781755,-600723.1638676772
American Airlines,1499,dest,CLT,1718765.594159813,-891788.5105128315
American Airlines,1500,origin,PHL,2075929.4181951769,-255080.32292677445
American Airlines,1500,dest,CLT,1718765.594159813,-891788.5105128315
American Airlines,1501,origin,RIC,1974576.5147112373,-562009.3202353421
American Airlines,1501,dest,CLT,1718765.594159813,-891788.5105128315
American Airlines,1502,origin,BOS,2320658.4485041024,126152.13380139158
American Airlines,1502,dest,CLT,1718765.594159813,-891788.5105128315
American Airlines,1503,origin,CLT,1718765.594159813,-891788.5105128315
American Airlines,1503,dest,DCA,1959959.090984065,-409479.41835946374
American Airlines,1504,origin,MSY,943779.1568939897,-1610813.662288556
American Airlines,1504,dest,CLT,1718765.594159813,-891788.5105128315
American Airlines,1505,origin,PBI,1982322.2831828392,-1802085.774986376
American Airlines,1505,dest,CLT,1718765.594159813,-891788.5105128315
American Airlines,1506,origin,STL,834066.6669227502,-646449.0468188728
American Airlines,1506,dest,CLT,1718765.594159813,-891788.5105128315
American Airlines,1507,origin,CLT,1718765.594159813,-891788.5105128315
American Airlines,1507,dest,DEN,-398957.8437938119,-559911.2634607605
American Airlines,1508,origin,FLL,1989416.8668556917,-1869685.279595282
American Airlines,1508,dest,CLT,1718765.594159813,-891788.5105128315
American Airlines,1509,origin,RSW,1822839.8385921961,-1854169.26849232
American Airlines,1509,dest,CLT,1718765.594159813,-891788.5105128315
American Airlines,1510,origin,BNA,1193955.4135102862,-891176.9680870201
American Airlines,1510,dest,CLT,1718765.594159813,-891788.5105128315
American Airlines,1511,origin,BUF,1707245.286740146,-4371.266382491431
American Airlines,1511,dest,CLT,1718765.594159813,-891788.5105128315
American Airlines,1512,origin,CLT,1718765.594159813,-891788.5105128315
American Airlines,1512,dest,PBI,1982322.2831828392,-1802085.774986376
American Airlines,1513,origin,SFO,-1945640.7538789264,-556902.5127197708
American Airlines,1513,dest,CLT,1718765.594159813,-891788.5105128315
American Airlines,1514,origin,CHS,1853007.6958618572,-1124845.6869020823
American Airlines,1514,dest,CLT,1718765.594159813,-891788.5105128315
American Airlines,1515,origin,CLT,1718765.594159813,-891788.5105128315
American Airlines,1515,dest,BNA,1193955.4135102862,-891176.9680870201
American Airlines,1516,origin,PVD,2312630.224903233,45984.38112504096
American Airlines,1516,dest,CLT,1718765.594159813,-891788.5105128315
American Airlines,1517,origin,SAT,149495.41162521293,-1713236.8214802423
American Airlines,1517,dest,CLT,1718765.594159813,-891788.5105128315
American Airlines,1518,origin,CLT,1718765.594159813,-891788.5105128315
American Airlines,1518,dest,MCO,1829771.2698870576,-1638824.7811905802
American Airlines,1519,origin,CLT,1718765.594159813,-891788.5105128315
American Airlines,1519,dest,STL,834066.6669227502,-646449.0468188728
American Airlines,1520,origin,BWI,1980887.5167152977,-365563.636502196
American Airlines,1520,dest,MIA,1981134.7610135972,-1902847.3929129404
American Airlines,1521,origin,PBI,1982322.2831828392,-1802085.774986376
American Airlines,1521,dest,PHL,2075929.4181951769,-255080.32292677445
American Airlines,1522,origin,PHL,2075929.4181951769,-255080.32292677445
American Airlines,1522,dest,PBI,1982322.2831828392,-1802085.774986376
American Airlines,1523,origin,AUS,225823.07315140465,-1638702.7618488022
American Airlines,1523,dest,CLT,1718765.594159813,-891788.5105128315
American Airlines,1524,origin,CLT,1718765.594159813,-891788.5105128315
American Airlines,1524,dest,ROC,1784302.386940441,37810.92949343497
American Airlines,1525,origin,RDU,1892329.2704660424,-772779.4700067013
American Airlines,1525,dest,CLT,1718765.594159813,-891788.5105128315
American Airlines,1526,origin,CLT,1718765.594159813,-891788.5105128315
American Airlines,1526,dest,TPA,1720329.790563932,-1713285.848456208
American Airlines,1527,origin,LGA,2155684.513057,-122316.28523641168
American Airlines,1527,dest,CLT,1718765.594159813,-891788.5105128315
American Airlines,1528,origin,TPA,1720329.790563932,-1713285.848456208
American Airlines,1528,dest,PHX,-1115699.3885834513,-1205089.0053395256
American Airlines,1529,origin,BDL,2208123.028463688,33971.4893617478
American Airlines,1529,dest,CLT,1718765.594159813,-891788.5105128315
American Airlines,1530,origin,ROC,1784302.386940441,37810.92949343497
American Airlines,1530,dest,CLT,1718765.594159813,-891788.5105128315
American Airlines,1531,origin,CLT,1718765.594159813,-891788.5105128315
American Airlines,1531,dest,IND,1166867.010981104,-490339.71160834696
American Airlines,1532,origin,PHL,2075929.4181951769,-255080.32292677445
American Airlines,1532,dest,RDU,1892329.2704660424,-772779.4700067013
American Airlines,1533,origin,PIT,1653058.7188770992,-301571.10045485134
American Airlines,1533,dest,CLT,1718765.594159813,-891788.5105128315
American Airlines,1534,origin,SLC,-1004609.4621734885,-395049.06406783813
American Airlines,1534,dest,CLT,1718765.594159813,-891788.5105128315
American Airlines,1535,origin,CLT,1718765.594159813,-891788.5105128315
American Airlines,1535,dest,DFW,278083.31647186854,-1338465.2155458855
American Airlines,1536,origin,DFW,278083.31647186854,-1338465.2155458855
American Airlines,1536,dest,CLT,1718765.594159813,-891788.5105128315
American Airlines,1537,origin,CLT,1718765.594159813,-891788.5105128315
American Airlines,1537,dest,CLE,1498726.2792607923,-232627.15593650908
American Airlines,1538,origin,PHL,2075929.4181951769,-255080.32292677445
American Airlines,1538,dest,PIT,1653058.7188770992,-301571.10045485134
American Airlines,1539,origin,PIT,1653058.7188770992,-301571.10045485134
American Airlines,1539,dest,PHL,2075929.4181951769,-255080.32292677445
American Airlines,1540,origin,DCA,1959959.090984065,-409479.41835946374
American Airlines,1540,dest,FLL,1989416.8668556917,-1869685.279595282
American Airlines,1541,origin,DCA,1959959.090984065,-409479.41835946374
American Airlines,1541,dest,PBI,1982322.2831828392,-1802085.774986376
American Airlines,1542,origin,FLL,1989416.8668556917,-1869685.279595282
American Airlines,1542,dest,DCA,1959959.090984065,-409479.41835946374
American Airlines,1543,origin,PBI,1982322.2831828392,-1802085.774986376
American Airlines,1543,dest,DCA,1959959.090984065,-409479.41835946374
American Airlines,1544,origin,PHL,2075929.4181951769,-255080.32292677445
American Airlines,1544,dest,PHX,-1115699.3885834513,-1205089.0053395256
American Airlines,1545,origin,RDU,1892329.2704660424,-772779.4700067013
American Airlines,1545,dest,PHL,2075929.4181951769,-255080.32292677445
American Airlines,1546,origin,PHL,2075929.4181951769,-255080.32292677445
American Airlines,1546,dest,MCO,1829771.2698870576,-1638824.7811905802
American Airlines,1547,origin,CLT,1718765.594159813,-891788.5105128315
American Airlines,1547,dest,SJU,NA,NA
American Airlines,1548,origin,CLT,1718765.594159813,-891788.5105128315
American Airlines,1548,dest,BUF,1707245.286740146,-4371.266382491431
American Airlines,1549,origin,CLT,1718765.594159813,-891788.5105128315
American Airlines,1549,dest,RIC,1974576.5147112373,-562009.3202353421
American Airlines,1550,origin,JAX,1752547.7524868262,-1421732.3716896002
American Airlines,1550,dest,CLT,1718765.594159813,-891788.5105128315
American Airlines,1551,origin,ATL,1438837.9937618312,-1129310.979486318
American Airlines,1551,dest,PHL,2075929.4181951769,-255080.32292677445
American Airlines,1552,origin,PHL,2075929.4181951769,-255080.32292677445
American Airlines,1552,dest,ATL,1438837.9937618312,-1129310.979486318
American Airlines,1553,origin,CLT,1718765.594159813,-891788.5105128315
American Airlines,1553,dest,BDL,2208123.028463688,33971.4893617478
American Airlines,1554,origin,LAS,-1356682.4796960566,-868251.8410072095
American Airlines,1554,dest,CLT,1718765.594159813,-891788.5105128315
American Airlines,1555,origin,MEM,913341.2595404746,-1051685.0479322155
American Airlines,1555,dest,CLT,1718765.594159813,-891788.5105128315
American Airlines,1556,origin,TPA,1720329.790563932,-1713285.848456208
American Airlines,1556,dest,CLT,1718765.594159813,-891788.5105128315
American Airlines,1557,origin,PHL,2075929.4181951769,-255080.32292677445
American Airlines,1557,dest,MSY,943779.1568939897,-1610813.662288556
American Airlines,1558,origin,MCO,1829771.2698870576,-1638824.7811905802
American Airlines,1558,dest,PHL,2075929.4181951769,-255080.32292677445
American Airlines,1559,origin,CLT,1718765.594159813,-891788.5105128315
American Airlines,1559,dest,AUS,225823.07315140465,-1638702.7618488022
American Airlines,1560,origin,MSP,533284.8020873081,9198.64416372486
American Airlines,1560,dest,CLT,1718765.594159813,-891788.5105128315
American Airlines,1561,origin,ALB,2093896.6988834653,90839.80353075745
American Airlines,1561,dest,CLT,1718765.594159813,-891788.5105128315
American Airlines,1562,origin,CLT,1718765.594159813,-891788.5105128315
American Airlines,1562,dest,ORF,2086513.5755781755,-600723.1638676772
American Airlines,1563,origin,PWM,2323046.368311461,282201.85932739975
American Airlines,1563,dest,CLT,1718765.594159813,-891788.5105128315
American Airlines,1564,origin,DFW,278083.31647186854,-1338465.2155458855
American Airlines,1564,dest,PHX,-1115699.3885834513,-1205089.0053395256
American Airlines,1565,origin,TPA,1720329.790563932,-1713285.848456208
American Airlines,1565,dest,PHL,2075929.4181951769,-255080.32292677445
American Airlines,1566,origin,MSP,533284.8020873081,9198.64416372486
American Airlines,1566,dest,PHL,2075929.4181951769,-255080.32292677445
American Airlines,1567,origin,PHL,2075929.4181951769,-255080.32292677445
American Airlines,1567,dest,MSP,533284.8020873081,9198.64416372486
American Airlines,1568,origin,LGA,2155684.513057,-122316.28523641168
American Airlines,1568,dest,PHL,2075929.4181951769,-255080.32292677445
American Airlines,1569,origin,PHL,2075929.4181951769,-255080.32292677445
American Airlines,1569,dest,LGA,2155684.513057,-122316.28523641168
American Airlines,1570,origin,CLT,1718765.594159813,-891788.5105128315
American Airlines,1570,dest,PVD,2312630.224903233,45984.38112504096
American Airlines,1571,origin,CLT,1718765.594159813,-891788.5105128315
American Airlines,1571,dest,PIT,1653058.7188770992,-301571.10045485134
American Airlines,1572,origin,ATL,1438837.9937618312,-1129310.979486318
American Airlines,1572,dest,CLT,1718765.594159813,-891788.5105128315
American Airlines,1573,origin,CLT,1718765.594159813,-891788.5105128315
American Airlines,1573,dest,MCI,455074.4312943624,-619331.8913740775
American Airlines,1574,origin,DCA,1959959.090984065,-409479.41835946374
American Airlines,1574,dest,CLT,1718765.594159813,-891788.5105128315
American Airlines,1575,origin,CLT,1718765.594159813,-891788.5105128315
American Airlines,1575,dest,ORD,995411.7016669,-262546.73068444384
American Airlines,1576,origin,PHX,-1115699.3885834513,-1205089.0053395256
American Airlines,1576,dest,SAN,-1603701.5452417962,-1199220.2306533586
American Airlines,1577,origin,CLE,1498726.2792607923,-232627.15593650908
American Airlines,1577,dest,CLT,1718765.594159813,-891788.5105128315
American Airlines,1578,origin,CLT,1718765.594159813,-891788.5105128315
American Airlines,1578,dest,MSY,943779.1568939897,-1610813.662288556
American Airlines,1579,origin,BWI,1980887.5167152977,-365563.636502196
American Airlines,1579,dest,CLT,1718765.594159813,-891788.5105128315
American Airlines,1580,origin,CLT,1718765.594159813,-891788.5105128315
American Airlines,1580,dest,LGA,2155684.513057,-122316.28523641168
American Airlines,1581,origin,LAX,-1689593.4354288722,-1043456.7015018368
American Airlines,1581,dest,CLT,1718765.594159813,-891788.5105128315
American Airlines,1582,origin,DCA,1959959.090984065,-409479.41835946374
American Airlines,1582,dest,TPA,1720329.790563932,-1713285.848456208
American Airlines,1583,origin,TPA,1720329.790563932,-1713285.848456208
American Airlines,1583,dest,DCA,1959959.090984065,-409479.41835946374
American Airlines,1584,origin,MCI,455074.4312943624,-619331.8913740775
American Airlines,1584,dest,CLT,1718765.594159813,-891788.5105128315
American Airlines,1585,origin,LGA,2155684.513057,-122316.28523641168
American Airlines,1585,dest,RDU,1892329.2704660424,-772779.4700067013
American Airlines,1586,origin,RDU,1892329.2704660424,-772779.4700067013
American Airlines,1586,dest,LGA,2155684.513057,-122316.28523641168
American Airlines,1587,origin,MCO,1829771.2698870576,-1638824.7811905802
American Airlines,1587,dest,CLT,1718765.594159813,-891788.5105128315
American Airlines,1588,origin,STL,834066.6669227502,-646449.0468188728
American Airlines,1588,dest,PHL,2075929.4181951769,-255080.32292677445
American Airlines,1589,origin,PHL,2075929.4181951769,-255080.32292677445
American Airlines,1589,dest,PVD,2312630.224903233,45984.38112504096
American Airlines,1590,origin,PVD,2312630.224903233,45984.38112504096
American Airlines,1590,dest,PHL,2075929.4181951769,-255080.32292677445
American Airlines,1591,origin,CLT,1718765.594159813,-891788.5105128315
American Airlines,1591,dest,BWI,1980887.5167152977,-365563.636502196
American Airlines,1592,origin,CLT,1718765.594159813,-891788.5105128315
American Airlines,1592,dest,JAX,1752547.7524868262,-1421732.3716896002
American Airlines,1593,origin,SYR,1905272.1686460353,72673.25213846966
American Airlines,1593,dest,CLT,1718765.594159813,-891788.5105128315
American Airlines,1594,origin,DTW,1359641.697254995,-170996.60408534826
American Airlines,1594,dest,MIA,1981134.7610135972,-1902847.3929129404
American Airlines,1595,origin,IND,1166867.010981104,-490339.71160834696
American Airlines,1595,dest,CLT,1718765.594159813,-891788.5105128315
American Airlines,1596,origin,CLT,1718765.594159813,-891788.5105128315
American Airlines,1596,dest,RDU,1892329.2704660424,-772779.4700067013
American Airlines,1597,origin,OAK,-1929816.947397706,-549399.1884917811
American Airlines,1597,dest,PHX,-1115699.3885834513,-1205089.0053395256
American Airlines,1598,origin,PDX,-1729571.0771865274,310444.7043324455
American Airlines,1598,dest,CLT,1718765.594159813,-891788.5105128315
American Airlines,1599,origin,DCA,1959959.090984065,-409479.41835946374
American Airlines,1599,dest,PHL,2075929.4181951769,-255080.32292677445
American Airlines,1600,origin,DTW,1359641.697254995,-170996.60408534826
American Airlines,1600,dest,PHL,2075929.4181951769,-255080.32292677445
American Airlines,1601,origin,PHL,2075929.4181951769,-255080.32292677445
American Airlines,1601,dest,DTW,1359641.697254995,-170996.60408534826
American Airlines,1602,origin,CLT,1718765.594159813,-891788.5105128315
American Airlines,1602,dest,PHX,-1115699.3885834513,-1205089.0053395256
American Airlines,1603,origin,PHL,2075929.4181951769,-255080.32292677445
American Airlines,1603,dest,STL,834066.6669227502,-646449.0468188728
American Airlines,1604,origin,CLT,1718765.594159813,-891788.5105128315
American Airlines,1604,dest,BOS,2320658.4485041024,126152.13380139158
American Airlines,1605,origin,MSY,943779.1568939897,-1610813.662288556
American Airlines,1605,dest,PHL,2075929.4181951769,-255080.32292677445
American Airlines,1606,origin,CLT,1718765.594159813,-891788.5105128315
American Airlines,1606,dest,ALB,2093896.6988834653,90839.80353075745
American Airlines,1607,origin,CLT,1718765.594159813,-891788.5105128315
American Airlines,1607,dest,DTW,1359641.697254995,-170996.60408534826
American Airlines,1608,origin,ILM,2011109.1479966196,-926704.3084000075
American Airlines,1608,dest,CLT,1718765.594159813,-891788.5105128315
American Airlines,1609,origin,PHL,2075929.4181951769,-255080.32292677445
American Airlines,1609,dest,SLC,-1004609.4621734885,-395049.06406783813
American Airlines,1610,origin,SLC,-1004609.4621734885,-395049.06406783813
American Airlines,1610,dest,PHL,2075929.4181951769,-255080.32292677445
American Airlines,1611,origin,JAX,1752547.7524868262,-1421732.3716896002
American Airlines,1611,dest,PHL,2075929.4181951769,-255080.32292677445
American Airlines,1612,origin,CLT,1718765.594159813,-891788.5105128315
American Airlines,1612,dest,PHL,2075929.4181951769,-255080.32292677445
American Airlines,1613,origin,CLT,1718765.594159813,-891788.5105128315
American Airlines,1613,dest,FLL,1989416.8668556917,-1869685.279595282
American Airlines,1614,origin,MDT,1943193.8006085365,-257785.2270711698
American Airlines,1614,dest,CLT,1718765.594159813,-891788.5105128315
American Airlines,1615,origin,CLT,1718765.594159813,-891788.5105128315
American Airlines,1615,dest,SEA,-1650755.3926562539,505066.6320739882
American Airlines,1616,origin,CLT,1718765.594159813,-891788.5105128315
American Airlines,1616,dest,LAX,-1689593.4354288722,-1043456.7015018368
American Airlines,1617,origin,CLT,1718765.594159813,-891788.5105128315
American Airlines,1617,dest,IAH,452316.2866359444,-1652751.7266989667
American Airlines,1618,origin,CLT,1718765.594159813,-891788.5105128315
American Airlines,1618,dest,ILM,2011109.1479966196,-926704.3084000075
American Airlines,1619,origin,PHX,-1115699.3885834513,-1205089.0053395256
American Airlines,1619,dest,PHL,2075929.4181951769,-255080.32292677445
American Airlines,1620,origin,SFO,-1945640.7538789264,-556902.5127197708
American Airlines,1620,dest,PHX,-1115699.3885834513,-1205089.0053395256
American Airlines,1621,origin,PHL,2075929.4181951769,-255080.32292677445
American Airlines,1621,dest,DCA,1959959.090984065,-409479.41835946374
American Airlines,1622,origin,SJU,NA,NA
American Airlines,1622,dest,PHL,2075929.4181951769,-255080.32292677445
American Airlines,1623,origin,PHL,2075929.4181951769,-255080.32292677445
American Airlines,1623,dest,ORD,995411.7016669,-262546.73068444384
American Airlines,1624,origin,CLT,1718765.594159813,-891788.5105128315
American Airlines,1624,dest,CHS,1853007.6958618572,-1124845.6869020823
American Airlines,1625,origin,LAS,-1356682.4796960566,-868251.8410072095
American Airlines,1625,dest,PHX,-1115699.3885834513,-1205089.0053395256
American Airlines,1626,origin,PHX,-1115699.3885834513,-1205089.0053395256
American Airlines,1626,dest,CLT,1718765.594159813,-891788.5105128315
American Airlines,1627,origin,MIA,1981134.7610135972,-1902847.3929129404
American Airlines,1627,dest,ATL,1438837.9937618312,-1129310.979486318
American Airlines,1628,origin,CLT,1718765.594159813,-891788.5105128315
American Airlines,1628,dest,STX,NA,NA
American Airlines,1629,origin,STX,NA,NA
American Airlines,1629,dest,CLT,1718765.594159813,-891788.5105128315
American Airlines,1630,origin,SEA,-1650755.3926562539,505066.6320739882
American Airlines,1630,dest,CLT,1718765.594159813,-891788.5105128315
American Airlines,1631,origin,RSW,1822839.8385921961,-1854169.26849232
American Airlines,1631,dest,PHL,2075929.4181951769,-255080.32292677445
American Airlines,1632,origin,PHX,-1115699.3885834513,-1205089.0053395256
American Airlines,1632,dest,LAX,-1689593.4354288722,-1043456.7015018368
American Airlines,1633,origin,PHL,2075929.4181951769,-255080.32292677445
American Airlines,1633,dest,JAX,1752547.7524868262,-1421732.3716896002
American Airlines,1634,origin,CLT,1718765.594159813,-891788.5105128315
American Airlines,1634,dest,ATL,1438837.9937618312,-1129310.979486318
American Airlines,1635,origin,PHL,2075929.4181951769,-255080.32292677445
American Airlines,1635,dest,SJU,NA,NA
Delta Air Lines,1636,origin,BOS,2320658.4485041024,126152.13380139158
Delta Air Lines,1636,dest,MSP,533284.8020873081,9198.64416372486
Delta Air Lines,1637,origin,DAY,1337337.3311413545,-438530.28268780926
Delta Air Lines,1637,dest,ATL,1438837.9937618312,-1129310.979486318
Delta Air Lines,1638,origin,HSV,1208834.3933259062,-1056146.4674099446
Delta Air Lines,1638,dest,ATL,1438837.9937618312,-1129310.979486318
Delta Air Lines,1639,origin,ATL,1438837.9937618312,-1129310.979486318
Delta Air Lines,1639,dest,PHL,2075929.4181951769,-255080.32292677445
Delta Air Lines,1640,origin,DTW,1359641.697254995,-170996.60408534826
Delta Air Lines,1640,dest,LGA,2155684.513057,-122316.28523641168
Delta Air Lines,1641,origin,ATL,1438837.9937618312,-1129310.979486318
Delta Air Lines,1641,dest,RSW,1822839.8385921961,-1854169.26849232
Delta Air Lines,1642,origin,RSW,1822839.8385921961,-1854169.26849232
Delta Air Lines,1642,dest,ATL,1438837.9937618312,-1129310.979486318
Delta Air Lines,1643,origin,SEA,-1650755.3926562539,505066.6320739882
Delta Air Lines,1643,dest,SLC,-1004609.4621734885,-395049.06406783813
Delta Air Lines,1644,origin,BZN,-861247.8507503188,146078.48264388298
Delta Air Lines,1644,dest,MSP,533284.8020873081,9198.64416372486
Delta Air Lines,1645,origin,ATL,1438837.9937618312,-1129310.979486318
Delta Air Lines,1645,dest,SRQ,1728853.7880800036,-1776894.0369085146
Delta Air Lines,1646,origin,MSY,943779.1568939897,-1610813.662288556
Delta Air Lines,1646,dest,MSP,533284.8020873081,9198.64416372486
Delta Air Lines,1647,origin,MCI,455074.4312943624,-619331.8913740775
Delta Air Lines,1647,dest,ATL,1438837.9937618312,-1129310.979486318
Delta Air Lines,1648,origin,SLC,-1004609.4621734885,-395049.06406783813
Delta Air Lines,1648,dest,SAT,149495.41162521293,-1713236.8214802423
Delta Air Lines,1649,origin,SAT,149495.41162521293,-1713236.8214802423
Delta Air Lines,1649,dest,SLC,-1004609.4621734885,-395049.06406783813
Delta Air Lines,1650,origin,SAN,-1603701.5452417962,-1199220.2306533586
Delta Air Lines,1650,dest,JFK,2167729.4793459354,-134551.3799715436
Delta Air Lines,1651,origin,ATL,1438837.9937618312,-1129310.979486318
Delta Air Lines,1651,dest,LEX,1341000.798647487,-649583.9025673885
Delta Air Lines,1652,origin,LEX,1341000.798647487,-649583.9025673885
Delta Air Lines,1652,dest,ATL,1438837.9937618312,-1129310.979486318
Delta Air Lines,1653,origin,PBI,1982322.2831828392,-1802085.774986376
Delta Air Lines,1653,dest,LGA,2155684.513057,-122316.28523641168
Delta Air Lines,1654,origin,JFK,2167729.4793459354,-134551.3799715436
Delta Air Lines,1654,dest,MCO,1829771.2698870576,-1638824.7811905802
Delta Air Lines,1655,origin,FLL,1989416.8668556917,-1869685.279595282
Delta Air Lines,1655,dest,DTW,1359641.697254995,-170996.60408534826
Delta Air Lines,1656,origin,DEN,-398957.8437938119,-559911.2634607605
Delta Air Lines,1656,dest,DTW,1359641.697254995,-170996.60408534826
Delta Air Lines,1657,origin,ATL,1438837.9937618312,-1129310.979486318
Delta Air Lines,1657,dest,GSO,1786518.0109945685,-773819.2638128912
Delta Air Lines,1658,origin,LAX,-1689593.4354288722,-1043456.7015018368
Delta Air Lines,1658,dest,SJC,-1914820.4720456952,-595055.2286396603
Delta Air Lines,1659,origin,ORD,995411.7016669,-262546.73068444384
Delta Air Lines,1659,dest,ATL,1438837.9937618312,-1129310.979486318
Delta Air Lines,1660,origin,ATL,1438837.9937618312,-1129310.979486318
Delta Air Lines,1660,dest,ICT,226443.7486944286,-813259.0022928995
Delta Air Lines,1661,origin,ATL,1438837.9937618312,-1129310.979486318
Delta Air Lines,1661,dest,EWR,2135095.905011877,-139210.669492847
Delta Air Lines,1662,origin,DTW,1359641.697254995,-170996.60408534826
Delta Air Lines,1662,dest,PHX,-1115699.3885834513,-1205089.0053395256
Delta Air Lines,1663,origin,KOA,NA,NA
Delta Air Lines,1663,dest,SEA,-1650755.3926562539,505066.6320739882
Delta Air Lines,1664,origin,LAX,-1689593.4354288722,-1043456.7015018368
Delta Air Lines,1664,dest,SLC,-1004609.4621734885,-395049.06406783813
Delta Air Lines,1665,origin,CMH,1445821.7184349983,-405735.9494879742
Delta Air Lines,1665,dest,ATL,1438837.9937618312,-1129310.979486318
Delta Air Lines,1666,origin,EWR,2135095.905011877,-139210.669492847
Delta Air Lines,1666,dest,ATL,1438837.9937618312,-1129310.979486318
Delta Air Lines,1667,origin,ATL,1438837.9937618312,-1129310.979486318
Delta Air Lines,1667,dest,BNA,1193955.4135102862,-891176.9680870201
Delta Air Lines,1668,origin,BNA,1193955.4135102862,-891176.9680870201
Delta Air Lines,1668,dest,ATL,1438837.9937618312,-1129310.979486318
Delta Air Lines,1669,origin,MSP,533284.8020873081,9198.64416372486
Delta Air Lines,1669,dest,PSP,-1520118.9583575455,-1091859.511799427
Delta Air Lines,1670,origin,PSP,-1520118.9583575455,-1091859.511799427
Delta Air Lines,1670,dest,MSP,533284.8020873081,9198.64416372486
Delta Air Lines,1671,origin,SEA,-1650755.3926562539,505066.6320739882
Delta Air Lines,1671,dest,DTW,1359641.697254995,-170996.60408534826
Delta Air Lines,1672,origin,SFO,-1945640.7538789264,-556902.5127197708
Delta Air Lines,1672,dest,MSP,533284.8020873081,9198.64416372486
Delta Air Lines,1673,origin,SJC,-1914820.4720456952,-595055.2286396603
Delta Air Lines,1673,dest,LAX,-1689593.4354288722,-1043456.7015018368
Delta Air Lines,1674,origin,MSP,533284.8020873081,9198.64416372486
Delta Air Lines,1674,dest,PHX,-1115699.3885834513,-1205089.0053395256
Delta Air Lines,1675,origin,PHX,-1115699.3885834513,-1205089.0053395256
Delta Air Lines,1675,dest,MSP,533284.8020873081,9198.64416372486
Delta Air Lines,1676,origin,LAS,-1356682.4796960566,-868251.8410072095
Delta Air Lines,1676,dest,SLC,-1004609.4621734885,-395049.06406783813
Delta Air Lines,1677,origin,MIA,1981134.7610135972,-1902847.3929129404
Delta Air Lines,1677,dest,ATL,1438837.9937618312,-1129310.979486318
Delta Air Lines,1678,origin,JFK,2167729.4793459354,-134551.3799715436
Delta Air Lines,1678,dest,FLL,1989416.8668556917,-1869685.279595282
Delta Air Lines,1679,origin,DTW,1359641.697254995,-170996.60408534826
Delta Air Lines,1679,dest,CLT,1718765.594159813,-891788.5105128315
Delta Air Lines,1680,origin,BNA,1193955.4135102862,-891176.9680870201
Delta Air Lines,1680,dest,LAX,-1689593.4354288722,-1043456.7015018368
Delta Air Lines,1681,origin,LAX,-1689593.4354288722,-1043456.7015018368
Delta Air Lines,1681,dest,BNA,1193955.4135102862,-891176.9680870201
Delta Air Lines,1682,origin,LGA,2155684.513057,-122316.28523641168
Delta Air Lines,1682,dest,PBI,1982322.2831828392,-1802085.774986376
Delta Air Lines,1683,origin,CHS,1853007.6958618572,-1124845.6869020823
Delta Air Lines,1683,dest,ATL,1438837.9937618312,-1129310.979486318
Delta Air Lines,1684,origin,DTW,1359641.697254995,-170996.60408534826
Delta Air Lines,1684,dest,BOS,2320658.4485041024,126152.13380139158
Delta Air Lines,1685,origin,BOS,2320658.4485041024,126152.13380139158
Delta Air Lines,1685,dest,PBI,1982322.2831828392,-1802085.774986376
Delta Air Lines,1686,origin,ATL,1438837.9937618312,-1129310.979486318
Delta Air Lines,1686,dest,DAB,1838701.06675774,-1551799.0940549509
Delta Air Lines,1687,origin,DAB,1838701.06675774,-1551799.0940549509
Delta Air Lines,1687,dest,ATL,1438837.9937618312,-1129310.979486318
Delta Air Lines,1688,origin,SEA,-1650755.3926562539,505066.6320739882
Delta Air Lines,1688,dest,MSP,533284.8020873081,9198.64416372486
Delta Air Lines,1689,origin,DCA,1959959.090984065,-409479.41835946374
Delta Air Lines,1689,dest,SLC,-1004609.4621734885,-395049.06406783813
Delta Air Lines,1690,origin,ATL,1438837.9937618312,-1129310.979486318
Delta Air Lines,1690,dest,CHS,1853007.6958618572,-1124845.6869020823
Delta Air Lines,1691,origin,SRQ,1728853.7880800036,-1776894.0369085146
Delta Air Lines,1691,dest,ATL,1438837.9937618312,-1129310.979486318
Delta Air Lines,1692,origin,DTW,1359641.697254995,-170996.60408534826
Delta Air Lines,1692,dest,TPA,1720329.790563932,-1713285.848456208
Delta Air Lines,1693,origin,TPA,1720329.790563932,-1713285.848456208
Delta Air Lines,1693,dest,DTW,1359641.697254995,-170996.60408534826
Delta Air Lines,1694,origin,ATL,1438837.9937618312,-1129310.979486318
Delta Air Lines,1694,dest,FLL,1989416.8668556917,-1869685.279595282
Delta Air Lines,1695,origin,FLL,1989416.8668556917,-1869685.279595282
Delta Air Lines,1695,dest,ATL,1438837.9937618312,-1129310.979486318
Delta Air Lines,1696,origin,ATL,1438837.9937618312,-1129310.979486318
Delta Air Lines,1696,dest,PBI,1982322.2831828392,-1802085.774986376
Delta Air Lines,1697,origin,PBI,1982322.2831828392,-1802085.774986376
Delta Air Lines,1697,dest,ATL,1438837.9937618312,-1129310.979486318
Delta Air Lines,1698,origin,ATL,1438837.9937618312,-1129310.979486318
Delta Air Lines,1698,dest,SAN,-1603701.5452417962,-1199220.2306533586
Delta Air Lines,1699,origin,MEM,913341.2595404746,-1051685.0479322155
Delta Air Lines,1699,dest,ATL,1438837.9937618312,-1129310.979486318
Delta Air Lines,1700,origin,ATL,1438837.9937618312,-1129310.979486318
Delta Air Lines,1700,dest,RIC,1974576.5147112373,-562009.3202353421
Delta Air Lines,1701,origin,RIC,1974576.5147112373,-562009.3202353421
Delta Air Lines,1701,dest,ATL,1438837.9937618312,-1129310.979486318
Delta Air Lines,1702,origin,LGA,2155684.513057,-122316.28523641168
Delta Air Lines,1702,dest,MCO,1829771.2698870576,-1638824.7811905802
Delta Air Lines,1703,origin,BDL,2208123.028463688,33971.4893617478
Delta Air Lines,1703,dest,DTW,1359641.697254995,-170996.60408534826
Delta Air Lines,1704,origin,DTW,1359641.697254995,-170996.60408534826
Delta Air Lines,1704,dest,BDL,2208123.028463688,33971.4893617478
Delta Air Lines,1705,origin,CVG,1316490.950820449,-539409.9479712159
Delta Air Lines,1705,dest,ATL,1438837.9937618312,-1129310.979486318
Delta Air Lines,1706,origin,MIA,1981134.7610135972,-1902847.3929129404
Delta Air Lines,1706,dest,LGA,2155684.513057,-122316.28523641168
Delta Air Lines,1707,origin,ATL,1438837.9937618312,-1129310.979486318
Delta Air Lines,1707,dest,BDL,2208123.028463688,33971.4893617478
Delta Air Lines,1708,origin,BDL,2208123.028463688,33971.4893617478
Delta Air Lines,1708,dest,ATL,1438837.9937618312,-1129310.979486318
Delta Air Lines,1709,origin,ICT,226443.7486944286,-813259.0022928995
Delta Air Lines,1709,dest,ATL,1438837.9937618312,-1129310.979486318
Delta Air Lines,1710,origin,ATL,1438837.9937618312,-1129310.979486318
Delta Air Lines,1710,dest,DTW,1359641.697254995,-170996.60408534826
Delta Air Lines,1711,origin,HOU,460280.73628586193,-1689712.830489488
Delta Air Lines,1711,dest,ATL,1438837.9937618312,-1129310.979486318
Delta Air Lines,1712,origin,ATL,1438837.9937618312,-1129310.979486318
Delta Air Lines,1712,dest,DFW,278083.31647186854,-1338465.2155458855
Delta Air Lines,1713,origin,ATL,1438837.9937618312,-1129310.979486318
Delta Air Lines,1713,dest,ORD,995411.7016669,-262546.73068444384
Delta Air Lines,1714,origin,ATL,1438837.9937618312,-1129310.979486318
Delta Air Lines,1714,dest,SJC,-1914820.4720456952,-595055.2286396603
Delta Air Lines,1715,origin,SJC,-1914820.4720456952,-595055.2286396603
Delta Air Lines,1715,dest,ATL,1438837.9937618312,-1129310.979486318
Delta Air Lines,1716,origin,ATL,1438837.9937618312,-1129310.979486318
Delta Air Lines,1716,dest,HOU,460280.73628586193,-1689712.830489488
Delta Air Lines,1717,origin,ATL,1438837.9937618312,-1129310.979486318
Delta Air Lines,1717,dest,MDW,1011185.7905791268,-281702.30650750065
Delta Air Lines,1718,origin,ATL,1438837.9937618312,-1129310.979486318
Delta Air Lines,1718,dest,AUS,225823.07315140465,-1638702.7618488022
Delta Air Lines,1719,origin,AUS,225823.07315140465,-1638702.7618488022
Delta Air Lines,1719,dest,ATL,1438837.9937618312,-1129310.979486318
Delta Air Lines,1720,origin,ATL,1438837.9937618312,-1129310.979486318
Delta Air Lines,1720,dest,BUF,1707245.286740146,-4371.266382491431
Delta Air Lines,1721,origin,JFK,2167729.4793459354,-134551.3799715436
Delta Air Lines,1721,dest,SJU,NA,NA
Delta Air Lines,1722,origin,ATL,1438837.9937618312,-1129310.979486318
Delta Air Lines,1722,dest,MKE,980769.513678976,-155418.02245427898
Delta Air Lines,1723,origin,MKE,980769.513678976,-155418.02245427898
Delta Air Lines,1723,dest,ATL,1438837.9937618312,-1129310.979486318
Delta Air Lines,1724,origin,SLC,-1004609.4621734885,-395049.06406783813
Delta Air Lines,1724,dest,PDX,-1729571.0771865274,310444.7043324455
Delta Air Lines,1725,origin,ATL,1438837.9937618312,-1129310.979486318
Delta Air Lines,1725,dest,MDT,1943193.8006085365,-257785.2270711698
Delta Air Lines,1726,origin,MDT,1943193.8006085365,-257785.2270711698
Delta Air Lines,1726,dest,ATL,1438837.9937618312,-1129310.979486318
Delta Air Lines,1727,origin,ATL,1438837.9937618312,-1129310.979486318
Delta Air Lines,1727,dest,OKC,218240.3077465392,-1063902.9710996167
Delta Air Lines,1728,origin,DCA,1959959.090984065,-409479.41835946374
Delta Air Lines,1728,dest,ATL,1438837.9937618312,-1129310.979486318
Delta Air Lines,1729,origin,ATL,1438837.9937618312,-1129310.979486318
Delta Air Lines,1729,dest,JAX,1752547.7524868262,-1421732.3716896002
Delta Air Lines,1730,origin,JAX,1752547.7524868262,-1421732.3716896002
Delta Air Lines,1730,dest,ATL,1438837.9937618312,-1129310.979486318
Delta Air Lines,1731,origin,LIT,712194.5002882322,-1107832.4518794755
Delta Air Lines,1731,dest,ATL,1438837.9937618312,-1129310.979486318
Delta Air Lines,1732,origin,LAS,-1356682.4796960566,-868251.8410072095
Delta Air Lines,1732,dest,MSP,533284.8020873081,9198.64416372486
Delta Air Lines,1733,origin,ATL,1438837.9937618312,-1129310.979486318
Delta Air Lines,1733,dest,SDF,1241535.522119959,-652005.0450171886
Delta Air Lines,1734,origin,ATL,1438837.9937618312,-1129310.979486318
Delta Air Lines,1734,dest,SLC,-1004609.4621734885,-395049.06406783813
Delta Air Lines,1735,origin,SDF,1241535.522119959,-652005.0450171886
Delta Air Lines,1735,dest,ATL,1438837.9937618312,-1129310.979486318
Delta Air Lines,1736,origin,LAX,-1689593.4354288722,-1043456.7015018368
Delta Air Lines,1736,dest,LAS,-1356682.4796960566,-868251.8410072095
Delta Air Lines,1737,origin,LGA,2155684.513057,-122316.28523641168
Delta Air Lines,1737,dest,TPA,1720329.790563932,-1713285.848456208
Delta Air Lines,1738,origin,SLC,-1004609.4621734885,-395049.06406783813
Delta Air Lines,1738,dest,MSP,533284.8020873081,9198.64416372486
Delta Air Lines,1739,origin,JFK,2167729.4793459354,-134551.3799715436
Delta Air Lines,1739,dest,DEN,-398957.8437938119,-559911.2634607605
Delta Air Lines,1740,origin,SLC,-1004609.4621734885,-395049.06406783813
Delta Air Lines,1740,dest,ONT,-1614545.9907031525,-1046821.4894757676
Delta Air Lines,1741,origin,PHL,2075929.4181951769,-255080.32292677445
Delta Air Lines,1741,dest,ATL,1438837.9937618312,-1129310.979486318
Delta Air Lines,1742,origin,JFK,2167729.4793459354,-134551.3799715436
Delta Air Lines,1742,dest,SAN,-1603701.5452417962,-1199220.2306533586
Delta Air Lines,1743,origin,DTW,1359641.697254995,-170996.60408534826
Delta Air Lines,1743,dest,RSW,1822839.8385921961,-1854169.26849232
Delta Air Lines,1744,origin,RSW,1822839.8385921961,-1854169.26849232
Delta Air Lines,1744,dest,DTW,1359641.697254995,-170996.60408534826
Delta Air Lines,1745,origin,CVG,1316490.950820449,-539409.9479712159
Delta Air Lines,1745,dest,MCO,1829771.2698870576,-1638824.7811905802
Delta Air Lines,1746,origin,JFK,2167729.4793459354,-134551.3799715436
Delta Air Lines,1746,dest,PBI,1982322.2831828392,-1802085.774986376
Delta Air Lines,1747,origin,DTW,1359641.697254995,-170996.60408534826
Delta Air Lines,1747,dest,SLC,-1004609.4621734885,-395049.06406783813
Delta Air Lines,1748,origin,BWI,1980887.5167152977,-365563.636502196
Delta Air Lines,1748,dest,MSP,533284.8020873081,9198.64416372486
Delta Air Lines,1749,origin,ATL,1438837.9937618312,-1129310.979486318
Delta Air Lines,1749,dest,JFK,2167729.4793459354,-134551.3799715436
Delta Air Lines,1750,origin,VPS,1295144.3382723683,-1508625.2870949823
Delta Air Lines,1750,dest,ATL,1438837.9937618312,-1129310.979486318
Delta Air Lines,1751,origin,ATL,1438837.9937618312,-1129310.979486318
Delta Air Lines,1751,dest,VPS,1295144.3382723683,-1508625.2870949823
Delta Air Lines,1752,origin,EWR,2135095.905011877,-139210.669492847
Delta Air Lines,1752,dest,MSP,533284.8020873081,9198.64416372486
Delta Air Lines,1753,origin,MSP,533284.8020873081,9198.64416372486
Delta Air Lines,1753,dest,EWR,2135095.905011877,-139210.669492847
Delta Air Lines,1754,origin,SFO,-1945640.7538789264,-556902.5127197708
Delta Air Lines,1754,dest,DTW,1359641.697254995,-170996.60408534826
Delta Air Lines,1755,origin,OKC,218240.3077465392,-1063902.9710996167
Delta Air Lines,1755,dest,ATL,1438837.9937618312,-1129310.979486318
Delta Air Lines,1756,origin,JAC,-861423.9636510183,-97950.92206649132
Delta Air Lines,1756,dest,SLC,-1004609.4621734885,-395049.06406783813
Delta Air Lines,1757,origin,RDU,1892329.2704660424,-772779.4700067013
Delta Air Lines,1757,dest,ATL,1438837.9937618312,-1129310.979486318
Delta Air Lines,1758,origin,MSP,533284.8020873081,9198.64416372486
Delta Air Lines,1758,dest,MCO,1829771.2698870576,-1638824.7811905802
Delta Air Lines,1759,origin,MCO,1829771.2698870576,-1638824.7811905802
Delta Air Lines,1759,dest,BOS,2320658.4485041024,126152.13380139158
Delta Air Lines,1760,origin,ATL,1438837.9937618312,-1129310.979486318
Delta Air Lines,1760,dest,CLE,1498726.2792607923,-232627.15593650908
Delta Air Lines,1761,origin,CLE,1498726.2792607923,-232627.15593650908
Delta Air Lines,1761,dest,ATL,1438837.9937618312,-1129310.979486318
Delta Air Lines,1762,origin,BOS,2320658.4485041024,126152.13380139158
Delta Air Lines,1762,dest,LAX,-1689593.4354288722,-1043456.7015018368
Delta Air Lines,1763,origin,LAS,-1356682.4796960566,-868251.8410072095
Delta Air Lines,1763,dest,DTW,1359641.697254995,-170996.60408534826
Delta Air Lines,1764,origin,MSP,533284.8020873081,9198.64416372486
Delta Air Lines,1764,dest,GEG,-1301359.421680582,434754.4516689109
Delta Air Lines,1765,origin,ATL,1438837.9937618312,-1129310.979486318
Delta Air Lines,1765,dest,MEM,913341.2595404746,-1051685.0479322155
Delta Air Lines,1766,origin,RSW,1822839.8385921961,-1854169.26849232
Delta Air Lines,1766,dest,JFK,2167729.4793459354,-134551.3799715436
Delta Air Lines,1767,origin,DTW,1359641.697254995,-170996.60408534826
Delta Air Lines,1767,dest,MSY,943779.1568939897,-1610813.662288556
Delta Air Lines,1768,origin,MSY,943779.1568939897,-1610813.662288556
Delta Air Lines,1768,dest,DTW,1359641.697254995,-170996.60408534826
Delta Air Lines,1769,origin,MSP,533284.8020873081,9198.64416372486
Delta Air Lines,1769,dest,FAR,241816.32110393248,218351.52326654957
Delta Air Lines,1770,origin,ATL,1438837.9937618312,-1129310.979486318
Delta Air Lines,1770,dest,JAN,935832.583190702,-1353814.4254133569
Delta Air Lines,1771,origin,SLC,-1004609.4621734885,-395049.06406783813
Delta Air Lines,1771,dest,SEA,-1650755.3926562539,505066.6320739882
Delta Air Lines,1772,origin,SAN,-1603701.5452417962,-1199220.2306533586
Delta Air Lines,1772,dest,SLC,-1004609.4621734885,-395049.06406783813
Delta Air Lines,1773,origin,MSP,533284.8020873081,9198.64416372486
Delta Air Lines,1773,dest,BOS,2320658.4485041024,126152.13380139158
Delta Air Lines,1774,origin,ANC,NA,NA
Delta Air Lines,1774,dest,SEA,-1650755.3926562539,505066.6320739882
Delta Air Lines,1775,origin,DEN,-398957.8437938119,-559911.2634607605
Delta Air Lines,1775,dest,MSP,533284.8020873081,9198.64416372486
Delta Air Lines,1776,origin,ATL,1438837.9937618312,-1129310.979486318
Delta Air Lines,1776,dest,SAT,149495.41162521293,-1713236.8214802423
Delta Air Lines,1777,origin,SAT,149495.41162521293,-1713236.8214802423
Delta Air Lines,1777,dest,ATL,1438837.9937618312,-1129310.979486318
Delta Air Lines,1778,origin,BOS,2320658.4485041024,126152.13380139158
Delta Air Lines,1778,dest,CVG,1316490.950820449,-539409.9479712159
Delta Air Lines,1779,origin,MSY,943779.1568939897,-1610813.662288556
Delta Air Lines,1779,dest,JFK,2167729.4793459354,-134551.3799715436
Delta Air Lines,1780,origin,BWI,1980887.5167152977,-365563.636502196
Delta Air Lines,1780,dest,SLC,-1004609.4621734885,-395049.06406783813
Delta Air Lines,1781,origin,ATL,1438837.9937618312,-1129310.979486318
Delta Air Lines,1781,dest,ATW,910545.9787089666,-17980.838455885427
Delta Air Lines,1782,origin,MSP,533284.8020873081,9198.64416372486
Delta Air Lines,1782,dest,LAX,-1689593.4354288722,-1043456.7015018368
Delta Air Lines,1783,origin,MSY,943779.1568939897,-1610813.662288556
Delta Air Lines,1783,dest,LGA,2155684.513057,-122316.28523641168
Delta Air Lines,1784,origin,MSY,943779.1568939897,-1610813.662288556
Delta Air Lines,1784,dest,LAX,-1689593.4354288722,-1043456.7015018368
Delta Air Lines,1785,origin,LGA,2155684.513057,-122316.28523641168
Delta Air Lines,1785,dest,MIA,1981134.7610135972,-1902847.3929129404
Delta Air Lines,1786,origin,PHX,-1115699.3885834513,-1205089.0053395256
Delta Air Lines,1786,dest,SLC,-1004609.4621734885,-395049.06406783813
Delta Air Lines,1787,origin,JFK,2167729.4793459354,-134551.3799715436
Delta Air Lines,1787,dest,SEA,-1650755.3926562539,505066.6320739882
Delta Air Lines,1788,origin,DTW,1359641.697254995,-170996.60408534826
Delta Air Lines,1788,dest,PIT,1653058.7188770992,-301571.10045485134
Delta Air Lines,1789,origin,MCO,1829771.2698870576,-1638824.7811905802
Delta Air Lines,1789,dest,CVG,1316490.950820449,-539409.9479712159
Delta Air Lines,1790,origin,CHA,1343802.2515410231,-988662.7524391398
Delta Air Lines,1790,dest,ATL,1438837.9937618312,-1129310.979486318
Delta Air Lines,1791,origin,IAD,1922328.2460675351,-409030.73296909296
Delta Air Lines,1791,dest,ATL,1438837.9937618312,-1129310.979486318
Delta Air Lines,1792,origin,ATL,1438837.9937618312,-1129310.979486318
Delta Air Lines,1792,dest,PHX,-1115699.3885834513,-1205089.0053395256
Delta Air Lines,1793,origin,PHX,-1115699.3885834513,-1205089.0053395256
Delta Air Lines,1793,dest,ATL,1438837.9937618312,-1129310.979486318
Delta Air Lines,1794,origin,DTW,1359641.697254995,-170996.60408534826
Delta Air Lines,1794,dest,DCA,1959959.090984065,-409479.41835946374
Delta Air Lines,1795,origin,MSN,862184.7227999782,-150397.75067967636
Delta Air Lines,1795,dest,MSP,533284.8020873081,9198.64416372486
Delta Air Lines,1796,origin,MSP,533284.8020873081,9198.64416372486
Delta Air Lines,1796,dest,TUS,-1033490.7270596127,-1363482.3767388165
Delta Air Lines,1797,origin,TUS,-1033490.7270596127,-1363482.3767388165
Delta Air Lines,1797,dest,MSP,533284.8020873081,9198.64416372486
Delta Air Lines,1798,origin,MIA,1981134.7610135972,-1902847.3929129404
Delta Air Lines,1798,dest,JFK,2167729.4793459354,-134551.3799715436
Delta Air Lines,1799,origin,LAX,-1689593.4354288722,-1043456.7015018368
Delta Air Lines,1799,dest,MSY,943779.1568939897,-1610813.662288556
Delta Air Lines,1800,origin,ATL,1438837.9937618312,-1129310.979486318
Delta Air Lines,1800,dest,LFT,775087.3962458812,-1604692.13984499
Delta Air Lines,1801,origin,LGA,2155684.513057,-122316.28523641168
Delta Air Lines,1801,dest,DEN,-398957.8437938119,-559911.2634607605
Delta Air Lines,1802,origin,ATL,1438837.9937618312,-1129310.979486318
Delta Air Lines,1802,dest,ORF,2086513.5755781755,-600723.1638676772
Delta Air Lines,1803,origin,ORF,2086513.5755781755,-600723.1638676772
Delta Air Lines,1803,dest,ATL,1438837.9937618312,-1129310.979486318
Delta Air Lines,1804,origin,BOS,2320658.4485041024,126152.13380139158
Delta Air Lines,1804,dest,MCO,1829771.2698870576,-1638824.7811905802
Delta Air Lines,1805,origin,MSP,533284.8020873081,9198.64416372486
Delta Air Lines,1805,dest,ATL,1438837.9937618312,-1129310.979486318
Delta Air Lines,1806,origin,SLC,-1004609.4621734885,-395049.06406783813
Delta Air Lines,1806,dest,MSY,943779.1568939897,-1610813.662288556
Delta Air Lines,1807,origin,ALB,2093896.6988834653,90839.80353075745
Delta Air Lines,1807,dest,ATL,1438837.9937618312,-1129310.979486318
Delta Air Lines,1808,origin,ATL,1438837.9937618312,-1129310.979486318
Delta Air Lines,1808,dest,TPA,1720329.790563932,-1713285.848456208
Delta Air Lines,1809,origin,TPA,1720329.790563932,-1713285.848456208
Delta Air Lines,1809,dest,ATL,1438837.9937618312,-1129310.979486318
Delta Air Lines,1810,origin,ATL,1438837.9937618312,-1129310.979486318
Delta Air Lines,1810,dest,XNA,511251.36067402794,-951228.666706021
Delta Air Lines,1811,origin,ATL,1438837.9937618312,-1129310.979486318
Delta Air Lines,1811,dest,CLT,1718765.594159813,-891788.5105128315
Delta Air Lines,1812,origin,CLT,1718765.594159813,-891788.5105128315
Delta Air Lines,1812,dest,ATL,1438837.9937618312,-1129310.979486318
Delta Air Lines,1813,origin,ATL,1438837.9937618312,-1129310.979486318
Delta Air Lines,1813,dest,MSP,533284.8020873081,9198.64416372486
Delta Air Lines,1814,origin,ATL,1438837.9937618312,-1129310.979486318
Delta Air Lines,1814,dest,EVV,1089175.423614218,-691767.6586792752
Delta Air Lines,1815,origin,EVV,1089175.423614218,-691767.6586792752
Delta Air Lines,1815,dest,ATL,1438837.9937618312,-1129310.979486318
Delta Air Lines,1816,origin,BUF,1707245.286740146,-4371.266382491431
Delta Air Lines,1816,dest,ATL,1438837.9937618312,-1129310.979486318
Delta Air Lines,1817,origin,ATL,1438837.9937618312,-1129310.979486318
Delta Air Lines,1817,dest,MCI,455074.4312943624,-619331.8913740775
Delta Air Lines,1818,origin,ATL,1438837.9937618312,-1129310.979486318
Delta Air Lines,1818,dest,TYS,1437259.8790258272,-883549.1515317184
Delta Air Lines,1819,origin,PBI,1982322.2831828392,-1802085.774986376
Delta Air Lines,1819,dest,BOS,2320658.4485041024,126152.13380139158
Delta Air Lines,1820,origin,FSD,262391.66769403766,-152421.14243468866
Delta Air Lines,1820,dest,MSP,533284.8020873081,9198.64416372486
Delta Air Lines,1821,origin,LAS,-1356682.4796960566,-868251.8410072095
Delta Air Lines,1821,dest,JFK,2167729.4793459354,-134551.3799715436
Delta Air Lines,1822,origin,MSP,533284.8020873081,9198.64416372486
Delta Air Lines,1822,dest,JFK,2167729.4793459354,-134551.3799715436
Delta Air Lines,1823,origin,DTW,1359641.697254995,-170996.60408534826
Delta Air Lines,1823,dest,SFO,-1945640.7538789264,-556902.5127197708
Delta Air Lines,1824,origin,BUF,1707245.286740146,-4371.266382491431
Delta Air Lines,1824,dest,MSP,533284.8020873081,9198.64416372486
Delta Air Lines,1825,origin,SEA,-1650755.3926562539,505066.6320739882
Delta Air Lines,1825,dest,MCO,1829771.2698870576,-1638824.7811905802
Delta Air Lines,1826,origin,IND,1166867.010981104,-490339.71160834696
Delta Air Lines,1826,dest,MSP,533284.8020873081,9198.64416372486
Delta Air Lines,1827,origin,MSP,533284.8020873081,9198.64416372486
Delta Air Lines,1827,dest,IND,1166867.010981104,-490339.71160834696
Delta Air Lines,1828,origin,ATL,1438837.9937618312,-1129310.979486318
Delta Air Lines,1828,dest,MTJ,-686655.9669476862,-688739.660562748
Delta Air Lines,1829,origin,MTJ,-686655.9669476862,-688739.660562748
Delta Air Lines,1829,dest,ATL,1438837.9937618312,-1129310.979486318
Delta Air Lines,1830,origin,ATL,1438837.9937618312,-1129310.979486318
Delta Air Lines,1830,dest,LIT,712194.5002882322,-1107832.4518794755
Delta Air Lines,1831,origin,ATL,1438837.9937618312,-1129310.979486318
Delta Air Lines,1831,dest,SGF,585825.6252497791,-838475.0991829366
Delta Air Lines,1832,origin,BWI,1980887.5167152977,-365563.636502196
Delta Air Lines,1832,dest,ATL,1438837.9937618312,-1129310.979486318
Delta Air Lines,1833,origin,ATL,1438837.9937618312,-1129310.979486318
Delta Air Lines,1833,dest,IAH,452316.2866359444,-1652751.7266989667
Delta Air Lines,1834,origin,ATL,1438837.9937618312,-1129310.979486318
Delta Air Lines,1834,dest,DAY,1337337.3311413545,-438530.28268780926
Delta Air Lines,1835,origin,JFK,2167729.4793459354,-134551.3799715436
Delta Air Lines,1835,dest,TPA,1720329.790563932,-1713285.848456208
Delta Air Lines,1836,origin,SEA,-1650755.3926562539,505066.6320739882
Delta Air Lines,1836,dest,BOS,2320658.4485041024,126152.13380139158
Delta Air Lines,1837,origin,JFK,2167729.4793459354,-134551.3799715436
Delta Air Lines,1837,dest,DTW,1359641.697254995,-170996.60408534826
Delta Air Lines,1838,origin,IAH,452316.2866359444,-1652751.7266989667
Delta Air Lines,1838,dest,ATL,1438837.9937618312,-1129310.979486318
Delta Air Lines,1839,origin,MSP,533284.8020873081,9198.64416372486
Delta Air Lines,1839,dest,SLC,-1004609.4621734885,-395049.06406783813
Delta Air Lines,1840,origin,BOS,2320658.4485041024,126152.13380139158
Delta Air Lines,1840,dest,SLC,-1004609.4621734885,-395049.06406783813
Delta Air Lines,1841,origin,SEA,-1650755.3926562539,505066.6320739882
Delta Air Lines,1841,dest,ANC,NA,NA
Delta Air Lines,1842,origin,MSP,533284.8020873081,9198.64416372486
Delta Air Lines,1842,dest,SAN,-1603701.5452417962,-1199220.2306533586
Delta Air Lines,1843,origin,BIL,-660622.9347007086,124849.8707744144
Delta Air Lines,1843,dest,MSP,533284.8020873081,9198.64416372486
Delta Air Lines,1844,origin,ATL,1438837.9937618312,-1129310.979486318
Delta Air Lines,1844,dest,IND,1166867.010981104,-490339.71160834696
Delta Air Lines,1845,origin,IND,1166867.010981104,-490339.71160834696
Delta Air Lines,1845,dest,ATL,1438837.9937618312,-1129310.979486318
Delta Air Lines,1846,origin,FLL,1989416.8668556917,-1869685.279595282
Delta Air Lines,1846,dest,LGA,2155684.513057,-122316.28523641168
Delta Air Lines,1847,origin,LAS,-1356682.4796960566,-868251.8410072095
Delta Air Lines,1847,dest,LAX,-1689593.4354288722,-1043456.7015018368
Delta Air Lines,1848,origin,LGA,2155684.513057,-122316.28523641168
Delta Air Lines,1848,dest,BOS,2320658.4485041024,126152.13380139158
Delta Air Lines,1849,origin,BOS,2320658.4485041024,126152.13380139158
Delta Air Lines,1849,dest,LGA,2155684.513057,-122316.28523641168
Delta Air Lines,1850,origin,SFO,-1945640.7538789264,-556902.5127197708
Delta Air Lines,1850,dest,LAX,-1689593.4354288722,-1043456.7015018368
Delta Air Lines,1851,origin,LAX,-1689593.4354288722,-1043456.7015018368
Delta Air Lines,1851,dest,SFO,-1945640.7538789264,-556902.5127197708
Delta Air Lines,1852,origin,LAX,-1689593.4354288722,-1043456.7015018368
Delta Air Lines,1852,dest,IND,1166867.010981104,-490339.71160834696
Delta Air Lines,1853,origin,JFK,2167729.4793459354,-134551.3799715436
Delta Air Lines,1853,dest,JAX,1752547.7524868262,-1421732.3716896002
Delta Air Lines,1854,origin,JFK,2167729.4793459354,-134551.3799715436
Delta Air Lines,1854,dest,CHS,1853007.6958618572,-1124845.6869020823
Delta Air Lines,1855,origin,JFK,2167729.4793459354,-134551.3799715436
Delta Air Lines,1855,dest,MIA,1981134.7610135972,-1902847.3929129404
Delta Air Lines,1856,origin,JFK,2167729.4793459354,-134551.3799715436
Delta Air Lines,1856,dest,MSY,943779.1568939897,-1610813.662288556
Delta Air Lines,1857,origin,RDU,1892329.2704660424,-772779.4700067013
Delta Air Lines,1857,dest,SLC,-1004609.4621734885,-395049.06406783813
Delta Air Lines,1858,origin,SLC,-1004609.4621734885,-395049.06406783813
Delta Air Lines,1858,dest,RDU,1892329.2704660424,-772779.4700067013
Delta Air Lines,1859,origin,DTW,1359641.697254995,-170996.60408534826
Delta Air Lines,1859,dest,LAX,-1689593.4354288722,-1043456.7015018368
Delta Air Lines,1860,origin,MSP,533284.8020873081,9198.64416372486
Delta Air Lines,1860,dest,LGA,2155684.513057,-122316.28523641168
Delta Air Lines,1861,origin,LGA,2155684.513057,-122316.28523641168
Delta Air Lines,1861,dest,MSP,533284.8020873081,9198.64416372486
Delta Air Lines,1862,origin,JFK,2167729.4793459354,-134551.3799715436
Delta Air Lines,1862,dest,BOS,2320658.4485041024,126152.13380139158
Delta Air Lines,1863,origin,CVG,1316490.950820449,-539409.9479712159
Delta Air Lines,1863,dest,DCA,1959959.090984065,-409479.41835946374
Delta Air Lines,1864,origin,SLC,-1004609.4621734885,-395049.06406783813
Delta Air Lines,1864,dest,SMF,-1850472.0747063856,-458086.04301328777
Delta Air Lines,1865,origin,MCO,1829771.2698870576,-1638824.7811905802
Delta Air Lines,1865,dest,SEA,-1650755.3926562539,505066.6320739882
Delta Air Lines,1866,origin,ATL,1438837.9937618312,-1129310.979486318
Delta Air Lines,1866,dest,EYW,1858569.7832042675,-2069388.495473156
Delta Air Lines,1867,origin,EYW,1858569.7832042675,-2069388.495473156
Delta Air Lines,1867,dest,ATL,1438837.9937618312,-1129310.979486318
Delta Air Lines,1868,origin,CVG,1316490.950820449,-539409.9479712159
Delta Air Lines,1868,dest,RSW,1822839.8385921961,-1854169.26849232
Delta Air Lines,1869,origin,RSW,1822839.8385921961,-1854169.26849232
Delta Air Lines,1869,dest,CVG,1316490.950820449,-539409.9479712159
Delta Air Lines,1870,origin,JFK,2167729.4793459354,-134551.3799715436
Delta Air Lines,1870,dest,SLC,-1004609.4621734885,-395049.06406783813
Delta Air Lines,1871,origin,JFK,2167729.4793459354,-134551.3799715436
Delta Air Lines,1871,dest,PHX,-1115699.3885834513,-1205089.0053395256
Delta Air Lines,1872,origin,ATL,1438837.9937618312,-1129310.979486318
Delta Air Lines,1872,dest,PWM,2323046.368311461,282201.85932739975
Delta Air Lines,1873,origin,ATL,1438837.9937618312,-1129310.979486318
Delta Air Lines,1873,dest,DEN,-398957.8437938119,-559911.2634607605
Delta Air Lines,1874,origin,DEN,-398957.8437938119,-559911.2634607605
Delta Air Lines,1874,dest,ATL,1438837.9937618312,-1129310.979486318
Delta Air Lines,1875,origin,SLC,-1004609.4621734885,-395049.06406783813
Delta Air Lines,1875,dest,BOS,2320658.4485041024,126152.13380139158
Delta Air Lines,1876,origin,SLC,-1004609.4621734885,-395049.06406783813
Delta Air Lines,1876,dest,JAC,-861423.9636510183,-97950.92206649132
Delta Air Lines,1877,origin,ATL,1438837.9937618312,-1129310.979486318
Delta Air Lines,1877,dest,PNS,1232374.963107157,-1519383.0474165194
Delta Air Lines,1878,origin,SLC,-1004609.4621734885,-395049.06406783813
Delta Air Lines,1878,dest,BWI,1980887.5167152977,-365563.636502196
Delta Air Lines,1879,origin,MSP,533284.8020873081,9198.64416372486
Delta Air Lines,1879,dest,DTW,1359641.697254995,-170996.60408534826
Delta Air Lines,1880,origin,ATL,1438837.9937618312,-1129310.979486318
Delta Air Lines,1880,dest,LAS,-1356682.4796960566,-868251.8410072095
Delta Air Lines,1881,origin,SJC,-1914820.4720456952,-595055.2286396603
Delta Air Lines,1881,dest,SLC,-1004609.4621734885,-395049.06406783813
Delta Air Lines,1882,origin,SLC,-1004609.4621734885,-395049.06406783813
Delta Air Lines,1882,dest,SJC,-1914820.4720456952,-595055.2286396603
Delta Air Lines,1883,origin,JFK,2167729.4793459354,-134551.3799715436
Delta Air Lines,1883,dest,PDX,-1729571.0771865274,310444.7043324455
Delta Air Lines,1884,origin,MCO,1829771.2698870576,-1638824.7811905802
Delta Air Lines,1884,dest,SLC,-1004609.4621734885,-395049.06406783813
Delta Air Lines,1885,origin,LAX,-1689593.4354288722,-1043456.7015018368
Delta Air Lines,1885,dest,ATL,1438837.9937618312,-1129310.979486318
Delta Air Lines,1886,origin,JFK,2167729.4793459354,-134551.3799715436
Delta Air Lines,1886,dest,AUS,225823.07315140465,-1638702.7618488022
Delta Air Lines,1887,origin,ATL,1438837.9937618312,-1129310.979486318
Delta Air Lines,1887,dest,CVG,1316490.950820449,-539409.9479712159
Delta Air Lines,1888,origin,TYS,1437259.8790258272,-883549.1515317184
Delta Air Lines,1888,dest,ATL,1438837.9937618312,-1129310.979486318
Delta Air Lines,1889,origin,SLC,-1004609.4621734885,-395049.06406783813
Delta Air Lines,1889,dest,LAS,-1356682.4796960566,-868251.8410072095
Delta Air Lines,1890,origin,MSP,533284.8020873081,9198.64416372486
Delta Air Lines,1890,dest,DEN,-398957.8437938119,-559911.2634607605
Delta Air Lines,1891,origin,SLC,-1004609.4621734885,-395049.06406783813
Delta Air Lines,1891,dest,ATL,1438837.9937618312,-1129310.979486318
Delta Air Lines,1892,origin,BWI,1980887.5167152977,-365563.636502196
Delta Air Lines,1892,dest,DTW,1359641.697254995,-170996.60408534826
Delta Air Lines,1893,origin,DTW,1359641.697254995,-170996.60408534826
Delta Air Lines,1893,dest,BWI,1980887.5167152977,-365563.636502196
Delta Air Lines,1894,origin,ATL,1438837.9937618312,-1129310.979486318
Delta Air Lines,1894,dest,MIA,1981134.7610135972,-1902847.3929129404
Delta Air Lines,1895,origin,MCO,1829771.2698870576,-1638824.7811905802
Delta Air Lines,1895,dest,ATL,1438837.9937618312,-1129310.979486318
Delta Air Lines,1896,origin,ATL,1438837.9937618312,-1129310.979486318
Delta Air Lines,1896,dest,MSY,943779.1568939897,-1610813.662288556
Delta Air Lines,1897,origin,DFW,278083.31647186854,-1338465.2155458855
Delta Air Lines,1897,dest,ATL,1438837.9937618312,-1129310.979486318
Delta Air Lines,1898,origin,ATL,1438837.9937618312,-1129310.979486318
Delta Air Lines,1898,dest,MCO,1829771.2698870576,-1638824.7811905802
Delta Air Lines,1899,origin,LAS,-1356682.4796960566,-868251.8410072095
Delta Air Lines,1899,dest,SEA,-1650755.3926562539,505066.6320739882
Delta Air Lines,1900,origin,DTW,1359641.697254995,-170996.60408534826
Delta Air Lines,1900,dest,SEA,-1650755.3926562539,505066.6320739882
Delta Air Lines,1901,origin,LAX,-1689593.4354288722,-1043456.7015018368
Delta Air Lines,1901,dest,JFK,2167729.4793459354,-134551.3799715436
Delta Air Lines,1902,origin,JFK,2167729.4793459354,-134551.3799715436
Delta Air Lines,1902,dest,LAX,-1689593.4354288722,-1043456.7015018368
Delta Air Lines,1903,origin,JFK,2167729.4793459354,-134551.3799715436
Delta Air Lines,1903,dest,ATL,1438837.9937618312,-1129310.979486318
Delta Air Lines,1904,origin,FLL,1989416.8668556917,-1869685.279595282
Delta Air Lines,1904,dest,JFK,2167729.4793459354,-134551.3799715436
Delta Air Lines,1905,origin,TPA,1720329.790563932,-1713285.848456208
Delta Air Lines,1905,dest,JFK,2167729.4793459354,-134551.3799715436
Delta Air Lines,1906,origin,SLC,-1004609.4621734885,-395049.06406783813
Delta Air Lines,1906,dest,SAN,-1603701.5452417962,-1199220.2306533586
Delta Air Lines,1907,origin,DTW,1359641.697254995,-170996.60408534826
Delta Air Lines,1907,dest,MSP,533284.8020873081,9198.64416372486
Delta Air Lines,1908,origin,SFO,-1945640.7538789264,-556902.5127197708
Delta Air Lines,1908,dest,ATL,1438837.9937618312,-1129310.979486318
Delta Air Lines,1909,origin,ATL,1438837.9937618312,-1129310.979486318
Delta Air Lines,1909,dest,LAX,-1689593.4354288722,-1043456.7015018368
Delta Air Lines,1910,origin,MSY,943779.1568939897,-1610813.662288556
Delta Air Lines,1910,dest,ATL,1438837.9937618312,-1129310.979486318
Delta Air Lines,1911,origin,DTW,1359641.697254995,-170996.60408534826
Delta Air Lines,1911,dest,ATL,1438837.9937618312,-1129310.979486318
Delta Air Lines,1912,origin,ATL,1438837.9937618312,-1129310.979486318
Delta Air Lines,1912,dest,BOS,2320658.4485041024,126152.13380139158
Delta Air Lines,1913,origin,BOS,2320658.4485041024,126152.13380139158
Delta Air Lines,1913,dest,ATL,1438837.9937618312,-1129310.979486318
Delta Air Lines,1914,origin,BHM,1227516.423781454,-1173804.5684248093
Delta Air Lines,1914,dest,ATL,1438837.9937618312,-1129310.979486318
Delta Air Lines,1915,origin,SEA,-1650755.3926562539,505066.6320739882
Delta Air Lines,1915,dest,LAX,-1689593.4354288722,-1043456.7015018368
Delta Air Lines,1916,origin,LAX,-1689593.4354288722,-1043456.7015018368
Delta Air Lines,1916,dest,SEA,-1650755.3926562539,505066.6320739882
Delta Air Lines,1917,origin,SAN,-1603701.5452417962,-1199220.2306533586
Delta Air Lines,1917,dest,DTW,1359641.697254995,-170996.60408534826
Delta Air Lines,1918,origin,ATL,1438837.9937618312,-1129310.979486318
Delta Air Lines,1918,dest,DCA,1959959.090984065,-409479.41835946374
Delta Air Lines,1919,origin,BOS,2320658.4485041024,126152.13380139158
Delta Air Lines,1919,dest,DTW,1359641.697254995,-170996.60408534826
Delta Air Lines,1920,origin,SNA,-1646508.559850192,-1083248.598617272
Delta Air Lines,1920,dest,MSP,533284.8020873081,9198.64416372486
Delta Air Lines,1921,origin,MCO,1829771.2698870576,-1638824.7811905802
Delta Air Lines,1921,dest,LAX,-1689593.4354288722,-1043456.7015018368
Delta Air Lines,1922,origin,LAX,-1689593.4354288722,-1043456.7015018368
Delta Air Lines,1922,dest,MCO,1829771.2698870576,-1638824.7811905802
Delta Air Lines,1923,origin,LGA,2155684.513057,-122316.28523641168
Delta Air Lines,1923,dest,DTW,1359641.697254995,-170996.60408534826
Delta Air Lines,1924,origin,SLC,-1004609.4621734885,-395049.06406783813
Delta Air Lines,1924,dest,PHL,2075929.4181951769,-255080.32292677445
Delta Air Lines,1925,origin,PHL,2075929.4181951769,-255080.32292677445
Delta Air Lines,1925,dest,SLC,-1004609.4621734885,-395049.06406783813
Delta Air Lines,1926,origin,MCO,1829771.2698870576,-1638824.7811905802
Delta Air Lines,1926,dest,MIA,1981134.7610135972,-1902847.3929129404
Delta Air Lines,1927,origin,MIA,1981134.7610135972,-1902847.3929129404
Delta Air Lines,1927,dest,MCO,1829771.2698870576,-1638824.7811905802
Delta Air Lines,1928,origin,SEA,-1650755.3926562539,505066.6320739882
Delta Air Lines,1928,dest,LAS,-1356682.4796960566,-868251.8410072095
Delta Air Lines,1929,origin,ATL,1438837.9937618312,-1129310.979486318
Delta Air Lines,1929,dest,IAD,1922328.2460675351,-409030.73296909296
Delta Air Lines,1930,origin,RNO,-1678096.5663649472,-409666.019399356
Delta Air Lines,1930,dest,ATL,1438837.9937618312,-1129310.979486318
Delta Air Lines,1931,origin,CVG,1316490.950820449,-539409.9479712159
Delta Air Lines,1931,dest,SLC,-1004609.4621734885,-395049.06406783813
Delta Air Lines,1932,origin,GSO,1786518.0109945685,-773819.2638128912
Delta Air Lines,1932,dest,ATL,1438837.9937618312,-1129310.979486318
Delta Air Lines,1933,origin,CLT,1718765.594159813,-891788.5105128315
Delta Air Lines,1933,dest,SLC,-1004609.4621734885,-395049.06406783813
Delta Air Lines,1934,origin,SLC,-1004609.4621734885,-395049.06406783813
Delta Air Lines,1934,dest,LAX,-1689593.4354288722,-1043456.7015018368
Delta Air Lines,1935,origin,MCI,455074.4312943624,-619331.8913740775
Delta Air Lines,1935,dest,SLC,-1004609.4621734885,-395049.06406783813
Delta Air Lines,1936,origin,LAX,-1689593.4354288722,-1043456.7015018368
Delta Air Lines,1936,dest,TPA,1720329.790563932,-1713285.848456208
Delta Air Lines,1937,origin,SEA,-1650755.3926562539,505066.6320739882
Delta Air Lines,1937,dest,ATL,1438837.9937618312,-1129310.979486318
Delta Air Lines,1938,origin,LAX,-1689593.4354288722,-1043456.7015018368
Delta Air Lines,1938,dest,OGG,NA,NA
Delta Air Lines,1939,origin,LAX,-1689593.4354288722,-1043456.7015018368
Delta Air Lines,1939,dest,BOS,2320658.4485041024,126152.13380139158
Delta Air Lines,1940,origin,ATL,1438837.9937618312,-1129310.979486318
Delta Air Lines,1940,dest,GNV,1713210.202819757,-1521173.7749550838
Delta Air Lines,1941,origin,GNV,1713210.202819757,-1521173.7749550838
Delta Air Lines,1941,dest,ATL,1438837.9937618312,-1129310.979486318
Delta Air Lines,1942,origin,ATL,1438837.9937618312,-1129310.979486318
Delta Air Lines,1942,dest,PDX,-1729571.0771865274,310444.7043324455
Delta Air Lines,1943,origin,SJU,NA,NA
Delta Air Lines,1943,dest,JFK,2167729.4793459354,-134551.3799715436
Delta Air Lines,1944,origin,SJU,NA,NA
Delta Air Lines,1944,dest,ATL,1438837.9937618312,-1129310.979486318
Delta Air Lines,1945,origin,ATL,1438837.9937618312,-1129310.979486318
Delta Air Lines,1945,dest,SJU,NA,NA
Delta Air Lines,1946,origin,ATL,1438837.9937618312,-1129310.979486318
Delta Air Lines,1946,dest,GRR,1172122.820083283,-131332.61154739256
Delta Air Lines,1947,origin,GRR,1172122.820083283,-131332.61154739256
Delta Air Lines,1947,dest,ATL,1438837.9937618312,-1129310.979486318
Delta Air Lines,1948,origin,LAX,-1689593.4354288722,-1043456.7015018368
Delta Air Lines,1948,dest,DTW,1359641.697254995,-170996.60408534826
Delta Air Lines,1949,origin,GRR,1172122.820083283,-131332.61154739256
Delta Air Lines,1949,dest,MSP,533284.8020873081,9198.64416372486
Delta Air Lines,1950,origin,MSP,533284.8020873081,9198.64416372486
Delta Air Lines,1950,dest,GRR,1172122.820083283,-131332.61154739256
Delta Air Lines,1951,origin,ATL,1438837.9937618312,-1129310.979486318
Delta Air Lines,1951,dest,ECP,1366547.510727577,-1511044.3472759733
Delta Air Lines,1952,origin,ECP,1366547.510727577,-1511044.3472759733
Delta Air Lines,1952,dest,ATL,1438837.9937618312,-1129310.979486318
Delta Air Lines,1953,origin,SJU,NA,NA
Delta Air Lines,1953,dest,DTW,1359641.697254995,-170996.60408534826
Delta Air Lines,1954,origin,JFK,2167729.4793459354,-134551.3799715436
Delta Air Lines,1954,dest,LAS,-1356682.4796960566,-868251.8410072095
Delta Air Lines,1955,origin,MCO,1829771.2698870576,-1638824.7811905802
Delta Air Lines,1955,dest,JFK,2167729.4793459354,-134551.3799715436
Delta Air Lines,1956,origin,JFK,2167729.4793459354,-134551.3799715436
Delta Air Lines,1956,dest,MSP,533284.8020873081,9198.64416372486
Delta Air Lines,1957,origin,PDX,-1729571.0771865274,310444.7043324455
Delta Air Lines,1957,dest,ATL,1438837.9937618312,-1129310.979486318
Delta Air Lines,1958,origin,HNL,NA,NA
Delta Air Lines,1958,dest,LAX,-1689593.4354288722,-1043456.7015018368
Delta Air Lines,1959,origin,SFO,-1945640.7538789264,-556902.5127197708
Delta Air Lines,1959,dest,JFK,2167729.4793459354,-134551.3799715436
Delta Air Lines,1960,origin,JFK,2167729.4793459354,-134551.3799715436
Delta Air Lines,1960,dest,SFO,-1945640.7538789264,-556902.5127197708
Delta Air Lines,1961,origin,DTW,1359641.697254995,-170996.60408534826
Delta Air Lines,1961,dest,JFK,2167729.4793459354,-134551.3799715436
Delta Air Lines,1962,origin,DEN,-398957.8437938119,-559911.2634607605
Delta Air Lines,1962,dest,JFK,2167729.4793459354,-134551.3799715436
Delta Air Lines,1963,origin,JFK,2167729.4793459354,-134551.3799715436
Delta Air Lines,1963,dest,STT,NA,NA
Delta Air Lines,1964,origin,SLC,-1004609.4621734885,-395049.06406783813
Delta Air Lines,1964,dest,JFK,2167729.4793459354,-134551.3799715436
Delta Air Lines,1965,origin,BOS,2320658.4485041024,126152.13380139158
Delta Air Lines,1965,dest,JFK,2167729.4793459354,-134551.3799715436
Delta Air Lines,1966,origin,DTW,1359641.697254995,-170996.60408534826
Delta Air Lines,1966,dest,SJU,NA,NA
Delta Air Lines,1967,origin,SLC,-1004609.4621734885,-395049.06406783813
Delta Air Lines,1967,dest,CLT,1718765.594159813,-891788.5105128315
Delta Air Lines,1968,origin,CID,685025.5455007816,-311739.8633571619
Delta Air Lines,1968,dest,ATL,1438837.9937618312,-1129310.979486318
Delta Air Lines,1969,origin,PHX,-1115699.3885834513,-1205089.0053395256
Delta Air Lines,1969,dest,DTW,1359641.697254995,-170996.60408534826
Delta Air Lines,1970,origin,PHX,-1115699.3885834513,-1205089.0053395256
Delta Air Lines,1970,dest,SEA,-1650755.3926562539,505066.6320739882
Delta Air Lines,1971,origin,SEA,-1650755.3926562539,505066.6320739882
Delta Air Lines,1971,dest,PHX,-1115699.3885834513,-1205089.0053395256
Delta Air Lines,1972,origin,ATL,1438837.9937618312,-1129310.979486318
Delta Air Lines,1972,dest,STT,NA,NA
Delta Air Lines,1973,origin,MSP,533284.8020873081,9198.64416372486
Delta Air Lines,1973,dest,SEA,-1650755.3926562539,505066.6320739882
Delta Air Lines,1974,origin,MSP,533284.8020873081,9198.64416372486
Delta Air Lines,1974,dest,SFO,-1945640.7538789264,-556902.5127197708
Delta Air Lines,1975,origin,LGA,2155684.513057,-122316.28523641168
Delta Air Lines,1975,dest,MSY,943779.1568939897,-1610813.662288556
Delta Air Lines,1976,origin,LAX,-1689593.4354288722,-1043456.7015018368
Delta Air Lines,1976,dest,HNL,NA,NA
Delta Air Lines,1977,origin,SLC,-1004609.4621734885,-395049.06406783813
Delta Air Lines,1977,dest,BZN,-861247.8507503188,146078.48264388298
Delta Air Lines,1978,origin,LAX,-1689593.4354288722,-1043456.7015018368
Delta Air Lines,1978,dest,MSP,533284.8020873081,9198.64416372486
Delta Air Lines,1979,origin,MSP,533284.8020873081,9198.64416372486
Delta Air Lines,1979,dest,MIA,1981134.7610135972,-1902847.3929129404
Delta Air Lines,1980,origin,ATL,1438837.9937618312,-1129310.979486318
Delta Air Lines,1980,dest,PIT,1653058.7188770992,-301571.10045485134
Delta Air Lines,1981,origin,DTW,1359641.697254995,-170996.60408534826
Delta Air Lines,1981,dest,IND,1166867.010981104,-490339.71160834696
Delta Air Lines,1982,origin,IND,1166867.010981104,-490339.71160834696
Delta Air Lines,1982,dest,DTW,1359641.697254995,-170996.60408534826
Delta Air Lines,1983,origin,SJC,-1914820.4720456952,-595055.2286396603
Delta Air Lines,1983,dest,SEA,-1650755.3926562539,505066.6320739882
Delta Air Lines,1984,origin,MEM,913341.2595404746,-1051685.0479322155
Delta Air Lines,1984,dest,LAX,-1689593.4354288722,-1043456.7015018368
Delta Air Lines,1985,origin,ATL,1438837.9937618312,-1129310.979486318
Delta Air Lines,1985,dest,HSV,1208834.3933259062,-1056146.4674099446
Delta Air Lines,1986,origin,PBI,1982322.2831828392,-1802085.774986376
Delta Air Lines,1986,dest,JFK,2167729.4793459354,-134551.3799715436
Delta Air Lines,1987,origin,STT,NA,NA
Delta Air Lines,1987,dest,ATL,1438837.9937618312,-1129310.979486318
Delta Air Lines,1988,origin,STT,NA,NA
Delta Air Lines,1988,dest,JFK,2167729.4793459354,-134551.3799715436
Delta Air Lines,1989,origin,ATL,1438837.9937618312,-1129310.979486318
Delta Air Lines,1989,dest,BWI,1980887.5167152977,-365563.636502196
Delta Air Lines,1990,origin,SLC,-1004609.4621734885,-395049.06406783813
Delta Air Lines,1990,dest,DTW,1359641.697254995,-170996.60408534826
Delta Air Lines,1991,origin,SEA,-1650755.3926562539,505066.6320739882
Delta Air Lines,1991,dest,HNL,NA,NA
Delta Air Lines,1992,origin,AUS,225823.07315140465,-1638702.7618488022
Delta Air Lines,1992,dest,SLC,-1004609.4621734885,-395049.06406783813
Delta Air Lines,1993,origin,DFW,278083.31647186854,-1338465.2155458855
Delta Air Lines,1993,dest,SLC,-1004609.4621734885,-395049.06406783813
Delta Air Lines,1994,origin,SLC,-1004609.4621734885,-395049.06406783813
Delta Air Lines,1994,dest,DFW,278083.31647186854,-1338465.2155458855
Delta Air Lines,1995,origin,BDL,2208123.028463688,33971.4893617478
Delta Air Lines,1995,dest,MSP,533284.8020873081,9198.64416372486
Delta Air Lines,1996,origin,ATL,1438837.9937618312,-1129310.979486318
Delta Air Lines,1996,dest,TUL,369902.00173730054,-968710.335093024
Delta Air Lines,1997,origin,STX,NA,NA
Delta Air Lines,1997,dest,ATL,1438837.9937618312,-1129310.979486318
Delta Air Lines,1998,origin,ATL,1438837.9937618312,-1129310.979486318
Delta Air Lines,1998,dest,STX,NA,NA
Delta Air Lines,1999,origin,ATL,1438837.9937618312,-1129310.979486318
Delta Air Lines,1999,dest,SMF,-1850472.0747063856,-458086.04301328777
Delta Air Lines,2000,origin,SMF,-1850472.0747063856,-458086.04301328777
Delta Air Lines,2000,dest,ATL,1438837.9937618312,-1129310.979486318
Delta Air Lines,2001,origin,TVC,1131251.581673923,72331.77434956355
Delta Air Lines,2001,dest,DTW,1359641.697254995,-170996.60408534826
Delta Air Lines,2002,origin,SLC,-1004609.4621734885,-395049.06406783813
Delta Air Lines,2002,dest,DEN,-398957.8437938119,-559911.2634607605
Delta Air Lines,2003,origin,ATL,1438837.9937618312,-1129310.979486318
Delta Air Lines,2003,dest,SFO,-1945640.7538789264,-556902.5127197708
Delta Air Lines,2004,origin,HNL,NA,NA
Delta Air Lines,2004,dest,MSP,533284.8020873081,9198.64416372486
Delta Air Lines,2005,origin,MDW,1011185.7905791268,-281702.30650750065
Delta Air Lines,2005,dest,ATL,1438837.9937618312,-1129310.979486318
Delta Air Lines,2006,origin,ATL,1438837.9937618312,-1129310.979486318
Delta Air Lines,2006,dest,PVD,2312630.224903233,45984.38112504096
Delta Air Lines,2007,origin,ATL,1438837.9937618312,-1129310.979486318
Delta Air Lines,2007,dest,TLH,1503095.9869380468,-1482768.4625080186
Delta Air Lines,2008,origin,LGA,2155684.513057,-122316.28523641168
Delta Air Lines,2008,dest,ATL,1438837.9937618312,-1129310.979486318
Delta Air Lines,2009,origin,ORD,995411.7016669,-262546.73068444384
Delta Air Lines,2009,dest,MSP,533284.8020873081,9198.64416372486
Delta Air Lines,2010,origin,LAS,-1356682.4796960566,-868251.8410072095
Delta Air Lines,2010,dest,SJC,-1914820.4720456952,-595055.2286396603
Delta Air Lines,2011,origin,SEA,-1650755.3926562539,505066.6320739882
Delta Air Lines,2011,dest,PDX,-1729571.0771865274,310444.7043324455
Delta Air Lines,2012,origin,ATL,1438837.9937618312,-1129310.979486318
Delta Air Lines,2012,dest,LGA,2155684.513057,-122316.28523641168
Delta Air Lines,2013,origin,SJC,-1914820.4720456952,-595055.2286396603
Delta Air Lines,2013,dest,LAS,-1356682.4796960566,-868251.8410072095
Delta Air Lines,2014,origin,ATL,1438837.9937618312,-1129310.979486318
Delta Air Lines,2014,dest,RDU,1892329.2704660424,-772779.4700067013
Delta Air Lines,2015,origin,HNL,NA,NA
Delta Air Lines,2015,dest,ATL,1438837.9937618312,-1129310.979486318
Delta Air Lines,2016,origin,ATL,1438837.9937618312,-1129310.979486318
Delta Air Lines,2016,dest,HNL,NA,NA
Delta Air Lines,2017,origin,LAX,-1689593.4354288722,-1043456.7015018368
Delta Air Lines,2017,dest,SMF,-1850472.0747063856,-458086.04301328777
Delta Air Lines,2018,origin,SMF,-1850472.0747063856,-458086.04301328777
Delta Air Lines,2018,dest,LAX,-1689593.4354288722,-1043456.7015018368
Delta Air Lines,2019,origin,DTW,1359641.697254995,-170996.60408534826
Delta Air Lines,2019,dest,MCI,455074.4312943624,-619331.8913740775
Delta Air Lines,2020,origin,ATL,1438837.9937618312,-1129310.979486318
Delta Air Lines,2020,dest,TUS,-1033490.7270596127,-1363482.3767388165
Delta Air Lines,2021,origin,DTW,1359641.697254995,-170996.60408534826
Delta Air Lines,2021,dest,FLL,1989416.8668556917,-1869685.279595282
Delta Air Lines,2022,origin,DTW,1359641.697254995,-170996.60408534826
Delta Air Lines,2022,dest,ORD,995411.7016669,-262546.73068444384
Delta Air Lines,2023,origin,MSP,533284.8020873081,9198.64416372486
Delta Air Lines,2023,dest,MSN,862184.7227999782,-150397.75067967636
Delta Air Lines,2024,origin,PIT,1653058.7188770992,-301571.10045485134
Delta Air Lines,2024,dest,ATL,1438837.9937618312,-1129310.979486318
Delta Air Lines,2025,origin,MIA,1981134.7610135972,-1902847.3929129404
Delta Air Lines,2025,dest,SLC,-1004609.4621734885,-395049.06406783813
Delta Air Lines,2026,origin,LAS,-1356682.4796960566,-868251.8410072095
Delta Air Lines,2026,dest,PDX,-1729571.0771865274,310444.7043324455
Delta Air Lines,2027,origin,PDX,-1729571.0771865274,310444.7043324455
Delta Air Lines,2027,dest,LAS,-1356682.4796960566,-868251.8410072095
Delta Air Lines,2028,origin,IND,1166867.010981104,-490339.71160834696
Delta Air Lines,2028,dest,LAX,-1689593.4354288722,-1043456.7015018368
Delta Air Lines,2029,origin,DTW,1359641.697254995,-170996.60408534826
Delta Air Lines,2029,dest,GRR,1172122.820083283,-131332.61154739256
Delta Air Lines,2030,origin,GRR,1172122.820083283,-131332.61154739256
Delta Air Lines,2030,dest,DTW,1359641.697254995,-170996.60408534826
Delta Air Lines,2031,origin,FNT,1311994.7209737643,-94908.29069657825
Delta Air Lines,2031,dest,ATL,1438837.9937618312,-1129310.979486318
Delta Air Lines,2032,origin,ORD,995411.7016669,-262546.73068444384
Delta Air Lines,2032,dest,DTW,1359641.697254995,-170996.60408534826
Delta Air Lines,2033,origin,CVG,1316490.950820449,-539409.9479712159
Delta Air Lines,2033,dest,LAX,-1689593.4354288722,-1043456.7015018368
Delta Air Lines,2034,origin,MKE,980769.513678976,-155418.02245427898
Delta Air Lines,2034,dest,MSP,533284.8020873081,9198.64416372486
Delta Air Lines,2035,origin,MSP,533284.8020873081,9198.64416372486
Delta Air Lines,2035,dest,MKE,980769.513678976,-155418.02245427898
Delta Air Lines,2036,origin,DTW,1359641.697254995,-170996.60408534826
Delta Air Lines,2036,dest,BNA,1193955.4135102862,-891176.9680870201
Delta Air Lines,2037,origin,CAE,1732229.9363832832,-1034291.950153118
Delta Air Lines,2037,dest,ATL,1438837.9937618312,-1129310.979486318
Delta Air Lines,2038,origin,SLC,-1004609.4621734885,-395049.06406783813
Delta Air Lines,2038,dest,RNO,-1678096.5663649472,-409666.019399356
Delta Air Lines,2039,origin,SLC,-1004609.4621734885,-395049.06406783813
Delta Air Lines,2039,dest,PHX,-1115699.3885834513,-1205089.0053395256
Delta Air Lines,2040,origin,MCO,1829771.2698870576,-1638824.7811905802
Delta Air Lines,2040,dest,MSP,533284.8020873081,9198.64416372486
Delta Air Lines,2041,origin,ATL,1438837.9937618312,-1129310.979486318
Delta Air Lines,2041,dest,CMH,1445821.7184349983,-405735.9494879742
Delta Air Lines,2042,origin,RSW,1822839.8385921961,-1854169.26849232
Delta Air Lines,2042,dest,LGA,2155684.513057,-122316.28523641168
Delta Air Lines,2043,origin,ATL,1438837.9937618312,-1129310.979486318
Delta Air Lines,2043,dest,SEA,-1650755.3926562539,505066.6320739882
Delta Air Lines,2044,origin,PHX,-1115699.3885834513,-1205089.0053395256
Delta Air Lines,2044,dest,LAX,-1689593.4354288722,-1043456.7015018368
Delta Air Lines,2045,origin,ATL,1438837.9937618312,-1129310.979486318
Delta Air Lines,2045,dest,MYR,1934759.0351566628,-1014954.7170777966
Delta Air Lines,2046,origin,MYR,1934759.0351566628,-1014954.7170777966
Delta Air Lines,2046,dest,ATL,1438837.9937618312,-1129310.979486318
Delta Air Lines,2047,origin,PHL,2075929.4181951769,-255080.32292677445
Delta Air Lines,2047,dest,MSP,533284.8020873081,9198.64416372486
Delta Air Lines,2048,origin,OMA,343006.6325637459,-402442.5398354072
Delta Air Lines,2048,dest,ATL,1438837.9937618312,-1129310.979486318
Delta Air Lines,2049,origin,MIA,1981134.7610135972,-1902847.3929129404
Delta Air Lines,2049,dest,MSP,533284.8020873081,9198.64416372486
Delta Air Lines,2050,origin,PNS,1232374.963107157,-1519383.0474165194
Delta Air Lines,2050,dest,ATL,1438837.9937618312,-1129310.979486318
Delta Air Lines,2051,origin,PWM,2323046.368311461,282201.85932739975
Delta Air Lines,2051,dest,ATL,1438837.9937618312,-1129310.979486318
Delta Air Lines,2052,origin,ANC,NA,NA
Delta Air Lines,2052,dest,MSP,533284.8020873081,9198.64416372486
Delta Air Lines,2053,origin,MSP,533284.8020873081,9198.64416372486
Delta Air Lines,2053,dest,ANC,NA,NA
Delta Air Lines,2054,origin,MCI,455074.4312943624,-619331.8913740775
Delta Air Lines,2054,dest,MSP,533284.8020873081,9198.64416372486
Delta Air Lines,2055,origin,SNA,-1646508.559850192,-1083248.598617272
Delta Air Lines,2055,dest,SLC,-1004609.4621734885,-395049.06406783813
Delta Air Lines,2056,origin,RDU,1892329.2704660424,-772779.4700067013
Delta Air Lines,2056,dest,LAX,-1689593.4354288722,-1043456.7015018368
Delta Air Lines,2057,origin,ATL,1438837.9937618312,-1129310.979486318
Delta Air Lines,2057,dest,OMA,343006.6325637459,-402442.5398354072
Delta Air Lines,2058,origin,FLL,1989416.8668556917,-1869685.279595282
Delta Air Lines,2058,dest,MSP,533284.8020873081,9198.64416372486
Delta Air Lines,2059,origin,MSP,533284.8020873081,9198.64416372486
Delta Air Lines,2059,dest,FLL,1989416.8668556917,-1869685.279595282
Delta Air Lines,2060,origin,HNL,NA,NA
Delta Air Lines,2060,dest,SLC,-1004609.4621734885,-395049.06406783813
Delta Air Lines,2061,origin,SLC,-1004609.4621734885,-395049.06406783813
Delta Air Lines,2061,dest,HNL,NA,NA
Delta Air Lines,2062,origin,TUL,369902.00173730054,-968710.335093024
Delta Air Lines,2062,dest,ATL,1438837.9937618312,-1129310.979486318
Delta Air Lines,2063,origin,SEA,-1650755.3926562539,505066.6320739882
Delta Air Lines,2063,dest,SJC,-1914820.4720456952,-595055.2286396603
Delta Air Lines,2064,origin,LAX,-1689593.4354288722,-1043456.7015018368
Delta Air Lines,2064,dest,RDU,1892329.2704660424,-772779.4700067013
Delta Air Lines,2065,origin,ATL,1438837.9937618312,-1129310.979486318
Delta Air Lines,2065,dest,ROC,1784302.386940441,37810.92949343497
Delta Air Lines,2066,origin,TUS,-1033490.7270596127,-1363482.3767388165
Delta Air Lines,2066,dest,ATL,1438837.9937618312,-1129310.979486318
Delta Air Lines,2067,origin,DTW,1359641.697254995,-170996.60408534826
Delta Air Lines,2067,dest,MCO,1829771.2698870576,-1638824.7811905802
Delta Air Lines,2068,origin,MCO,1829771.2698870576,-1638824.7811905802
Delta Air Lines,2068,dest,DTW,1359641.697254995,-170996.60408534826
Delta Air Lines,2069,origin,LGA,2155684.513057,-122316.28523641168
Delta Air Lines,2069,dest,FLL,1989416.8668556917,-1869685.279595282
Delta Air Lines,2070,origin,BOS,2320658.4485041024,126152.13380139158
Delta Air Lines,2070,dest,SEA,-1650755.3926562539,505066.6320739882
Delta Air Lines,2071,origin,BOS,2320658.4485041024,126152.13380139158
Delta Air Lines,2071,dest,LAS,-1356682.4796960566,-868251.8410072095
Delta Air Lines,2072,origin,ATL,1438837.9937618312,-1129310.979486318
Delta Air Lines,2072,dest,STL,834066.6669227502,-646449.0468188728
Delta Air Lines,2073,origin,DEN,-398957.8437938119,-559911.2634607605
Delta Air Lines,2073,dest,LGA,2155684.513057,-122316.28523641168
Delta Air Lines,2074,origin,SLC,-1004609.4621734885,-395049.06406783813
Delta Air Lines,2074,dest,AUS,225823.07315140465,-1638702.7618488022
Delta Air Lines,2075,origin,LAX,-1689593.4354288722,-1043456.7015018368
Delta Air Lines,2075,dest,CMH,1445821.7184349983,-405735.9494879742
Delta Air Lines,2076,origin,SNA,-1646508.559850192,-1083248.598617272
Delta Air Lines,2076,dest,ATL,1438837.9937618312,-1129310.979486318
Delta Air Lines,2077,origin,STL,834066.6669227502,-646449.0468188728
Delta Air Lines,2077,dest,ATL,1438837.9937618312,-1129310.979486318
Delta Air Lines,2078,origin,SLC,-1004609.4621734885,-395049.06406783813
Delta Air Lines,2078,dest,MCO,1829771.2698870576,-1638824.7811905802
Delta Air Lines,2079,origin,RNO,-1678096.5663649472,-409666.019399356
Delta Air Lines,2079,dest,SLC,-1004609.4621734885,-395049.06406783813
Delta Air Lines,2080,origin,SLC,-1004609.4621734885,-395049.06406783813
Delta Air Lines,2080,dest,GEG,-1301359.421680582,434754.4516689109
Delta Air Lines,2081,origin,OAK,-1929816.947397706,-549399.1884917811
Delta Air Lines,2081,dest,SLC,-1004609.4621734885,-395049.06406783813
Delta Air Lines,2082,origin,SLC,-1004609.4621734885,-395049.06406783813
Delta Air Lines,2082,dest,OAK,-1929816.947397706,-549399.1884917811
Delta Air Lines,2083,origin,ATL,1438837.9937618312,-1129310.979486318
Delta Air Lines,2083,dest,CAK,1543868.6042368207,-278981.2055969662
Delta Air Lines,2084,origin,CAK,1543868.6042368207,-278981.2055969662
Delta Air Lines,2084,dest,ATL,1438837.9937618312,-1129310.979486318
Delta Air Lines,2085,origin,LAX,-1689593.4354288722,-1043456.7015018368
Delta Air Lines,2085,dest,PDX,-1729571.0771865274,310444.7043324455
Delta Air Lines,2086,origin,PDX,-1729571.0771865274,310444.7043324455
Delta Air Lines,2086,dest,SLC,-1004609.4621734885,-395049.06406783813
Delta Air Lines,2087,origin,CHO,1861883.5091587077,-519412.35413098417
Delta Air Lines,2087,dest,ATL,1438837.9937618312,-1129310.979486318
Delta Air Lines,2088,origin,SLC,-1004609.4621734885,-395049.06406783813
Delta Air Lines,2088,dest,SNA,-1646508.559850192,-1083248.598617272
Delta Air Lines,2089,origin,ATL,1438837.9937618312,-1129310.979486318
Delta Air Lines,2089,dest,CID,685025.5455007816,-311739.8633571619
Delta Air Lines,2090,origin,SLC,-1004609.4621734885,-395049.06406783813
Delta Air Lines,2090,dest,MCI,455074.4312943624,-619331.8913740775
Delta Air Lines,2091,origin,LAX,-1689593.4354288722,-1043456.7015018368
Delta Air Lines,2091,dest,CVG,1316490.950820449,-539409.9479712159
Delta Air Lines,2092,origin,ATL,1438837.9937618312,-1129310.979486318
Delta Air Lines,2092,dest,ABQ,-603104.745800889,-1082686.4778323667
Delta Air Lines,2093,origin,DTW,1359641.697254995,-170996.60408534826
Delta Air Lines,2093,dest,TVC,1131251.581673923,72331.77434956355
Delta Air Lines,2094,origin,BUF,1707245.286740146,-4371.266382491431
Delta Air Lines,2094,dest,LGA,2155684.513057,-122316.28523641168
Delta Air Lines,2095,origin,DFW,278083.31647186854,-1338465.2155458855
Delta Air Lines,2095,dest,DTW,1359641.697254995,-170996.60408534826
Delta Air Lines,2096,origin,ATL,1438837.9937618312,-1129310.979486318
Delta Air Lines,2096,dest,GSP,1613274.8060153143,-951578.4592630994
Delta Air Lines,2097,origin,GSP,1613274.8060153143,-951578.4592630994
Delta Air Lines,2097,dest,ATL,1438837.9937618312,-1129310.979486318
Delta Air Lines,2098,origin,GPT,1053309.932237782,-1551591.5360315368
Delta Air Lines,2098,dest,ATL,1438837.9937618312,-1129310.979486318
Delta Air Lines,2099,origin,SJC,-1914820.4720456952,-595055.2286396603
Delta Air Lines,2099,dest,MSP,533284.8020873081,9198.64416372486
Delta Air Lines,2100,origin,MSP,533284.8020873081,9198.64416372486
Delta Air Lines,2100,dest,RSW,1822839.8385921961,-1854169.26849232
Delta Air Lines,2101,origin,RSW,1822839.8385921961,-1854169.26849232
Delta Air Lines,2101,dest,MSP,533284.8020873081,9198.64416372486
Delta Air Lines,2102,origin,MSP,533284.8020873081,9198.64416372486
Delta Air Lines,2102,dest,BDL,2208123.028463688,33971.4893617478
Delta Air Lines,2103,origin,OMA,343006.6325637459,-402442.5398354072
Delta Air Lines,2103,dest,MSP,533284.8020873081,9198.64416372486
Delta Air Lines,2104,origin,DEN,-398957.8437938119,-559911.2634607605
Delta Air Lines,2104,dest,SLC,-1004609.4621734885,-395049.06406783813
Delta Air Lines,2105,origin,DTW,1359641.697254995,-170996.60408534826
Delta Air Lines,2105,dest,MKE,980769.513678976,-155418.02245427898
Delta Air Lines,2106,origin,MKE,980769.513678976,-155418.02245427898
Delta Air Lines,2106,dest,DTW,1359641.697254995,-170996.60408534826
Delta Air Lines,2107,origin,ATL,1438837.9937618312,-1129310.979486318
Delta Air Lines,2107,dest,SNA,-1646508.559850192,-1083248.598617272
Delta Air Lines,2108,origin,DCA,1959959.090984065,-409479.41835946374
Delta Air Lines,2108,dest,DTW,1359641.697254995,-170996.60408534826
Delta Air Lines,2109,origin,LAX,-1689593.4354288722,-1043456.7015018368
Delta Air Lines,2109,dest,KOA,NA,NA
Delta Air Lines,2110,origin,ORD,995411.7016669,-262546.73068444384
Delta Air Lines,2110,dest,SLC,-1004609.4621734885,-395049.06406783813
Delta Air Lines,2111,origin,SLC,-1004609.4621734885,-395049.06406783813
Delta Air Lines,2111,dest,ORD,995411.7016669,-262546.73068444384
Delta Air Lines,2112,origin,LAX,-1689593.4354288722,-1043456.7015018368
Delta Air Lines,2112,dest,LIH,NA,NA
Delta Air Lines,2113,origin,ATL,1438837.9937618312,-1129310.979486318
Delta Air Lines,2113,dest,SYR,1905272.1686460353,72673.25213846966
Delta Air Lines,2114,origin,SYR,1905272.1686460353,72673.25213846966
Delta Air Lines,2114,dest,ATL,1438837.9937618312,-1129310.979486318
Delta Air Lines,2115,origin,CMH,1445821.7184349983,-405735.9494879742
Delta Air Lines,2115,dest,LAX,-1689593.4354288722,-1043456.7015018368
Delta Air Lines,2116,origin,MSP,533284.8020873081,9198.64416372486
Delta Air Lines,2116,dest,TPA,1720329.790563932,-1713285.848456208
Delta Air Lines,2117,origin,MSP,533284.8020873081,9198.64416372486
Delta Air Lines,2117,dest,DCA,1959959.090984065,-409479.41835946374
Delta Air Lines,2118,origin,MSP,533284.8020873081,9198.64416372486
Delta Air Lines,2118,dest,BWI,1980887.5167152977,-365563.636502196
Delta Air Lines,2119,origin,EWR,2135095.905011877,-139210.669492847
Delta Air Lines,2119,dest,SLC,-1004609.4621734885,-395049.06406783813
Delta Air Lines,2120,origin,SLC,-1004609.4621734885,-395049.06406783813
Delta Air Lines,2120,dest,EWR,2135095.905011877,-139210.669492847
Delta Air Lines,2121,origin,PIT,1653058.7188770992,-301571.10045485134
Delta Air Lines,2121,dest,DTW,1359641.697254995,-170996.60408534826
Delta Air Lines,2122,origin,ATL,1438837.9937618312,-1129310.979486318
Delta Air Lines,2122,dest,BHM,1227516.423781454,-1173804.5684248093
Delta Air Lines,2123,origin,FAR,241816.32110393248,218351.52326654957
Delta Air Lines,2123,dest,MSP,533284.8020873081,9198.64416372486
Delta Air Lines,2124,origin,BIL,-660622.9347007086,124849.8707744144
Delta Air Lines,2124,dest,SLC,-1004609.4621734885,-395049.06406783813
Delta Air Lines,2125,origin,SLC,-1004609.4621734885,-395049.06406783813
Delta Air Lines,2125,dest,MIA,1981134.7610135972,-1902847.3929129404
Delta Air Lines,2126,origin,ATL,1438837.9937618312,-1129310.979486318
Delta Air Lines,2126,dest,DAL,295794.1446696455,-1343507.98461109
Delta Air Lines,2127,origin,DAL,295794.1446696455,-1343507.98461109
Delta Air Lines,2127,dest,ATL,1438837.9937618312,-1129310.979486318
Delta Air Lines,2128,origin,DTW,1359641.697254995,-170996.60408534826
Delta Air Lines,2128,dest,BUF,1707245.286740146,-4371.266382491431
Delta Air Lines,2129,origin,HDN,-609905.1545202036,-475672.5575641322
Delta Air Lines,2129,dest,MSP,533284.8020873081,9198.64416372486
Delta Air Lines,2130,origin,MSP,533284.8020873081,9198.64416372486
Delta Air Lines,2130,dest,HDN,-609905.1545202036,-475672.5575641322
Delta Air Lines,2131,origin,SLC,-1004609.4621734885,-395049.06406783813
Delta Air Lines,2131,dest,BNA,1193955.4135102862,-891176.9680870201
Delta Air Lines,2132,origin,ATL,1438837.9937618312,-1129310.979486318
Delta Air Lines,2132,dest,ILM,2011109.1479966196,-926704.3084000075
Delta Air Lines,2133,origin,SEA,-1650755.3926562539,505066.6320739882
Delta Air Lines,2133,dest,OGG,NA,NA
Delta Air Lines,2134,origin,ATL,1438837.9937618312,-1129310.979486318
Delta Air Lines,2134,dest,MHT,2266652.2564188894,174443.80657271238
Delta Air Lines,2135,origin,LAS,-1356682.4796960566,-868251.8410072095
Delta Air Lines,2135,dest,ATL,1438837.9937618312,-1129310.979486318
Delta Air Lines,2136,origin,CHS,1853007.6958618572,-1124845.6869020823
Delta Air Lines,2136,dest,JFK,2167729.4793459354,-134551.3799715436
Delta Air Lines,2137,origin,ROA,1753714.8239882167,-641182.8013547789
Delta Air Lines,2137,dest,ATL,1438837.9937618312,-1129310.979486318
Delta Air Lines,2138,origin,ILM,2011109.1479966196,-926704.3084000075
Delta Air Lines,2138,dest,ATL,1438837.9937618312,-1129310.979486318
Delta Air Lines,2139,origin,LAS,-1356682.4796960566,-868251.8410072095
Delta Air Lines,2139,dest,MCO,1829771.2698870576,-1638824.7811905802
Delta Air Lines,2140,origin,TPA,1720329.790563932,-1713285.848456208
Delta Air Lines,2140,dest,LGA,2155684.513057,-122316.28523641168
Delta Air Lines,2141,origin,FAY,1906593.7746134072,-871259.6974038639
Delta Air Lines,2141,dest,ATL,1438837.9937618312,-1129310.979486318
Delta Air Lines,2142,origin,MCO,1829771.2698870576,-1638824.7811905802
Delta Air Lines,2142,dest,LGA,2155684.513057,-122316.28523641168
Delta Air Lines,2143,origin,DTW,1359641.697254995,-170996.60408534826
Delta Air Lines,2143,dest,LAS,-1356682.4796960566,-868251.8410072095
Delta Air Lines,2144,origin,CLT,1718765.594159813,-891788.5105128315
Delta Air Lines,2144,dest,MSP,533284.8020873081,9198.64416372486
Delta Air Lines,2145,origin,MSP,533284.8020873081,9198.64416372486
Delta Air Lines,2145,dest,CLT,1718765.594159813,-891788.5105128315
Delta Air Lines,2146,origin,SLC,-1004609.4621734885,-395049.06406783813
Delta Air Lines,2146,dest,DCA,1959959.090984065,-409479.41835946374
Delta Air Lines,2147,origin,LAS,-1356682.4796960566,-868251.8410072095
Delta Air Lines,2147,dest,SNA,-1646508.559850192,-1083248.598617272
Delta Air Lines,2148,origin,SNA,-1646508.559850192,-1083248.598617272
Delta Air Lines,2148,dest,LAS,-1356682.4796960566,-868251.8410072095
Delta Air Lines,2149,origin,ATL,1438837.9937618312,-1129310.979486318
Delta Air Lines,2149,dest,CHA,1343802.2515410231,-988662.7524391398
Delta Air Lines,2150,origin,LGA,2155684.513057,-122316.28523641168
Delta Air Lines,2150,dest,RSW,1822839.8385921961,-1854169.26849232
Delta Air Lines,2151,origin,DTW,1359641.697254995,-170996.60408534826
Delta Air Lines,2151,dest,EWR,2135095.905011877,-139210.669492847
Delta Air Lines,2152,origin,EWR,2135095.905011877,-139210.669492847
Delta Air Lines,2152,dest,DTW,1359641.697254995,-170996.60408534826
Delta Air Lines,2153,origin,ATL,1438837.9937618312,-1129310.979486318
Delta Air Lines,2153,dest,GPT,1053309.932237782,-1551591.5360315368
Delta Air Lines,2154,origin,ATL,1438837.9937618312,-1129310.979486318
Delta Air Lines,2154,dest,CHO,1861883.5091587077,-519412.35413098417
Delta Air Lines,2155,origin,MSP,533284.8020873081,9198.64416372486
Delta Air Lines,2155,dest,PHL,2075929.4181951769,-255080.32292677445
Delta Air Lines,2156,origin,ATW,910545.9787089666,-17980.838455885427
Delta Air Lines,2156,dest,ATL,1438837.9937618312,-1129310.979486318
Delta Air Lines,2157,origin,DTW,1359641.697254995,-170996.60408534826
Delta Air Lines,2157,dest,DEN,-398957.8437938119,-559911.2634607605
Delta Air Lines,2158,origin,ATL,1438837.9937618312,-1129310.979486318
Delta Air Lines,2158,dest,ALB,2093896.6988834653,90839.80353075745
Delta Air Lines,2159,origin,BUF,1707245.286740146,-4371.266382491431
Delta Air Lines,2159,dest,DTW,1359641.697254995,-170996.60408534826
Delta Air Lines,2160,origin,MSP,533284.8020873081,9198.64416372486
Delta Air Lines,2160,dest,LAS,-1356682.4796960566,-868251.8410072095
Delta Air Lines,2161,origin,PHL,2075929.4181951769,-255080.32292677445
Delta Air Lines,2161,dest,DTW,1359641.697254995,-170996.60408534826
Delta Air Lines,2162,origin,TPA,1720329.790563932,-1713285.848456208
Delta Air Lines,2162,dest,LAX,-1689593.4354288722,-1043456.7015018368
Delta Air Lines,2163,origin,TLH,1503095.9869380468,-1482768.4625080186
Delta Air Lines,2163,dest,ATL,1438837.9937618312,-1129310.979486318
Delta Air Lines,2164,origin,SEA,-1650755.3926562539,505066.6320739882
Delta Air Lines,2164,dest,JFK,2167729.4793459354,-134551.3799715436
Delta Air Lines,2165,origin,MIA,1981134.7610135972,-1902847.3929129404
Delta Air Lines,2165,dest,DTW,1359641.697254995,-170996.60408534826
Delta Air Lines,2166,origin,PDX,-1729571.0771865274,310444.7043324455
Delta Air Lines,2166,dest,LAX,-1689593.4354288722,-1043456.7015018368
Delta Air Lines,2167,origin,LAS,-1356682.4796960566,-868251.8410072095
Delta Air Lines,2167,dest,CVG,1316490.950820449,-539409.9479712159
Delta Air Lines,2168,origin,ROC,1784302.386940441,37810.92949343497
Delta Air Lines,2168,dest,ATL,1438837.9937618312,-1129310.979486318
Delta Air Lines,2169,origin,ATL,1438837.9937618312,-1129310.979486318
Delta Air Lines,2169,dest,CAE,1732229.9363832832,-1034291.950153118
Delta Air Lines,2170,origin,SAN,-1603701.5452417962,-1199220.2306533586
Delta Air Lines,2170,dest,ATL,1438837.9937618312,-1129310.979486318
Delta Air Lines,2171,origin,MCO,1829771.2698870576,-1638824.7811905802
Delta Air Lines,2171,dest,LAS,-1356682.4796960566,-868251.8410072095
Delta Air Lines,2172,origin,ATL,1438837.9937618312,-1129310.979486318
Delta Air Lines,2172,dest,SAV,1763892.708823169,-1233594.0048643088
Delta Air Lines,2173,origin,SAV,1763892.708823169,-1233594.0048643088
Delta Air Lines,2173,dest,ATL,1438837.9937618312,-1129310.979486318
Delta Air Lines,2174,origin,ATL,1438837.9937618312,-1129310.979486318
Delta Air Lines,2174,dest,EGE,-591915.5806713243,-570781.3448486088
Delta Air Lines,2175,origin,EGE,-591915.5806713243,-570781.3448486088
Delta Air Lines,2175,dest,ATL,1438837.9937618312,-1129310.979486318
Delta Air Lines,2176,origin,MHT,2266652.2564188894,174443.80657271238
Delta Air Lines,2176,dest,ATL,1438837.9937618312,-1129310.979486318
Delta Air Lines,2177,origin,LGA,2155684.513057,-122316.28523641168
Delta Air Lines,2177,dest,BUF,1707245.286740146,-4371.266382491431
Delta Air Lines,2178,origin,MSP,533284.8020873081,9198.64416372486
Delta Air Lines,2178,dest,MCI,455074.4312943624,-619331.8913740775
Delta Air Lines,2179,origin,DTW,1359641.697254995,-170996.60408534826
Delta Air Lines,2179,dest,MIA,1981134.7610135972,-1902847.3929129404
Delta Air Lines,2180,origin,MSP,533284.8020873081,9198.64416372486
Delta Air Lines,2180,dest,HNL,NA,NA
Delta Air Lines,2181,origin,DCA,1959959.090984065,-409479.41835946374
Delta Air Lines,2181,dest,MSP,533284.8020873081,9198.64416372486
Delta Air Lines,2182,origin,AVP,1991198.0849717765,-109115.6693125776
Delta Air Lines,2182,dest,ATL,1438837.9937618312,-1129310.979486318
Delta Air Lines,2183,origin,SAN,-1603701.5452417962,-1199220.2306533586
Delta Air Lines,2183,dest,MSP,533284.8020873081,9198.64416372486
Delta Air Lines,2184,origin,BNA,1193955.4135102862,-891176.9680870201
Delta Air Lines,2184,dest,DTW,1359641.697254995,-170996.60408534826
Delta Air Lines,2185,origin,DTW,1359641.697254995,-170996.60408534826
Delta Air Lines,2185,dest,RDU,1892329.2704660424,-772779.4700067013
Delta Air Lines,2186,origin,TPA,1720329.790563932,-1713285.848456208
Delta Air Lines,2186,dest,MSP,533284.8020873081,9198.64416372486
Delta Air Lines,2187,origin,MSP,533284.8020873081,9198.64416372486
Delta Air Lines,2187,dest,ORD,995411.7016669,-262546.73068444384
Delta Air Lines,2188,origin,ATL,1438837.9937618312,-1129310.979486318
Delta Air Lines,2188,dest,MSN,862184.7227999782,-150397.75067967636
Delta Air Lines,2189,origin,MSN,862184.7227999782,-150397.75067967636
Delta Air Lines,2189,dest,ATL,1438837.9937618312,-1129310.979486318
Delta Air Lines,2190,origin,LIH,NA,NA
Delta Air Lines,2190,dest,LAX,-1689593.4354288722,-1043456.7015018368
Delta Air Lines,2191,origin,ATL,1438837.9937618312,-1129310.979486318
Delta Air Lines,2191,dest,FAY,1906593.7746134072,-871259.6974038639
Delta Air Lines,2192,origin,SMF,-1850472.0747063856,-458086.04301328777
Delta Air Lines,2192,dest,MSP,533284.8020873081,9198.64416372486
Delta Air Lines,2193,origin,DTW,1359641.697254995,-170996.60408534826
Delta Air Lines,2193,dest,PHL,2075929.4181951769,-255080.32292677445
Delta Air Lines,2194,origin,LAX,-1689593.4354288722,-1043456.7015018368
Delta Air Lines,2194,dest,PHX,-1115699.3885834513,-1205089.0053395256
Delta Air Lines,2195,origin,ATL,1438837.9937618312,-1129310.979486318
Delta Air Lines,2195,dest,MLB,1900134.869329781,-1660095.1338035632
Delta Air Lines,2196,origin,ATL,1438837.9937618312,-1129310.979486318
Delta Air Lines,2196,dest,FNT,1311994.7209737643,-94908.29069657825
Delta Air Lines,2197,origin,OGG,NA,NA
Delta Air Lines,2197,dest,SEA,-1650755.3926562539,505066.6320739882
Delta Air Lines,2198,origin,MSO,-1063417.7421266043,306790.99797850905
Delta Air Lines,2198,dest,MSP,533284.8020873081,9198.64416372486
Delta Air Lines,2199,origin,ABQ,-603104.745800889,-1082686.4778323667
Delta Air Lines,2199,dest,SLC,-1004609.4621734885,-395049.06406783813
Delta Air Lines,2200,origin,MSP,533284.8020873081,9198.64416372486
Delta Air Lines,2200,dest,MSO,-1063417.7421266043,306790.99797850905
Delta Air Lines,2201,origin,LFT,775087.3962458812,-1604692.13984499
Delta Air Lines,2201,dest,ATL,1438837.9937618312,-1129310.979486318
Delta Air Lines,2202,origin,BIS,-56761.23657923168,197379.0320391729
Delta Air Lines,2202,dest,MSP,533284.8020873081,9198.64416372486
Delta Air Lines,2203,origin,MSP,533284.8020873081,9198.64416372486
Delta Air Lines,2203,dest,PIT,1653058.7188770992,-301571.10045485134
Delta Air Lines,2204,origin,PIT,1653058.7188770992,-301571.10045485134
Delta Air Lines,2204,dest,MSP,533284.8020873081,9198.64416372486
Delta Air Lines,2205,origin,CVG,1316490.950820449,-539409.9479712159
Delta Air Lines,2205,dest,LAS,-1356682.4796960566,-868251.8410072095
Delta Air Lines,2206,origin,SFO,-1945640.7538789264,-556902.5127197708
Delta Air Lines,2206,dest,SLC,-1004609.4621734885,-395049.06406783813
Delta Air Lines,2207,origin,MSP,533284.8020873081,9198.64416372486
Delta Air Lines,2207,dest,STL,834066.6669227502,-646449.0468188728
Delta Air Lines,2208,origin,STL,834066.6669227502,-646449.0468188728
Delta Air Lines,2208,dest,MSP,533284.8020873081,9198.64416372486
Delta Air Lines,2209,origin,JAX,1752547.7524868262,-1421732.3716896002
Delta Air Lines,2209,dest,JFK,2167729.4793459354,-134551.3799715436
Delta Air Lines,2210,origin,MSP,533284.8020873081,9198.64416372486
Delta Air Lines,2210,dest,BIL,-660622.9347007086,124849.8707744144
Delta Air Lines,2211,origin,PVD,2312630.224903233,45984.38112504096
Delta Air Lines,2211,dest,ATL,1438837.9937618312,-1129310.979486318
Delta Air Lines,2212,origin,SGF,585825.6252497791,-838475.0991829366
Delta Air Lines,2212,dest,ATL,1438837.9937618312,-1129310.979486318
Delta Air Lines,2213,origin,AUS,225823.07315140465,-1638702.7618488022
Delta Air Lines,2213,dest,MSP,533284.8020873081,9198.64416372486
Delta Air Lines,2214,origin,MSP,533284.8020873081,9198.64416372486
Delta Air Lines,2214,dest,MSY,943779.1568939897,-1610813.662288556
Delta Air Lines,2215,origin,AUS,225823.07315140465,-1638702.7618488022
Delta Air Lines,2215,dest,JFK,2167729.4793459354,-134551.3799715436
Delta Air Lines,2216,origin,OGG,NA,NA
Delta Air Lines,2216,dest,LAX,-1689593.4354288722,-1043456.7015018368
Delta Air Lines,2217,origin,SLC,-1004609.4621734885,-395049.06406783813
Delta Air Lines,2217,dest,CVG,1316490.950820449,-539409.9479712159
Delta Air Lines,2218,origin,PHX,-1115699.3885834513,-1205089.0053395256
Delta Air Lines,2218,dest,JFK,2167729.4793459354,-134551.3799715436
Delta Air Lines,2219,origin,ABQ,-603104.745800889,-1082686.4778323667
Delta Air Lines,2219,dest,ATL,1438837.9937618312,-1129310.979486318
Delta Air Lines,2220,origin,ATL,1438837.9937618312,-1129310.979486318
Delta Air Lines,2220,dest,HDN,-609905.1545202036,-475672.5575641322
Delta Air Lines,2221,origin,HDN,-609905.1545202036,-475672.5575641322
Delta Air Lines,2221,dest,ATL,1438837.9937618312,-1129310.979486318
Delta Air Lines,2222,origin,PDX,-1729571.0771865274,310444.7043324455
Delta Air Lines,2222,dest,SEA,-1650755.3926562539,505066.6320739882
Delta Air Lines,2223,origin,MSP,533284.8020873081,9198.64416372486
Delta Air Lines,2223,dest,SMF,-1850472.0747063856,-458086.04301328777
Delta Air Lines,2224,origin,MSP,533284.8020873081,9198.64416372486
Delta Air Lines,2224,dest,AUS,225823.07315140465,-1638702.7618488022
Delta Air Lines,2225,origin,MSP,533284.8020873081,9198.64416372486
Delta Air Lines,2225,dest,BIS,-56761.23657923168,197379.0320391729
Delta Air Lines,2226,origin,GEG,-1301359.421680582,434754.4516689109
Delta Air Lines,2226,dest,MSP,533284.8020873081,9198.64416372486
Delta Air Lines,2227,origin,MSY,943779.1568939897,-1610813.662288556
Delta Air Lines,2227,dest,SLC,-1004609.4621734885,-395049.06406783813
Delta Air Lines,2228,origin,DTW,1359641.697254995,-170996.60408534826
Delta Air Lines,2228,dest,SAN,-1603701.5452417962,-1199220.2306533586
Delta Air Lines,2229,origin,GEG,-1301359.421680582,434754.4516689109
Delta Air Lines,2229,dest,SLC,-1004609.4621734885,-395049.06406783813
Delta Air Lines,2230,origin,PDX,-1729571.0771865274,310444.7043324455
Delta Air Lines,2230,dest,MSP,533284.8020873081,9198.64416372486
Delta Air Lines,2231,origin,MSP,533284.8020873081,9198.64416372486
Delta Air Lines,2231,dest,SNA,-1646508.559850192,-1083248.598617272
Delta Air Lines,2232,origin,ONT,-1614545.9907031525,-1046821.4894757676
Delta Air Lines,2232,dest,SLC,-1004609.4621734885,-395049.06406783813
Delta Air Lines,2233,origin,COS,-407608.2995632326,-676916.7449861787
Delta Air Lines,2233,dest,ATL,1438837.9937618312,-1129310.979486318
Delta Air Lines,2234,origin,KOA,NA,NA
Delta Air Lines,2234,dest,LAX,-1689593.4354288722,-1043456.7015018368
Delta Air Lines,2235,origin,SLC,-1004609.4621734885,-395049.06406783813
Delta Air Lines,2235,dest,ABQ,-603104.745800889,-1082686.4778323667
Delta Air Lines,2236,origin,LAS,-1356682.4796960566,-868251.8410072095
Delta Air Lines,2236,dest,BOS,2320658.4485041024,126152.13380139158
Delta Air Lines,2237,origin,ATL,1438837.9937618312,-1129310.979486318
Delta Air Lines,2237,dest,ELP,-605825.3288960081,-1441254.1790057654
Delta Air Lines,2238,origin,ELP,-605825.3288960081,-1441254.1790057654
Delta Air Lines,2238,dest,ATL,1438837.9937618312,-1129310.979486318
Delta Air Lines,2239,origin,BNA,1193955.4135102862,-891176.9680870201
Delta Air Lines,2239,dest,SLC,-1004609.4621734885,-395049.06406783813
Delta Air Lines,2240,origin,MSP,533284.8020873081,9198.64416372486
Delta Air Lines,2240,dest,PDX,-1729571.0771865274,310444.7043324455
Delta Air Lines,2241,origin,JAN,935832.583190702,-1353814.4254133569
Delta Air Lines,2241,dest,ATL,1438837.9937618312,-1129310.979486318
Delta Air Lines,2242,origin,SLC,-1004609.4621734885,-395049.06406783813
Delta Air Lines,2242,dest,BIL,-660622.9347007086,124849.8707744144
Delta Air Lines,2243,origin,JFK,2167729.4793459354,-134551.3799715436
Delta Air Lines,2243,dest,RSW,1822839.8385921961,-1854169.26849232
Delta Air Lines,2244,origin,PDX,-1729571.0771865274,310444.7043324455
Delta Air Lines,2244,dest,JFK,2167729.4793459354,-134551.3799715436
Delta Air Lines,2245,origin,MLB,1900134.869329781,-1660095.1338035632
Delta Air Lines,2245,dest,ATL,1438837.9937618312,-1129310.979486318
Delta Air Lines,2246,origin,MSP,533284.8020873081,9198.64416372486
Delta Air Lines,2246,dest,FSD,262391.66769403766,-152421.14243468866
Delta Air Lines,2247,origin,MSP,533284.8020873081,9198.64416372486
Delta Air Lines,2247,dest,OMA,343006.6325637459,-402442.5398354072
Delta Air Lines,2248,origin,HNL,NA,NA
Delta Air Lines,2248,dest,JFK,2167729.4793459354,-134551.3799715436
Delta Air Lines,2249,origin,CVG,1316490.950820449,-539409.9479712159
Delta Air Lines,2249,dest,BOS,2320658.4485041024,126152.13380139158
Delta Air Lines,2250,origin,ATL,1438837.9937618312,-1129310.979486318
Delta Air Lines,2250,dest,ROA,1753714.8239882167,-641182.8013547789
Delta Air Lines,2251,origin,DTW,1359641.697254995,-170996.60408534826
Delta Air Lines,2251,dest,DFW,278083.31647186854,-1338465.2155458855
Delta Air Lines,2252,origin,HNL,NA,NA
Delta Air Lines,2252,dest,SEA,-1650755.3926562539,505066.6320739882
Delta Air Lines,2253,origin,AVL,1573260.496368321,-898595.7508630514
Delta Air Lines,2253,dest,ATL,1438837.9937618312,-1129310.979486318
Delta Air Lines,2254,origin,BZN,-861247.8507503188,146078.48264388298
Delta Air Lines,2254,dest,SLC,-1004609.4621734885,-395049.06406783813
Delta Air Lines,2255,origin,ATL,1438837.9937618312,-1129310.979486318
Delta Air Lines,2255,dest,AVP,1991198.0849717765,-109115.6693125776
Delta Air Lines,2256,origin,MSP,533284.8020873081,9198.64416372486
Delta Air Lines,2256,dest,SJC,-1914820.4720456952,-595055.2286396603
Delta Air Lines,2257,origin,SMF,-1850472.0747063856,-458086.04301328777
Delta Air Lines,2257,dest,SLC,-1004609.4621734885,-395049.06406783813
Delta Air Lines,2258,origin,MSP,533284.8020873081,9198.64416372486
Delta Air Lines,2258,dest,BZN,-861247.8507503188,146078.48264388298
Delta Air Lines,2259,origin,SLC,-1004609.4621734885,-395049.06406783813
Delta Air Lines,2259,dest,SFO,-1945640.7538789264,-556902.5127197708
Delta Air Lines,2260,origin,DTW,1359641.697254995,-170996.60408534826
Delta Air Lines,2260,dest,PBI,1982322.2831828392,-1802085.774986376
Delta Air Lines,2261,origin,PBI,1982322.2831828392,-1802085.774986376
Delta Air Lines,2261,dest,DTW,1359641.697254995,-170996.60408534826
Delta Air Lines,2262,origin,ATL,1438837.9937618312,-1129310.979486318
Delta Air Lines,2262,dest,AVL,1573260.496368321,-898595.7508630514
Delta Air Lines,2263,origin,XNA,511251.36067402794,-951228.666706021
Delta Air Lines,2263,dest,ATL,1438837.9937618312,-1129310.979486318
Delta Air Lines,2264,origin,RDU,1892329.2704660424,-772779.4700067013
Delta Air Lines,2264,dest,DTW,1359641.697254995,-170996.60408534826
Delta Air Lines,2265,origin,CLT,1718765.594159813,-891788.5105128315
Delta Air Lines,2265,dest,DTW,1359641.697254995,-170996.60408534826
Delta Air Lines,2266,origin,DCA,1959959.090984065,-409479.41835946374
Delta Air Lines,2266,dest,CVG,1316490.950820449,-539409.9479712159
Delta Air Lines,2267,origin,MCI,455074.4312943624,-619331.8913740775
Delta Air Lines,2267,dest,LAS,-1356682.4796960566,-868251.8410072095
Delta Air Lines,2268,origin,LAS,-1356682.4796960566,-868251.8410072095
Delta Air Lines,2268,dest,MCI,455074.4312943624,-619331.8913740775
Delta Air Lines,2269,origin,LAX,-1689593.4354288722,-1043456.7015018368
Delta Air Lines,2269,dest,MEM,913341.2595404746,-1051685.0479322155
Delta Air Lines,2270,origin,FLL,1989416.8668556917,-1869685.279595282
Delta Air Lines,2270,dest,LAS,-1356682.4796960566,-868251.8410072095
Delta Air Lines,2271,origin,MCI,455074.4312943624,-619331.8913740775
Delta Air Lines,2271,dest,DTW,1359641.697254995,-170996.60408534826
Delta Air Lines,2272,origin,RDU,1892329.2704660424,-772779.4700067013
Delta Air Lines,2272,dest,LAS,-1356682.4796960566,-868251.8410072095
Delta Air Lines,2273,origin,ATL,1438837.9937618312,-1129310.979486318
Delta Air Lines,2273,dest,COS,-407608.2995632326,-676916.7449861787
Delta Air Lines,2274,origin,SEA,-1650755.3926562539,505066.6320739882
Delta Air Lines,2274,dest,KOA,NA,NA
Delta Air Lines,2275,origin,MSP,533284.8020873081,9198.64416372486
Delta Air Lines,2275,dest,BOI,-1296364.617988922,-29797.04410178459
Delta Air Lines,2276,origin,JFK,2167729.4793459354,-134551.3799715436
Delta Air Lines,2276,dest,HNL,NA,NA
Delta Air Lines,2277,origin,FLL,1989416.8668556917,-1869685.279595282
Delta Air Lines,2277,dest,CVG,1316490.950820449,-539409.9479712159
Delta Air Lines,2278,origin,MIA,1981134.7610135972,-1902847.3929129404
Delta Air Lines,2278,dest,LAX,-1689593.4354288722,-1043456.7015018368
Delta Air Lines,2279,origin,IAH,452316.2866359444,-1652751.7266989667
Delta Air Lines,2279,dest,SLC,-1004609.4621734885,-395049.06406783813
Delta Air Lines,2280,origin,SLC,-1004609.4621734885,-395049.06406783813
Delta Air Lines,2280,dest,IAH,452316.2866359444,-1652751.7266989667
Delta Air Lines,2281,origin,CVG,1316490.950820449,-539409.9479712159
Delta Air Lines,2281,dest,TPA,1720329.790563932,-1713285.848456208
Delta Air Lines,2282,origin,TPA,1720329.790563932,-1713285.848456208
Delta Air Lines,2282,dest,CVG,1316490.950820449,-539409.9479712159
Delta Air Lines,2283,origin,BOI,-1296364.617988922,-29797.04410178459
Delta Air Lines,2283,dest,MSP,533284.8020873081,9198.64416372486
Delta Air Lines,2284,origin,LAX,-1689593.4354288722,-1043456.7015018368
Delta Air Lines,2284,dest,MIA,1981134.7610135972,-1902847.3929129404
Delta Air Lines,2285,origin,CVG,1316490.950820449,-539409.9479712159
Delta Air Lines,2285,dest,SFO,-1945640.7538789264,-556902.5127197708
Delta Air Lines,2286,origin,SFO,-1945640.7538789264,-556902.5127197708
Delta Air Lines,2286,dest,CVG,1316490.950820449,-539409.9479712159
Delta Air Lines,2287,origin,ATL,1438837.9937618312,-1129310.979486318
Delta Air Lines,2287,dest,BTR,852622.9227781038,-1560726.580584646
Delta Air Lines,2288,origin,BTR,852622.9227781038,-1560726.580584646
Delta Air Lines,2288,dest,ATL,1438837.9937618312,-1129310.979486318
Delta Air Lines,2289,origin,BOI,-1296364.617988922,-29797.04410178459
Delta Air Lines,2289,dest,SLC,-1004609.4621734885,-395049.06406783813
Delta Air Lines,2290,origin,SLC,-1004609.4621734885,-395049.06406783813
Delta Air Lines,2290,dest,BOI,-1296364.617988922,-29797.04410178459
Delta Air Lines,2291,origin,MOB,1128771.5470616468,-1509919.7780781558
Delta Air Lines,2291,dest,ATL,1438837.9937618312,-1129310.979486318
Delta Air Lines,2292,origin,MCI,455074.4312943624,-619331.8913740775
Delta Air Lines,2292,dest,LAX,-1689593.4354288722,-1043456.7015018368
Delta Air Lines,2293,origin,DTW,1359641.697254995,-170996.60408534826
Delta Air Lines,2293,dest,STL,834066.6669227502,-646449.0468188728
Delta Air Lines,2294,origin,STL,834066.6669227502,-646449.0468188728
Delta Air Lines,2294,dest,DTW,1359641.697254995,-170996.60408534826
Delta Air Lines,2295,origin,AGS,1668087.5351537075,-1113377.2711774665
Delta Air Lines,2295,dest,ATL,1438837.9937618312,-1129310.979486318
Delta Air Lines,2296,origin,JFK,2167729.4793459354,-134551.3799715436
Delta Air Lines,2296,dest,SAT,149495.41162521293,-1713236.8214802423
Delta Air Lines,2297,origin,ATL,1438837.9937618312,-1129310.979486318
Delta Air Lines,2297,dest,AGS,1668087.5351537075,-1113377.2711774665
Delta Air Lines,2298,origin,ATL,1438837.9937618312,-1129310.979486318
Delta Air Lines,2298,dest,MOB,1128771.5470616468,-1509919.7780781558
Delta Air Lines,2299,origin,MSN,862184.7227999782,-150397.75067967636
Delta Air Lines,2299,dest,DTW,1359641.697254995,-170996.60408534826
Delta Air Lines,2300,origin,PHF,2054974.7967551427,-582339.5117071073
Delta Air Lines,2300,dest,ATL,1438837.9937618312,-1129310.979486318
Delta Air Lines,2301,origin,AUS,225823.07315140465,-1638702.7618488022
Delta Air Lines,2301,dest,DTW,1359641.697254995,-170996.60408534826
Delta Air Lines,2302,origin,ATL,1438837.9937618312,-1129310.979486318
Delta Air Lines,2302,dest,TRI,1563180.7093760164,-782403.2612840846
Delta Air Lines,2303,origin,TRI,1563180.7093760164,-782403.2612840846
Delta Air Lines,2303,dest,ATL,1438837.9937618312,-1129310.979486318
Delta Air Lines,2304,origin,MCO,1829771.2698870576,-1638824.7811905802
Delta Air Lines,2304,dest,RDU,1892329.2704660424,-772779.4700067013
Delta Air Lines,2305,origin,RDU,1892329.2704660424,-772779.4700067013
Delta Air Lines,2305,dest,MCO,1829771.2698870576,-1638824.7811905802
Delta Air Lines,2306,origin,FCA,NA,NA
Delta Air Lines,2306,dest,SLC,-1004609.4621734885,-395049.06406783813
Delta Air Lines,2307,origin,ATL,1438837.9937618312,-1129310.979486318
Delta Air Lines,2307,dest,BMI,934761.0119854604,-439927.8385468958
Delta Air Lines,2308,origin,MSP,533284.8020873081,9198.64416372486
Delta Air Lines,2308,dest,DFW,278083.31647186854,-1338465.2155458855
Delta Air Lines,2309,origin,ABE,2035303.462784226,-176046.8940675607
Delta Air Lines,2309,dest,ATL,1438837.9937618312,-1129310.979486318
Delta Air Lines,2310,origin,MSP,533284.8020873081,9198.64416372486
Delta Air Lines,2310,dest,OKC,218240.3077465392,-1063902.9710996167
Delta Air Lines,2311,origin,MSP,533284.8020873081,9198.64416372486
Delta Air Lines,2311,dest,MEM,913341.2595404746,-1051685.0479322155
Delta Air Lines,2312,origin,MSP,533284.8020873081,9198.64416372486
Delta Air Lines,2312,dest,CMH,1445821.7184349983,-405735.9494879742
Delta Air Lines,2313,origin,DTW,1359641.697254995,-170996.60408534826
Delta Air Lines,2313,dest,MEM,913341.2595404746,-1051685.0479322155
Delta Air Lines,2314,origin,ATL,1438837.9937618312,-1129310.979486318
Delta Air Lines,2314,dest,SHV,582239.433615858,-1372127.7848003015
Delta Air Lines,2315,origin,SHV,582239.433615858,-1372127.7848003015
Delta Air Lines,2315,dest,ATL,1438837.9937618312,-1129310.979486318
Delta Air Lines,2316,origin,SAT,149495.41162521293,-1713236.8214802423
Delta Air Lines,2316,dest,JFK,2167729.4793459354,-134551.3799715436
Delta Air Lines,2317,origin,ATL,1438837.9937618312,-1129310.979486318
Delta Air Lines,2317,dest,ABE,2035303.462784226,-176046.8940675607
Delta Air Lines,2318,origin,FLL,1989416.8668556917,-1869685.279595282
Delta Air Lines,2318,dest,SEA,-1650755.3926562539,505066.6320739882
Delta Air Lines,2319,origin,BMI,934761.0119854604,-439927.8385468958
Delta Air Lines,2319,dest,ATL,1438837.9937618312,-1129310.979486318
Delta Air Lines,2320,origin,CVG,1316490.950820449,-539409.9479712159
Delta Air Lines,2320,dest,DTW,1359641.697254995,-170996.60408534826
Delta Air Lines,2321,origin,ATL,1438837.9937618312,-1129310.979486318
Delta Air Lines,2321,dest,RNO,-1678096.5663649472,-409666.019399356
Delta Air Lines,2322,origin,SJU,NA,NA
Delta Air Lines,2322,dest,MSP,533284.8020873081,9198.64416372486
Delta Air Lines,2323,origin,MSP,533284.8020873081,9198.64416372486
Delta Air Lines,2323,dest,SJU,NA,NA
Delta Air Lines,2324,origin,ROC,1784302.386940441,37810.92949343497
Delta Air Lines,2324,dest,DTW,1359641.697254995,-170996.60408534826
Delta Air Lines,2325,origin,DTW,1359641.697254995,-170996.60408534826
Delta Air Lines,2325,dest,SYR,1905272.1686460353,72673.25213846966
Delta Air Lines,2326,origin,DTW,1359641.697254995,-170996.60408534826
Delta Air Lines,2326,dest,MSN,862184.7227999782,-150397.75067967636
Delta Air Lines,2327,origin,SLC,-1004609.4621734885,-395049.06406783813
Delta Air Lines,2327,dest,FCA,NA,NA
Delta Air Lines,2328,origin,MSP,533284.8020873081,9198.64416372486
Delta Air Lines,2328,dest,RDU,1892329.2704660424,-772779.4700067013
Delta Air Lines,2329,origin,LAX,-1689593.4354288722,-1043456.7015018368
Delta Air Lines,2329,dest,MCI,455074.4312943624,-619331.8913740775
Delta Air Lines,2330,origin,MEM,913341.2595404746,-1051685.0479322155
Delta Air Lines,2330,dest,DTW,1359641.697254995,-170996.60408534826
Delta Air Lines,2331,origin,IAH,452316.2866359444,-1652751.7266989667
Delta Air Lines,2331,dest,MSP,533284.8020873081,9198.64416372486
Delta Air Lines,2332,origin,DTW,1359641.697254995,-170996.60408534826
Delta Air Lines,2332,dest,ALB,2093896.6988834653,90839.80353075745
Delta Air Lines,2333,origin,DFW,278083.31647186854,-1338465.2155458855
Delta Air Lines,2333,dest,MSP,533284.8020873081,9198.64416372486
Delta Air Lines,2334,origin,MEM,913341.2595404746,-1051685.0479322155
Delta Air Lines,2334,dest,MSP,533284.8020873081,9198.64416372486
Delta Air Lines,2335,origin,FSD,262391.66769403766,-152421.14243468866
Delta Air Lines,2335,dest,ATL,1438837.9937618312,-1129310.979486318
Delta Air Lines,2336,origin,CRW,1591102.2516075892,-559149.5297086491
Delta Air Lines,2336,dest,ATL,1438837.9937618312,-1129310.979486318
Delta Air Lines,2337,origin,ATL,1438837.9937618312,-1129310.979486318
Delta Air Lines,2337,dest,BZN,-861247.8507503188,146078.48264388298
Delta Air Lines,2338,origin,BZN,-861247.8507503188,146078.48264388298
Delta Air Lines,2338,dest,ATL,1438837.9937618312,-1129310.979486318
Delta Air Lines,2339,origin,ORF,2086513.5755781755,-600723.1638676772
Delta Air Lines,2339,dest,DTW,1359641.697254995,-170996.60408534826
Delta Air Lines,2340,origin,DTW,1359641.697254995,-170996.60408534826
Delta Air Lines,2340,dest,SAT,149495.41162521293,-1713236.8214802423
Delta Air Lines,2341,origin,ATL,1438837.9937618312,-1129310.979486318
Delta Air Lines,2341,dest,JAC,-861423.9636510183,-97950.92206649132
Delta Air Lines,2342,origin,JAC,-861423.9636510183,-97950.92206649132
Delta Air Lines,2342,dest,ATL,1438837.9937618312,-1129310.979486318
Delta Air Lines,2343,origin,BOS,2320658.4485041024,126152.13380139158
Delta Air Lines,2343,dest,FLL,1989416.8668556917,-1869685.279595282
Delta Air Lines,2344,origin,MSP,533284.8020873081,9198.64416372486
Delta Air Lines,2344,dest,IAH,452316.2866359444,-1652751.7266989667
Delta Air Lines,2345,origin,GRB,937500.1847212611,11455.51186734217
Delta Air Lines,2345,dest,MSP,533284.8020873081,9198.64416372486
Delta Air Lines,2346,origin,ATL,1438837.9937618312,-1129310.979486318
Delta Air Lines,2346,dest,PHF,2054974.7967551427,-582339.5117071073
Delta Air Lines,2347,origin,CVG,1316490.950820449,-539409.9479712159
Delta Air Lines,2347,dest,FLL,1989416.8668556917,-1869685.279595282
Delta Air Lines,2348,origin,JAC,-861423.9636510183,-97950.92206649132
Delta Air Lines,2348,dest,JFK,2167729.4793459354,-134551.3799715436
Delta Air Lines,2349,origin,DTW,1359641.697254995,-170996.60408534826
Delta Air Lines,2349,dest,ORF,2086513.5755781755,-600723.1638676772
Delta Air Lines,2350,origin,ATL,1438837.9937618312,-1129310.979486318
Delta Air Lines,2350,dest,DSM,527073.5637794238,-365025.8008899143
Delta Air Lines,2351,origin,ATL,1438837.9937618312,-1129310.979486318
Delta Air Lines,2351,dest,FSD,262391.66769403766,-152421.14243468866
Delta Air Lines,2352,origin,PVD,2312630.224903233,45984.38112504096
Delta Air Lines,2352,dest,DTW,1359641.697254995,-170996.60408534826
Delta Air Lines,2353,origin,CMH,1445821.7184349983,-405735.9494879742
Delta Air Lines,2353,dest,MSP,533284.8020873081,9198.64416372486
Delta Air Lines,2354,origin,DSM,527073.5637794238,-365025.8008899143
Delta Air Lines,2354,dest,ATL,1438837.9937618312,-1129310.979486318
Delta Air Lines,2355,origin,OKC,218240.3077465392,-1063902.9710996167
Delta Air Lines,2355,dest,MSP,533284.8020873081,9198.64416372486
Delta Air Lines,2356,origin,DTW,1359641.697254995,-170996.60408534826
Delta Air Lines,2356,dest,AUS,225823.07315140465,-1638702.7618488022
Delta Air Lines,2357,origin,MSP,533284.8020873081,9198.64416372486
Delta Air Lines,2357,dest,PBI,1982322.2831828392,-1802085.774986376
Delta Air Lines,2358,origin,PBI,1982322.2831828392,-1802085.774986376
Delta Air Lines,2358,dest,MSP,533284.8020873081,9198.64416372486
Delta Air Lines,2359,origin,ATL,1438837.9937618312,-1129310.979486318
Delta Air Lines,2359,dest,CRW,1591102.2516075892,-559149.5297086491
Delta Air Lines,2360,origin,DTW,1359641.697254995,-170996.60408534826
Delta Air Lines,2360,dest,SRQ,1728853.7880800036,-1776894.0369085146
Delta Air Lines,2361,origin,SRQ,1728853.7880800036,-1776894.0369085146
Delta Air Lines,2361,dest,DTW,1359641.697254995,-170996.60408534826
Delta Air Lines,2362,origin,FLL,1989416.8668556917,-1869685.279595282
Delta Air Lines,2362,dest,BOS,2320658.4485041024,126152.13380139158
Delta Air Lines,2363,origin,DTW,1359641.697254995,-170996.60408534826
Delta Air Lines,2363,dest,CHS,1853007.6958618572,-1124845.6869020823
Delta Air Lines,2364,origin,JFK,2167729.4793459354,-134551.3799715436
Delta Air Lines,2364,dest,JAC,-861423.9636510183,-97950.92206649132
Delta Air Lines,2365,origin,LAX,-1689593.4354288722,-1043456.7015018368
Delta Air Lines,2365,dest,AUS,225823.07315140465,-1638702.7618488022
Delta Air Lines,2366,origin,SYR,1905272.1686460353,72673.25213846966
Delta Air Lines,2366,dest,DTW,1359641.697254995,-170996.60408534826
Delta Air Lines,2367,origin,DTW,1359641.697254995,-170996.60408534826
Delta Air Lines,2367,dest,LEX,1341000.798647487,-649583.9025673885
Delta Air Lines,2368,origin,OMA,343006.6325637459,-402442.5398354072
Delta Air Lines,2368,dest,SLC,-1004609.4621734885,-395049.06406783813
Delta Air Lines,2369,origin,SLC,-1004609.4621734885,-395049.06406783813
Delta Air Lines,2369,dest,OMA,343006.6325637459,-402442.5398354072
Delta Air Lines,2370,origin,ALB,2093896.6988834653,90839.80353075745
Delta Air Lines,2370,dest,DTW,1359641.697254995,-170996.60408534826
Delta Air Lines,2371,origin,DTW,1359641.697254995,-170996.60408534826
Delta Air Lines,2371,dest,CVG,1316490.950820449,-539409.9479712159
Delta Air Lines,2372,origin,SAT,149495.41162521293,-1713236.8214802423
Delta Air Lines,2372,dest,DTW,1359641.697254995,-170996.60408534826
Delta Air Lines,2373,origin,AUS,225823.07315140465,-1638702.7618488022
Delta Air Lines,2373,dest,LAX,-1689593.4354288722,-1043456.7015018368
Delta Air Lines,2374,origin,DTW,1359641.697254995,-170996.60408534826
Delta Air Lines,2374,dest,PVD,2312630.224903233,45984.38112504096
Delta Air Lines,2375,origin,CHS,1853007.6958618572,-1124845.6869020823
Delta Air Lines,2375,dest,DTW,1359641.697254995,-170996.60408534826
Delta Air Lines,2376,origin,LEX,1341000.798647487,-649583.9025673885
Delta Air Lines,2376,dest,DTW,1359641.697254995,-170996.60408534826
Delta Air Lines,2377,origin,LAX,-1689593.4354288722,-1043456.7015018368
Delta Air Lines,2377,dest,SAN,-1603701.5452417962,-1199220.2306533586
Delta Air Lines,2378,origin,SAN,-1603701.5452417962,-1199220.2306533586
Delta Air Lines,2378,dest,LAX,-1689593.4354288722,-1043456.7015018368
Delta Air Lines,2379,origin,DTW,1359641.697254995,-170996.60408534826
Delta Air Lines,2379,dest,ROC,1784302.386940441,37810.92949343497
Delta Air Lines,2380,origin,ATL,1438837.9937618312,-1129310.979486318
Delta Air Lines,2380,dest,OAJ,2022119.878178968,-859175.0999656057
Delta Air Lines,2381,origin,OAJ,2022119.878178968,-859175.0999656057
Delta Air Lines,2381,dest,ATL,1438837.9937618312,-1129310.979486318
Delta Air Lines,2382,origin,MSP,533284.8020873081,9198.64416372486
Delta Air Lines,2382,dest,IAD,1922328.2460675351,-409030.73296909296
Delta Air Lines,2383,origin,SEA,-1650755.3926562539,505066.6320739882
Delta Air Lines,2383,dest,FLL,1989416.8668556917,-1869685.279595282
Delta Air Lines,2384,origin,DTW,1359641.697254995,-170996.60408534826
Delta Air Lines,2384,dest,IAH,452316.2866359444,-1652751.7266989667
Delta Air Lines,2385,origin,IAD,1922328.2460675351,-409030.73296909296
Delta Air Lines,2385,dest,MSP,533284.8020873081,9198.64416372486
Delta Air Lines,2386,origin,JFK,2167729.4793459354,-134551.3799715436
Delta Air Lines,2386,dest,PIT,1653058.7188770992,-301571.10045485134
Southwest Airlines,2387,origin,DAL,295794.1446696455,-1343507.98461109
Southwest Airlines,2387,dest,ECP,1366547.510727577,-1511044.3472759733
Southwest Airlines,2388,origin,DCA,1959959.090984065,-409479.41835946374
Southwest Airlines,2388,dest,RSW,1822839.8385921961,-1854169.26849232
Southwest Airlines,2389,origin,ECP,1366547.510727577,-1511044.3472759733
Southwest Airlines,2389,dest,DAL,295794.1446696455,-1343507.98461109
Southwest Airlines,2390,origin,EWR,2135095.905011877,-139210.669492847
Southwest Airlines,2390,dest,SJU,NA,NA
Southwest Airlines,2391,origin,HOU,460280.73628586193,-1689712.830489488
Southwest Airlines,2391,dest,SJU,NA,NA
Southwest Airlines,2392,origin,MDW,1011185.7905791268,-281702.30650750065
Southwest Airlines,2392,dest,PNS,1232374.963107157,-1519383.0474165194
Southwest Airlines,2393,origin,PNS,1232374.963107157,-1519383.0474165194
Southwest Airlines,2393,dest,MDW,1011185.7905791268,-281702.30650750065
Southwest Airlines,2394,origin,RSW,1822839.8385921961,-1854169.26849232
Southwest Airlines,2394,dest,DCA,1959959.090984065,-409479.41835946374
Southwest Airlines,2395,origin,SJU,NA,NA
Southwest Airlines,2395,dest,EWR,2135095.905011877,-139210.669492847
Southwest Airlines,2396,origin,SJU,NA,NA
Southwest Airlines,2396,dest,HOU,460280.73628586193,-1689712.830489488
United Airlines,2397,origin,IAH,452316.2866359444,-1652751.7266989667
United Airlines,2397,dest,FLL,1989416.8668556917,-1869685.279595282
United Airlines,2398,origin,SMF,-1850472.0747063856,-458086.04301328777
United Airlines,2398,dest,IAH,452316.2866359444,-1652751.7266989667
United Airlines,2399,origin,IAH,452316.2866359444,-1652751.7266989667
United Airlines,2399,dest,SAT,149495.41162521293,-1713236.8214802423
United Airlines,2400,origin,EWR,2135095.905011877,-139210.669492847
United Airlines,2400,dest,ORD,995411.7016669,-262546.73068444384
United Airlines,2401,origin,CHS,1853007.6958618572,-1124845.6869020823
United Airlines,2401,dest,EWR,2135095.905011877,-139210.669492847
United Airlines,2402,origin,CHS,1853007.6958618572,-1124845.6869020823
United Airlines,2402,dest,ORD,995411.7016669,-262546.73068444384
United Airlines,2403,origin,BOS,2320658.4485041024,126152.13380139158
United Airlines,2403,dest,ORD,995411.7016669,-262546.73068444384
United Airlines,2404,origin,SAT,149495.41162521293,-1713236.8214802423
United Airlines,2404,dest,IAH,452316.2866359444,-1652751.7266989667
United Airlines,2405,origin,IAH,452316.2866359444,-1652751.7266989667
United Airlines,2405,dest,BOS,2320658.4485041024,126152.13380139158
United Airlines,2406,origin,BOS,2320658.4485041024,126152.13380139158
United Airlines,2406,dest,IAH,452316.2866359444,-1652751.7266989667
United Airlines,2407,origin,IAH,452316.2866359444,-1652751.7266989667
United Airlines,2407,dest,LGA,2155684.513057,-122316.28523641168
United Airlines,2408,origin,IAH,452316.2866359444,-1652751.7266989667
United Airlines,2408,dest,ORD,995411.7016669,-262546.73068444384
United Airlines,2409,origin,ORD,995411.7016669,-262546.73068444384
United Airlines,2409,dest,BOS,2320658.4485041024,126152.13380139158
United Airlines,2410,origin,AUS,225823.07315140465,-1638702.7618488022
United Airlines,2410,dest,EWR,2135095.905011877,-139210.669492847
United Airlines,2411,origin,ORD,995411.7016669,-262546.73068444384
United Airlines,2411,dest,SYR,1905272.1686460353,72673.25213846966
United Airlines,2412,origin,EWR,2135095.905011877,-139210.669492847
United Airlines,2412,dest,IAH,452316.2866359444,-1652751.7266989667
United Airlines,2413,origin,SFO,-1945640.7538789264,-556902.5127197708
United Airlines,2413,dest,EWR,2135095.905011877,-139210.669492847
United Airlines,2414,origin,ORD,995411.7016669,-262546.73068444384
United Airlines,2414,dest,TPA,1720329.790563932,-1713285.848456208
United Airlines,2415,origin,PIT,1653058.7188770992,-301571.10045485134
United Airlines,2415,dest,ORD,995411.7016669,-262546.73068444384
United Airlines,2416,origin,ORD,995411.7016669,-262546.73068444384
United Airlines,2416,dest,ALB,2093896.6988834653,90839.80353075745
United Airlines,2417,origin,SJC,-1914820.4720456952,-595055.2286396603
United Airlines,2417,dest,DEN,-398957.8437938119,-559911.2634607605
United Airlines,2418,origin,ORD,995411.7016669,-262546.73068444384
United Airlines,2418,dest,MSN,862184.7227999782,-150397.75067967636
United Airlines,2419,origin,ATL,1438837.9937618312,-1129310.979486318
United Airlines,2419,dest,ORD,995411.7016669,-262546.73068444384
United Airlines,2420,origin,SFO,-1945640.7538789264,-556902.5127197708
United Airlines,2420,dest,ORD,995411.7016669,-262546.73068444384
United Airlines,2421,origin,TPA,1720329.790563932,-1713285.848456208
United Airlines,2421,dest,ORD,995411.7016669,-262546.73068444384
United Airlines,2422,origin,MSY,943779.1568939897,-1610813.662288556
United Airlines,2422,dest,ORD,995411.7016669,-262546.73068444384
United Airlines,2423,origin,ORD,995411.7016669,-262546.73068444384
United Airlines,2423,dest,PIT,1653058.7188770992,-301571.10045485134
United Airlines,2424,origin,SFO,-1945640.7538789264,-556902.5127197708
United Airlines,2424,dest,OGG,NA,NA
United Airlines,2425,origin,MSP,533284.8020873081,9198.64416372486
United Airlines,2425,dest,DEN,-398957.8437938119,-559911.2634607605
United Airlines,2426,origin,SFO,-1945640.7538789264,-556902.5127197708
United Airlines,2426,dest,IAH,452316.2866359444,-1652751.7266989667
United Airlines,2427,origin,LAX,-1689593.4354288722,-1043456.7015018368
United Airlines,2427,dest,SFO,-1945640.7538789264,-556902.5127197708
United Airlines,2428,origin,DCA,1959959.090984065,-409479.41835946374
United Airlines,2428,dest,ORD,995411.7016669,-262546.73068444384
United Airlines,2429,origin,ORD,995411.7016669,-262546.73068444384
United Airlines,2429,dest,MEM,913341.2595404746,-1051685.0479322155
United Airlines,2430,origin,SAN,-1603701.5452417962,-1199220.2306533586
United Airlines,2430,dest,IAH,452316.2866359444,-1652751.7266989667
United Airlines,2431,origin,LAX,-1689593.4354288722,-1043456.7015018368
United Airlines,2431,dest,DEN,-398957.8437938119,-559911.2634607605
United Airlines,2432,origin,EWR,2135095.905011877,-139210.669492847
United Airlines,2432,dest,AVL,1573260.496368321,-898595.7508630514
United Airlines,2433,origin,LAS,-1356682.4796960566,-868251.8410072095
United Airlines,2433,dest,EWR,2135095.905011877,-139210.669492847
United Airlines,2434,origin,OGG,NA,NA
United Airlines,2434,dest,SFO,-1945640.7538789264,-556902.5127197708
United Airlines,2435,origin,SAN,-1603701.5452417962,-1199220.2306533586
United Airlines,2435,dest,LAX,-1689593.4354288722,-1043456.7015018368
United Airlines,2436,origin,FLL,1989416.8668556917,-1869685.279595282
United Airlines,2436,dest,ORD,995411.7016669,-262546.73068444384
United Airlines,2437,origin,ORD,995411.7016669,-262546.73068444384
United Airlines,2437,dest,IAH,452316.2866359444,-1652751.7266989667
United Airlines,2438,origin,EWR,2135095.905011877,-139210.669492847
United Airlines,2438,dest,SAV,1763892.708823169,-1233594.0048643088
United Airlines,2439,origin,LIH,NA,NA
United Airlines,2439,dest,LAX,-1689593.4354288722,-1043456.7015018368
United Airlines,2440,origin,EWR,2135095.905011877,-139210.669492847
United Airlines,2440,dest,BDL,2208123.028463688,33971.4893617478
United Airlines,2441,origin,CMH,1445821.7184349983,-405735.9494879742
United Airlines,2441,dest,DEN,-398957.8437938119,-559911.2634607605
United Airlines,2442,origin,LAX,-1689593.4354288722,-1043456.7015018368
United Airlines,2442,dest,KOA,NA,NA
United Airlines,2443,origin,IAH,452316.2866359444,-1652751.7266989667
United Airlines,2443,dest,SJU,NA,NA
United Airlines,2444,origin,CLE,1498726.2792607923,-232627.15593650908
United Airlines,2444,dest,ORD,995411.7016669,-262546.73068444384
United Airlines,2445,origin,RNO,-1678096.5663649472,-409666.019399356
United Airlines,2445,dest,SFO,-1945640.7538789264,-556902.5127197708
United Airlines,2446,origin,SFO,-1945640.7538789264,-556902.5127197708
United Airlines,2446,dest,AUS,225823.07315140465,-1638702.7618488022
United Airlines,2447,origin,LAX,-1689593.4354288722,-1043456.7015018368
United Airlines,2447,dest,ORD,995411.7016669,-262546.73068444384
United Airlines,2448,origin,IAH,452316.2866359444,-1652751.7266989667
United Airlines,2448,dest,DFW,278083.31647186854,-1338465.2155458855
United Airlines,2449,origin,SNA,-1646508.559850192,-1083248.598617272
United Airlines,2449,dest,ORD,995411.7016669,-262546.73068444384
United Airlines,2450,origin,IAH,452316.2866359444,-1652751.7266989667
United Airlines,2450,dest,MCO,1829771.2698870576,-1638824.7811905802
United Airlines,2451,origin,SFO,-1945640.7538789264,-556902.5127197708
United Airlines,2451,dest,IAD,1922328.2460675351,-409030.73296909296
United Airlines,2452,origin,BWI,1980887.5167152977,-365563.636502196
United Airlines,2452,dest,IAH,452316.2866359444,-1652751.7266989667
United Airlines,2453,origin,SFO,-1945640.7538789264,-556902.5127197708
United Airlines,2453,dest,BOS,2320658.4485041024,126152.13380139158
United Airlines,2454,origin,MFE,178187.07418528103,-2082010.5655443657
United Airlines,2454,dest,IAH,452316.2866359444,-1652751.7266989667
United Airlines,2455,origin,IAD,1922328.2460675351,-409030.73296909296
United Airlines,2455,dest,RDU,1892329.2704660424,-772779.4700067013
United Airlines,2456,origin,SFO,-1945640.7538789264,-556902.5127197708
United Airlines,2456,dest,LAS,-1356682.4796960566,-868251.8410072095
United Airlines,2457,origin,EWR,2135095.905011877,-139210.669492847
United Airlines,2457,dest,MCO,1829771.2698870576,-1638824.7811905802
United Airlines,2458,origin,FLL,1989416.8668556917,-1869685.279595282
United Airlines,2458,dest,EWR,2135095.905011877,-139210.669492847
United Airlines,2459,origin,SFO,-1945640.7538789264,-556902.5127197708
United Airlines,2459,dest,BUR,-1679613.0736233827,-1016244.4677102008
United Airlines,2460,origin,EWR,2135095.905011877,-139210.669492847
United Airlines,2460,dest,BOS,2320658.4485041024,126152.13380139158
United Airlines,2461,origin,BOS,2320658.4485041024,126152.13380139158
United Airlines,2461,dest,EWR,2135095.905011877,-139210.669492847
United Airlines,2462,origin,ORD,995411.7016669,-262546.73068444384
United Airlines,2462,dest,CMH,1445821.7184349983,-405735.9494879742
United Airlines,2463,origin,PHL,2075929.4181951769,-255080.32292677445
United Airlines,2463,dest,ORD,995411.7016669,-262546.73068444384
United Airlines,2464,origin,LAX,-1689593.4354288722,-1043456.7015018368
United Airlines,2464,dest,HNL,NA,NA
United Airlines,2465,origin,SEA,-1650755.3926562539,505066.6320739882
United Airlines,2465,dest,EWR,2135095.905011877,-139210.669492847
United Airlines,2466,origin,DEN,-398957.8437938119,-559911.2634607605
United Airlines,2466,dest,SNA,-1646508.559850192,-1083248.598617272
United Airlines,2467,origin,DCA,1959959.090984065,-409479.41835946374
United Airlines,2467,dest,IAH,452316.2866359444,-1652751.7266989667
United Airlines,2468,origin,IAH,452316.2866359444,-1652751.7266989667
United Airlines,2468,dest,SFO,-1945640.7538789264,-556902.5127197708
United Airlines,2469,origin,IAH,452316.2866359444,-1652751.7266989667
United Airlines,2469,dest,AUS,225823.07315140465,-1638702.7618488022
United Airlines,2470,origin,SFO,-1945640.7538789264,-556902.5127197708
United Airlines,2470,dest,GEG,-1301359.421680582,434754.4516689109
United Airlines,2471,origin,SLC,-1004609.4621734885,-395049.06406783813
United Airlines,2471,dest,ORD,995411.7016669,-262546.73068444384
United Airlines,2472,origin,MCI,455074.4312943624,-619331.8913740775
United Airlines,2472,dest,ORD,995411.7016669,-262546.73068444384
United Airlines,2473,origin,DEN,-398957.8437938119,-559911.2634607605
United Airlines,2473,dest,FSD,262391.66769403766,-152421.14243468866
United Airlines,2474,origin,SFO,-1945640.7538789264,-556902.5127197708
United Airlines,2474,dest,PSP,-1520118.9583575455,-1091859.511799427
United Airlines,2475,origin,ORD,995411.7016669,-262546.73068444384
United Airlines,2475,dest,DSM,527073.5637794238,-365025.8008899143
United Airlines,2476,origin,TUL,369902.00173730054,-968710.335093024
United Airlines,2476,dest,DEN,-398957.8437938119,-559911.2634607605
United Airlines,2477,origin,LAS,-1356682.4796960566,-868251.8410072095
United Airlines,2477,dest,SFO,-1945640.7538789264,-556902.5127197708
United Airlines,2478,origin,SFO,-1945640.7538789264,-556902.5127197708
United Airlines,2478,dest,DEN,-398957.8437938119,-559911.2634607605
United Airlines,2479,origin,IAD,1922328.2460675351,-409030.73296909296
United Airlines,2479,dest,LAS,-1356682.4796960566,-868251.8410072095
United Airlines,2480,origin,AUS,225823.07315140465,-1638702.7618488022
United Airlines,2480,dest,DEN,-398957.8437938119,-559911.2634607605
United Airlines,2481,origin,IAH,452316.2866359444,-1652751.7266989667
United Airlines,2481,dest,SAN,-1603701.5452417962,-1199220.2306533586
United Airlines,2482,origin,DEN,-398957.8437938119,-559911.2634607605
United Airlines,2482,dest,TUL,369902.00173730054,-968710.335093024
United Airlines,2483,origin,EWR,2135095.905011877,-139210.669492847
United Airlines,2483,dest,DFW,278083.31647186854,-1338465.2155458855
United Airlines,2484,origin,EWR,2135095.905011877,-139210.669492847
United Airlines,2484,dest,AUS,225823.07315140465,-1638702.7618488022
United Airlines,2485,origin,LAX,-1689593.4354288722,-1043456.7015018368
United Airlines,2485,dest,EWR,2135095.905011877,-139210.669492847
United Airlines,2486,origin,IAD,1922328.2460675351,-409030.73296909296
United Airlines,2486,dest,EWR,2135095.905011877,-139210.669492847
United Airlines,2487,origin,OMA,343006.6325637459,-402442.5398354072
United Airlines,2487,dest,DEN,-398957.8437938119,-559911.2634607605
United Airlines,2488,origin,MIA,1981134.7610135972,-1902847.3929129404
United Airlines,2488,dest,IAH,452316.2866359444,-1652751.7266989667
United Airlines,2489,origin,IAH,452316.2866359444,-1652751.7266989667
United Airlines,2489,dest,SNA,-1646508.559850192,-1083248.598617272
United Airlines,2490,origin,DEN,-398957.8437938119,-559911.2634607605
United Airlines,2490,dest,LGA,2155684.513057,-122316.28523641168
United Airlines,2491,origin,ABQ,-603104.745800889,-1082686.4778323667
United Airlines,2491,dest,ORD,995411.7016669,-262546.73068444384
United Airlines,2492,origin,DFW,278083.31647186854,-1338465.2155458855
United Airlines,2492,dest,ORD,995411.7016669,-262546.73068444384
United Airlines,2493,origin,EWR,2135095.905011877,-139210.669492847
United Airlines,2493,dest,SFO,-1945640.7538789264,-556902.5127197708
United Airlines,2494,origin,DEN,-398957.8437938119,-559911.2634607605
United Airlines,2494,dest,MSN,862184.7227999782,-150397.75067967636
United Airlines,2495,origin,SFO,-1945640.7538789264,-556902.5127197708
United Airlines,2495,dest,PHX,-1115699.3885834513,-1205089.0053395256
United Airlines,2496,origin,DEN,-398957.8437938119,-559911.2634607605
United Airlines,2496,dest,SFO,-1945640.7538789264,-556902.5127197708
United Airlines,2497,origin,DEN,-398957.8437938119,-559911.2634607605
United Airlines,2497,dest,SMF,-1850472.0747063856,-458086.04301328777
United Airlines,2498,origin,SMF,-1850472.0747063856,-458086.04301328777
United Airlines,2498,dest,DEN,-398957.8437938119,-559911.2634607605
United Airlines,2499,origin,SFO,-1945640.7538789264,-556902.5127197708
United Airlines,2499,dest,LAX,-1689593.4354288722,-1043456.7015018368
United Airlines,2500,origin,ORD,995411.7016669,-262546.73068444384
United Airlines,2500,dest,SJC,-1914820.4720456952,-595055.2286396603
United Airlines,2501,origin,ORD,995411.7016669,-262546.73068444384
United Airlines,2501,dest,LGA,2155684.513057,-122316.28523641168
United Airlines,2502,origin,ORD,995411.7016669,-262546.73068444384
United Airlines,2502,dest,DCA,1959959.090984065,-409479.41835946374
United Airlines,2503,origin,EWR,2135095.905011877,-139210.669492847
United Airlines,2503,dest,DEN,-398957.8437938119,-559911.2634607605
United Airlines,2504,origin,SEA,-1650755.3926562539,505066.6320739882
United Airlines,2504,dest,DEN,-398957.8437938119,-559911.2634607605
United Airlines,2505,origin,SFO,-1945640.7538789264,-556902.5127197708
United Airlines,2505,dest,HNL,NA,NA
United Airlines,2506,origin,ORD,995411.7016669,-262546.73068444384
United Airlines,2506,dest,EWR,2135095.905011877,-139210.669492847
United Airlines,2507,origin,MSY,943779.1568939897,-1610813.662288556
United Airlines,2507,dest,EWR,2135095.905011877,-139210.669492847
United Airlines,2508,origin,SFO,-1945640.7538789264,-556902.5127197708
United Airlines,2508,dest,EUG,-1821248.2565430696,166143.80782859208
United Airlines,2509,origin,ORD,995411.7016669,-262546.73068444384
United Airlines,2509,dest,ABQ,-603104.745800889,-1082686.4778323667
United Airlines,2510,origin,ORD,995411.7016669,-262546.73068444384
United Airlines,2510,dest,RDU,1892329.2704660424,-772779.4700067013
United Airlines,2511,origin,IAH,452316.2866359444,-1652751.7266989667
United Airlines,2511,dest,LAS,-1356682.4796960566,-868251.8410072095
United Airlines,2512,origin,ORD,995411.7016669,-262546.73068444384
United Airlines,2512,dest,PHL,2075929.4181951769,-255080.32292677445
United Airlines,2513,origin,EWR,2135095.905011877,-139210.669492847
United Airlines,2513,dest,SJU,NA,NA
United Airlines,2514,origin,ORD,995411.7016669,-262546.73068444384
United Airlines,2514,dest,CVG,1316490.950820449,-539409.9479712159
United Airlines,2515,origin,ORD,995411.7016669,-262546.73068444384
United Airlines,2515,dest,ATL,1438837.9937618312,-1129310.979486318
United Airlines,2516,origin,IAH,452316.2866359444,-1652751.7266989667
United Airlines,2516,dest,BWI,1980887.5167152977,-365563.636502196
United Airlines,2517,origin,MSY,943779.1568939897,-1610813.662288556
United Airlines,2517,dest,IAH,452316.2866359444,-1652751.7266989667
United Airlines,2518,origin,MDT,1943193.8006085365,-257785.2270711698
United Airlines,2518,dest,ORD,995411.7016669,-262546.73068444384
United Airlines,2519,origin,EWR,2135095.905011877,-139210.669492847
United Airlines,2519,dest,LAS,-1356682.4796960566,-868251.8410072095
United Airlines,2520,origin,SNA,-1646508.559850192,-1083248.598617272
United Airlines,2520,dest,SFO,-1945640.7538789264,-556902.5127197708
United Airlines,2521,origin,AUS,225823.07315140465,-1638702.7618488022
United Airlines,2521,dest,IAH,452316.2866359444,-1652751.7266989667
United Airlines,2522,origin,EWR,2135095.905011877,-139210.669492847
United Airlines,2522,dest,MIA,1981134.7610135972,-1902847.3929129404
United Airlines,2523,origin,EWR,2135095.905011877,-139210.669492847
United Airlines,2523,dest,PBI,1982322.2831828392,-1802085.774986376
United Airlines,2524,origin,SAT,149495.41162521293,-1713236.8214802423
United Airlines,2524,dest,ORD,995411.7016669,-262546.73068444384
United Airlines,2525,origin,ATL,1438837.9937618312,-1129310.979486318
United Airlines,2525,dest,EWR,2135095.905011877,-139210.669492847
United Airlines,2526,origin,RDU,1892329.2704660424,-772779.4700067013
United Airlines,2526,dest,EWR,2135095.905011877,-139210.669492847
United Airlines,2527,origin,PHX,-1115699.3885834513,-1205089.0053395256
United Airlines,2527,dest,EWR,2135095.905011877,-139210.669492847
United Airlines,2528,origin,SFO,-1945640.7538789264,-556902.5127197708
United Airlines,2528,dest,PDX,-1729571.0771865274,310444.7043324455
United Airlines,2529,origin,EWR,2135095.905011877,-139210.669492847
United Airlines,2529,dest,MSY,943779.1568939897,-1610813.662288556
United Airlines,2530,origin,ORD,995411.7016669,-262546.73068444384
United Airlines,2530,dest,DFW,278083.31647186854,-1338465.2155458855
United Airlines,2531,origin,BOI,-1296364.617988922,-29797.04410178459
United Airlines,2531,dest,DEN,-398957.8437938119,-559911.2634607605
United Airlines,2532,origin,RSW,1822839.8385921961,-1854169.26849232
United Airlines,2532,dest,IAH,452316.2866359444,-1652751.7266989667
United Airlines,2533,origin,HNL,NA,NA
United Airlines,2533,dest,SFO,-1945640.7538789264,-556902.5127197708
United Airlines,2534,origin,LAX,-1689593.4354288722,-1043456.7015018368
United Airlines,2534,dest,IAH,452316.2866359444,-1652751.7266989667
United Airlines,2535,origin,TPA,1720329.790563932,-1713285.848456208
United Airlines,2535,dest,EWR,2135095.905011877,-139210.669492847
United Airlines,2536,origin,DFW,278083.31647186854,-1338465.2155458855
United Airlines,2536,dest,EWR,2135095.905011877,-139210.669492847
United Airlines,2537,origin,ABQ,-603104.745800889,-1082686.4778323667
United Airlines,2537,dest,DEN,-398957.8437938119,-559911.2634607605
United Airlines,2538,origin,LAS,-1356682.4796960566,-868251.8410072095
United Airlines,2538,dest,IAH,452316.2866359444,-1652751.7266989667
United Airlines,2539,origin,ORD,995411.7016669,-262546.73068444384
United Airlines,2539,dest,SAN,-1603701.5452417962,-1199220.2306533586
United Airlines,2540,origin,SAN,-1603701.5452417962,-1199220.2306533586
United Airlines,2540,dest,IAD,1922328.2460675351,-409030.73296909296
United Airlines,2541,origin,EWR,2135095.905011877,-139210.669492847
United Airlines,2541,dest,IAD,1922328.2460675351,-409030.73296909296
United Airlines,2542,origin,IAH,452316.2866359444,-1652751.7266989667
United Airlines,2542,dest,RSW,1822839.8385921961,-1854169.26849232
United Airlines,2543,origin,MEM,913341.2595404746,-1051685.0479322155
United Airlines,2543,dest,IAH,452316.2866359444,-1652751.7266989667
United Airlines,2544,origin,SFO,-1945640.7538789264,-556902.5127197708
United Airlines,2544,dest,SAN,-1603701.5452417962,-1199220.2306533586
United Airlines,2545,origin,PHX,-1115699.3885834513,-1205089.0053395256
United Airlines,2545,dest,DEN,-398957.8437938119,-559911.2634607605
United Airlines,2546,origin,MCO,1829771.2698870576,-1638824.7811905802
United Airlines,2546,dest,EWR,2135095.905011877,-139210.669492847
United Airlines,2547,origin,GEG,-1301359.421680582,434754.4516689109
United Airlines,2547,dest,SFO,-1945640.7538789264,-556902.5127197708
United Airlines,2548,origin,IAD,1922328.2460675351,-409030.73296909296
United Airlines,2548,dest,ORD,995411.7016669,-262546.73068444384
United Airlines,2549,origin,FSD,262391.66769403766,-152421.14243468866
United Airlines,2549,dest,DEN,-398957.8437938119,-559911.2634607605
United Airlines,2550,origin,SYR,1905272.1686460353,72673.25213846966
United Airlines,2550,dest,ORD,995411.7016669,-262546.73068444384
United Airlines,2551,origin,EWR,2135095.905011877,-139210.669492847
United Airlines,2551,dest,PHX,-1115699.3885834513,-1205089.0053395256
United Airlines,2552,origin,BDL,2208123.028463688,33971.4893617478
United Airlines,2552,dest,ORD,995411.7016669,-262546.73068444384
United Airlines,2553,origin,DEN,-398957.8437938119,-559911.2634607605
United Airlines,2553,dest,LAX,-1689593.4354288722,-1043456.7015018368
United Airlines,2554,origin,CLE,1498726.2792607923,-232627.15593650908
United Airlines,2554,dest,SFO,-1945640.7538789264,-556902.5127197708
United Airlines,2555,origin,PSP,-1520118.9583575455,-1091859.511799427
United Airlines,2555,dest,SFO,-1945640.7538789264,-556902.5127197708
United Airlines,2556,origin,MCO,1829771.2698870576,-1638824.7811905802
United Airlines,2556,dest,ORD,995411.7016669,-262546.73068444384
United Airlines,2557,origin,BWI,1980887.5167152977,-365563.636502196
United Airlines,2557,dest,LAX,-1689593.4354288722,-1043456.7015018368
United Airlines,2558,origin,ORD,995411.7016669,-262546.73068444384
United Airlines,2558,dest,BTV,2081633.9139069868,291754.6637769176
United Airlines,2559,origin,ORD,995411.7016669,-262546.73068444384
United Airlines,2559,dest,BUF,1707245.286740146,-4371.266382491431
United Airlines,2560,origin,EWR,2135095.905011877,-139210.669492847
United Airlines,2560,dest,SEA,-1650755.3926562539,505066.6320739882
United Airlines,2561,origin,MSP,533284.8020873081,9198.64416372486
United Airlines,2561,dest,ORD,995411.7016669,-262546.73068444384
United Airlines,2562,origin,LGA,2155684.513057,-122316.28523641168
United Airlines,2562,dest,ORD,995411.7016669,-262546.73068444384
United Airlines,2563,origin,ONT,-1614545.9907031525,-1046821.4894757676
United Airlines,2563,dest,DEN,-398957.8437938119,-559911.2634607605
United Airlines,2564,origin,HNL,NA,NA
United Airlines,2564,dest,LAX,-1689593.4354288722,-1043456.7015018368
United Airlines,2565,origin,ORD,995411.7016669,-262546.73068444384
United Airlines,2565,dest,DTW,1359641.697254995,-170996.60408534826
United Airlines,2566,origin,FLL,1989416.8668556917,-1869685.279595282
United Airlines,2566,dest,IAH,452316.2866359444,-1652751.7266989667
United Airlines,2567,origin,ORD,995411.7016669,-262546.73068444384
United Airlines,2567,dest,MCI,455074.4312943624,-619331.8913740775
United Airlines,2568,origin,EWR,2135095.905011877,-139210.669492847
United Airlines,2568,dest,TPA,1720329.790563932,-1713285.848456208
United Airlines,2569,origin,ORD,995411.7016669,-262546.73068444384
United Airlines,2569,dest,SEA,-1650755.3926562539,505066.6320739882
United Airlines,2570,origin,ORD,995411.7016669,-262546.73068444384
United Airlines,2570,dest,PWM,2323046.368311461,282201.85932739975
United Airlines,2571,origin,ORD,995411.7016669,-262546.73068444384
United Airlines,2571,dest,ORF,2086513.5755781755,-600723.1638676772
United Airlines,2572,origin,PHL,2075929.4181951769,-255080.32292677445
United Airlines,2572,dest,SFO,-1945640.7538789264,-556902.5127197708
United Airlines,2573,origin,EWR,2135095.905011877,-139210.669492847
United Airlines,2573,dest,BNA,1193955.4135102862,-891176.9680870201
United Airlines,2574,origin,SNA,-1646508.559850192,-1083248.598617272
United Airlines,2574,dest,EWR,2135095.905011877,-139210.669492847
United Airlines,2575,origin,LAS,-1356682.4796960566,-868251.8410072095
United Airlines,2575,dest,DEN,-398957.8437938119,-559911.2634607605
United Airlines,2576,origin,IAH,452316.2866359444,-1652751.7266989667
United Airlines,2576,dest,MSY,943779.1568939897,-1610813.662288556
United Airlines,2577,origin,IAH,452316.2866359444,-1652751.7266989667
United Airlines,2577,dest,EWR,2135095.905011877,-139210.669492847
United Airlines,2578,origin,SFO,-1945640.7538789264,-556902.5127197708
United Airlines,2578,dest,FAT,-1740731.0681842598,-707419.3398996206
United Airlines,2579,origin,ORD,995411.7016669,-262546.73068444384
United Airlines,2579,dest,AUS,225823.07315140465,-1638702.7618488022
United Airlines,2580,origin,AUS,225823.07315140465,-1638702.7618488022
United Airlines,2580,dest,ORD,995411.7016669,-262546.73068444384
United Airlines,2581,origin,IAH,452316.2866359444,-1652751.7266989667
United Airlines,2581,dest,DEN,-398957.8437938119,-559911.2634607605
United Airlines,2582,origin,IAH,452316.2866359444,-1652751.7266989667
United Airlines,2582,dest,DCA,1959959.090984065,-409479.41835946374
United Airlines,2583,origin,MSN,862184.7227999782,-150397.75067967636
United Airlines,2583,dest,ORD,995411.7016669,-262546.73068444384
United Airlines,2584,origin,IAH,452316.2866359444,-1652751.7266989667
United Airlines,2584,dest,TPA,1720329.790563932,-1713285.848456208
United Airlines,2585,origin,PHX,-1115699.3885834513,-1205089.0053395256
United Airlines,2585,dest,IAH,452316.2866359444,-1652751.7266989667
United Airlines,2586,origin,ORD,995411.7016669,-262546.73068444384
United Airlines,2586,dest,MSP,533284.8020873081,9198.64416372486
United Airlines,2587,origin,SAN,-1603701.5452417962,-1199220.2306533586
United Airlines,2587,dest,SFO,-1945640.7538789264,-556902.5127197708
United Airlines,2588,origin,SFO,-1945640.7538789264,-556902.5127197708
United Airlines,2588,dest,LIH,NA,NA
United Airlines,2589,origin,SFO,-1945640.7538789264,-556902.5127197708
United Airlines,2589,dest,SEA,-1650755.3926562539,505066.6320739882
United Airlines,2590,origin,SFO,-1945640.7538789264,-556902.5127197708
United Airlines,2590,dest,SNA,-1646508.559850192,-1083248.598617272
United Airlines,2591,origin,RDU,1892329.2704660424,-772779.4700067013
United Airlines,2591,dest,SFO,-1945640.7538789264,-556902.5127197708
United Airlines,2592,origin,SEA,-1650755.3926562539,505066.6320739882
United Airlines,2592,dest,SFO,-1945640.7538789264,-556902.5127197708
United Airlines,2593,origin,ITO,NA,NA
United Airlines,2593,dest,LAX,-1689593.4354288722,-1043456.7015018368
United Airlines,2594,origin,DEN,-398957.8437938119,-559911.2634607605
United Airlines,2594,dest,CLT,1718765.594159813,-891788.5105128315
United Airlines,2595,origin,EWR,2135095.905011877,-139210.669492847
United Airlines,2595,dest,JAX,1752547.7524868262,-1421732.3716896002
United Airlines,2596,origin,IAH,452316.2866359444,-1652751.7266989667
United Airlines,2596,dest,JAX,1752547.7524868262,-1421732.3716896002
United Airlines,2597,origin,SFO,-1945640.7538789264,-556902.5127197708
United Airlines,2597,dest,ATL,1438837.9937618312,-1129310.979486318
United Airlines,2598,origin,SFO,-1945640.7538789264,-556902.5127197708
United Airlines,2598,dest,KOA,NA,NA
United Airlines,2599,origin,KOA,NA,NA
United Airlines,2599,dest,SFO,-1945640.7538789264,-556902.5127197708
United Airlines,2600,origin,EWR,2135095.905011877,-139210.669492847
United Airlines,2600,dest,SJC,-1914820.4720456952,-595055.2286396603
United Airlines,2601,origin,DEN,-398957.8437938119,-559911.2634607605
United Airlines,2601,dest,TPA,1720329.790563932,-1713285.848456208
United Airlines,2602,origin,BNA,1193955.4135102862,-891176.9680870201
United Airlines,2602,dest,EWR,2135095.905011877,-139210.669492847
United Airlines,2603,origin,ORD,995411.7016669,-262546.73068444384
United Airlines,2603,dest,MCO,1829771.2698870576,-1638824.7811905802
United Airlines,2604,origin,BUR,-1679613.0736233827,-1016244.4677102008
United Airlines,2604,dest,SFO,-1945640.7538789264,-556902.5127197708
United Airlines,2605,origin,DEN,-398957.8437938119,-559911.2634607605
United Airlines,2605,dest,AUS,225823.07315140465,-1638702.7618488022
United Airlines,2606,origin,ORD,995411.7016669,-262546.73068444384
United Airlines,2606,dest,MIA,1981134.7610135972,-1902847.3929129404
United Airlines,2607,origin,MCO,1829771.2698870576,-1638824.7811905802
United Airlines,2607,dest,CLE,1498726.2792607923,-232627.15593650908
United Airlines,2608,origin,ORD,995411.7016669,-262546.73068444384
United Airlines,2608,dest,SFO,-1945640.7538789264,-556902.5127197708
United Airlines,2609,origin,DEN,-398957.8437938119,-559911.2634607605
United Airlines,2609,dest,PSP,-1520118.9583575455,-1091859.511799427
United Airlines,2610,origin,IAD,1922328.2460675351,-409030.73296909296
United Airlines,2610,dest,AUS,225823.07315140465,-1638702.7618488022
United Airlines,2611,origin,LIH,NA,NA
United Airlines,2611,dest,SFO,-1945640.7538789264,-556902.5127197708
United Airlines,2612,origin,BOS,2320658.4485041024,126152.13380139158
United Airlines,2612,dest,SFO,-1945640.7538789264,-556902.5127197708
United Airlines,2613,origin,ORD,995411.7016669,-262546.73068444384
United Airlines,2613,dest,CLT,1718765.594159813,-891788.5105128315
United Airlines,2614,origin,JAX,1752547.7524868262,-1421732.3716896002
United Airlines,2614,dest,IAH,452316.2866359444,-1652751.7266989667
United Airlines,2615,origin,MSY,943779.1568939897,-1610813.662288556
United Airlines,2615,dest,IAD,1922328.2460675351,-409030.73296909296
United Airlines,2616,origin,PDX,-1729571.0771865274,310444.7043324455
United Airlines,2616,dest,EWR,2135095.905011877,-139210.669492847
United Airlines,2617,origin,IAD,1922328.2460675351,-409030.73296909296
United Airlines,2617,dest,SFO,-1945640.7538789264,-556902.5127197708
United Airlines,2618,origin,PHL,2075929.4181951769,-255080.32292677445
United Airlines,2618,dest,IAH,452316.2866359444,-1652751.7266989667
United Airlines,2619,origin,DEN,-398957.8437938119,-559911.2634607605
United Airlines,2619,dest,DCA,1959959.090984065,-409479.41835946374
United Airlines,2620,origin,CID,685025.5455007816,-311739.8633571619
United Airlines,2620,dest,DEN,-398957.8437938119,-559911.2634607605
United Airlines,2621,origin,EWR,2135095.905011877,-139210.669492847
United Airlines,2621,dest,MYR,1934759.0351566628,-1014954.7170777966
United Airlines,2622,origin,DEN,-398957.8437938119,-559911.2634607605
United Airlines,2622,dest,DSM,527073.5637794238,-365025.8008899143
United Airlines,2623,origin,GEG,-1301359.421680582,434754.4516689109
United Airlines,2623,dest,DEN,-398957.8437938119,-559911.2634607605
United Airlines,2624,origin,PBI,1982322.2831828392,-1802085.774986376
United Airlines,2624,dest,EWR,2135095.905011877,-139210.669492847
United Airlines,2625,origin,DEN,-398957.8437938119,-559911.2634607605
United Airlines,2625,dest,PHL,2075929.4181951769,-255080.32292677445
United Airlines,2626,origin,IAH,452316.2866359444,-1652751.7266989667
United Airlines,2626,dest,LAX,-1689593.4354288722,-1043456.7015018368
United Airlines,2627,origin,FLL,1989416.8668556917,-1869685.279595282
United Airlines,2627,dest,IAD,1922328.2460675351,-409030.73296909296
United Airlines,2628,origin,BWI,1980887.5167152977,-365563.636502196
United Airlines,2628,dest,DEN,-398957.8437938119,-559911.2634607605
United Airlines,2629,origin,DEN,-398957.8437938119,-559911.2634607605
United Airlines,2629,dest,ABQ,-603104.745800889,-1082686.4778323667
United Airlines,2630,origin,IAH,452316.2866359444,-1652751.7266989667
United Airlines,2630,dest,SMF,-1850472.0747063856,-458086.04301328777
United Airlines,2631,origin,ORD,995411.7016669,-262546.73068444384
United Airlines,2631,dest,CHS,1853007.6958618572,-1124845.6869020823
United Airlines,2632,origin,IAD,1922328.2460675351,-409030.73296909296
United Airlines,2632,dest,FLL,1989416.8668556917,-1869685.279595282
United Airlines,2633,origin,MIA,1981134.7610135972,-1902847.3929129404
United Airlines,2633,dest,ORD,995411.7016669,-262546.73068444384
United Airlines,2634,origin,MCO,1829771.2698870576,-1638824.7811905802
United Airlines,2634,dest,IAH,452316.2866359444,-1652751.7266989667
United Airlines,2635,origin,EWR,2135095.905011877,-139210.669492847
United Airlines,2635,dest,FLL,1989416.8668556917,-1869685.279595282
United Airlines,2636,origin,IAH,452316.2866359444,-1652751.7266989667
United Airlines,2636,dest,SEA,-1650755.3926562539,505066.6320739882
United Airlines,2637,origin,TPA,1720329.790563932,-1713285.848456208
United Airlines,2637,dest,IAH,452316.2866359444,-1652751.7266989667
United Airlines,2638,origin,EUG,-1821248.2565430696,166143.80782859208
United Airlines,2638,dest,SFO,-1945640.7538789264,-556902.5127197708
United Airlines,2639,origin,ORD,995411.7016669,-262546.73068444384
United Airlines,2639,dest,CLE,1498726.2792607923,-232627.15593650908
United Airlines,2640,origin,ORF,2086513.5755781755,-600723.1638676772
United Airlines,2640,dest,ORD,995411.7016669,-262546.73068444384
United Airlines,2641,origin,SAN,-1603701.5452417962,-1199220.2306533586
United Airlines,2641,dest,ORD,995411.7016669,-262546.73068444384
United Airlines,2642,origin,DEN,-398957.8437938119,-559911.2634607605
United Airlines,2642,dest,PHX,-1115699.3885834513,-1205089.0053395256
United Airlines,2643,origin,MCI,455074.4312943624,-619331.8913740775
United Airlines,2643,dest,DEN,-398957.8437938119,-559911.2634607605
United Airlines,2644,origin,IAH,452316.2866359444,-1652751.7266989667
United Airlines,2644,dest,MFE,178187.07418528103,-2082010.5655443657
United Airlines,2645,origin,ORD,995411.7016669,-262546.73068444384
United Airlines,2645,dest,OMA,343006.6325637459,-402442.5398354072
United Airlines,2646,origin,DEN,-398957.8437938119,-559911.2634607605
United Airlines,2646,dest,IAH,452316.2866359444,-1652751.7266989667
United Airlines,2647,origin,DFW,278083.31647186854,-1338465.2155458855
United Airlines,2647,dest,DEN,-398957.8437938119,-559911.2634607605
United Airlines,2648,origin,DEN,-398957.8437938119,-559911.2634607605
United Airlines,2648,dest,MCI,455074.4312943624,-619331.8913740775
United Airlines,2649,origin,BZN,-861247.8507503188,146078.48264388298
United Airlines,2649,dest,ORD,995411.7016669,-262546.73068444384
United Airlines,2650,origin,EWR,2135095.905011877,-139210.669492847
United Airlines,2650,dest,SAN,-1603701.5452417962,-1199220.2306533586
United Airlines,2651,origin,ORD,995411.7016669,-262546.73068444384
United Airlines,2651,dest,CID,685025.5455007816,-311739.8633571619
United Airlines,2652,origin,SFO,-1945640.7538789264,-556902.5127197708
United Airlines,2652,dest,BNA,1193955.4135102862,-891176.9680870201
United Airlines,2653,origin,SFO,-1945640.7538789264,-556902.5127197708
United Airlines,2653,dest,DFW,278083.31647186854,-1338465.2155458855
United Airlines,2654,origin,BNA,1193955.4135102862,-891176.9680870201
United Airlines,2654,dest,SFO,-1945640.7538789264,-556902.5127197708
United Airlines,2655,origin,ORD,995411.7016669,-262546.73068444384
United Airlines,2655,dest,PDX,-1729571.0771865274,310444.7043324455
United Airlines,2656,origin,PHX,-1115699.3885834513,-1205089.0053395256
United Airlines,2656,dest,SFO,-1945640.7538789264,-556902.5127197708
United Airlines,2657,origin,MCO,1829771.2698870576,-1638824.7811905802
United Airlines,2657,dest,DEN,-398957.8437938119,-559911.2634607605
United Airlines,2658,origin,LAX,-1689593.4354288722,-1043456.7015018368
United Airlines,2658,dest,IAD,1922328.2460675351,-409030.73296909296
United Airlines,2659,origin,EWR,2135095.905011877,-139210.669492847
United Airlines,2659,dest,ATL,1438837.9937618312,-1129310.979486318
United Airlines,2660,origin,SJC,-1914820.4720456952,-595055.2286396603
United Airlines,2660,dest,IAH,452316.2866359444,-1652751.7266989667
United Airlines,2661,origin,PDX,-1729571.0771865274,310444.7043324455
United Airlines,2661,dest,SFO,-1945640.7538789264,-556902.5127197708
United Airlines,2662,origin,CLE,1498726.2792607923,-232627.15593650908
United Airlines,2662,dest,EWR,2135095.905011877,-139210.669492847
United Airlines,2663,origin,EWR,2135095.905011877,-139210.669492847
United Airlines,2663,dest,RSW,1822839.8385921961,-1854169.26849232
United Airlines,2664,origin,IAH,452316.2866359444,-1652751.7266989667
United Airlines,2664,dest,PHX,-1115699.3885834513,-1205089.0053395256
United Airlines,2665,origin,SEA,-1650755.3926562539,505066.6320739882
United Airlines,2665,dest,IAH,452316.2866359444,-1652751.7266989667
United Airlines,2666,origin,ORD,995411.7016669,-262546.73068444384
United Airlines,2666,dest,MSY,943779.1568939897,-1610813.662288556
United Airlines,2667,origin,BUR,-1679613.0736233827,-1016244.4677102008
United Airlines,2667,dest,DEN,-398957.8437938119,-559911.2634607605
United Airlines,2668,origin,EWR,2135095.905011877,-139210.669492847
United Airlines,2668,dest,LAX,-1689593.4354288722,-1043456.7015018368
United Airlines,2669,origin,DSM,527073.5637794238,-365025.8008899143
United Airlines,2669,dest,ORD,995411.7016669,-262546.73068444384
United Airlines,2670,origin,EWR,2135095.905011877,-139210.669492847
United Airlines,2670,dest,SNA,-1646508.559850192,-1083248.598617272
United Airlines,2671,origin,IAH,452316.2866359444,-1652751.7266989667
United Airlines,2671,dest,PDX,-1729571.0771865274,310444.7043324455
United Airlines,2672,origin,BDL,2208123.028463688,33971.4893617478
United Airlines,2672,dest,DEN,-398957.8437938119,-559911.2634607605
United Airlines,2673,origin,DEN,-398957.8437938119,-559911.2634607605
United Airlines,2673,dest,BDL,2208123.028463688,33971.4893617478
United Airlines,2674,origin,PDX,-1729571.0771865274,310444.7043324455
United Airlines,2674,dest,IAH,452316.2866359444,-1652751.7266989667
United Airlines,2675,origin,DTW,1359641.697254995,-170996.60408534826
United Airlines,2675,dest,ORD,995411.7016669,-262546.73068444384
United Airlines,2676,origin,EWR,2135095.905011877,-139210.669492847
United Airlines,2676,dest,CLE,1498726.2792607923,-232627.15593650908
United Airlines,2677,origin,BOS,2320658.4485041024,126152.13380139158
United Airlines,2677,dest,LAX,-1689593.4354288722,-1043456.7015018368
United Airlines,2678,origin,IAD,1922328.2460675351,-409030.73296909296
United Airlines,2678,dest,ORF,2086513.5755781755,-600723.1638676772
United Airlines,2679,origin,ATL,1438837.9937618312,-1129310.979486318
United Airlines,2679,dest,SFO,-1945640.7538789264,-556902.5127197708
United Airlines,2680,origin,RDU,1892329.2704660424,-772779.4700067013
United Airlines,2680,dest,DEN,-398957.8437938119,-559911.2634607605
United Airlines,2681,origin,LAX,-1689593.4354288722,-1043456.7015018368
United Airlines,2681,dest,SAN,-1603701.5452417962,-1199220.2306533586
United Airlines,2682,origin,LAX,-1689593.4354288722,-1043456.7015018368
United Airlines,2682,dest,CLE,1498726.2792607923,-232627.15593650908
United Airlines,2683,origin,SFO,-1945640.7538789264,-556902.5127197708
United Airlines,2683,dest,RNO,-1678096.5663649472,-409666.019399356
United Airlines,2684,origin,IAH,452316.2866359444,-1652751.7266989667
United Airlines,2684,dest,BNA,1193955.4135102862,-891176.9680870201
United Airlines,2685,origin,LGA,2155684.513057,-122316.28523641168
United Airlines,2685,dest,IAH,452316.2866359444,-1652751.7266989667
United Airlines,2686,origin,IAH,452316.2866359444,-1652751.7266989667
United Airlines,2686,dest,MEM,913341.2595404746,-1051685.0479322155
United Airlines,2687,origin,EWR,2135095.905011877,-139210.669492847
United Airlines,2687,dest,RDU,1892329.2704660424,-772779.4700067013
United Airlines,2688,origin,SFO,-1945640.7538789264,-556902.5127197708
United Airlines,2688,dest,CLE,1498726.2792607923,-232627.15593650908
United Airlines,2689,origin,IAH,452316.2866359444,-1652751.7266989667
United Airlines,2689,dest,SJC,-1914820.4720456952,-595055.2286396603
United Airlines,2690,origin,MIA,1981134.7610135972,-1902847.3929129404
United Airlines,2690,dest,EWR,2135095.905011877,-139210.669492847
United Airlines,2691,origin,PHL,2075929.4181951769,-255080.32292677445
United Airlines,2691,dest,DEN,-398957.8437938119,-559911.2634607605
United Airlines,2692,origin,MKE,980769.513678976,-155418.02245427898
United Airlines,2692,dest,DEN,-398957.8437938119,-559911.2634607605
United Airlines,2693,origin,LAS,-1356682.4796960566,-868251.8410072095
United Airlines,2693,dest,ORD,995411.7016669,-262546.73068444384
United Airlines,2694,origin,CLE,1498726.2792607923,-232627.15593650908
United Airlines,2694,dest,LAX,-1689593.4354288722,-1043456.7015018368
United Airlines,2695,origin,SAN,-1603701.5452417962,-1199220.2306533586
United Airlines,2695,dest,DEN,-398957.8437938119,-559911.2634607605
United Airlines,2696,origin,RSW,1822839.8385921961,-1854169.26849232
United Airlines,2696,dest,EWR,2135095.905011877,-139210.669492847
United Airlines,2697,origin,ORD,995411.7016669,-262546.73068444384
United Airlines,2697,dest,MDT,1943193.8006085365,-257785.2270711698
United Airlines,2698,origin,SMF,-1850472.0747063856,-458086.04301328777
United Airlines,2698,dest,ORD,995411.7016669,-262546.73068444384
United Airlines,2699,origin,SEA,-1650755.3926562539,505066.6320739882
United Airlines,2699,dest,ORD,995411.7016669,-262546.73068444384
United Airlines,2700,origin,ORD,995411.7016669,-262546.73068444384
United Airlines,2700,dest,SJU,NA,NA
United Airlines,2701,origin,ORD,995411.7016669,-262546.73068444384
United Airlines,2701,dest,LAX,-1689593.4354288722,-1043456.7015018368
United Airlines,2702,origin,IAD,1922328.2460675351,-409030.73296909296
United Airlines,2702,dest,TPA,1720329.790563932,-1713285.848456208
United Airlines,2703,origin,ORD,995411.7016669,-262546.73068444384
United Airlines,2703,dest,SNA,-1646508.559850192,-1083248.598617272
United Airlines,2704,origin,ORD,995411.7016669,-262546.73068444384
United Airlines,2704,dest,ROC,1784302.386940441,37810.92949343497
United Airlines,2705,origin,PDX,-1729571.0771865274,310444.7043324455
United Airlines,2705,dest,ORD,995411.7016669,-262546.73068444384
United Airlines,2706,origin,ORD,995411.7016669,-262546.73068444384
United Airlines,2706,dest,SMF,-1850472.0747063856,-458086.04301328777
United Airlines,2707,origin,MCO,1829771.2698870576,-1638824.7811905802
United Airlines,2707,dest,IAD,1922328.2460675351,-409030.73296909296
United Airlines,2708,origin,ORD,995411.7016669,-262546.73068444384
United Airlines,2708,dest,DEN,-398957.8437938119,-559911.2634607605
United Airlines,2709,origin,ORD,995411.7016669,-262546.73068444384
United Airlines,2709,dest,BDL,2208123.028463688,33971.4893617478
United Airlines,2710,origin,DEN,-398957.8437938119,-559911.2634607605
United Airlines,2710,dest,SAN,-1603701.5452417962,-1199220.2306533586
United Airlines,2711,origin,LAX,-1689593.4354288722,-1043456.7015018368
United Airlines,2711,dest,BWI,1980887.5167152977,-365563.636502196
United Airlines,2712,origin,BUF,1707245.286740146,-4371.266382491431
United Airlines,2712,dest,ORD,995411.7016669,-262546.73068444384
United Airlines,2713,origin,IAH,452316.2866359444,-1652751.7266989667
United Airlines,2713,dest,PHL,2075929.4181951769,-255080.32292677445
United Airlines,2714,origin,DEN,-398957.8437938119,-559911.2634607605
United Airlines,2714,dest,SAT,149495.41162521293,-1713236.8214802423
United Airlines,2715,origin,DEN,-398957.8437938119,-559911.2634607605
United Airlines,2715,dest,MKE,980769.513678976,-155418.02245427898
United Airlines,2716,origin,DEN,-398957.8437938119,-559911.2634607605
United Airlines,2716,dest,ONT,-1614545.9907031525,-1046821.4894757676
United Airlines,2717,origin,AUS,225823.07315140465,-1638702.7618488022
United Airlines,2717,dest,IAD,1922328.2460675351,-409030.73296909296
United Airlines,2718,origin,SJC,-1914820.4720456952,-595055.2286396603
United Airlines,2718,dest,EWR,2135095.905011877,-139210.669492847
United Airlines,2719,origin,DCA,1959959.090984065,-409479.41835946374
United Airlines,2719,dest,SFO,-1945640.7538789264,-556902.5127197708
United Airlines,2720,origin,SFO,-1945640.7538789264,-556902.5127197708
United Airlines,2720,dest,DCA,1959959.090984065,-409479.41835946374
United Airlines,2721,origin,DEN,-398957.8437938119,-559911.2634607605
United Airlines,2721,dest,ICT,226443.7486944286,-813259.0022928995
United Airlines,2722,origin,MYR,1934759.0351566628,-1014954.7170777966
United Airlines,2722,dest,EWR,2135095.905011877,-139210.669492847
United Airlines,2723,origin,TPA,1720329.790563932,-1713285.848456208
United Airlines,2723,dest,SFO,-1945640.7538789264,-556902.5127197708
United Airlines,2724,origin,FAT,-1740731.0681842598,-707419.3398996206
United Airlines,2724,dest,SFO,-1945640.7538789264,-556902.5127197708
United Airlines,2725,origin,IAH,452316.2866359444,-1652751.7266989667
United Airlines,2725,dest,MIA,1981134.7610135972,-1902847.3929129404
United Airlines,2726,origin,SFO,-1945640.7538789264,-556902.5127197708
United Airlines,2726,dest,MFR,-1848901.1636070216,-30420.714220456124
United Airlines,2727,origin,BWI,1980887.5167152977,-365563.636502196
United Airlines,2727,dest,SFO,-1945640.7538789264,-556902.5127197708
United Airlines,2728,origin,EWR,2135095.905011877,-139210.669492847
United Airlines,2728,dest,MSP,533284.8020873081,9198.64416372486
United Airlines,2729,origin,SFO,-1945640.7538789264,-556902.5127197708
United Airlines,2729,dest,PHL,2075929.4181951769,-255080.32292677445
United Airlines,2730,origin,IND,1166867.010981104,-490339.71160834696
United Airlines,2730,dest,SFO,-1945640.7538789264,-556902.5127197708
United Airlines,2731,origin,ORD,995411.7016669,-262546.73068444384
United Airlines,2731,dest,FLL,1989416.8668556917,-1869685.279595282
United Airlines,2732,origin,MFR,-1848901.1636070216,-30420.714220456124
United Airlines,2732,dest,SFO,-1945640.7538789264,-556902.5127197708
United Airlines,2733,origin,IAD,1922328.2460675351,-409030.73296909296
United Airlines,2733,dest,LAX,-1689593.4354288722,-1043456.7015018368
United Airlines,2734,origin,SFO,-1945640.7538789264,-556902.5127197708
United Airlines,2734,dest,IND,1166867.010981104,-490339.71160834696
United Airlines,2735,origin,CLE,1498726.2792607923,-232627.15593650908
United Airlines,2735,dest,MCO,1829771.2698870576,-1638824.7811905802
United Airlines,2736,origin,SFO,-1945640.7538789264,-556902.5127197708
United Airlines,2736,dest,SMF,-1850472.0747063856,-458086.04301328777
United Airlines,2737,origin,SMF,-1850472.0747063856,-458086.04301328777
United Airlines,2737,dest,SFO,-1945640.7538789264,-556902.5127197708
United Airlines,2738,origin,BOS,2320658.4485041024,126152.13380139158
United Airlines,2738,dest,IAD,1922328.2460675351,-409030.73296909296
United Airlines,2739,origin,DFW,278083.31647186854,-1338465.2155458855
United Airlines,2739,dest,SFO,-1945640.7538789264,-556902.5127197708
United Airlines,2740,origin,SNA,-1646508.559850192,-1083248.598617272
United Airlines,2740,dest,IAH,452316.2866359444,-1652751.7266989667
United Airlines,2741,origin,DEN,-398957.8437938119,-559911.2634607605
United Airlines,2741,dest,JAC,-861423.9636510183,-97950.92206649132
United Airlines,2742,origin,DCA,1959959.090984065,-409479.41835946374
United Airlines,2742,dest,DEN,-398957.8437938119,-559911.2634607605
United Airlines,2743,origin,IAH,452316.2866359444,-1652751.7266989667
United Airlines,2743,dest,PBI,1982322.2831828392,-1802085.774986376
United Airlines,2744,origin,DEN,-398957.8437938119,-559911.2634607605
United Airlines,2744,dest,SJC,-1914820.4720456952,-595055.2286396603
United Airlines,2745,origin,AUS,225823.07315140465,-1638702.7618488022
United Airlines,2745,dest,SFO,-1945640.7538789264,-556902.5127197708
United Airlines,2746,origin,DEN,-398957.8437938119,-559911.2634607605
United Airlines,2746,dest,ORD,995411.7016669,-262546.73068444384
United Airlines,2747,origin,DEN,-398957.8437938119,-559911.2634607605
United Airlines,2747,dest,RIC,1974576.5147112373,-562009.3202353421
United Airlines,2748,origin,DEN,-398957.8437938119,-559911.2634607605
United Airlines,2748,dest,SBA,-1807082.5668300025,-960991.5699223796
United Airlines,2749,origin,DEN,-398957.8437938119,-559911.2634607605
United Airlines,2749,dest,IAD,1922328.2460675351,-409030.73296909296
United Airlines,2750,origin,SLC,-1004609.4621734885,-395049.06406783813
United Airlines,2750,dest,EWR,2135095.905011877,-139210.669492847
United Airlines,2751,origin,SAN,-1603701.5452417962,-1199220.2306533586
United Airlines,2751,dest,EWR,2135095.905011877,-139210.669492847
United Airlines,2752,origin,RDU,1892329.2704660424,-772779.4700067013
United Airlines,2752,dest,IAD,1922328.2460675351,-409030.73296909296
United Airlines,2753,origin,DEN,-398957.8437938119,-559911.2634607605
United Airlines,2753,dest,CMH,1445821.7184349983,-405735.9494879742
United Airlines,2754,origin,OMA,343006.6325637459,-402442.5398354072
United Airlines,2754,dest,ORD,995411.7016669,-262546.73068444384
United Airlines,2755,origin,RSW,1822839.8385921961,-1854169.26849232
United Airlines,2755,dest,ORD,995411.7016669,-262546.73068444384
United Airlines,2756,origin,EWR,2135095.905011877,-139210.669492847
United Airlines,2756,dest,TYS,1437259.8790258272,-883549.1515317184
United Airlines,2757,origin,SAV,1763892.708823169,-1233594.0048643088
United Airlines,2757,dest,EWR,2135095.905011877,-139210.669492847
United Airlines,2758,origin,TYS,1437259.8790258272,-883549.1515317184
United Airlines,2758,dest,EWR,2135095.905011877,-139210.669492847
United Airlines,2759,origin,EWR,2135095.905011877,-139210.669492847
United Airlines,2759,dest,SMF,-1850472.0747063856,-458086.04301328777
United Airlines,2760,origin,EUG,-1821248.2565430696,166143.80782859208
United Airlines,2760,dest,DEN,-398957.8437938119,-559911.2634607605
United Airlines,2761,origin,EWR,2135095.905011877,-139210.669492847
United Airlines,2761,dest,PDX,-1729571.0771865274,310444.7043324455
United Airlines,2762,origin,ICT,226443.7486944286,-813259.0022928995
United Airlines,2762,dest,DEN,-398957.8437938119,-559911.2634607605
United Airlines,2763,origin,RIC,1974576.5147112373,-562009.3202353421
United Airlines,2763,dest,DEN,-398957.8437938119,-559911.2634607605
United Airlines,2764,origin,SMF,-1850472.0747063856,-458086.04301328777
United Airlines,2764,dest,EWR,2135095.905011877,-139210.669492847
United Airlines,2765,origin,SBA,-1807082.5668300025,-960991.5699223796
United Airlines,2765,dest,DEN,-398957.8437938119,-559911.2634607605
United Airlines,2766,origin,JAC,-861423.9636510183,-97950.92206649132
United Airlines,2766,dest,DEN,-398957.8437938119,-559911.2634607605
United Airlines,2767,origin,SNA,-1646508.559850192,-1083248.598617272
United Airlines,2767,dest,DEN,-398957.8437938119,-559911.2634607605
United Airlines,2768,origin,IAH,452316.2866359444,-1652751.7266989667
United Airlines,2768,dest,IAD,1922328.2460675351,-409030.73296909296
United Airlines,2769,origin,EWR,2135095.905011877,-139210.669492847
United Airlines,2769,dest,HNL,NA,NA
United Airlines,2770,origin,HNL,NA,NA
United Airlines,2770,dest,EWR,2135095.905011877,-139210.669492847
United Airlines,2771,origin,IAD,1922328.2460675351,-409030.73296909296
United Airlines,2771,dest,PHX,-1115699.3885834513,-1205089.0053395256
United Airlines,2772,origin,MCO,1829771.2698870576,-1638824.7811905802
United Airlines,2772,dest,LAX,-1689593.4354288722,-1043456.7015018368
United Airlines,2773,origin,DEN,-398957.8437938119,-559911.2634607605
United Airlines,2773,dest,SEA,-1650755.3926562539,505066.6320739882
United Airlines,2774,origin,DEN,-398957.8437938119,-559911.2634607605
United Airlines,2774,dest,MSP,533284.8020873081,9198.64416372486
United Airlines,2775,origin,SFO,-1945640.7538789264,-556902.5127197708
United Airlines,2775,dest,MIA,1981134.7610135972,-1902847.3929129404
United Airlines,2776,origin,SBA,-1807082.5668300025,-960991.5699223796
United Airlines,2776,dest,SFO,-1945640.7538789264,-556902.5127197708
United Airlines,2777,origin,SJC,-1914820.4720456952,-595055.2286396603
United Airlines,2777,dest,ORD,995411.7016669,-262546.73068444384
United Airlines,2778,origin,IAD,1922328.2460675351,-409030.73296909296
United Airlines,2778,dest,BDL,2208123.028463688,33971.4893617478
United Airlines,2779,origin,GUM,NA,NA
United Airlines,2779,dest,HNL,NA,NA
United Airlines,2780,origin,HNL,NA,NA
United Airlines,2780,dest,GUM,NA,NA
United Airlines,2781,origin,GRR,1172122.820083283,-131332.61154739256
United Airlines,2781,dest,ORD,995411.7016669,-262546.73068444384
United Airlines,2782,origin,DEN,-398957.8437938119,-559911.2634607605
United Airlines,2782,dest,MCO,1829771.2698870576,-1638824.7811905802
United Airlines,2783,origin,IAH,452316.2866359444,-1652751.7266989667
United Airlines,2783,dest,OKC,218240.3077465392,-1063902.9710996167
United Airlines,2784,origin,DFW,278083.31647186854,-1338465.2155458855
United Airlines,2784,dest,IAH,452316.2866359444,-1652751.7266989667
United Airlines,2785,origin,HNL,NA,NA
United Airlines,2785,dest,ORD,995411.7016669,-262546.73068444384
United Airlines,2786,origin,ORD,995411.7016669,-262546.73068444384
United Airlines,2786,dest,HNL,NA,NA
United Airlines,2787,origin,ORD,995411.7016669,-262546.73068444384
United Airlines,2787,dest,IAD,1922328.2460675351,-409030.73296909296
United Airlines,2788,origin,ORD,995411.7016669,-262546.73068444384
United Airlines,2788,dest,BWI,1980887.5167152977,-365563.636502196
United Airlines,2789,origin,ICT,226443.7486944286,-813259.0022928995
United Airlines,2789,dest,ORD,995411.7016669,-262546.73068444384
United Airlines,2790,origin,IAD,1922328.2460675351,-409030.73296909296
United Airlines,2790,dest,SAN,-1603701.5452417962,-1199220.2306533586
United Airlines,2791,origin,SFO,-1945640.7538789264,-556902.5127197708
United Airlines,2791,dest,MCO,1829771.2698870576,-1638824.7811905802
United Airlines,2792,origin,LAS,-1356682.4796960566,-868251.8410072095
United Airlines,2792,dest,IAD,1922328.2460675351,-409030.73296909296
United Airlines,2793,origin,AVL,1573260.496368321,-898595.7508630514
United Airlines,2793,dest,EWR,2135095.905011877,-139210.669492847
United Airlines,2794,origin,PHX,-1115699.3885834513,-1205089.0053395256
United Airlines,2794,dest,ORD,995411.7016669,-262546.73068444384
United Airlines,2795,origin,IAD,1922328.2460675351,-409030.73296909296
United Airlines,2795,dest,IAH,452316.2866359444,-1652751.7266989667
United Airlines,2796,origin,PDX,-1729571.0771865274,310444.7043324455
United Airlines,2796,dest,IAD,1922328.2460675351,-409030.73296909296
United Airlines,2797,origin,IAD,1922328.2460675351,-409030.73296909296
United Airlines,2797,dest,PDX,-1729571.0771865274,310444.7043324455
United Airlines,2798,origin,HNL,NA,NA
United Airlines,2798,dest,IAH,452316.2866359444,-1652751.7266989667
United Airlines,2799,origin,IAH,452316.2866359444,-1652751.7266989667
United Airlines,2799,dest,HNL,NA,NA
United Airlines,2800,origin,DEN,-398957.8437938119,-559911.2634607605
United Airlines,2800,dest,GEG,-1301359.421680582,434754.4516689109
United Airlines,2801,origin,IAD,1922328.2460675351,-409030.73296909296
United Airlines,2801,dest,MCO,1829771.2698870576,-1638824.7811905802
United Airlines,2802,origin,SEA,-1650755.3926562539,505066.6320739882
United Airlines,2802,dest,IAD,1922328.2460675351,-409030.73296909296
United Airlines,2803,origin,LAX,-1689593.4354288722,-1043456.7015018368
United Airlines,2803,dest,MCO,1829771.2698870576,-1638824.7811905802
United Airlines,2804,origin,MSN,862184.7227999782,-150397.75067967636
United Airlines,2804,dest,DEN,-398957.8437938119,-559911.2634607605
United Airlines,2805,origin,DEN,-398957.8437938119,-559911.2634607605
United Airlines,2805,dest,BOI,-1296364.617988922,-29797.04410178459
United Airlines,2806,origin,BDL,2208123.028463688,33971.4893617478
United Airlines,2806,dest,EWR,2135095.905011877,-139210.669492847
United Airlines,2807,origin,RNO,-1678096.5663649472,-409666.019399356
United Airlines,2807,dest,DEN,-398957.8437938119,-559911.2634607605
United Airlines,2808,origin,DEN,-398957.8437938119,-559911.2634607605
United Airlines,2808,dest,PDX,-1729571.0771865274,310444.7043324455
United Airlines,2809,origin,SFO,-1945640.7538789264,-556902.5127197708
United Airlines,2809,dest,PIT,1653058.7188770992,-301571.10045485134
United Airlines,2810,origin,BZN,-861247.8507503188,146078.48264388298
United Airlines,2810,dest,DEN,-398957.8437938119,-559911.2634607605
United Airlines,2811,origin,IAD,1922328.2460675351,-409030.73296909296
United Airlines,2811,dest,SMF,-1850472.0747063856,-458086.04301328777
United Airlines,2812,origin,DEN,-398957.8437938119,-559911.2634607605
United Airlines,2812,dest,RNO,-1678096.5663649472,-409666.019399356
United Airlines,2813,origin,MSY,943779.1568939897,-1610813.662288556
United Airlines,2813,dest,DEN,-398957.8437938119,-559911.2634607605
United Airlines,2814,origin,DEN,-398957.8437938119,-559911.2634607605
United Airlines,2814,dest,LAS,-1356682.4796960566,-868251.8410072095
United Airlines,2815,origin,DEN,-398957.8437938119,-559911.2634607605
United Airlines,2815,dest,DFW,278083.31647186854,-1338465.2155458855
United Airlines,2816,origin,BWI,1980887.5167152977,-365563.636502196
United Airlines,2816,dest,ORD,995411.7016669,-262546.73068444384
United Airlines,2817,origin,DTW,1359641.697254995,-170996.60408534826
United Airlines,2817,dest,DEN,-398957.8437938119,-559911.2634607605
United Airlines,2818,origin,DEN,-398957.8437938119,-559911.2634607605
United Airlines,2818,dest,EWR,2135095.905011877,-139210.669492847
United Airlines,2819,origin,LAS,-1356682.4796960566,-868251.8410072095
United Airlines,2819,dest,LAX,-1689593.4354288722,-1043456.7015018368
United Airlines,2820,origin,TPA,1720329.790563932,-1713285.848456208
United Airlines,2820,dest,IAD,1922328.2460675351,-409030.73296909296
United Airlines,2821,origin,IAD,1922328.2460675351,-409030.73296909296
United Airlines,2821,dest,SEA,-1650755.3926562539,505066.6320739882
United Airlines,2822,origin,DEN,-398957.8437938119,-559911.2634607605
United Airlines,2822,dest,HNL,NA,NA
United Airlines,2823,origin,STL,834066.6669227502,-646449.0468188728
United Airlines,2823,dest,IAH,452316.2866359444,-1652751.7266989667
United Airlines,2824,origin,OKC,218240.3077465392,-1063902.9710996167
United Airlines,2824,dest,DEN,-398957.8437938119,-559911.2634607605
United Airlines,2825,origin,BOS,2320658.4485041024,126152.13380139158
United Airlines,2825,dest,DEN,-398957.8437938119,-559911.2634607605
United Airlines,2826,origin,DEN,-398957.8437938119,-559911.2634607605
United Airlines,2826,dest,CLE,1498726.2792607923,-232627.15593650908
United Airlines,2827,origin,IAD,1922328.2460675351,-409030.73296909296
United Airlines,2827,dest,BOS,2320658.4485041024,126152.13380139158
United Airlines,2828,origin,SFO,-1945640.7538789264,-556902.5127197708
United Airlines,2828,dest,SBA,-1807082.5668300025,-960991.5699223796
United Airlines,2829,origin,ORD,995411.7016669,-262546.73068444384
United Airlines,2829,dest,PHX,-1115699.3885834513,-1205089.0053395256
United Airlines,2830,origin,MCO,1829771.2698870576,-1638824.7811905802
United Airlines,2830,dest,SFO,-1945640.7538789264,-556902.5127197708
United Airlines,2831,origin,DEN,-398957.8437938119,-559911.2634607605
United Airlines,2831,dest,OMA,343006.6325637459,-402442.5398354072
United Airlines,2832,origin,HNL,NA,NA
United Airlines,2832,dest,DEN,-398957.8437938119,-559911.2634607605
United Airlines,2833,origin,DEN,-398957.8437938119,-559911.2634607605
United Airlines,2833,dest,BOS,2320658.4485041024,126152.13380139158
United Airlines,2834,origin,DEN,-398957.8437938119,-559911.2634607605
United Airlines,2834,dest,BWI,1980887.5167152977,-365563.636502196
United Airlines,2835,origin,IAD,1922328.2460675351,-409030.73296909296
United Airlines,2835,dest,DEN,-398957.8437938119,-559911.2634607605
United Airlines,2836,origin,LGA,2155684.513057,-122316.28523641168
United Airlines,2836,dest,DEN,-398957.8437938119,-559911.2634607605
United Airlines,2837,origin,DEN,-398957.8437938119,-559911.2634607605
United Airlines,2837,dest,ATL,1438837.9937618312,-1129310.979486318
United Airlines,2838,origin,JAX,1752547.7524868262,-1421732.3716896002
United Airlines,2838,dest,EWR,2135095.905011877,-139210.669492847
United Airlines,2839,origin,LAX,-1689593.4354288722,-1043456.7015018368
United Airlines,2839,dest,OGG,NA,NA
United Airlines,2840,origin,MSP,533284.8020873081,9198.64416372486
United Airlines,2840,dest,LAX,-1689593.4354288722,-1043456.7015018368
United Airlines,2841,origin,PDX,-1729571.0771865274,310444.7043324455
United Airlines,2841,dest,DEN,-398957.8437938119,-559911.2634607605
United Airlines,2842,origin,ORD,995411.7016669,-262546.73068444384
United Airlines,2842,dest,LAS,-1356682.4796960566,-868251.8410072095
United Airlines,2843,origin,DEN,-398957.8437938119,-559911.2634607605
United Airlines,2843,dest,BZN,-861247.8507503188,146078.48264388298
United Airlines,2844,origin,IND,1166867.010981104,-490339.71160834696
United Airlines,2844,dest,DEN,-398957.8437938119,-559911.2634607605
United Airlines,2845,origin,ATL,1438837.9937618312,-1129310.979486318
United Airlines,2845,dest,DEN,-398957.8437938119,-559911.2634607605
United Airlines,2846,origin,SAT,149495.41162521293,-1713236.8214802423
United Airlines,2846,dest,DEN,-398957.8437938119,-559911.2634607605
United Airlines,2847,origin,DEN,-398957.8437938119,-559911.2634607605
United Airlines,2847,dest,BIL,-660622.9347007086,124849.8707744144
United Airlines,2848,origin,SFO,-1945640.7538789264,-556902.5127197708
United Airlines,2848,dest,DTW,1359641.697254995,-170996.60408534826
United Airlines,2849,origin,DTW,1359641.697254995,-170996.60408534826
United Airlines,2849,dest,SFO,-1945640.7538789264,-556902.5127197708
United Airlines,2850,origin,MFR,-1848901.1636070216,-30420.714220456124
United Airlines,2850,dest,DEN,-398957.8437938119,-559911.2634607605
United Airlines,2851,origin,BDL,2208123.028463688,33971.4893617478
United Airlines,2851,dest,IAD,1922328.2460675351,-409030.73296909296
United Airlines,2852,origin,IAD,1922328.2460675351,-409030.73296909296
United Airlines,2852,dest,MSY,943779.1568939897,-1610813.662288556
United Airlines,2853,origin,SFO,-1945640.7538789264,-556902.5127197708
United Airlines,2853,dest,CVG,1316490.950820449,-539409.9479712159
United Airlines,2854,origin,CVG,1316490.950820449,-539409.9479712159
United Airlines,2854,dest,SFO,-1945640.7538789264,-556902.5127197708
United Airlines,2855,origin,TPA,1720329.790563932,-1713285.848456208
United Airlines,2855,dest,DEN,-398957.8437938119,-559911.2634607605
United Airlines,2856,origin,CMH,1445821.7184349983,-405735.9494879742
United Airlines,2856,dest,ORD,995411.7016669,-262546.73068444384
United Airlines,2857,origin,ROC,1784302.386940441,37810.92949343497
United Airlines,2857,dest,ORD,995411.7016669,-262546.73068444384
United Airlines,2858,origin,CLT,1718765.594159813,-891788.5105128315
United Airlines,2858,dest,ORD,995411.7016669,-262546.73068444384
United Airlines,2859,origin,ORD,995411.7016669,-262546.73068444384
United Airlines,2859,dest,SLC,-1004609.4621734885,-395049.06406783813
United Airlines,2860,origin,RDU,1892329.2704660424,-772779.4700067013
United Airlines,2860,dest,IAH,452316.2866359444,-1652751.7266989667
United Airlines,2861,origin,FLL,1989416.8668556917,-1869685.279595282
United Airlines,2861,dest,DEN,-398957.8437938119,-559911.2634607605
United Airlines,2862,origin,LAX,-1689593.4354288722,-1043456.7015018368
United Airlines,2862,dest,LAS,-1356682.4796960566,-868251.8410072095
United Airlines,2863,origin,BIL,-660622.9347007086,124849.8707744144
United Airlines,2863,dest,DEN,-398957.8437938119,-559911.2634607605
United Airlines,2864,origin,BNA,1193955.4135102862,-891176.9680870201
United Airlines,2864,dest,IAH,452316.2866359444,-1652751.7266989667
United Airlines,2865,origin,DEN,-398957.8437938119,-559911.2634607605
United Airlines,2865,dest,RDU,1892329.2704660424,-772779.4700067013
United Airlines,2866,origin,DEN,-398957.8437938119,-559911.2634607605
United Airlines,2866,dest,EUG,-1821248.2565430696,166143.80782859208
United Airlines,2867,origin,ABQ,-603104.745800889,-1082686.4778323667
United Airlines,2867,dest,IAH,452316.2866359444,-1652751.7266989667
United Airlines,2868,origin,EWR,2135095.905011877,-139210.669492847
United Airlines,2868,dest,CHS,1853007.6958618572,-1124845.6869020823
United Airlines,2869,origin,MIA,1981134.7610135972,-1902847.3929129404
United Airlines,2869,dest,SFO,-1945640.7538789264,-556902.5127197708
United Airlines,2870,origin,DEN,-398957.8437938119,-559911.2634607605
United Airlines,2870,dest,DTW,1359641.697254995,-170996.60408534826
United Airlines,2871,origin,PIT,1653058.7188770992,-301571.10045485134
United Airlines,2871,dest,SFO,-1945640.7538789264,-556902.5127197708
United Airlines,2872,origin,SFO,-1945640.7538789264,-556902.5127197708
United Airlines,2872,dest,STL,834066.6669227502,-646449.0468188728
United Airlines,2873,origin,SFO,-1945640.7538789264,-556902.5127197708
United Airlines,2873,dest,RDU,1892329.2704660424,-772779.4700067013
United Airlines,2874,origin,SFO,-1945640.7538789264,-556902.5127197708
United Airlines,2874,dest,TPA,1720329.790563932,-1713285.848456208
United Airlines,2875,origin,DEN,-398957.8437938119,-559911.2634607605
United Airlines,2875,dest,PIT,1653058.7188770992,-301571.10045485134
United Airlines,2876,origin,ORD,995411.7016669,-262546.73068444384
United Airlines,2876,dest,IND,1166867.010981104,-490339.71160834696
United Airlines,2877,origin,CLE,1498726.2792607923,-232627.15593650908
United Airlines,2877,dest,DEN,-398957.8437938119,-559911.2634607605
United Airlines,2878,origin,SJU,NA,NA
United Airlines,2878,dest,IAH,452316.2866359444,-1652751.7266989667
United Airlines,2879,origin,ORD,995411.7016669,-262546.73068444384
United Airlines,2879,dest,BZN,-861247.8507503188,146078.48264388298
United Airlines,2880,origin,IAH,452316.2866359444,-1652751.7266989667
United Airlines,2880,dest,ABQ,-603104.745800889,-1082686.4778323667
United Airlines,2881,origin,ALB,2093896.6988834653,90839.80353075745
United Airlines,2881,dest,ORD,995411.7016669,-262546.73068444384
United Airlines,2882,origin,EWR,2135095.905011877,-139210.669492847
United Airlines,2882,dest,SLC,-1004609.4621734885,-395049.06406783813
United Airlines,2883,origin,OGG,NA,NA
United Airlines,2883,dest,LAX,-1689593.4354288722,-1043456.7015018368
United Airlines,2884,origin,PIT,1653058.7188770992,-301571.10045485134
United Airlines,2884,dest,DEN,-398957.8437938119,-559911.2634607605
United Airlines,2885,origin,BTV,2081633.9139069868,291754.6637769176
United Airlines,2885,dest,ORD,995411.7016669,-262546.73068444384
United Airlines,2886,origin,STL,834066.6669227502,-646449.0468188728
United Airlines,2886,dest,SFO,-1945640.7538789264,-556902.5127197708
United Airlines,2887,origin,ORD,995411.7016669,-262546.73068444384
United Airlines,2887,dest,GRR,1172122.820083283,-131332.61154739256
United Airlines,2888,origin,DEN,-398957.8437938119,-559911.2634607605
United Airlines,2888,dest,MSY,943779.1568939897,-1610813.662288556
United Airlines,2889,origin,DTW,1359641.697254995,-170996.60408534826
United Airlines,2889,dest,EWR,2135095.905011877,-139210.669492847
United Airlines,2890,origin,ATL,1438837.9937618312,-1129310.979486318
United Airlines,2890,dest,IAD,1922328.2460675351,-409030.73296909296
United Airlines,2891,origin,DEN,-398957.8437938119,-559911.2634607605
United Airlines,2891,dest,CID,685025.5455007816,-311739.8633571619
United Airlines,2892,origin,DEN,-398957.8437938119,-559911.2634607605
United Airlines,2892,dest,MFR,-1848901.1636070216,-30420.714220456124
United Airlines,2893,origin,SMF,-1850472.0747063856,-458086.04301328777
United Airlines,2893,dest,IAD,1922328.2460675351,-409030.73296909296
United Airlines,2894,origin,LAX,-1689593.4354288722,-1043456.7015018368
United Airlines,2894,dest,BOS,2320658.4485041024,126152.13380139158
United Airlines,2895,origin,DSM,527073.5637794238,-365025.8008899143
United Airlines,2895,dest,DEN,-398957.8437938119,-559911.2634607605
United Airlines,2896,origin,FLL,1989416.8668556917,-1869685.279595282
United Airlines,2896,dest,SFO,-1945640.7538789264,-556902.5127197708
United Airlines,2897,origin,MSP,533284.8020873081,9198.64416372486
United Airlines,2897,dest,IAH,452316.2866359444,-1652751.7266989667
United Airlines,2898,origin,ORD,995411.7016669,-262546.73068444384
United Airlines,2898,dest,RIC,1974576.5147112373,-562009.3202353421
United Airlines,2899,origin,MSY,943779.1568939897,-1610813.662288556
United Airlines,2899,dest,SFO,-1945640.7538789264,-556902.5127197708
United Airlines,2900,origin,LAX,-1689593.4354288722,-1043456.7015018368
United Airlines,2900,dest,ITO,NA,NA
United Airlines,2901,origin,CID,685025.5455007816,-311739.8633571619
United Airlines,2901,dest,ORD,995411.7016669,-262546.73068444384
United Airlines,2902,origin,SAT,149495.41162521293,-1713236.8214802423
United Airlines,2902,dest,EWR,2135095.905011877,-139210.669492847
United Airlines,2903,origin,ORF,2086513.5755781755,-600723.1638676772
United Airlines,2903,dest,IAD,1922328.2460675351,-409030.73296909296
United Airlines,2904,origin,EWR,2135095.905011877,-139210.669492847
United Airlines,2904,dest,BQN,NA,NA
United Airlines,2905,origin,RIC,1974576.5147112373,-562009.3202353421
United Airlines,2905,dest,ORD,995411.7016669,-262546.73068444384
United Airlines,2906,origin,EWR,2135095.905011877,-139210.669492847
United Airlines,2906,dest,DTW,1359641.697254995,-170996.60408534826
United Airlines,2907,origin,ANC,NA,NA
United Airlines,2907,dest,DEN,-398957.8437938119,-559911.2634607605
United Airlines,2908,origin,AUS,225823.07315140465,-1638702.7618488022
United Airlines,2908,dest,LAX,-1689593.4354288722,-1043456.7015018368
United Airlines,2909,origin,PWM,2323046.368311461,282201.85932739975
United Airlines,2909,dest,ORD,995411.7016669,-262546.73068444384
United Airlines,2910,origin,DEN,-398957.8437938119,-559911.2634607605
United Airlines,2910,dest,SLC,-1004609.4621734885,-395049.06406783813
United Airlines,2911,origin,SFO,-1945640.7538789264,-556902.5127197708
United Airlines,2911,dest,MSY,943779.1568939897,-1610813.662288556
United Airlines,2912,origin,SLC,-1004609.4621734885,-395049.06406783813
United Airlines,2912,dest,DEN,-398957.8437938119,-559911.2634607605
United Airlines,2913,origin,DEN,-398957.8437938119,-559911.2634607605
United Airlines,2913,dest,ANC,NA,NA
United Airlines,2914,origin,DEN,-398957.8437938119,-559911.2634607605
United Airlines,2914,dest,BUR,-1679613.0736233827,-1016244.4677102008
United Airlines,2915,origin,RDU,1892329.2704660424,-772779.4700067013
United Airlines,2915,dest,ORD,995411.7016669,-262546.73068444384
United Airlines,2916,origin,SFO,-1945640.7538789264,-556902.5127197708
United Airlines,2916,dest,BWI,1980887.5167152977,-365563.636502196
United Airlines,2917,origin,DEN,-398957.8437938119,-559911.2634607605
United Airlines,2917,dest,FLL,1989416.8668556917,-1869685.279595282
United Airlines,2918,origin,MEM,913341.2595404746,-1051685.0479322155
United Airlines,2918,dest,ORD,995411.7016669,-262546.73068444384
United Airlines,2919,origin,EWR,2135095.905011877,-139210.669492847
United Airlines,2919,dest,SAT,149495.41162521293,-1713236.8214802423
United Airlines,2920,origin,SJU,NA,NA
United Airlines,2920,dest,EWR,2135095.905011877,-139210.669492847
United Airlines,2921,origin,SFO,-1945640.7538789264,-556902.5127197708
United Airlines,2921,dest,FLL,1989416.8668556917,-1869685.279595282
United Airlines,2922,origin,ORD,995411.7016669,-262546.73068444384
United Airlines,2922,dest,RSW,1822839.8385921961,-1854169.26849232
United Airlines,2923,origin,PHX,-1115699.3885834513,-1205089.0053395256
United Airlines,2923,dest,IAD,1922328.2460675351,-409030.73296909296
United Airlines,2924,origin,CVG,1316490.950820449,-539409.9479712159
United Airlines,2924,dest,ORD,995411.7016669,-262546.73068444384
United Airlines,2925,origin,CLT,1718765.594159813,-891788.5105128315
United Airlines,2925,dest,DEN,-398957.8437938119,-559911.2634607605
United Airlines,2926,origin,KOA,NA,NA
United Airlines,2926,dest,LAX,-1689593.4354288722,-1043456.7015018368
United Airlines,2927,origin,PSP,-1520118.9583575455,-1091859.511799427
United Airlines,2927,dest,DEN,-398957.8437938119,-559911.2634607605
United Airlines,2928,origin,LAX,-1689593.4354288722,-1043456.7015018368
United Airlines,2928,dest,LIH,NA,NA
United Airlines,2929,origin,MSP,533284.8020873081,9198.64416372486
United Airlines,2929,dest,SFO,-1945640.7538789264,-556902.5127197708
United Airlines,2930,origin,DTW,1359641.697254995,-170996.60408534826
United Airlines,2930,dest,IAH,452316.2866359444,-1652751.7266989667
United Airlines,2931,origin,BNA,1193955.4135102862,-891176.9680870201
United Airlines,2931,dest,ORD,995411.7016669,-262546.73068444384
United Airlines,2932,origin,DEN,-398957.8437938119,-559911.2634607605
United Airlines,2932,dest,IND,1166867.010981104,-490339.71160834696
United Airlines,2933,origin,SJU,NA,NA
United Airlines,2933,dest,ORD,995411.7016669,-262546.73068444384
United Airlines,2934,origin,BQN,NA,NA
United Airlines,2934,dest,EWR,2135095.905011877,-139210.669492847
United Airlines,2935,origin,ORD,995411.7016669,-262546.73068444384
United Airlines,2935,dest,ANC,NA,NA
United Airlines,2936,origin,ORD,995411.7016669,-262546.73068444384
United Airlines,2936,dest,JAC,-861423.9636510183,-97950.92206649132
United Airlines,2937,origin,IAH,452316.2866359444,-1652751.7266989667
United Airlines,2937,dest,RDU,1892329.2704660424,-772779.4700067013
United Airlines,2938,origin,ANC,NA,NA
United Airlines,2938,dest,ORD,995411.7016669,-262546.73068444384
United Airlines,2939,origin,SFO,-1945640.7538789264,-556902.5127197708
United Airlines,2939,dest,MSP,533284.8020873081,9198.64416372486
United Airlines,2940,origin,IAH,452316.2866359444,-1652751.7266989667
United Airlines,2940,dest,STL,834066.6669227502,-646449.0468188728
United Airlines,2941,origin,ORD,995411.7016669,-262546.73068444384
United Airlines,2941,dest,BNA,1193955.4135102862,-891176.9680870201
United Airlines,2942,origin,JAC,-861423.9636510183,-97950.92206649132
United Airlines,2942,dest,ORD,995411.7016669,-262546.73068444384
United Airlines,2943,origin,IAH,452316.2866359444,-1652751.7266989667
United Airlines,2943,dest,DTW,1359641.697254995,-170996.60408534826
United Airlines,2944,origin,DFW,278083.31647186854,-1338465.2155458855
United Airlines,2944,dest,IAD,1922328.2460675351,-409030.73296909296
United Airlines,2945,origin,IAD,1922328.2460675351,-409030.73296909296
United Airlines,2945,dest,DFW,278083.31647186854,-1338465.2155458855
United Airlines,2946,origin,PBI,1982322.2831828392,-1802085.774986376
United Airlines,2946,dest,IAH,452316.2866359444,-1652751.7266989667
United Airlines,2947,origin,MSP,533284.8020873081,9198.64416372486
United Airlines,2947,dest,EWR,2135095.905011877,-139210.669492847
United Airlines,2948,origin,DEN,-398957.8437938119,-559911.2634607605
United Airlines,2948,dest,OKC,218240.3077465392,-1063902.9710996167
United Airlines,2949,origin,IAD,1922328.2460675351,-409030.73296909296
United Airlines,2949,dest,SJU,NA,NA
United Airlines,2950,origin,SJU,NA,NA
United Airlines,2950,dest,IAD,1922328.2460675351,-409030.73296909296
Delta Air Lines,2951,origin,JFK,2167729.4793459354,-134551.3799715436
Delta Air Lines,2951,dest,PHL,2075929.4181951769,-255080.32292677445
Delta Air Lines,2952,origin,PHL,2075929.4181951769,-255080.32292677445
Delta Air Lines,2952,dest,JFK,2167729.4793459354,-134551.3799715436
Delta Air Lines,2953,origin,MSP,533284.8020873081,9198.64416372486
Delta Air Lines,2953,dest,ALB,2093896.6988834653,90839.80353075745
Delta Air Lines,2954,origin,MSP,533284.8020873081,9198.64416372486
Delta Air Lines,2954,dest,SYR,1905272.1686460353,72673.25213846966
Delta Air Lines,2955,origin,MSP,533284.8020873081,9198.64416372486
Delta Air Lines,2955,dest,RAP,-244254.86787282676,-101558.09433123024
Delta Air Lines,2956,origin,RAP,-244254.86787282676,-101558.09433123024
Delta Air Lines,2956,dest,MSP,533284.8020873081,9198.64416372486
Delta Air Lines,2957,origin,MSP,533284.8020873081,9198.64416372486
Delta Air Lines,2957,dest,SAT,149495.41162521293,-1713236.8214802423
Delta Air Lines,2958,origin,CLE,1498726.2792607923,-232627.15593650908
Delta Air Lines,2958,dest,MSP,533284.8020873081,9198.64416372486
Delta Air Lines,2959,origin,ATL,1438837.9937618312,-1129310.979486318
Delta Air Lines,2959,dest,GRB,937500.1847212611,11455.51186734217
Delta Air Lines,2960,origin,CMH,1445821.7184349983,-405735.9494879742
Delta Air Lines,2960,dest,LGA,2155684.513057,-122316.28523641168
Delta Air Lines,2961,origin,CVG,1316490.950820449,-539409.9479712159
Delta Air Lines,2961,dest,DEN,-398957.8437938119,-559911.2634607605
Delta Air Lines,2962,origin,DEN,-398957.8437938119,-559911.2634607605
Delta Air Lines,2962,dest,CVG,1316490.950820449,-539409.9479712159
Delta Air Lines,2963,origin,IAD,1922328.2460675351,-409030.73296909296
Delta Air Lines,2963,dest,DTW,1359641.697254995,-170996.60408534826
Delta Air Lines,2964,origin,CVG,1316490.950820449,-539409.9479712159
Delta Air Lines,2964,dest,LGA,2155684.513057,-122316.28523641168
Delta Air Lines,2965,origin,FCA,NA,NA
Delta Air Lines,2965,dest,MSP,533284.8020873081,9198.64416372486
Delta Air Lines,2966,origin,MSP,533284.8020873081,9198.64416372486
Delta Air Lines,2966,dest,FCA,NA,NA
Delta Air Lines,2967,origin,LGA,2155684.513057,-122316.28523641168
Delta Air Lines,2967,dest,CVG,1316490.950820449,-539409.9479712159
Delta Air Lines,2968,origin,DTW,1359641.697254995,-170996.60408534826
Delta Air Lines,2968,dest,SBN,1129761.4317361645,-271516.7521662423
Delta Air Lines,2969,origin,SBN,1129761.4317361645,-271516.7521662423
Delta Air Lines,2969,dest,DTW,1359641.697254995,-170996.60408534826
Delta Air Lines,2970,origin,STL,834066.6669227502,-646449.0468188728
Delta Air Lines,2970,dest,SLC,-1004609.4621734885,-395049.06406783813
Delta Air Lines,2971,origin,RDU,1892329.2704660424,-772779.4700067013
Delta Air Lines,2971,dest,MSP,533284.8020873081,9198.64416372486
Delta Air Lines,2972,origin,GRB,937500.1847212611,11455.51186734217
Delta Air Lines,2972,dest,DTW,1359641.697254995,-170996.60408534826
Delta Air Lines,2973,origin,GRB,937500.1847212611,11455.51186734217
Delta Air Lines,2973,dest,ATL,1438837.9937618312,-1129310.979486318
Delta Air Lines,2974,origin,MDT,1943193.8006085365,-257785.2270711698
Delta Air Lines,2974,dest,DTW,1359641.697254995,-170996.60408534826
Delta Air Lines,2975,origin,SEA,-1650755.3926562539,505066.6320739882
Delta Air Lines,2975,dest,ORD,995411.7016669,-262546.73068444384
Delta Air Lines,2976,origin,DTW,1359641.697254995,-170996.60408534826
Delta Air Lines,2976,dest,OMA,343006.6325637459,-402442.5398354072
Delta Air Lines,2977,origin,ATL,1438837.9937618312,-1129310.979486318
Delta Air Lines,2977,dest,SBN,1129761.4317361645,-271516.7521662423
Delta Air Lines,2978,origin,SBN,1129761.4317361645,-271516.7521662423
Delta Air Lines,2978,dest,ATL,1438837.9937618312,-1129310.979486318
Delta Air Lines,2979,origin,MSP,533284.8020873081,9198.64416372486
Delta Air Lines,2979,dest,GRB,937500.1847212611,11455.51186734217
Delta Air Lines,2980,origin,SLC,-1004609.4621734885,-395049.06406783813
Delta Air Lines,2980,dest,PSC,-1452424.2500285408,314551.0124902064
Delta Air Lines,2981,origin,DFW,278083.31647186854,-1338465.2155458855
Delta Air Lines,2981,dest,LAX,-1689593.4354288722,-1043456.7015018368
Delta Air Lines,2982,origin,LAX,-1689593.4354288722,-1043456.7015018368
Delta Air Lines,2982,dest,DFW,278083.31647186854,-1338465.2155458855
Delta Air Lines,2983,origin,SEA,-1650755.3926562539,505066.6320739882
Delta Air Lines,2983,dest,SFO,-1945640.7538789264,-556902.5127197708
Delta Air Lines,2984,origin,SLC,-1004609.4621734885,-395049.06406783813
Delta Air Lines,2984,dest,IAD,1922328.2460675351,-409030.73296909296
Delta Air Lines,2985,origin,SYR,1905272.1686460353,72673.25213846966
Delta Air Lines,2985,dest,MSP,533284.8020873081,9198.64416372486
Delta Air Lines,2986,origin,DTW,1359641.697254995,-170996.60408534826
Delta Air Lines,2986,dest,ATW,910545.9787089666,-17980.838455885427
Delta Air Lines,2987,origin,ATL,1438837.9937618312,-1129310.979486318
Delta Air Lines,2987,dest,BTV,2081633.9139069868,291754.6637769176
Delta Air Lines,2988,origin,SEA,-1650755.3926562539,505066.6320739882
Delta Air Lines,2988,dest,DEN,-398957.8437938119,-559911.2634607605
Delta Air Lines,2989,origin,LAX,-1689593.4354288722,-1043456.7015018368
Delta Air Lines,2989,dest,DCA,1959959.090984065,-409479.41835946374
Delta Air Lines,2990,origin,MSP,533284.8020873081,9198.64416372486
Delta Air Lines,2990,dest,SBN,1129761.4317361645,-271516.7521662423
Delta Air Lines,2991,origin,PSC,-1452424.2500285408,314551.0124902064
Delta Air Lines,2991,dest,SLC,-1004609.4621734885,-395049.06406783813
Delta Air Lines,2992,origin,SFO,-1945640.7538789264,-556902.5127197708
Delta Air Lines,2992,dest,SEA,-1650755.3926562539,505066.6320739882
Delta Air Lines,2993,origin,DCA,1959959.090984065,-409479.41835946374
Delta Air Lines,2993,dest,LAX,-1689593.4354288722,-1043456.7015018368
Delta Air Lines,2994,origin,ABQ,-603104.745800889,-1082686.4778323667
Delta Air Lines,2994,dest,MSP,533284.8020873081,9198.64416372486
Delta Air Lines,2995,origin,MSP,533284.8020873081,9198.64416372486
Delta Air Lines,2995,dest,ABQ,-603104.745800889,-1082686.4778323667
Delta Air Lines,2996,origin,BNA,1193955.4135102862,-891176.9680870201
Delta Air Lines,2996,dest,MSP,533284.8020873081,9198.64416372486
Delta Air Lines,2997,origin,MSP,533284.8020873081,9198.64416372486
Delta Air Lines,2997,dest,BNA,1193955.4135102862,-891176.9680870201
Delta Air Lines,2998,origin,MSO,-1063417.7421266043,306790.99797850905
Delta Air Lines,2998,dest,SLC,-1004609.4621734885,-395049.06406783813
Delta Air Lines,2999,origin,SDF,1241535.522119959,-652005.0450171886
Delta Air Lines,2999,dest,MSP,533284.8020873081,9198.64416372486
Delta Air Lines,3000,origin,SLC,-1004609.4621734885,-395049.06406783813
Delta Air Lines,3000,dest,MSO,-1063417.7421266043,306790.99797850905
Delta Air Lines,3001,origin,DEN,-398957.8437938119,-559911.2634607605
Delta Air Lines,3001,dest,SEA,-1650755.3926562539,505066.6320739882
Delta Air Lines,3002,origin,DTW,1359641.697254995,-170996.60408534826
Delta Air Lines,3002,dest,PDX,-1729571.0771865274,310444.7043324455
Delta Air Lines,3003,origin,PDX,-1729571.0771865274,310444.7043324455
Delta Air Lines,3003,dest,DTW,1359641.697254995,-170996.60408534826
Delta Air Lines,3004,origin,AUS,225823.07315140465,-1638702.7618488022
Delta Air Lines,3004,dest,BOS,2320658.4485041024,126152.13380139158
Delta Air Lines,3005,origin,ORD,995411.7016669,-262546.73068444384
Delta Air Lines,3005,dest,SEA,-1650755.3926562539,505066.6320739882
Delta Air Lines,3006,origin,SLC,-1004609.4621734885,-395049.06406783813
Delta Air Lines,3006,dest,STL,834066.6669227502,-646449.0468188728
Delta Air Lines,3007,origin,SBN,1129761.4317361645,-271516.7521662423
Delta Air Lines,3007,dest,MSP,533284.8020873081,9198.64416372486
Delta Air Lines,3008,origin,BOS,2320658.4485041024,126152.13380139158
Delta Air Lines,3008,dest,AUS,225823.07315140465,-1638702.7618488022
Delta Air Lines,3009,origin,ATW,910545.9787089666,-17980.838455885427
Delta Air Lines,3009,dest,DTW,1359641.697254995,-170996.60408534826
Delta Air Lines,3010,origin,ALB,2093896.6988834653,90839.80353075745
Delta Air Lines,3010,dest,MSP,533284.8020873081,9198.64416372486
Delta Air Lines,3011,origin,BOS,2320658.4485041024,126152.13380139158
Delta Air Lines,3011,dest,SFO,-1945640.7538789264,-556902.5127197708
Delta Air Lines,3012,origin,BTV,2081633.9139069868,291754.6637769176
Delta Air Lines,3012,dest,ATL,1438837.9937618312,-1129310.979486318
Delta Air Lines,3013,origin,FAI,NA,NA
Delta Air Lines,3013,dest,SEA,-1650755.3926562539,505066.6320739882
Delta Air Lines,3014,origin,SEA,-1650755.3926562539,505066.6320739882
Delta Air Lines,3014,dest,RDU,1892329.2704660424,-772779.4700067013
Delta Air Lines,3015,origin,RDU,1892329.2704660424,-772779.4700067013
Delta Air Lines,3015,dest,SEA,-1650755.3926562539,505066.6320739882
Delta Air Lines,3016,origin,SFO,-1945640.7538789264,-556902.5127197708
Delta Air Lines,3016,dest,BOS,2320658.4485041024,126152.13380139158
Delta Air Lines,3017,origin,DTW,1359641.697254995,-170996.60408534826
Delta Air Lines,3017,dest,GRB,937500.1847212611,11455.51186734217
Delta Air Lines,3018,origin,SEA,-1650755.3926562539,505066.6320739882
Delta Air Lines,3018,dest,FAI,NA,NA
Delta Air Lines,3019,origin,MSP,533284.8020873081,9198.64416372486
Delta Air Lines,3019,dest,CLE,1498726.2792607923,-232627.15593650908
Delta Air Lines,3020,origin,OMA,343006.6325637459,-402442.5398354072
Delta Air Lines,3020,dest,DTW,1359641.697254995,-170996.60408534826
Delta Air Lines,3021,origin,DTW,1359641.697254995,-170996.60408534826
Delta Air Lines,3021,dest,CLE,1498726.2792607923,-232627.15593650908
Delta Air Lines,3022,origin,LAX,-1689593.4354288722,-1043456.7015018368
Delta Air Lines,3022,dest,DEN,-398957.8437938119,-559911.2634607605
Delta Air Lines,3023,origin,MSP,533284.8020873081,9198.64416372486
Delta Air Lines,3023,dest,CVG,1316490.950820449,-539409.9479712159
Delta Air Lines,3024,origin,SEA,-1650755.3926562539,505066.6320739882
Delta Air Lines,3024,dest,BNA,1193955.4135102862,-891176.9680870201
Delta Air Lines,3025,origin,SEA,-1650755.3926562539,505066.6320739882
Delta Air Lines,3025,dest,AUS,225823.07315140465,-1638702.7618488022
Delta Air Lines,3026,origin,CVG,1316490.950820449,-539409.9479712159
Delta Air Lines,3026,dest,MSP,533284.8020873081,9198.64416372486
Delta Air Lines,3027,origin,BOS,2320658.4485041024,126152.13380139158
Delta Air Lines,3027,dest,TPA,1720329.790563932,-1713285.848456208
Delta Air Lines,3028,origin,TPA,1720329.790563932,-1713285.848456208
Delta Air Lines,3028,dest,BOS,2320658.4485041024,126152.13380139158
Delta Air Lines,3029,origin,JAX,1752547.7524868262,-1421732.3716896002
Delta Air Lines,3029,dest,MSP,533284.8020873081,9198.64416372486
Delta Air Lines,3030,origin,MSP,533284.8020873081,9198.64416372486
Delta Air Lines,3030,dest,JAX,1752547.7524868262,-1421732.3716896002
Delta Air Lines,3031,origin,DEN,-398957.8437938119,-559911.2634607605
Delta Air Lines,3031,dest,LAX,-1689593.4354288722,-1043456.7015018368
Delta Air Lines,3032,origin,IAD,1922328.2460675351,-409030.73296909296
Delta Air Lines,3032,dest,SLC,-1004609.4621734885,-395049.06406783813
Delta Air Lines,3033,origin,LGA,2155684.513057,-122316.28523641168
Delta Air Lines,3033,dest,DFW,278083.31647186854,-1338465.2155458855
Delta Air Lines,3034,origin,DTW,1359641.697254995,-170996.60408534826
Delta Air Lines,3034,dest,SNA,-1646508.559850192,-1083248.598617272
Delta Air Lines,3035,origin,SNA,-1646508.559850192,-1083248.598617272
Delta Air Lines,3035,dest,DTW,1359641.697254995,-170996.60408534826
Delta Air Lines,3036,origin,DFW,278083.31647186854,-1338465.2155458855
Delta Air Lines,3036,dest,LGA,2155684.513057,-122316.28523641168
Delta Air Lines,3037,origin,CLE,1498726.2792607923,-232627.15593650908
Delta Air Lines,3037,dest,DTW,1359641.697254995,-170996.60408534826
Delta Air Lines,3038,origin,AUS,225823.07315140465,-1638702.7618488022
Delta Air Lines,3038,dest,SEA,-1650755.3926562539,505066.6320739882
Delta Air Lines,3039,origin,BNA,1193955.4135102862,-891176.9680870201
Delta Air Lines,3039,dest,SEA,-1650755.3926562539,505066.6320739882
Delta Air Lines,3040,origin,DTW,1359641.697254995,-170996.60408534826
Delta Air Lines,3040,dest,IAD,1922328.2460675351,-409030.73296909296
Delta Air Lines,3041,origin,IAH,452316.2866359444,-1652751.7266989667
Delta Air Lines,3041,dest,DTW,1359641.697254995,-170996.60408534826
Delta Air Lines,3042,origin,DTW,1359641.697254995,-170996.60408534826
Delta Air Lines,3042,dest,MDT,1943193.8006085365,-257785.2270711698
United Airlines,3043,origin,CVG,1316490.950820449,-539409.9479712159
United Airlines,3043,dest,DEN,-398957.8437938119,-559911.2634607605
United Airlines,3044,origin,GRR,1172122.820083283,-131332.61154739256
United Airlines,3044,dest,DEN,-398957.8437938119,-559911.2634607605
United Airlines,3045,origin,ORD,995411.7016669,-262546.73068444384
United Airlines,3045,dest,STL,834066.6669227502,-646449.0468188728
United Airlines,3046,origin,ATL,1438837.9937618312,-1129310.979486318
United Airlines,3046,dest,IAH,452316.2866359444,-1652751.7266989667
United Airlines,3047,origin,MTJ,-686655.9669476862,-688739.660562748
United Airlines,3047,dest,DEN,-398957.8437938119,-559911.2634607605
United Airlines,3048,origin,CLE,1498726.2792607923,-232627.15593650908
United Airlines,3048,dest,FLL,1989416.8668556917,-1869685.279595282
United Airlines,3049,origin,RSW,1822839.8385921961,-1854169.26849232
United Airlines,3049,dest,CLE,1498726.2792607923,-232627.15593650908
United Airlines,3050,origin,IAH,452316.2866359444,-1652751.7266989667
United Airlines,3050,dest,TUL,369902.00173730054,-968710.335093024
United Airlines,3051,origin,DEN,-398957.8437938119,-559911.2634607605
United Airlines,3051,dest,MTJ,-686655.9669476862,-688739.660562748
United Airlines,3052,origin,RSW,1822839.8385921961,-1854169.26849232
United Airlines,3052,dest,DEN,-398957.8437938119,-559911.2634607605
United Airlines,3053,origin,DEN,-398957.8437938119,-559911.2634607605
United Airlines,3053,dest,BNA,1193955.4135102862,-891176.9680870201
United Airlines,3054,origin,DEN,-398957.8437938119,-559911.2634607605
United Airlines,3054,dest,TUS,-1033490.7270596127,-1363482.3767388165
United Airlines,3055,origin,TUS,-1033490.7270596127,-1363482.3767388165
United Airlines,3055,dest,DEN,-398957.8437938119,-559911.2634607605
United Airlines,3056,origin,MTJ,-686655.9669476862,-688739.660562748
United Airlines,3056,dest,ORD,995411.7016669,-262546.73068444384
United Airlines,3057,origin,JAC,-861423.9636510183,-97950.92206649132
United Airlines,3057,dest,EWR,2135095.905011877,-139210.669492847
United Airlines,3058,origin,OMA,343006.6325637459,-402442.5398354072
United Airlines,3058,dest,IAH,452316.2866359444,-1652751.7266989667
United Airlines,3059,origin,EGE,-591915.5806713243,-570781.3448486088
United Airlines,3059,dest,IAH,452316.2866359444,-1652751.7266989667
United Airlines,3060,origin,IND,1166867.010981104,-490339.71160834696
United Airlines,3060,dest,ORD,995411.7016669,-262546.73068444384
United Airlines,3061,origin,IAH,452316.2866359444,-1652751.7266989667
United Airlines,3061,dest,IND,1166867.010981104,-490339.71160834696
United Airlines,3062,origin,BNA,1193955.4135102862,-891176.9680870201
United Airlines,3062,dest,DEN,-398957.8437938119,-559911.2634607605
United Airlines,3063,origin,DEN,-398957.8437938119,-559911.2634607605
United Airlines,3063,dest,GRR,1172122.820083283,-131332.61154739256
United Airlines,3064,origin,CLE,1498726.2792607923,-232627.15593650908
United Airlines,3064,dest,RSW,1822839.8385921961,-1854169.26849232
United Airlines,3065,origin,FLL,1989416.8668556917,-1869685.279595282
United Airlines,3065,dest,CLE,1498726.2792607923,-232627.15593650908
United Airlines,3066,origin,IAD,1922328.2460675351,-409030.73296909296
United Airlines,3066,dest,ATL,1438837.9937618312,-1129310.979486318
United Airlines,3067,origin,EGE,-591915.5806713243,-570781.3448486088
United Airlines,3067,dest,EWR,2135095.905011877,-139210.669492847
United Airlines,3068,origin,DEN,-398957.8437938119,-559911.2634607605
United Airlines,3068,dest,CVG,1316490.950820449,-539409.9479712159
United Airlines,3069,origin,STL,834066.6669227502,-646449.0468188728
United Airlines,3069,dest,ORD,995411.7016669,-262546.73068444384
United Airlines,3070,origin,EWR,2135095.905011877,-139210.669492847
United Airlines,3070,dest,SRQ,1728853.7880800036,-1776894.0369085146
United Airlines,3071,origin,IAH,452316.2866359444,-1652751.7266989667
United Airlines,3071,dest,EGE,-591915.5806713243,-570781.3448486088
United Airlines,3072,origin,MIA,1981134.7610135972,-1902847.3929129404
United Airlines,3072,dest,DEN,-398957.8437938119,-559911.2634607605
United Airlines,3073,origin,STT,NA,NA
United Airlines,3073,dest,IAD,1922328.2460675351,-409030.73296909296
United Airlines,3074,origin,IAH,452316.2866359444,-1652751.7266989667
United Airlines,3074,dest,OMA,343006.6325637459,-402442.5398354072
United Airlines,3075,origin,OGG,NA,NA
United Airlines,3075,dest,DEN,-398957.8437938119,-559911.2634607605
United Airlines,3076,origin,EWR,2135095.905011877,-139210.669492847
United Airlines,3076,dest,JAC,-861423.9636510183,-97950.92206649132
United Airlines,3077,origin,IAD,1922328.2460675351,-409030.73296909296
United Airlines,3077,dest,STT,NA,NA
United Airlines,3078,origin,DEN,-398957.8437938119,-559911.2634607605
United Airlines,3078,dest,MIA,1981134.7610135972,-1902847.3929129404
United Airlines,3079,origin,SRQ,1728853.7880800036,-1776894.0369085146
United Airlines,3079,dest,EWR,2135095.905011877,-139210.669492847
United Airlines,3080,origin,STT,NA,NA
United Airlines,3080,dest,EWR,2135095.905011877,-139210.669492847
United Airlines,3081,origin,EWR,2135095.905011877,-139210.669492847
United Airlines,3081,dest,STT,NA,NA
United Airlines,3082,origin,SLC,-1004609.4621734885,-395049.06406783813
United Airlines,3082,dest,IAH,452316.2866359444,-1652751.7266989667
United Airlines,3083,origin,ORD,995411.7016669,-262546.73068444384
United Airlines,3083,dest,STT,NA,NA
United Airlines,3084,origin,IAH,452316.2866359444,-1652751.7266989667
United Airlines,3084,dest,SLC,-1004609.4621734885,-395049.06406783813
United Airlines,3085,origin,IAH,452316.2866359444,-1652751.7266989667
United Airlines,3085,dest,MCI,455074.4312943624,-619331.8913740775
United Airlines,3086,origin,SRQ,1728853.7880800036,-1776894.0369085146
United Airlines,3086,dest,ORD,995411.7016669,-262546.73068444384
United Airlines,3087,origin,STT,NA,NA
United Airlines,3087,dest,ORD,995411.7016669,-262546.73068444384
United Airlines,3088,origin,IND,1166867.010981104,-490339.71160834696
United Airlines,3088,dest,IAH,452316.2866359444,-1652751.7266989667
United Airlines,3089,origin,ORD,995411.7016669,-262546.73068444384
United Airlines,3089,dest,MTJ,-686655.9669476862,-688739.660562748
United Airlines,3090,origin,MCI,455074.4312943624,-619331.8913740775
United Airlines,3090,dest,IAH,452316.2866359444,-1652751.7266989667
United Airlines,3091,origin,DEN,-398957.8437938119,-559911.2634607605
United Airlines,3091,dest,OGG,NA,NA
United Airlines,3092,origin,ORD,995411.7016669,-262546.73068444384
United Airlines,3092,dest,SRQ,1728853.7880800036,-1776894.0369085146
United Airlines,3093,origin,SLC,-1004609.4621734885,-395049.06406783813
United Airlines,3093,dest,SFO,-1945640.7538789264,-556902.5127197708
United Airlines,3094,origin,DEN,-398957.8437938119,-559911.2634607605
United Airlines,3094,dest,RSW,1822839.8385921961,-1854169.26849232
United Airlines,3095,origin,EWR,2135095.905011877,-139210.669492847
United Airlines,3095,dest,EGE,-591915.5806713243,-570781.3448486088
United Airlines,3096,origin,IAH,452316.2866359444,-1652751.7266989667
United Airlines,3096,dest,HDN,-609905.1545202036,-475672.5575641322
United Airlines,3097,origin,HDN,-609905.1545202036,-475672.5575641322
United Airlines,3097,dest,IAH,452316.2866359444,-1652751.7266989667
United Airlines,3098,origin,HNL,NA,NA
United Airlines,3098,dest,IAD,1922328.2460675351,-409030.73296909296
United Airlines,3099,origin,IAD,1922328.2460675351,-409030.73296909296
United Airlines,3099,dest,HNL,NA,NA
United Airlines,3100,origin,ORD,995411.7016669,-262546.73068444384
United Airlines,3100,dest,OGG,NA,NA
United Airlines,3101,origin,IAH,452316.2866359444,-1652751.7266989667
United Airlines,3101,dest,MTJ,-686655.9669476862,-688739.660562748
United Airlines,3102,origin,LGA,2155684.513057,-122316.28523641168
United Airlines,3102,dest,MTJ,-686655.9669476862,-688739.660562748
United Airlines,3103,origin,MTJ,-686655.9669476862,-688739.660562748
United Airlines,3103,dest,LGA,2155684.513057,-122316.28523641168
United Airlines,3104,origin,TUL,369902.00173730054,-968710.335093024
United Airlines,3104,dest,IAH,452316.2866359444,-1652751.7266989667
United Airlines,3105,origin,MTJ,-686655.9669476862,-688739.660562748
United Airlines,3105,dest,IAH,452316.2866359444,-1652751.7266989667
United Airlines,3106,origin,EGE,-591915.5806713243,-570781.3448486088
United Airlines,3106,dest,IAD,1922328.2460675351,-409030.73296909296
United Airlines,3107,origin,PHX,-1115699.3885834513,-1205089.0053395256
United Airlines,3107,dest,LAX,-1689593.4354288722,-1043456.7015018368
United Airlines,3108,origin,OGG,NA,NA
United Airlines,3108,dest,ORD,995411.7016669,-262546.73068444384
United Airlines,3109,origin,SJU,NA,NA
United Airlines,3109,dest,CLE,1498726.2792607923,-232627.15593650908
United Airlines,3110,origin,CLE,1498726.2792607923,-232627.15593650908
United Airlines,3110,dest,SJU,NA,NA
United Airlines,3111,origin,SFO,-1945640.7538789264,-556902.5127197708
United Airlines,3111,dest,SLC,-1004609.4621734885,-395049.06406783813
United Airlines,3112,origin,HDN,-609905.1545202036,-475672.5575641322
United Airlines,3112,dest,EWR,2135095.905011877,-139210.669492847
United Airlines,3113,origin,IAH,452316.2866359444,-1652751.7266989667
United Airlines,3113,dest,ATL,1438837.9937618312,-1129310.979486318
United Airlines,3114,origin,IAD,1922328.2460675351,-409030.73296909296
United Airlines,3114,dest,HDN,-609905.1545202036,-475672.5575641322
United Airlines,3115,origin,IAH,452316.2866359444,-1652751.7266989667
United Airlines,3115,dest,JAC,-861423.9636510183,-97950.92206649132
United Airlines,3116,origin,EWR,2135095.905011877,-139210.669492847
United Airlines,3116,dest,BZN,-861247.8507503188,146078.48264388298
United Airlines,3117,origin,DEN,-398957.8437938119,-559911.2634607605
United Airlines,3117,dest,LIH,NA,NA
United Airlines,3118,origin,JAC,-861423.9636510183,-97950.92206649132
United Airlines,3118,dest,IAH,452316.2866359444,-1652751.7266989667
United Airlines,3119,origin,EWR,2135095.905011877,-139210.669492847
United Airlines,3119,dest,HDN,-609905.1545202036,-475672.5575641322
United Airlines,3120,origin,LIH,NA,NA
United Airlines,3120,dest,DEN,-398957.8437938119,-559911.2634607605
United Airlines,3121,origin,IAD,1922328.2460675351,-409030.73296909296
United Airlines,3121,dest,EGE,-591915.5806713243,-570781.3448486088
United Airlines,3122,origin,BZN,-861247.8507503188,146078.48264388298
United Airlines,3122,dest,EWR,2135095.905011877,-139210.669492847
United Airlines,3123,origin,KOA,NA,NA
United Airlines,3123,dest,DEN,-398957.8437938119,-559911.2634607605
United Airlines,3124,origin,DEN,-398957.8437938119,-559911.2634607605
United Airlines,3124,dest,KOA,NA,NA
United Airlines,3125,origin,HDN,-609905.1545202036,-475672.5575641322
United Airlines,3125,dest,IAD,1922328.2460675351,-409030.73296909296
United Airlines,3126,origin,JAX,1752547.7524868262,-1421732.3716896002
United Airlines,3126,dest,ORD,995411.7016669,-262546.73068444384
United Airlines,3127,origin,CLE,1498726.2792607923,-232627.15593650908
United Airlines,3127,dest,IAH,452316.2866359444,-1652751.7266989667
United Airlines,3128,origin,PIT,1653058.7188770992,-301571.10045485134
United Airlines,3128,dest,IAH,452316.2866359444,-1652751.7266989667
United Airlines,3129,origin,MEM,913341.2595404746,-1051685.0479322155
United Airlines,3129,dest,DEN,-398957.8437938119,-559911.2634607605
United Airlines,3130,origin,IAH,452316.2866359444,-1652751.7266989667
United Airlines,3130,dest,MSP,533284.8020873081,9198.64416372486
United Airlines,3131,origin,ORD,995411.7016669,-262546.73068444384
United Airlines,3131,dest,SAT,149495.41162521293,-1713236.8214802423
United Airlines,3132,origin,DEN,-398957.8437938119,-559911.2634607605
United Airlines,3132,dest,MEM,913341.2595404746,-1051685.0479322155
United Airlines,3133,origin,GUC,-602974.1659594608,-693475.1482176824
United Airlines,3133,dest,IAH,452316.2866359444,-1652751.7266989667
United Airlines,3134,origin,EGE,-591915.5806713243,-570781.3448486088
United Airlines,3134,dest,ORD,995411.7016669,-262546.73068444384
United Airlines,3135,origin,ANC,NA,NA
United Airlines,3135,dest,SFO,-1945640.7538789264,-556902.5127197708
United Airlines,3136,origin,IAH,452316.2866359444,-1652751.7266989667
United Airlines,3136,dest,GUC,-602974.1659594608,-693475.1482176824
United Airlines,3137,origin,SFO,-1945640.7538789264,-556902.5127197708
United Airlines,3137,dest,ANC,NA,NA
United Airlines,3138,origin,ORD,995411.7016669,-262546.73068444384
United Airlines,3138,dest,EGE,-591915.5806713243,-570781.3448486088
United Airlines,3139,origin,IAH,452316.2866359444,-1652751.7266989667
United Airlines,3139,dest,CLE,1498726.2792607923,-232627.15593650908
United Airlines,3140,origin,CLT,1718765.594159813,-891788.5105128315
United Airlines,3140,dest,EWR,2135095.905011877,-139210.669492847
United Airlines,3141,origin,MTJ,-686655.9669476862,-688739.660562748
United Airlines,3141,dest,EWR,2135095.905011877,-139210.669492847
United Airlines,3142,origin,EWR,2135095.905011877,-139210.669492847
United Airlines,3142,dest,MTJ,-686655.9669476862,-688739.660562748
United Airlines,3143,origin,PHX,-1115699.3885834513,-1205089.0053395256
United Airlines,3143,dest,CLE,1498726.2792607923,-232627.15593650908
Southwest Airlines,3144,origin,LGA,2155684.513057,-122316.28523641168
Southwest Airlines,3144,dest,IND,1166867.010981104,-490339.71160834696
Southwest Airlines,3145,origin,MCI,455074.4312943624,-619331.8913740775
Southwest Airlines,3145,dest,SNA,-1646508.559850192,-1083248.598617272
Southwest Airlines,3146,origin,MCO,1829771.2698870576,-1638824.7811905802
Southwest Airlines,3146,dest,GRR,1172122.820083283,-131332.61154739256
Southwest Airlines,3147,origin,MDW,1011185.7905791268,-281702.30650750065
Southwest Airlines,3147,dest,DAY,1337337.3311413545,-438530.28268780926
Southwest Airlines,3148,origin,MKE,980769.513678976,-155418.02245427898
Southwest Airlines,3148,dest,FLL,1989416.8668556917,-1869685.279595282
Southwest Airlines,3149,origin,MKE,980769.513678976,-155418.02245427898
Southwest Airlines,3149,dest,RSW,1822839.8385921961,-1854169.26849232
Southwest Airlines,3150,origin,MKE,980769.513678976,-155418.02245427898
Southwest Airlines,3150,dest,SAN,-1603701.5452417962,-1199220.2306533586
Southwest Airlines,3151,origin,MKE,980769.513678976,-155418.02245427898
Southwest Airlines,3151,dest,SEA,-1650755.3926562539,505066.6320739882
Southwest Airlines,3152,origin,MKE,980769.513678976,-155418.02245427898
Southwest Airlines,3152,dest,SFO,-1945640.7538789264,-556902.5127197708
Southwest Airlines,3153,origin,PBI,1982322.2831828392,-1802085.774986376
Southwest Airlines,3153,dest,PHL,2075929.4181951769,-255080.32292677445
Southwest Airlines,3154,origin,PDX,-1729571.0771865274,310444.7043324455
Southwest Airlines,3154,dest,ABQ,-603104.745800889,-1082686.4778323667
Southwest Airlines,3155,origin,PDX,-1729571.0771865274,310444.7043324455
Southwest Airlines,3155,dest,HOU,460280.73628586193,-1689712.830489488
Southwest Airlines,3156,origin,PDX,-1729571.0771865274,310444.7043324455
Southwest Airlines,3156,dest,SNA,-1646508.559850192,-1083248.598617272
Southwest Airlines,3157,origin,PHL,2075929.4181951769,-255080.32292677445
Southwest Airlines,3157,dest,PBI,1982322.2831828392,-1802085.774986376
Southwest Airlines,3158,origin,ROC,1784302.386940441,37810.92949343497
Southwest Airlines,3158,dest,TPA,1720329.790563932,-1713285.848456208
Southwest Airlines,3159,origin,RSW,1822839.8385921961,-1854169.26849232
Southwest Airlines,3159,dest,BDL,2208123.028463688,33971.4893617478
Southwest Airlines,3160,origin,RSW,1822839.8385921961,-1854169.26849232
Southwest Airlines,3160,dest,MKE,980769.513678976,-155418.02245427898
Southwest Airlines,3161,origin,SAN,-1603701.5452417962,-1199220.2306533586
Southwest Airlines,3161,dest,MKE,980769.513678976,-155418.02245427898
Southwest Airlines,3162,origin,SEA,-1650755.3926562539,505066.6320739882
Southwest Airlines,3162,dest,HOU,460280.73628586193,-1689712.830489488
Southwest Airlines,3163,origin,SEA,-1650755.3926562539,505066.6320739882
Southwest Airlines,3163,dest,MKE,980769.513678976,-155418.02245427898
Southwest Airlines,3164,origin,SEA,-1650755.3926562539,505066.6320739882
Southwest Airlines,3164,dest,SNA,-1646508.559850192,-1083248.598617272
Southwest Airlines,3165,origin,SFO,-1945640.7538789264,-556902.5127197708
Southwest Airlines,3165,dest,MKE,980769.513678976,-155418.02245427898
Southwest Airlines,3166,origin,SLC,-1004609.4621734885,-395049.06406783813
Southwest Airlines,3166,dest,BWI,1980887.5167152977,-365563.636502196
Southwest Airlines,3167,origin,SNA,-1646508.559850192,-1083248.598617272
Southwest Airlines,3167,dest,AUS,225823.07315140465,-1638702.7618488022
Southwest Airlines,3168,origin,SNA,-1646508.559850192,-1083248.598617272
Southwest Airlines,3168,dest,MCI,455074.4312943624,-619331.8913740775
Southwest Airlines,3169,origin,SNA,-1646508.559850192,-1083248.598617272
Southwest Airlines,3169,dest,PDX,-1729571.0771865274,310444.7043324455
Southwest Airlines,3170,origin,SNA,-1646508.559850192,-1083248.598617272
Southwest Airlines,3170,dest,SEA,-1650755.3926562539,505066.6320739882
Southwest Airlines,3171,origin,SNA,-1646508.559850192,-1083248.598617272
Southwest Airlines,3171,dest,STL,834066.6669227502,-646449.0468188728
Southwest Airlines,3172,origin,STL,834066.6669227502,-646449.0468188728
Southwest Airlines,3172,dest,SNA,-1646508.559850192,-1083248.598617272
Southwest Airlines,3173,origin,TPA,1720329.790563932,-1713285.848456208
Southwest Airlines,3173,dest,ROC,1784302.386940441,37810.92949343497
Southwest Airlines,3174,origin,ALB,2093896.6988834653,90839.80353075745
Southwest Airlines,3174,dest,FLL,1989416.8668556917,-1869685.279595282
Southwest Airlines,3175,origin,ALB,2093896.6988834653,90839.80353075745
Southwest Airlines,3175,dest,LAS,-1356682.4796960566,-868251.8410072095
Southwest Airlines,3176,origin,ATL,1438837.9937618312,-1129310.979486318
Southwest Airlines,3176,dest,CAK,1543868.6042368207,-278981.2055969662
Southwest Airlines,3177,origin,AUS,225823.07315140465,-1638702.7618488022
Southwest Airlines,3177,dest,SNA,-1646508.559850192,-1083248.598617272
Southwest Airlines,3178,origin,BDL,2208123.028463688,33971.4893617478
Southwest Airlines,3178,dest,RSW,1822839.8385921961,-1854169.26849232
Southwest Airlines,3179,origin,BNA,1193955.4135102862,-891176.9680870201
Southwest Airlines,3179,dest,RSW,1822839.8385921961,-1854169.26849232
Southwest Airlines,3180,origin,BWI,1980887.5167152977,-365563.636502196
Southwest Airlines,3180,dest,SLC,-1004609.4621734885,-395049.06406783813
Southwest Airlines,3181,origin,CAK,1543868.6042368207,-278981.2055969662
Southwest Airlines,3181,dest,ATL,1438837.9937618312,-1129310.979486318
Southwest Airlines,3182,origin,CMH,1445821.7184349983,-405735.9494879742
Southwest Airlines,3182,dest,FLL,1989416.8668556917,-1869685.279595282
Southwest Airlines,3183,origin,DAY,1337337.3311413545,-438530.28268780926
Southwest Airlines,3183,dest,MDW,1011185.7905791268,-281702.30650750065
Southwest Airlines,3184,origin,FLL,1989416.8668556917,-1869685.279595282
Southwest Airlines,3184,dest,ALB,2093896.6988834653,90839.80353075745
Southwest Airlines,3185,origin,FLL,1989416.8668556917,-1869685.279595282
Southwest Airlines,3185,dest,CMH,1445821.7184349983,-405735.9494879742
Southwest Airlines,3186,origin,FLL,1989416.8668556917,-1869685.279595282
Southwest Airlines,3186,dest,MKE,980769.513678976,-155418.02245427898
Southwest Airlines,3187,origin,GRR,1172122.820083283,-131332.61154739256
Southwest Airlines,3187,dest,MCO,1829771.2698870576,-1638824.7811905802
Southwest Airlines,3188,origin,GRR,1172122.820083283,-131332.61154739256
Southwest Airlines,3188,dest,RSW,1822839.8385921961,-1854169.26849232
Southwest Airlines,3189,origin,GRR,1172122.820083283,-131332.61154739256
Southwest Airlines,3189,dest,TPA,1720329.790563932,-1713285.848456208
Southwest Airlines,3190,origin,HOU,460280.73628586193,-1689712.830489488
Southwest Airlines,3190,dest,PDX,-1729571.0771865274,310444.7043324455
Southwest Airlines,3191,origin,IND,1166867.010981104,-490339.71160834696
Southwest Airlines,3191,dest,LGA,2155684.513057,-122316.28523641168
Southwest Airlines,3192,origin,LAS,-1356682.4796960566,-868251.8410072095
Southwest Airlines,3192,dest,ALB,2093896.6988834653,90839.80353075745
Southwest Airlines,3193,origin,MCI,455074.4312943624,-619331.8913740775
Southwest Airlines,3193,dest,RSW,1822839.8385921961,-1854169.26849232
Southwest Airlines,3194,origin,RSW,1822839.8385921961,-1854169.26849232
Southwest Airlines,3194,dest,BNA,1193955.4135102862,-891176.9680870201
Southwest Airlines,3195,origin,RSW,1822839.8385921961,-1854169.26849232
Southwest Airlines,3195,dest,GRR,1172122.820083283,-131332.61154739256
Southwest Airlines,3196,origin,RSW,1822839.8385921961,-1854169.26849232
Southwest Airlines,3196,dest,MCI,455074.4312943624,-619331.8913740775
Southwest Airlines,3197,origin,TPA,1720329.790563932,-1713285.848456208
Southwest Airlines,3197,dest,GRR,1172122.820083283,-131332.61154739256
Southwest Airlines,3198,origin,BUF,1707245.286740146,-4371.266382491431
Southwest Airlines,3198,dest,RSW,1822839.8385921961,-1854169.26849232
Southwest Airlines,3199,origin,CAK,1543868.6042368207,-278981.2055969662
Southwest Airlines,3199,dest,MCO,1829771.2698870576,-1638824.7811905802
Southwest Airlines,3200,origin,DAL,295794.1446696455,-1343507.98461109
Southwest Airlines,3200,dest,RNO,-1678096.5663649472,-409666.019399356
Southwest Airlines,3201,origin,DTW,1359641.697254995,-170996.60408534826
Southwest Airlines,3201,dest,MCO,1829771.2698870576,-1638824.7811905802
Southwest Airlines,3202,origin,FLL,1989416.8668556917,-1869685.279595282
Southwest Airlines,3202,dest,MSP,533284.8020873081,9198.64416372486
Southwest Airlines,3203,origin,FNT,1311994.7209737643,-94908.29069657825
Southwest Airlines,3203,dest,MCO,1829771.2698870576,-1638824.7811905802
Southwest Airlines,3204,origin,FNT,1311994.7209737643,-94908.29069657825
Southwest Airlines,3204,dest,RSW,1822839.8385921961,-1854169.26849232
Southwest Airlines,3205,origin,FNT,1311994.7209737643,-94908.29069657825
Southwest Airlines,3205,dest,TPA,1720329.790563932,-1713285.848456208
Southwest Airlines,3206,origin,MCO,1829771.2698870576,-1638824.7811905802
Southwest Airlines,3206,dest,CAK,1543868.6042368207,-278981.2055969662
Southwest Airlines,3207,origin,MCO,1829771.2698870576,-1638824.7811905802
Southwest Airlines,3207,dest,DTW,1359641.697254995,-170996.60408534826
Southwest Airlines,3208,origin,MCO,1829771.2698870576,-1638824.7811905802
Southwest Airlines,3208,dest,FNT,1311994.7209737643,-94908.29069657825
Southwest Airlines,3209,origin,MCO,1829771.2698870576,-1638824.7811905802
Southwest Airlines,3209,dest,OMA,343006.6325637459,-402442.5398354072
Southwest Airlines,3210,origin,MCO,1829771.2698870576,-1638824.7811905802
Southwest Airlines,3210,dest,RIC,1974576.5147112373,-562009.3202353421
Southwest Airlines,3211,origin,MSP,533284.8020873081,9198.64416372486
Southwest Airlines,3211,dest,FLL,1989416.8668556917,-1869685.279595282
Southwest Airlines,3212,origin,OMA,343006.6325637459,-402442.5398354072
Southwest Airlines,3212,dest,MCO,1829771.2698870576,-1638824.7811905802
Southwest Airlines,3213,origin,PVD,2312630.224903233,45984.38112504096
Southwest Airlines,3213,dest,RSW,1822839.8385921961,-1854169.26849232
Southwest Airlines,3214,origin,RIC,1974576.5147112373,-562009.3202353421
Southwest Airlines,3214,dest,MCO,1829771.2698870576,-1638824.7811905802
Southwest Airlines,3215,origin,RNO,-1678096.5663649472,-409666.019399356
Southwest Airlines,3215,dest,DAL,295794.1446696455,-1343507.98461109
Southwest Airlines,3216,origin,RSW,1822839.8385921961,-1854169.26849232
Southwest Airlines,3216,dest,BUF,1707245.286740146,-4371.266382491431
Southwest Airlines,3217,origin,RSW,1822839.8385921961,-1854169.26849232
Southwest Airlines,3217,dest,FNT,1311994.7209737643,-94908.29069657825
Southwest Airlines,3218,origin,RSW,1822839.8385921961,-1854169.26849232
Southwest Airlines,3218,dest,PVD,2312630.224903233,45984.38112504096
Southwest Airlines,3219,origin,TPA,1720329.790563932,-1713285.848456208
Southwest Airlines,3219,dest,FNT,1311994.7209737643,-94908.29069657825
American Airlines,3220,origin,PHX,-1115699.3885834513,-1205089.0053395256
American Airlines,3220,dest,PDX,-1729571.0771865274,310444.7043324455
American Airlines,3221,origin,SEA,-1650755.3926562539,505066.6320739882
American Airlines,3221,dest,PHX,-1115699.3885834513,-1205089.0053395256
American Airlines,3222,origin,ORD,995411.7016669,-262546.73068444384
American Airlines,3222,dest,MSP,533284.8020873081,9198.64416372486
American Airlines,3223,origin,MCI,455074.4312943624,-619331.8913740775
American Airlines,3223,dest,PHX,-1115699.3885834513,-1205089.0053395256
American Airlines,3224,origin,DFW,278083.31647186854,-1338465.2155458855
American Airlines,3224,dest,MCI,455074.4312943624,-619331.8913740775
American Airlines,3225,origin,MIA,1981134.7610135972,-1902847.3929129404
American Airlines,3225,dest,MSY,943779.1568939897,-1610813.662288556
American Airlines,3226,origin,JAX,1752547.7524868262,-1421732.3716896002
American Airlines,3226,dest,DFW,278083.31647186854,-1338465.2155458855
American Airlines,3227,origin,MSY,943779.1568939897,-1610813.662288556
American Airlines,3227,dest,MIA,1981134.7610135972,-1902847.3929129404
American Airlines,3228,origin,PHX,-1115699.3885834513,-1205089.0053395256
American Airlines,3228,dest,BOS,2320658.4485041024,126152.13380139158
American Airlines,3229,origin,EWR,2135095.905011877,-139210.669492847
American Airlines,3229,dest,MIA,1981134.7610135972,-1902847.3929129404
American Airlines,3230,origin,DFW,278083.31647186854,-1338465.2155458855
American Airlines,3230,dest,JAX,1752547.7524868262,-1421732.3716896002
American Airlines,3231,origin,MSY,943779.1568939897,-1610813.662288556
American Airlines,3231,dest,DFW,278083.31647186854,-1338465.2155458855
American Airlines,3232,origin,RSW,1822839.8385921961,-1854169.26849232
American Airlines,3232,dest,ORD,995411.7016669,-262546.73068444384
American Airlines,3233,origin,ORD,995411.7016669,-262546.73068444384
American Airlines,3233,dest,SJU,NA,NA
American Airlines,3234,origin,BOS,2320658.4485041024,126152.13380139158
American Airlines,3234,dest,PHX,-1115699.3885834513,-1205089.0053395256
American Airlines,3235,origin,PHX,-1115699.3885834513,-1205089.0053395256
American Airlines,3235,dest,SFO,-1945640.7538789264,-556902.5127197708
American Airlines,3236,origin,IND,1166867.010981104,-490339.71160834696
American Airlines,3236,dest,PHX,-1115699.3885834513,-1205089.0053395256
American Airlines,3237,origin,PHX,-1115699.3885834513,-1205089.0053395256
American Airlines,3237,dest,DTW,1359641.697254995,-170996.60408534826
American Airlines,3238,origin,SJC,-1914820.4720456952,-595055.2286396603
American Airlines,3238,dest,PHX,-1115699.3885834513,-1205089.0053395256
American Airlines,3239,origin,LAX,-1689593.4354288722,-1043456.7015018368
American Airlines,3239,dest,BNA,1193955.4135102862,-891176.9680870201
American Airlines,3240,origin,SEA,-1650755.3926562539,505066.6320739882
American Airlines,3240,dest,PHL,2075929.4181951769,-255080.32292677445
American Airlines,3241,origin,OGG,NA,NA
American Airlines,3241,dest,PHX,-1115699.3885834513,-1205089.0053395256
American Airlines,3242,origin,DTW,1359641.697254995,-170996.60408534826
American Airlines,3242,dest,PHX,-1115699.3885834513,-1205089.0053395256
American Airlines,3243,origin,LAX,-1689593.4354288722,-1043456.7015018368
American Airlines,3243,dest,PHX,-1115699.3885834513,-1205089.0053395256
American Airlines,3244,origin,PHX,-1115699.3885834513,-1205089.0053395256
American Airlines,3244,dest,SMF,-1850472.0747063856,-458086.04301328777
American Airlines,3245,origin,DSM,527073.5637794238,-365025.8008899143
American Airlines,3245,dest,PHX,-1115699.3885834513,-1205089.0053395256
American Airlines,3246,origin,MEM,913341.2595404746,-1051685.0479322155
American Airlines,3246,dest,PHX,-1115699.3885834513,-1205089.0053395256
American Airlines,3247,origin,GEG,-1301359.421680582,434754.4516689109
American Airlines,3247,dest,PHX,-1115699.3885834513,-1205089.0053395256
American Airlines,3248,origin,PHX,-1115699.3885834513,-1205089.0053395256
American Airlines,3248,dest,MEM,913341.2595404746,-1051685.0479322155
American Airlines,3249,origin,BOI,-1296364.617988922,-29797.04410178459
American Airlines,3249,dest,PHX,-1115699.3885834513,-1205089.0053395256
American Airlines,3250,origin,PHX,-1115699.3885834513,-1205089.0053395256
American Airlines,3250,dest,BWI,1980887.5167152977,-365563.636502196
American Airlines,3251,origin,DFW,278083.31647186854,-1338465.2155458855
American Airlines,3251,dest,PDX,-1729571.0771865274,310444.7043324455
American Airlines,3252,origin,ATL,1438837.9937618312,-1129310.979486318
American Airlines,3252,dest,PHX,-1115699.3885834513,-1205089.0053395256
American Airlines,3253,origin,SAN,-1603701.5452417962,-1199220.2306533586
American Airlines,3253,dest,DFW,278083.31647186854,-1338465.2155458855
American Airlines,3254,origin,PHX,-1115699.3885834513,-1205089.0053395256
American Airlines,3254,dest,OGG,NA,NA
American Airlines,3255,origin,DCA,1959959.090984065,-409479.41835946374
American Airlines,3255,dest,PHX,-1115699.3885834513,-1205089.0053395256
American Airlines,3256,origin,MIA,1981134.7610135972,-1902847.3929129404
American Airlines,3256,dest,PHX,-1115699.3885834513,-1205089.0053395256
American Airlines,3257,origin,SFO,-1945640.7538789264,-556902.5127197708
American Airlines,3257,dest,PHL,2075929.4181951769,-255080.32292677445
American Airlines,3258,origin,BNA,1193955.4135102862,-891176.9680870201
American Airlines,3258,dest,LAX,-1689593.4354288722,-1043456.7015018368
American Airlines,3259,origin,MCO,1829771.2698870576,-1638824.7811905802
American Airlines,3259,dest,PHX,-1115699.3885834513,-1205089.0053395256
American Airlines,3260,origin,CMH,1445821.7184349983,-405735.9494879742
American Airlines,3260,dest,PHX,-1115699.3885834513,-1205089.0053395256
American Airlines,3261,origin,PHX,-1115699.3885834513,-1205089.0053395256
American Airlines,3261,dest,BOI,-1296364.617988922,-29797.04410178459
American Airlines,3262,origin,PHX,-1115699.3885834513,-1205089.0053395256
American Airlines,3262,dest,MCI,455074.4312943624,-619331.8913740775
American Airlines,3263,origin,CLT,1718765.594159813,-891788.5105128315
American Airlines,3263,dest,SLC,-1004609.4621734885,-395049.06406783813
American Airlines,3264,origin,STL,834066.6669227502,-646449.0468188728
American Airlines,3264,dest,PHX,-1115699.3885834513,-1205089.0053395256
American Airlines,3265,origin,IND,1166867.010981104,-490339.71160834696
American Airlines,3265,dest,LAX,-1689593.4354288722,-1043456.7015018368
American Airlines,3266,origin,PHX,-1115699.3885834513,-1205089.0053395256
American Airlines,3266,dest,IND,1166867.010981104,-490339.71160834696
American Airlines,3267,origin,CLT,1718765.594159813,-891788.5105128315
American Airlines,3267,dest,SFO,-1945640.7538789264,-556902.5127197708
American Airlines,3268,origin,ATL,1438837.9937618312,-1129310.979486318
American Airlines,3268,dest,LGA,2155684.513057,-122316.28523641168
American Airlines,3269,origin,CLT,1718765.594159813,-891788.5105128315
American Airlines,3269,dest,SMF,-1850472.0747063856,-458086.04301328777
American Airlines,3270,origin,PHX,-1115699.3885834513,-1205089.0053395256
American Airlines,3270,dest,OMA,343006.6325637459,-402442.5398354072
American Airlines,3271,origin,CLT,1718765.594159813,-891788.5105128315
American Airlines,3271,dest,SAN,-1603701.5452417962,-1199220.2306533586
American Airlines,3272,origin,SAN,-1603701.5452417962,-1199220.2306533586
American Airlines,3272,dest,PHX,-1115699.3885834513,-1205089.0053395256
American Airlines,3273,origin,DFW,278083.31647186854,-1338465.2155458855
American Airlines,3273,dest,BOI,-1296364.617988922,-29797.04410178459
American Airlines,3274,origin,PHX,-1115699.3885834513,-1205089.0053395256
American Airlines,3274,dest,IAH,452316.2866359444,-1652751.7266989667
American Airlines,3275,origin,SMF,-1850472.0747063856,-458086.04301328777
American Airlines,3275,dest,CLT,1718765.594159813,-891788.5105128315
American Airlines,3276,origin,SMF,-1850472.0747063856,-458086.04301328777
American Airlines,3276,dest,PHX,-1115699.3885834513,-1205089.0053395256
American Airlines,3277,origin,PHX,-1115699.3885834513,-1205089.0053395256
American Airlines,3277,dest,STL,834066.6669227502,-646449.0468188728
American Airlines,3278,origin,OMA,343006.6325637459,-402442.5398354072
American Airlines,3278,dest,LAX,-1689593.4354288722,-1043456.7015018368
American Airlines,3279,origin,CLT,1718765.594159813,-891788.5105128315
American Airlines,3279,dest,MDT,1943193.8006085365,-257785.2270711698
American Airlines,3280,origin,PHX,-1115699.3885834513,-1205089.0053395256
American Airlines,3280,dest,PIT,1653058.7188770992,-301571.10045485134
American Airlines,3281,origin,OMA,343006.6325637459,-402442.5398354072
American Airlines,3281,dest,PHX,-1115699.3885834513,-1205089.0053395256
American Airlines,3282,origin,PHX,-1115699.3885834513,-1205089.0053395256
American Airlines,3282,dest,OAK,-1929816.947397706,-549399.1884917811
American Airlines,3283,origin,DFW,278083.31647186854,-1338465.2155458855
American Airlines,3283,dest,OMA,343006.6325637459,-402442.5398354072
American Airlines,3284,origin,OMA,343006.6325637459,-402442.5398354072
American Airlines,3284,dest,DFW,278083.31647186854,-1338465.2155458855
American Airlines,3285,origin,MKE,980769.513678976,-155418.02245427898
American Airlines,3285,dest,DFW,278083.31647186854,-1338465.2155458855
American Airlines,3286,origin,MIA,1981134.7610135972,-1902847.3929129404
American Airlines,3286,dest,STX,NA,NA
American Airlines,3287,origin,STX,NA,NA
American Airlines,3287,dest,MIA,1981134.7610135972,-1902847.3929129404
American Airlines,3288,origin,ORD,995411.7016669,-262546.73068444384
American Airlines,3288,dest,SAN,-1603701.5452417962,-1199220.2306533586
American Airlines,3289,origin,DFW,278083.31647186854,-1338465.2155458855
American Airlines,3289,dest,MSY,943779.1568939897,-1610813.662288556
American Airlines,3290,origin,SLC,-1004609.4621734885,-395049.06406783813
American Airlines,3290,dest,ORD,995411.7016669,-262546.73068444384
American Airlines,3291,origin,DFW,278083.31647186854,-1338465.2155458855
American Airlines,3291,dest,MTJ,-686655.9669476862,-688739.660562748
American Airlines,3292,origin,DFW,278083.31647186854,-1338465.2155458855
American Airlines,3292,dest,FAT,-1740731.0681842598,-707419.3398996206
American Airlines,3293,origin,ORD,995411.7016669,-262546.73068444384
American Airlines,3293,dest,SMF,-1850472.0747063856,-458086.04301328777
American Airlines,3294,origin,ORD,995411.7016669,-262546.73068444384
American Airlines,3294,dest,EWR,2135095.905011877,-139210.669492847
American Airlines,3295,origin,TUL,369902.00173730054,-968710.335093024
American Airlines,3295,dest,ORD,995411.7016669,-262546.73068444384
American Airlines,3296,origin,SJU,NA,NA
American Airlines,3296,dest,ORD,995411.7016669,-262546.73068444384
American Airlines,3297,origin,ELP,-605825.3288960081,-1441254.1790057654
American Airlines,3297,dest,DFW,278083.31647186854,-1338465.2155458855
American Airlines,3298,origin,TPA,1720329.790563932,-1713285.848456208
American Airlines,3298,dest,MIA,1981134.7610135972,-1902847.3929129404
American Airlines,3299,origin,TUL,369902.00173730054,-968710.335093024
American Airlines,3299,dest,MIA,1981134.7610135972,-1902847.3929129404
American Airlines,3300,origin,ORD,995411.7016669,-262546.73068444384
American Airlines,3300,dest,DFW,278083.31647186854,-1338465.2155458855
American Airlines,3301,origin,AUS,225823.07315140465,-1638702.7618488022
American Airlines,3301,dest,ORD,995411.7016669,-262546.73068444384
American Airlines,3302,origin,ORD,995411.7016669,-262546.73068444384
American Airlines,3302,dest,AUS,225823.07315140465,-1638702.7618488022
American Airlines,3303,origin,DFW,278083.31647186854,-1338465.2155458855
American Airlines,3303,dest,TUS,-1033490.7270596127,-1363482.3767388165
American Airlines,3304,origin,BWI,1980887.5167152977,-365563.636502196
American Airlines,3304,dest,PHX,-1115699.3885834513,-1205089.0053395256
American Airlines,3305,origin,STT,NA,NA
American Airlines,3305,dest,MIA,1981134.7610135972,-1902847.3929129404
American Airlines,3306,origin,DFW,278083.31647186854,-1338465.2155458855
American Airlines,3306,dest,ABQ,-603104.745800889,-1082686.4778323667
American Airlines,3307,origin,JFK,2167729.4793459354,-134551.3799715436
American Airlines,3307,dest,SJU,NA,NA
American Airlines,3308,origin,DFW,278083.31647186854,-1338465.2155458855
American Airlines,3308,dest,OKC,218240.3077465392,-1063902.9710996167
American Airlines,3309,origin,IAD,1922328.2460675351,-409030.73296909296
American Airlines,3309,dest,LAX,-1689593.4354288722,-1043456.7015018368
American Airlines,3310,origin,STL,834066.6669227502,-646449.0468188728
American Airlines,3310,dest,MIA,1981134.7610135972,-1902847.3929129404
American Airlines,3311,origin,DFW,278083.31647186854,-1338465.2155458855
American Airlines,3311,dest,DSM,527073.5637794238,-365025.8008899143
American Airlines,3312,origin,DCA,1959959.090984065,-409479.41835946374
American Airlines,3312,dest,LAS,-1356682.4796960566,-868251.8410072095
American Airlines,3313,origin,DFW,278083.31647186854,-1338465.2155458855
American Airlines,3313,dest,CMH,1445821.7184349983,-405735.9494879742
American Airlines,3314,origin,LAX,-1689593.4354288722,-1043456.7015018368
American Airlines,3314,dest,IAD,1922328.2460675351,-409030.73296909296
American Airlines,3315,origin,MIA,1981134.7610135972,-1902847.3929129404
American Airlines,3315,dest,STT,NA,NA
American Airlines,3316,origin,MIA,1981134.7610135972,-1902847.3929129404
American Airlines,3316,dest,BDL,2208123.028463688,33971.4893617478
American Airlines,3317,origin,PBI,1982322.2831828392,-1802085.774986376
American Airlines,3317,dest,DFW,278083.31647186854,-1338465.2155458855
American Airlines,3318,origin,ORD,995411.7016669,-262546.73068444384
American Airlines,3318,dest,BDL,2208123.028463688,33971.4893617478
American Airlines,3319,origin,PHX,-1115699.3885834513,-1205089.0053395256
American Airlines,3319,dest,SEA,-1650755.3926562539,505066.6320739882
American Airlines,3320,origin,MSP,533284.8020873081,9198.64416372486
American Airlines,3320,dest,PHX,-1115699.3885834513,-1205089.0053395256
American Airlines,3321,origin,MIA,1981134.7610135972,-1902847.3929129404
American Airlines,3321,dest,LAS,-1356682.4796960566,-868251.8410072095
American Airlines,3322,origin,PDX,-1729571.0771865274,310444.7043324455
American Airlines,3322,dest,DFW,278083.31647186854,-1338465.2155458855
American Airlines,3323,origin,RNO,-1678096.5663649472,-409666.019399356
American Airlines,3323,dest,PHX,-1115699.3885834513,-1205089.0053395256
American Airlines,3324,origin,PHX,-1115699.3885834513,-1205089.0053395256
American Airlines,3324,dest,ONT,-1614545.9907031525,-1046821.4894757676
American Airlines,3325,origin,DFW,278083.31647186854,-1338465.2155458855
American Airlines,3325,dest,RNO,-1678096.5663649472,-409666.019399356
American Airlines,3326,origin,CLT,1718765.594159813,-891788.5105128315
American Airlines,3326,dest,SYR,1905272.1686460353,72673.25213846966
American Airlines,3327,origin,CLT,1718765.594159813,-891788.5105128315
American Airlines,3327,dest,MEM,913341.2595404746,-1051685.0479322155
American Airlines,3328,origin,CLT,1718765.594159813,-891788.5105128315
American Airlines,3328,dest,MSP,533284.8020873081,9198.64416372486
American Airlines,3329,origin,CLT,1718765.594159813,-891788.5105128315
American Airlines,3329,dest,RSW,1822839.8385921961,-1854169.26849232
American Airlines,3330,origin,PHL,2075929.4181951769,-255080.32292677445
American Airlines,3330,dest,IND,1166867.010981104,-490339.71160834696
American Airlines,3331,origin,CLT,1718765.594159813,-891788.5105128315
American Airlines,3331,dest,PWM,2323046.368311461,282201.85932739975
American Airlines,3332,origin,LAX,-1689593.4354288722,-1043456.7015018368
American Airlines,3332,dest,PIT,1653058.7188770992,-301571.10045485134
American Airlines,3333,origin,PHL,2075929.4181951769,-255080.32292677445
American Airlines,3333,dest,TPA,1720329.790563932,-1713285.848456208
American Airlines,3334,origin,DEN,-398957.8437938119,-559911.2634607605
American Airlines,3334,dest,CLT,1718765.594159813,-891788.5105128315
American Airlines,3335,origin,PHL,2075929.4181951769,-255080.32292677445
American Airlines,3335,dest,BDL,2208123.028463688,33971.4893617478
American Airlines,3336,origin,BDL,2208123.028463688,33971.4893617478
American Airlines,3336,dest,PHL,2075929.4181951769,-255080.32292677445
American Airlines,3337,origin,AUS,225823.07315140465,-1638702.7618488022
American Airlines,3337,dest,PHL,2075929.4181951769,-255080.32292677445
American Airlines,3338,origin,PHL,2075929.4181951769,-255080.32292677445
American Airlines,3338,dest,AUS,225823.07315140465,-1638702.7618488022
American Airlines,3339,origin,PHX,-1115699.3885834513,-1205089.0053395256
American Airlines,3339,dest,DSM,527073.5637794238,-365025.8008899143
American Airlines,3340,origin,MIA,1981134.7610135972,-1902847.3929129404
American Airlines,3340,dest,STL,834066.6669227502,-646449.0468188728
American Airlines,3341,origin,PHL,2075929.4181951769,-255080.32292677445
American Airlines,3341,dest,RSW,1822839.8385921961,-1854169.26849232
American Airlines,3342,origin,LGA,2155684.513057,-122316.28523641168
American Airlines,3342,dest,DCA,1959959.090984065,-409479.41835946374
American Airlines,3343,origin,BOS,2320658.4485041024,126152.13380139158
American Airlines,3343,dest,DCA,1959959.090984065,-409479.41835946374
American Airlines,3344,origin,DCA,1959959.090984065,-409479.41835946374
American Airlines,3344,dest,BOS,2320658.4485041024,126152.13380139158
American Airlines,3345,origin,DCA,1959959.090984065,-409479.41835946374
American Airlines,3345,dest,LGA,2155684.513057,-122316.28523641168
American Airlines,3346,origin,BOS,2320658.4485041024,126152.13380139158
American Airlines,3346,dest,LGA,2155684.513057,-122316.28523641168
American Airlines,3347,origin,LGA,2155684.513057,-122316.28523641168
American Airlines,3347,dest,BOS,2320658.4485041024,126152.13380139158
American Airlines,3348,origin,DFW,278083.31647186854,-1338465.2155458855
American Airlines,3348,dest,AMA,-155479.84081452896,-1084678.4667509194
American Airlines,3349,origin,DFW,278083.31647186854,-1338465.2155458855
American Airlines,3349,dest,GUC,-602974.1659594608,-693475.1482176824
American Airlines,3350,origin,GUC,-602974.1659594608,-693475.1482176824
American Airlines,3350,dest,DFW,278083.31647186854,-1338465.2155458855
American Airlines,3351,origin,AMA,-155479.84081452896,-1084678.4667509194
American Airlines,3351,dest,DFW,278083.31647186854,-1338465.2155458855
American Airlines,3352,origin,AUS,225823.07315140465,-1638702.7618488022
American Airlines,3352,dest,JFK,2167729.4793459354,-134551.3799715436
American Airlines,3353,origin,JFK,2167729.4793459354,-134551.3799715436
American Airlines,3353,dest,DCA,1959959.090984065,-409479.41835946374
American Airlines,3354,origin,DFW,278083.31647186854,-1338465.2155458855
American Airlines,3354,dest,PSP,-1520118.9583575455,-1091859.511799427
American Airlines,3355,origin,IAD,1922328.2460675351,-409030.73296909296
American Airlines,3355,dest,DFW,278083.31647186854,-1338465.2155458855
American Airlines,3356,origin,DFW,278083.31647186854,-1338465.2155458855
American Airlines,3356,dest,COS,-407608.2995632326,-676916.7449861787
American Airlines,3357,origin,DFW,278083.31647186854,-1338465.2155458855
American Airlines,3357,dest,JAC,-861423.9636510183,-97950.92206649132
American Airlines,3358,origin,JAC,-861423.9636510183,-97950.92206649132
American Airlines,3358,dest,DFW,278083.31647186854,-1338465.2155458855
American Airlines,3359,origin,CLE,1498726.2792607923,-232627.15593650908
American Airlines,3359,dest,DFW,278083.31647186854,-1338465.2155458855
American Airlines,3360,origin,DFW,278083.31647186854,-1338465.2155458855
American Airlines,3360,dest,CLE,1498726.2792607923,-232627.15593650908
American Airlines,3361,origin,MIA,1981134.7610135972,-1902847.3929129404
American Airlines,3361,dest,SLC,-1004609.4621734885,-395049.06406783813
American Airlines,3362,origin,MTJ,-686655.9669476862,-688739.660562748
American Airlines,3362,dest,DFW,278083.31647186854,-1338465.2155458855
American Airlines,3363,origin,PHX,-1115699.3885834513,-1205089.0053395256
American Airlines,3363,dest,MIA,1981134.7610135972,-1902847.3929129404
American Airlines,3364,origin,DFW,278083.31647186854,-1338465.2155458855
American Airlines,3364,dest,CRP,248519.4938179987,-1904926.3228790544
American Airlines,3365,origin,MIA,1981134.7610135972,-1902847.3929129404
American Airlines,3365,dest,TUL,369902.00173730054,-968710.335093024
American Airlines,3366,origin,PSP,-1520118.9583575455,-1091859.511799427
American Airlines,3366,dest,DFW,278083.31647186854,-1338465.2155458855
Delta Air Lines,3367,origin,CMH,1445821.7184349983,-405735.9494879742
Delta Air Lines,3367,dest,DTW,1359641.697254995,-170996.60408534826
Delta Air Lines,3368,origin,MSP,533284.8020873081,9198.64416372486
Delta Air Lines,3368,dest,ATW,910545.9787089666,-17980.838455885427
Delta Air Lines,3369,origin,SLC,-1004609.4621734885,-395049.06406783813
Delta Air Lines,3369,dest,FLL,1989416.8668556917,-1869685.279595282
Delta Air Lines,3370,origin,ATL,1438837.9937618312,-1129310.979486318
Delta Air Lines,3370,dest,HPN,2158894.9049711176,-86876.2302864189
Delta Air Lines,3371,origin,HPN,2158894.9049711176,-86876.2302864189
Delta Air Lines,3371,dest,ATL,1438837.9937618312,-1129310.979486318
Delta Air Lines,3372,origin,ATW,910545.9787089666,-17980.838455885427
Delta Air Lines,3372,dest,MSP,533284.8020873081,9198.64416372486
Delta Air Lines,3373,origin,FLL,1989416.8668556917,-1869685.279595282
Delta Air Lines,3373,dest,SLC,-1004609.4621734885,-395049.06406783813
Delta Air Lines,3374,origin,SAT,149495.41162521293,-1713236.8214802423
Delta Air Lines,3374,dest,MSP,533284.8020873081,9198.64416372486
Delta Air Lines,3375,origin,MSP,533284.8020873081,9198.64416372486
Delta Air Lines,3375,dest,RNO,-1678096.5663649472,-409666.019399356
Delta Air Lines,3376,origin,RNO,-1678096.5663649472,-409666.019399356
Delta Air Lines,3376,dest,MSP,533284.8020873081,9198.64416372486
Delta Air Lines,3377,origin,SLC,-1004609.4621734885,-395049.06406783813
Delta Air Lines,3377,dest,OGG,NA,NA
Delta Air Lines,3378,origin,JAC,-861423.9636510183,-97950.92206649132
Delta Air Lines,3378,dest,MSP,533284.8020873081,9198.64416372486
Delta Air Lines,3379,origin,MSP,533284.8020873081,9198.64416372486
Delta Air Lines,3379,dest,JAC,-861423.9636510183,-97950.92206649132
Delta Air Lines,3380,origin,HNL,NA,NA
Delta Air Lines,3380,dest,PDX,-1729571.0771865274,310444.7043324455
Delta Air Lines,3381,origin,BZN,-861247.8507503188,146078.48264388298
Delta Air Lines,3381,dest,SEA,-1650755.3926562539,505066.6320739882
Delta Air Lines,3382,origin,SEA,-1650755.3926562539,505066.6320739882
Delta Air Lines,3382,dest,BZN,-861247.8507503188,146078.48264388298
Delta Air Lines,3383,origin,LIH,NA,NA
Delta Air Lines,3383,dest,SEA,-1650755.3926562539,505066.6320739882
Delta Air Lines,3384,origin,BZN,-861247.8507503188,146078.48264388298
Delta Air Lines,3384,dest,LAX,-1689593.4354288722,-1043456.7015018368
Delta Air Lines,3385,origin,LAX,-1689593.4354288722,-1043456.7015018368
Delta Air Lines,3385,dest,BZN,-861247.8507503188,146078.48264388298
Delta Air Lines,3386,origin,SEA,-1650755.3926562539,505066.6320739882
Delta Air Lines,3386,dest,LIH,NA,NA
Delta Air Lines,3387,origin,PDX,-1729571.0771865274,310444.7043324455
Delta Air Lines,3387,dest,HNL,NA,NA
Delta Air Lines,3388,origin,RSW,1822839.8385921961,-1854169.26849232
Delta Air Lines,3388,dest,BOS,2320658.4485041024,126152.13380139158
Delta Air Lines,3389,origin,IND,1166867.010981104,-490339.71160834696
Delta Air Lines,3389,dest,RSW,1822839.8385921961,-1854169.26849232
Delta Air Lines,3390,origin,RSW,1822839.8385921961,-1854169.26849232
Delta Air Lines,3390,dest,IND,1166867.010981104,-490339.71160834696
Delta Air Lines,3391,origin,MSP,533284.8020873081,9198.64416372486
Delta Air Lines,3391,dest,BUF,1707245.286740146,-4371.266382491431
Delta Air Lines,3392,origin,LGA,2155684.513057,-122316.28523641168
Delta Air Lines,3392,dest,SRQ,1728853.7880800036,-1776894.0369085146
Delta Air Lines,3393,origin,LAS,-1356682.4796960566,-868251.8410072095
Delta Air Lines,3393,dest,HNL,NA,NA
Delta Air Lines,3394,origin,HNL,NA,NA
Delta Air Lines,3394,dest,LAS,-1356682.4796960566,-868251.8410072095
Delta Air Lines,3395,origin,OGG,NA,NA
Delta Air Lines,3395,dest,SLC,-1004609.4621734885,-395049.06406783813
Delta Air Lines,3396,origin,SFO,-1945640.7538789264,-556902.5127197708
Delta Air Lines,3396,dest,HNL,NA,NA
Delta Air Lines,3397,origin,SRQ,1728853.7880800036,-1776894.0369085146
Delta Air Lines,3397,dest,LGA,2155684.513057,-122316.28523641168
Delta Air Lines,3398,origin,SLC,-1004609.4621734885,-395049.06406783813
Delta Air Lines,3398,dest,TPA,1720329.790563932,-1713285.848456208
Delta Air Lines,3399,origin,HNL,NA,NA
Delta Air Lines,3399,dest,SFO,-1945640.7538789264,-556902.5127197708
Delta Air Lines,3400,origin,TPA,1720329.790563932,-1713285.848456208
Delta Air Lines,3400,dest,SLC,-1004609.4621734885,-395049.06406783813
Delta Air Lines,3401,origin,IND,1166867.010981104,-490339.71160834696
Delta Air Lines,3401,dest,MCO,1829771.2698870576,-1638824.7811905802
Delta Air Lines,3402,origin,MCO,1829771.2698870576,-1638824.7811905802
Delta Air Lines,3402,dest,IND,1166867.010981104,-490339.71160834696
Delta Air Lines,3403,origin,BOS,2320658.4485041024,126152.13380139158
Delta Air Lines,3403,dest,RSW,1822839.8385921961,-1854169.26849232
Delta Air Lines,3404,origin,MIA,1981134.7610135972,-1902847.3929129404
Delta Air Lines,3404,dest,BOS,2320658.4485041024,126152.13380139158
Delta Air Lines,3405,origin,BOS,2320658.4485041024,126152.13380139158
Delta Air Lines,3405,dest,MIA,1981134.7610135972,-1902847.3929129404
Delta Air Lines,3406,origin,DTW,1359641.697254995,-170996.60408534826
Delta Air Lines,3406,dest,SAV,1763892.708823169,-1233594.0048643088
Delta Air Lines,3407,origin,SAV,1763892.708823169,-1233594.0048643088
Delta Air Lines,3407,dest,DTW,1359641.697254995,-170996.60408534826
United Airlines,3408,origin,EWR,2135095.905011877,-139210.669492847
United Airlines,3408,dest,IND,1166867.010981104,-490339.71160834696
United Airlines,3409,origin,EWR,2135095.905011877,-139210.669492847
United Airlines,3409,dest,CLT,1718765.594159813,-891788.5105128315
American Airlines,3410,origin,LIH,NA,NA
American Airlines,3410,dest,PHX,-1115699.3885834513,-1205089.0053395256
American Airlines,3411,origin,PHX,-1115699.3885834513,-1205089.0053395256
American Airlines,3411,dest,HNL,NA,NA
American Airlines,3412,origin,LAX,-1689593.4354288722,-1043456.7015018368
American Airlines,3412,dest,PHL,2075929.4181951769,-255080.32292677445
American Airlines,3413,origin,PHL,2075929.4181951769,-255080.32292677445
American Airlines,3413,dest,LAX,-1689593.4354288722,-1043456.7015018368
American Airlines,3414,origin,LAX,-1689593.4354288722,-1043456.7015018368
American Airlines,3414,dest,IND,1166867.010981104,-490339.71160834696
American Airlines,3415,origin,PHL,2075929.4181951769,-255080.32292677445
American Airlines,3415,dest,LAS,-1356682.4796960566,-868251.8410072095
American Airlines,3416,origin,PHL,2075929.4181951769,-255080.32292677445
American Airlines,3416,dest,SFO,-1945640.7538789264,-556902.5127197708
American Airlines,3417,origin,PIT,1653058.7188770992,-301571.10045485134
American Airlines,3417,dest,LAX,-1689593.4354288722,-1043456.7015018368
American Airlines,3418,origin,PHL,2075929.4181951769,-255080.32292677445
American Airlines,3418,dest,SEA,-1650755.3926562539,505066.6320739882
American Airlines,3419,origin,CLT,1718765.594159813,-891788.5105128315
American Airlines,3419,dest,SAT,149495.41162521293,-1713236.8214802423
American Airlines,3420,origin,LAS,-1356682.4796960566,-868251.8410072095
American Airlines,3420,dest,PHL,2075929.4181951769,-255080.32292677445
American Airlines,3421,origin,CLT,1718765.594159813,-891788.5105128315
American Airlines,3421,dest,LAS,-1356682.4796960566,-868251.8410072095
American Airlines,3422,origin,DEN,-398957.8437938119,-559911.2634607605
American Airlines,3422,dest,PHL,2075929.4181951769,-255080.32292677445
American Airlines,3423,origin,KOA,NA,NA
American Airlines,3423,dest,PHX,-1115699.3885834513,-1205089.0053395256
American Airlines,3424,origin,MSY,943779.1568939897,-1610813.662288556
American Airlines,3424,dest,DCA,1959959.090984065,-409479.41835946374
American Airlines,3425,origin,ORD,995411.7016669,-262546.73068444384
American Airlines,3425,dest,ATL,1438837.9937618312,-1129310.979486318
American Airlines,3426,origin,ATL,1438837.9937618312,-1129310.979486318
American Airlines,3426,dest,ORD,995411.7016669,-262546.73068444384
American Airlines,3427,origin,JFK,2167729.4793459354,-134551.3799715436
American Airlines,3427,dest,STT,NA,NA
American Airlines,3428,origin,STT,NA,NA
American Airlines,3428,dest,JFK,2167729.4793459354,-134551.3799715436
American Airlines,3429,origin,LAS,-1356682.4796960566,-868251.8410072095
American Airlines,3429,dest,MIA,1981134.7610135972,-1902847.3929129404
American Airlines,3430,origin,TUS,-1033490.7270596127,-1363482.3767388165
American Airlines,3430,dest,JFK,2167729.4793459354,-134551.3799715436
American Airlines,3431,origin,DFW,278083.31647186854,-1338465.2155458855
American Airlines,3431,dest,RSW,1822839.8385921961,-1854169.26849232
American Airlines,3432,origin,SAN,-1603701.5452417962,-1199220.2306533586
American Airlines,3432,dest,MIA,1981134.7610135972,-1902847.3929129404
American Airlines,3433,origin,MIA,1981134.7610135972,-1902847.3929129404
American Airlines,3433,dest,MCI,455074.4312943624,-619331.8913740775
American Airlines,3434,origin,MCI,455074.4312943624,-619331.8913740775
American Airlines,3434,dest,MIA,1981134.7610135972,-1902847.3929129404
American Airlines,3435,origin,PHX,-1115699.3885834513,-1205089.0053395256
American Airlines,3435,dest,AUS,225823.07315140465,-1638702.7618488022
American Airlines,3436,origin,PHX,-1115699.3885834513,-1205089.0053395256
American Airlines,3436,dest,TPA,1720329.790563932,-1713285.848456208
American Airlines,3437,origin,IAH,452316.2866359444,-1652751.7266989667
American Airlines,3437,dest,PHX,-1115699.3885834513,-1205089.0053395256
American Airlines,3438,origin,CLT,1718765.594159813,-891788.5105128315
American Airlines,3438,dest,PDX,-1729571.0771865274,310444.7043324455
American Airlines,3439,origin,LGA,2155684.513057,-122316.28523641168
American Airlines,3439,dest,ATL,1438837.9937618312,-1129310.979486318
American Airlines,3440,origin,PIT,1653058.7188770992,-301571.10045485134
American Airlines,3440,dest,PHX,-1115699.3885834513,-1205089.0053395256
American Airlines,3441,origin,PHX,-1115699.3885834513,-1205089.0053395256
American Airlines,3441,dest,ATL,1438837.9937618312,-1129310.979486318
American Airlines,3442,origin,SAN,-1603701.5452417962,-1199220.2306533586
American Airlines,3442,dest,CLT,1718765.594159813,-891788.5105128315
American Airlines,3443,origin,MIA,1981134.7610135972,-1902847.3929129404
American Airlines,3443,dest,SAT,149495.41162521293,-1713236.8214802423
American Airlines,3444,origin,BDL,2208123.028463688,33971.4893617478
American Airlines,3444,dest,MIA,1981134.7610135972,-1902847.3929129404
American Airlines,3445,origin,DFW,278083.31647186854,-1338465.2155458855
American Airlines,3445,dest,EGE,-591915.5806713243,-570781.3448486088
American Airlines,3446,origin,EGE,-591915.5806713243,-570781.3448486088
American Airlines,3446,dest,DFW,278083.31647186854,-1338465.2155458855
American Airlines,3447,origin,RNO,-1678096.5663649472,-409666.019399356
American Airlines,3447,dest,ORD,995411.7016669,-262546.73068444384
American Airlines,3448,origin,CMH,1445821.7184349983,-405735.9494879742
American Airlines,3448,dest,DFW,278083.31647186854,-1338465.2155458855
American Airlines,3449,origin,DFW,278083.31647186854,-1338465.2155458855
American Airlines,3449,dest,BDL,2208123.028463688,33971.4893617478
American Airlines,3450,origin,EGE,-591915.5806713243,-570781.3448486088
American Airlines,3450,dest,MIA,1981134.7610135972,-1902847.3929129404
American Airlines,3451,origin,MIA,1981134.7610135972,-1902847.3929129404
American Airlines,3451,dest,EGE,-591915.5806713243,-570781.3448486088
American Airlines,3452,origin,DFW,278083.31647186854,-1338465.2155458855
American Airlines,3452,dest,BWI,1980887.5167152977,-365563.636502196
American Airlines,3453,origin,DFW,278083.31647186854,-1338465.2155458855
American Airlines,3453,dest,HDN,-609905.1545202036,-475672.5575641322
American Airlines,3454,origin,HDN,-609905.1545202036,-475672.5575641322
American Airlines,3454,dest,DFW,278083.31647186854,-1338465.2155458855
American Airlines,3455,origin,LAS,-1356682.4796960566,-868251.8410072095
American Airlines,3455,dest,DCA,1959959.090984065,-409479.41835946374
American Airlines,3456,origin,DFW,278083.31647186854,-1338465.2155458855
American Airlines,3456,dest,PBI,1982322.2831828392,-1802085.774986376
American Airlines,3457,origin,CRP,248519.4938179987,-1904926.3228790544
American Airlines,3457,dest,DFW,278083.31647186854,-1338465.2155458855
American Airlines,3458,origin,JAC,-861423.9636510183,-97950.92206649132
American Airlines,3458,dest,ORD,995411.7016669,-262546.73068444384
American Airlines,3459,origin,ORD,995411.7016669,-262546.73068444384
American Airlines,3459,dest,JAC,-861423.9636510183,-97950.92206649132
American Airlines,3460,origin,ORD,995411.7016669,-262546.73068444384
American Airlines,3460,dest,PSP,-1520118.9583575455,-1091859.511799427
American Airlines,3461,origin,EWR,2135095.905011877,-139210.669492847
American Airlines,3461,dest,ORD,995411.7016669,-262546.73068444384
American Airlines,3462,origin,LAX,-1689593.4354288722,-1043456.7015018368
American Airlines,3462,dest,MSY,943779.1568939897,-1610813.662288556
American Airlines,3463,origin,MSY,943779.1568939897,-1610813.662288556
American Airlines,3463,dest,LAX,-1689593.4354288722,-1043456.7015018368
American Airlines,3464,origin,PSP,-1520118.9583575455,-1091859.511799427
American Airlines,3464,dest,ORD,995411.7016669,-262546.73068444384
American Airlines,3465,origin,MIA,1981134.7610135972,-1902847.3929129404
American Airlines,3465,dest,SAN,-1603701.5452417962,-1199220.2306533586
American Airlines,3466,origin,BDL,2208123.028463688,33971.4893617478
American Airlines,3466,dest,DFW,278083.31647186854,-1338465.2155458855
American Airlines,3467,origin,RIC,1974576.5147112373,-562009.3202353421
American Airlines,3467,dest,DFW,278083.31647186854,-1338465.2155458855
American Airlines,3468,origin,STL,834066.6669227502,-646449.0468188728
American Airlines,3468,dest,LAX,-1689593.4354288722,-1043456.7015018368
American Airlines,3469,origin,ORD,995411.7016669,-262546.73068444384
American Airlines,3469,dest,RNO,-1678096.5663649472,-409666.019399356
American Airlines,3470,origin,EGE,-591915.5806713243,-570781.3448486088
American Airlines,3470,dest,ORD,995411.7016669,-262546.73068444384
American Airlines,3471,origin,ORD,995411.7016669,-262546.73068444384
American Airlines,3471,dest,EGE,-591915.5806713243,-570781.3448486088
American Airlines,3472,origin,MIA,1981134.7610135972,-1902847.3929129404
American Airlines,3472,dest,DTW,1359641.697254995,-170996.60408534826
American Airlines,3473,origin,DFW,278083.31647186854,-1338465.2155458855
American Airlines,3473,dest,LBB,-169260.8260850428,-1256692.0105488796
American Airlines,3474,origin,LBB,-169260.8260850428,-1256692.0105488796
American Airlines,3474,dest,DFW,278083.31647186854,-1338465.2155458855
American Airlines,3475,origin,JFK,2167729.4793459354,-134551.3799715436
American Airlines,3475,dest,AUS,225823.07315140465,-1638702.7618488022
Southwest Airlines,3476,origin,MKE,980769.513678976,-155418.02245427898
Southwest Airlines,3476,dest,BNA,1193955.4135102862,-891176.9680870201
Southwest Airlines,3477,origin,MKE,980769.513678976,-155418.02245427898
Southwest Airlines,3477,dest,CLE,1498726.2792607923,-232627.15593650908
Southwest Airlines,3478,origin,BNA,1193955.4135102862,-891176.9680870201
Southwest Airlines,3478,dest,MKE,980769.513678976,-155418.02245427898
Southwest Airlines,3479,origin,CLE,1498726.2792607923,-232627.15593650908
Southwest Airlines,3479,dest,MKE,980769.513678976,-155418.02245427898
Southwest Airlines,3480,origin,BOS,2320658.4485041024,126152.13380139158
Southwest Airlines,3480,dest,MCO,1829771.2698870576,-1638824.7811905802
Southwest Airlines,3481,origin,HOU,460280.73628586193,-1689712.830489488
Southwest Airlines,3481,dest,TUS,-1033490.7270596127,-1363482.3767388165
Southwest Airlines,3482,origin,MCO,1829771.2698870576,-1638824.7811905802
Southwest Airlines,3482,dest,BOS,2320658.4485041024,126152.13380139158
Southwest Airlines,3483,origin,CMH,1445821.7184349983,-405735.9494879742
Southwest Airlines,3483,dest,HOU,460280.73628586193,-1689712.830489488
Southwest Airlines,3484,origin,DAL,295794.1446696455,-1343507.98461109
Southwest Airlines,3484,dest,HRL,237048.03015074244,-2075075.3380641756
Southwest Airlines,3485,origin,HOU,460280.73628586193,-1689712.830489488
Southwest Airlines,3485,dest,CMH,1445821.7184349983,-405735.9494879742
Southwest Airlines,3486,origin,HOU,460280.73628586193,-1689712.830489488
Southwest Airlines,3486,dest,LBB,-169260.8260850428,-1256692.0105488796
Southwest Airlines,3487,origin,HOU,460280.73628586193,-1689712.830489488
Southwest Airlines,3487,dest,SLC,-1004609.4621734885,-395049.06406783813
Southwest Airlines,3488,origin,HRL,237048.03015074244,-2075075.3380641756
Southwest Airlines,3488,dest,DAL,295794.1446696455,-1343507.98461109
Southwest Airlines,3489,origin,LBB,-169260.8260850428,-1256692.0105488796
Southwest Airlines,3489,dest,HOU,460280.73628586193,-1689712.830489488
Southwest Airlines,3490,origin,OAK,-1929816.947397706,-549399.1884917811
Southwest Airlines,3490,dest,TUS,-1033490.7270596127,-1363482.3767388165
Southwest Airlines,3491,origin,DAL,295794.1446696455,-1343507.98461109
Southwest Airlines,3491,dest,PNS,1232374.963107157,-1519383.0474165194
Southwest Airlines,3492,origin,ECP,1366547.510727577,-1511044.3472759733
Southwest Airlines,3492,dest,STL,834066.6669227502,-646449.0468188728
Southwest Airlines,3493,origin,LGA,2155684.513057,-122316.28523641168
Southwest Airlines,3493,dest,MSY,943779.1568939897,-1610813.662288556
Southwest Airlines,3494,origin,LGA,2155684.513057,-122316.28523641168
Southwest Airlines,3494,dest,SAT,149495.41162521293,-1713236.8214802423
Southwest Airlines,3495,origin,MSY,943779.1568939897,-1610813.662288556
Southwest Airlines,3495,dest,LGA,2155684.513057,-122316.28523641168
Southwest Airlines,3496,origin,PBI,1982322.2831828392,-1802085.774986376
Southwest Airlines,3496,dest,PVD,2312630.224903233,45984.38112504096
Southwest Airlines,3497,origin,PNS,1232374.963107157,-1519383.0474165194
Southwest Airlines,3497,dest,DAL,295794.1446696455,-1343507.98461109
Southwest Airlines,3498,origin,PVD,2312630.224903233,45984.38112504096
Southwest Airlines,3498,dest,PBI,1982322.2831828392,-1802085.774986376
Southwest Airlines,3499,origin,SAT,149495.41162521293,-1713236.8214802423
Southwest Airlines,3499,dest,LGA,2155684.513057,-122316.28523641168
Southwest Airlines,3500,origin,SLC,-1004609.4621734885,-395049.06406783813
Southwest Airlines,3500,dest,HOU,460280.73628586193,-1689712.830489488
Southwest Airlines,3501,origin,STL,834066.6669227502,-646449.0468188728
Southwest Airlines,3501,dest,ECP,1366547.510727577,-1511044.3472759733
Southwest Airlines,3502,origin,TUS,-1033490.7270596127,-1363482.3767388165
Southwest Airlines,3502,dest,HOU,460280.73628586193,-1689712.830489488
Southwest Airlines,3503,origin,TUS,-1033490.7270596127,-1363482.3767388165
Southwest Airlines,3503,dest,OAK,-1929816.947397706,-549399.1884917811
Delta Air Lines,3504,origin,DTW,1359641.697254995,-170996.60408534826
Delta Air Lines,3504,dest,JAX,1752547.7524868262,-1421732.3716896002
Delta Air Lines,3505,origin,LGA,2155684.513057,-122316.28523641168
Delta Air Lines,3505,dest,IND,1166867.010981104,-490339.71160834696
Delta Air Lines,3506,origin,PIT,1653058.7188770992,-301571.10045485134
Delta Air Lines,3506,dest,JFK,2167729.4793459354,-134551.3799715436
Delta Air Lines,3507,origin,CLT,1718765.594159813,-891788.5105128315
Delta Air Lines,3507,dest,LGA,2155684.513057,-122316.28523641168
Delta Air Lines,3508,origin,SAN,-1603701.5452417962,-1199220.2306533586
Delta Air Lines,3508,dest,LAS,-1356682.4796960566,-868251.8410072095
Delta Air Lines,3509,origin,GSP,1613274.8060153143,-951578.4592630994
Delta Air Lines,3509,dest,DTW,1359641.697254995,-170996.60408534826
Delta Air Lines,3510,origin,GSO,1786518.0109945685,-773819.2638128912
Delta Air Lines,3510,dest,LGA,2155684.513057,-122316.28523641168
Delta Air Lines,3511,origin,GSP,1613274.8060153143,-951578.4592630994
Delta Air Lines,3511,dest,LGA,2155684.513057,-122316.28523641168
Delta Air Lines,3512,origin,ROC,1784302.386940441,37810.92949343497
Delta Air Lines,3512,dest,LGA,2155684.513057,-122316.28523641168
Delta Air Lines,3513,origin,BUF,1707245.286740146,-4371.266382491431
Delta Air Lines,3513,dest,BOS,2320658.4485041024,126152.13380139158
Delta Air Lines,3514,origin,TYS,1437259.8790258272,-883549.1515317184
Delta Air Lines,3514,dest,LGA,2155684.513057,-122316.28523641168
Delta Air Lines,3515,origin,GRR,1172122.820083283,-131332.61154739256
Delta Air Lines,3515,dest,LGA,2155684.513057,-122316.28523641168
Delta Air Lines,3516,origin,RDU,1892329.2704660424,-772779.4700067013
Delta Air Lines,3516,dest,BOS,2320658.4485041024,126152.13380139158
Delta Air Lines,3517,origin,CAE,1732229.9363832832,-1034291.950153118
Delta Air Lines,3517,dest,LGA,2155684.513057,-122316.28523641168
American Airlines,3518,origin,LAX,-1689593.4354288722,-1043456.7015018368
American Airlines,3518,dest,DEN,-398957.8437938119,-559911.2634607605
American Airlines,3519,origin,DEN,-398957.8437938119,-559911.2634607605
American Airlines,3519,dest,LAX,-1689593.4354288722,-1043456.7015018368
American Airlines,3520,origin,DFW,278083.31647186854,-1338465.2155458855
American Airlines,3520,dest,CVG,1316490.950820449,-539409.9479712159
American Airlines,3521,origin,DFW,278083.31647186854,-1338465.2155458855
American Airlines,3521,dest,LIH,NA,NA
American Airlines,3522,origin,LIH,NA,NA
American Airlines,3522,dest,DFW,278083.31647186854,-1338465.2155458855
American Airlines,3523,origin,BDL,2208123.028463688,33971.4893617478
American Airlines,3523,dest,ORD,995411.7016669,-262546.73068444384
American Airlines,3524,origin,PNS,1232374.963107157,-1519383.0474165194
American Airlines,3524,dest,DFW,278083.31647186854,-1338465.2155458855
American Airlines,3525,origin,SAT,149495.41162521293,-1713236.8214802423
American Airlines,3525,dest,PHX,-1115699.3885834513,-1205089.0053395256
American Airlines,3526,origin,ORD,995411.7016669,-262546.73068444384
American Airlines,3526,dest,IAH,452316.2866359444,-1652751.7266989667
American Airlines,3527,origin,PHX,-1115699.3885834513,-1205089.0053395256
American Airlines,3527,dest,SAT,149495.41162521293,-1713236.8214802423
American Airlines,3528,origin,BWI,1980887.5167152977,-365563.636502196
American Airlines,3528,dest,ORD,995411.7016669,-262546.73068444384
American Airlines,3529,origin,ORD,995411.7016669,-262546.73068444384
American Airlines,3529,dest,SAT,149495.41162521293,-1713236.8214802423
American Airlines,3530,origin,JFK,2167729.4793459354,-134551.3799715436
American Airlines,3530,dest,EGE,-591915.5806713243,-570781.3448486088
American Airlines,3531,origin,IAH,452316.2866359444,-1652751.7266989667
American Airlines,3531,dest,ORD,995411.7016669,-262546.73068444384
American Airlines,3532,origin,DEN,-398957.8437938119,-559911.2634607605
American Airlines,3532,dest,MIA,1981134.7610135972,-1902847.3929129404
American Airlines,3533,origin,SAT,149495.41162521293,-1713236.8214802423
American Airlines,3533,dest,ORD,995411.7016669,-262546.73068444384
American Airlines,3534,origin,ORD,995411.7016669,-262546.73068444384
American Airlines,3534,dest,PIT,1653058.7188770992,-301571.10045485134
American Airlines,3535,origin,PIT,1653058.7188770992,-301571.10045485134
American Airlines,3535,dest,ORD,995411.7016669,-262546.73068444384
American Airlines,3536,origin,DFW,278083.31647186854,-1338465.2155458855
American Airlines,3536,dest,PNS,1232374.963107157,-1519383.0474165194
American Airlines,3537,origin,MIA,1981134.7610135972,-1902847.3929129404
American Airlines,3537,dest,DEN,-398957.8437938119,-559911.2634607605
American Airlines,3538,origin,DFW,278083.31647186854,-1338465.2155458855
American Airlines,3538,dest,GSP,1613274.8060153143,-951578.4592630994
American Airlines,3539,origin,MTJ,-686655.9669476862,-688739.660562748
American Airlines,3539,dest,ORD,995411.7016669,-262546.73068444384
American Airlines,3540,origin,ORD,995411.7016669,-262546.73068444384
American Airlines,3540,dest,MTJ,-686655.9669476862,-688739.660562748
American Airlines,3541,origin,TUL,369902.00173730054,-968710.335093024
American Airlines,3541,dest,CLT,1718765.594159813,-891788.5105128315
American Airlines,3542,origin,DFW,278083.31647186854,-1338465.2155458855
American Airlines,3542,dest,VPS,1295144.3382723683,-1508625.2870949823
American Airlines,3543,origin,ORD,995411.7016669,-262546.73068444384
American Airlines,3543,dest,BWI,1980887.5167152977,-365563.636502196
American Airlines,3544,origin,GSP,1613274.8060153143,-951578.4592630994
American Airlines,3544,dest,DFW,278083.31647186854,-1338465.2155458855
American Airlines,3545,origin,MIA,1981134.7610135972,-1902847.3929129404
American Airlines,3545,dest,BNA,1193955.4135102862,-891176.9680870201
American Airlines,3546,origin,BNA,1193955.4135102862,-891176.9680870201
American Airlines,3546,dest,MIA,1981134.7610135972,-1902847.3929129404
American Airlines,3547,origin,GEG,-1301359.421680582,434754.4516689109
American Airlines,3547,dest,DFW,278083.31647186854,-1338465.2155458855
American Airlines,3548,origin,CLT,1718765.594159813,-891788.5105128315
American Airlines,3548,dest,TUL,369902.00173730054,-968710.335093024
American Airlines,3549,origin,LAX,-1689593.4354288722,-1043456.7015018368
American Airlines,3549,dest,SEA,-1650755.3926562539,505066.6320739882
American Airlines,3550,origin,SEA,-1650755.3926562539,505066.6320739882
American Airlines,3550,dest,LAX,-1689593.4354288722,-1043456.7015018368
American Airlines,3551,origin,PHL,2075929.4181951769,-255080.32292677445
American Airlines,3551,dest,BNA,1193955.4135102862,-891176.9680870201
American Airlines,3552,origin,PHX,-1115699.3885834513,-1205089.0053395256
American Airlines,3552,dest,MCO,1829771.2698870576,-1638824.7811905802
American Airlines,3553,origin,CLT,1718765.594159813,-891788.5105128315
American Airlines,3553,dest,MTJ,-686655.9669476862,-688739.660562748
American Airlines,3554,origin,MTJ,-686655.9669476862,-688739.660562748
American Airlines,3554,dest,CLT,1718765.594159813,-891788.5105128315
American Airlines,3555,origin,BNA,1193955.4135102862,-891176.9680870201
American Airlines,3555,dest,PHL,2075929.4181951769,-255080.32292677445
American Airlines,3556,origin,AUS,225823.07315140465,-1638702.7618488022
American Airlines,3556,dest,PHX,-1115699.3885834513,-1205089.0053395256
American Airlines,3557,origin,PHX,-1115699.3885834513,-1205089.0053395256
American Airlines,3557,dest,SJC,-1914820.4720456952,-595055.2286396603
American Airlines,3558,origin,MKE,980769.513678976,-155418.02245427898
American Airlines,3558,dest,PHX,-1115699.3885834513,-1205089.0053395256
American Airlines,3559,origin,LAX,-1689593.4354288722,-1043456.7015018368
American Airlines,3559,dest,CMH,1445821.7184349983,-405735.9494879742
American Airlines,3560,origin,DCA,1959959.090984065,-409479.41835946374
American Airlines,3560,dest,RSW,1822839.8385921961,-1854169.26849232
American Airlines,3561,origin,RSW,1822839.8385921961,-1854169.26849232
American Airlines,3561,dest,DCA,1959959.090984065,-409479.41835946374
American Airlines,3562,origin,PHX,-1115699.3885834513,-1205089.0053395256
American Airlines,3562,dest,MKE,980769.513678976,-155418.02245427898
American Airlines,3563,origin,PHX,-1115699.3885834513,-1205089.0053395256
American Airlines,3563,dest,CMH,1445821.7184349983,-405735.9494879742
American Airlines,3564,origin,PHX,-1115699.3885834513,-1205089.0053395256
American Airlines,3564,dest,GEG,-1301359.421680582,434754.4516689109
American Airlines,3565,origin,DFW,278083.31647186854,-1338465.2155458855
American Airlines,3565,dest,GEG,-1301359.421680582,434754.4516689109
American Airlines,3566,origin,PHX,-1115699.3885834513,-1205089.0053395256
American Airlines,3566,dest,KOA,NA,NA
American Airlines,3567,origin,SAT,149495.41162521293,-1713236.8214802423
American Airlines,3567,dest,MIA,1981134.7610135972,-1902847.3929129404
American Airlines,3568,origin,DFW,278083.31647186854,-1338465.2155458855
American Airlines,3568,dest,SAV,1763892.708823169,-1233594.0048643088
American Airlines,3569,origin,SAV,1763892.708823169,-1233594.0048643088
American Airlines,3569,dest,DFW,278083.31647186854,-1338465.2155458855
American Airlines,3570,origin,CHS,1853007.6958618572,-1124845.6869020823
American Airlines,3570,dest,DFW,278083.31647186854,-1338465.2155458855
American Airlines,3571,origin,DFW,278083.31647186854,-1338465.2155458855
American Airlines,3571,dest,SBA,-1807082.5668300025,-960991.5699223796
American Airlines,3572,origin,DCA,1959959.090984065,-409479.41835946374
American Airlines,3572,dest,MSY,943779.1568939897,-1610813.662288556
American Airlines,3573,origin,SBA,-1807082.5668300025,-960991.5699223796
American Airlines,3573,dest,DFW,278083.31647186854,-1338465.2155458855
American Airlines,3574,origin,CLT,1718765.594159813,-891788.5105128315
American Airlines,3574,dest,GSO,1786518.0109945685,-773819.2638128912
American Airlines,3575,origin,GSO,1786518.0109945685,-773819.2638128912
American Airlines,3575,dest,CLT,1718765.594159813,-891788.5105128315
American Airlines,3576,origin,PNS,1232374.963107157,-1519383.0474165194
American Airlines,3576,dest,CLT,1718765.594159813,-891788.5105128315
American Airlines,3577,origin,DFW,278083.31647186854,-1338465.2155458855
American Airlines,3577,dest,CHS,1853007.6958618572,-1124845.6869020823
American Airlines,3578,origin,CLE,1498726.2792607923,-232627.15593650908
American Airlines,3578,dest,PHL,2075929.4181951769,-255080.32292677445
American Airlines,3579,origin,PHL,2075929.4181951769,-255080.32292677445
American Airlines,3579,dest,CLE,1498726.2792607923,-232627.15593650908
American Airlines,3580,origin,CLT,1718765.594159813,-891788.5105128315
American Airlines,3580,dest,OKC,218240.3077465392,-1063902.9710996167
American Airlines,3581,origin,ORD,995411.7016669,-262546.73068444384
American Airlines,3581,dest,ORF,2086513.5755781755,-600723.1638676772
American Airlines,3582,origin,LAX,-1689593.4354288722,-1043456.7015018368
American Airlines,3582,dest,EGE,-591915.5806713243,-570781.3448486088
American Airlines,3583,origin,EGE,-591915.5806713243,-570781.3448486088
American Airlines,3583,dest,LAX,-1689593.4354288722,-1043456.7015018368
American Airlines,3584,origin,VPS,1295144.3382723683,-1508625.2870949823
American Airlines,3584,dest,DFW,278083.31647186854,-1338465.2155458855
United Airlines,3585,origin,MCI,455074.4312943624,-619331.8913740775
United Airlines,3585,dest,EWR,2135095.905011877,-139210.669492847
United Airlines,3586,origin,SAT,149495.41162521293,-1713236.8214802423
United Airlines,3586,dest,IAD,1922328.2460675351,-409030.73296909296
United Airlines,3587,origin,TUS,-1033490.7270596127,-1363482.3767388165
United Airlines,3587,dest,IAH,452316.2866359444,-1652751.7266989667
United Airlines,3588,origin,IAD,1922328.2460675351,-409030.73296909296
United Airlines,3588,dest,SAT,149495.41162521293,-1713236.8214802423
United Airlines,3589,origin,LAX,-1689593.4354288722,-1043456.7015018368
United Airlines,3589,dest,PHX,-1115699.3885834513,-1205089.0053395256
United Airlines,3590,origin,IAH,452316.2866359444,-1652751.7266989667
United Airlines,3590,dest,TUS,-1033490.7270596127,-1363482.3767388165
United Airlines,3591,origin,ORD,995411.7016669,-262546.73068444384
United Airlines,3591,dest,JAX,1752547.7524868262,-1421732.3716896002
United Airlines,3592,origin,LAX,-1689593.4354288722,-1043456.7015018368
United Airlines,3592,dest,AUS,225823.07315140465,-1638702.7618488022
United Airlines,3593,origin,EWR,2135095.905011877,-139210.669492847
United Airlines,3593,dest,BUF,1707245.286740146,-4371.266382491431
United Airlines,3594,origin,IAH,452316.2866359444,-1652751.7266989667
United Airlines,3594,dest,CLT,1718765.594159813,-891788.5105128315
United Airlines,3595,origin,EWR,2135095.905011877,-139210.669492847
United Airlines,3595,dest,MCI,455074.4312943624,-619331.8913740775
United Airlines,3596,origin,EWR,2135095.905011877,-139210.669492847
United Airlines,3596,dest,DCA,1959959.090984065,-409479.41835946374
United Airlines,3597,origin,BUF,1707245.286740146,-4371.266382491431
United Airlines,3597,dest,EWR,2135095.905011877,-139210.669492847
United Airlines,3598,origin,IAD,1922328.2460675351,-409030.73296909296
United Airlines,3598,dest,CLE,1498726.2792607923,-232627.15593650908
United Airlines,3599,origin,CLT,1718765.594159813,-891788.5105128315
United Airlines,3599,dest,IAH,452316.2866359444,-1652751.7266989667
United Airlines,3600,origin,PSP,-1520118.9583575455,-1091859.511799427
United Airlines,3600,dest,IAH,452316.2866359444,-1652751.7266989667
United Airlines,3601,origin,PSP,-1520118.9583575455,-1091859.511799427
United Airlines,3601,dest,ORD,995411.7016669,-262546.73068444384
United Airlines,3602,origin,ORD,995411.7016669,-262546.73068444384
United Airlines,3602,dest,PSP,-1520118.9583575455,-1091859.511799427
United Airlines,3603,origin,RNO,-1678096.5663649472,-409666.019399356
United Airlines,3603,dest,ORD,995411.7016669,-262546.73068444384
United Airlines,3604,origin,IAH,452316.2866359444,-1652751.7266989667
United Airlines,3604,dest,PSP,-1520118.9583575455,-1091859.511799427
United Airlines,3605,origin,SAT,149495.41162521293,-1713236.8214802423
United Airlines,3605,dest,SFO,-1945640.7538789264,-556902.5127197708
United Airlines,3606,origin,DCA,1959959.090984065,-409479.41835946374
United Airlines,3606,dest,EWR,2135095.905011877,-139210.669492847
United Airlines,3607,origin,ORD,995411.7016669,-262546.73068444384
United Airlines,3607,dest,MKE,980769.513678976,-155418.02245427898
United Airlines,3608,origin,SFO,-1945640.7538789264,-556902.5127197708
United Airlines,3608,dest,SAT,149495.41162521293,-1713236.8214802423
United Airlines,3609,origin,MKE,980769.513678976,-155418.02245427898
United Airlines,3609,dest,ORD,995411.7016669,-262546.73068444384
Delta Air Lines,3610,origin,DTW,1359641.697254995,-170996.60408534826
Delta Air Lines,3610,dest,CMH,1445821.7184349983,-405735.9494879742
Delta Air Lines,3611,origin,LAS,-1356682.4796960566,-868251.8410072095
Delta Air Lines,3611,dest,OAK,-1929816.947397706,-549399.1884917811
Delta Air Lines,3612,origin,OAK,-1929816.947397706,-549399.1884917811
Delta Air Lines,3612,dest,LAS,-1356682.4796960566,-868251.8410072095
Delta Air Lines,3613,origin,SEA,-1650755.3926562539,505066.6320739882
Delta Air Lines,3613,dest,SMF,-1850472.0747063856,-458086.04301328777
Delta Air Lines,3614,origin,SMF,-1850472.0747063856,-458086.04301328777
Delta Air Lines,3614,dest,SEA,-1650755.3926562539,505066.6320739882
Delta Air Lines,3615,origin,LAS,-1356682.4796960566,-868251.8410072095
Delta Air Lines,3615,dest,AUS,225823.07315140465,-1638702.7618488022
Delta Air Lines,3616,origin,AUS,225823.07315140465,-1638702.7618488022
Delta Air Lines,3616,dest,LAS,-1356682.4796960566,-868251.8410072095
Delta Air Lines,3617,origin,LAS,-1356682.4796960566,-868251.8410072095
Delta Air Lines,3617,dest,FLL,1989416.8668556917,-1869685.279595282
Delta Air Lines,3618,origin,LAS,-1356682.4796960566,-868251.8410072095
Delta Air Lines,3618,dest,RDU,1892329.2704660424,-772779.4700067013
Delta Air Lines,3619,origin,JFK,2167729.4793459354,-134551.3799715436
Delta Air Lines,3619,dest,BUF,1707245.286740146,-4371.266382491431
Delta Air Lines,3620,origin,JFK,2167729.4793459354,-134551.3799715436
Delta Air Lines,3620,dest,DCA,1959959.090984065,-409479.41835946374
Delta Air Lines,3621,origin,IND,1166867.010981104,-490339.71160834696
Delta Air Lines,3621,dest,JFK,2167729.4793459354,-134551.3799715436
Southwest Airlines,3622,origin,ABQ,-603104.745800889,-1082686.4778323667
Southwest Airlines,3622,dest,PDX,-1729571.0771865274,310444.7043324455
Southwest Airlines,3623,origin,EWR,2135095.905011877,-139210.669492847
Southwest Airlines,3623,dest,LAS,-1356682.4796960566,-868251.8410072095
Southwest Airlines,3624,origin,HOU,460280.73628586193,-1689712.830489488
Southwest Airlines,3624,dest,SEA,-1650755.3926562539,505066.6320739882
Southwest Airlines,3625,origin,IAD,1922328.2460675351,-409030.73296909296
Southwest Airlines,3625,dest,LAS,-1356682.4796960566,-868251.8410072095
Southwest Airlines,3626,origin,LAS,-1356682.4796960566,-868251.8410072095
Southwest Airlines,3626,dest,EWR,2135095.905011877,-139210.669492847
Southwest Airlines,3627,origin,LAS,-1356682.4796960566,-868251.8410072095
Southwest Airlines,3627,dest,IAD,1922328.2460675351,-409030.73296909296
American Airlines,3628,origin,LAX,-1689593.4354288722,-1043456.7015018368
American Airlines,3628,dest,OMA,343006.6325637459,-402442.5398354072
Delta Air Lines,3629,origin,BOS,2320658.4485041024,126152.13380139158
Delta Air Lines,3629,dest,STT,NA,NA
Delta Air Lines,3630,origin,STT,NA,NA
Delta Air Lines,3630,dest,BOS,2320658.4485041024,126152.13380139158
Delta Air Lines,3631,origin,BNA,1193955.4135102862,-891176.9680870201
Delta Air Lines,3631,dest,MCO,1829771.2698870576,-1638824.7811905802
Delta Air Lines,3632,origin,MCO,1829771.2698870576,-1638824.7811905802
Delta Air Lines,3632,dest,BNA,1193955.4135102862,-891176.9680870201
Delta Air Lines,3633,origin,DTW,1359641.697254995,-170996.60408534826
Delta Air Lines,3633,dest,GSO,1786518.0109945685,-773819.2638128912
Delta Air Lines,3634,origin,GSO,1786518.0109945685,-773819.2638128912
Delta Air Lines,3634,dest,DTW,1359641.697254995,-170996.60408534826
Delta Air Lines,3635,origin,SAN,-1603701.5452417962,-1199220.2306533586
Delta Air Lines,3635,dest,SEA,-1650755.3926562539,505066.6320739882
Delta Air Lines,3636,origin,PWM,2323046.368311461,282201.85932739975
Delta Air Lines,3636,dest,DTW,1359641.697254995,-170996.60408534826
Delta Air Lines,3637,origin,LAX,-1689593.4354288722,-1043456.7015018368
Delta Air Lines,3637,dest,OAK,-1929816.947397706,-549399.1884917811
Delta Air Lines,3638,origin,OAK,-1929816.947397706,-549399.1884917811
Delta Air Lines,3638,dest,LAX,-1689593.4354288722,-1043456.7015018368
Delta Air Lines,3639,origin,MSP,533284.8020873081,9198.64416372486
Delta Air Lines,3639,dest,ROC,1784302.386940441,37810.92949343497
Delta Air Lines,3640,origin,DTW,1359641.697254995,-170996.60408534826
Delta Air Lines,3640,dest,PWM,2323046.368311461,282201.85932739975
Delta Air Lines,3641,origin,SEA,-1650755.3926562539,505066.6320739882
Delta Air Lines,3641,dest,SAN,-1603701.5452417962,-1199220.2306533586
Delta Air Lines,3642,origin,ROC,1784302.386940441,37810.92949343497
Delta Air Lines,3642,dest,MSP,533284.8020873081,9198.64416372486
Delta Air Lines,3643,origin,TUL,369902.00173730054,-968710.335093024
Delta Air Lines,3643,dest,DTW,1359641.697254995,-170996.60408534826
Delta Air Lines,3644,origin,DCA,1959959.090984065,-409479.41835946374
Delta Air Lines,3644,dest,JFK,2167729.4793459354,-134551.3799715436
American Airlines,3645,origin,BOI,-1296364.617988922,-29797.04410178459
American Airlines,3645,dest,DFW,278083.31647186854,-1338465.2155458855
American Airlines,3646,origin,HNL,NA,NA
American Airlines,3646,dest,PHX,-1115699.3885834513,-1205089.0053395256
American Airlines,3647,origin,CMH,1445821.7184349983,-405735.9494879742
American Airlines,3647,dest,LAX,-1689593.4354288722,-1043456.7015018368
American Airlines,3648,origin,PHX,-1115699.3885834513,-1205089.0053395256
American Airlines,3648,dest,LIH,NA,NA
American Airlines,3649,origin,DCA,1959959.090984065,-409479.41835946374
American Airlines,3649,dest,BDL,2208123.028463688,33971.4893617478
American Airlines,3650,origin,BDL,2208123.028463688,33971.4893617478
American Airlines,3650,dest,DCA,1959959.090984065,-409479.41835946374
American Airlines,3651,origin,DFW,278083.31647186854,-1338465.2155458855
American Airlines,3651,dest,ICT,226443.7486944286,-813259.0022928995
American Airlines,3652,origin,ICT,226443.7486944286,-813259.0022928995
American Airlines,3652,dest,DFW,278083.31647186854,-1338465.2155458855
American Airlines,3653,origin,MIA,1981134.7610135972,-1902847.3929129404
American Airlines,3653,dest,AUS,225823.07315140465,-1638702.7618488022
American Airlines,3654,origin,SLC,-1004609.4621734885,-395049.06406783813
American Airlines,3654,dest,MIA,1981134.7610135972,-1902847.3929129404
Delta Air Lines,3655,origin,LGA,2155684.513057,-122316.28523641168
Delta Air Lines,3655,dest,ORF,2086513.5755781755,-600723.1638676772
Delta Air Lines,3656,origin,LGA,2155684.513057,-122316.28523641168
Delta Air Lines,3656,dest,MCI,455074.4312943624,-619331.8913740775
Delta Air Lines,3657,origin,JFK,2167729.4793459354,-134551.3799715436
Delta Air Lines,3657,dest,CLT,1718765.594159813,-891788.5105128315
Delta Air Lines,3658,origin,CLT,1718765.594159813,-891788.5105128315
Delta Air Lines,3658,dest,JFK,2167729.4793459354,-134551.3799715436
Delta Air Lines,3659,origin,BUF,1707245.286740146,-4371.266382491431
Delta Air Lines,3659,dest,JFK,2167729.4793459354,-134551.3799715436
Delta Air Lines,3660,origin,IAH,452316.2866359444,-1652751.7266989667
Delta Air Lines,3660,dest,LGA,2155684.513057,-122316.28523641168
Delta Air Lines,3661,origin,LGA,2155684.513057,-122316.28523641168
Delta Air Lines,3661,dest,IAH,452316.2866359444,-1652751.7266989667
Delta Air Lines,3662,origin,DTW,1359641.697254995,-170996.60408534826
Delta Air Lines,3662,dest,MDW,1011185.7905791268,-281702.30650750065
Delta Air Lines,3663,origin,MDW,1011185.7905791268,-281702.30650750065
Delta Air Lines,3663,dest,DTW,1359641.697254995,-170996.60408534826
Delta Air Lines,3664,origin,OKC,218240.3077465392,-1063902.9710996167
Delta Air Lines,3664,dest,DTW,1359641.697254995,-170996.60408534826
Delta Air Lines,3665,origin,DTW,1359641.697254995,-170996.60408534826
Delta Air Lines,3665,dest,DAY,1337337.3311413545,-438530.28268780926
Delta Air Lines,3666,origin,DAY,1337337.3311413545,-438530.28268780926
Delta Air Lines,3666,dest,DTW,1359641.697254995,-170996.60408534826
American Airlines,3667,origin,BOS,2320658.4485041024,126152.13380139158
American Airlines,3667,dest,IAH,452316.2866359444,-1652751.7266989667
American Airlines,3668,origin,IAH,452316.2866359444,-1652751.7266989667
American Airlines,3668,dest,BOS,2320658.4485041024,126152.13380139158
Delta Air Lines,3669,origin,CMH,1445821.7184349983,-405735.9494879742
Delta Air Lines,3669,dest,MCO,1829771.2698870576,-1638824.7811905802
Delta Air Lines,3670,origin,MCO,1829771.2698870576,-1638824.7811905802
Delta Air Lines,3670,dest,CMH,1445821.7184349983,-405735.9494879742
Delta Air Lines,3671,origin,MSP,533284.8020873081,9198.64416372486
Delta Air Lines,3671,dest,ICT,226443.7486944286,-813259.0022928995
Delta Air Lines,3672,origin,DTW,1359641.697254995,-170996.60408534826
Delta Air Lines,3672,dest,GSP,1613274.8060153143,-951578.4592630994
Delta Air Lines,3673,origin,ICT,226443.7486944286,-813259.0022928995
Delta Air Lines,3673,dest,MSP,533284.8020873081,9198.64416372486
Delta Air Lines,3674,origin,AGS,1668087.5351537075,-1113377.2711774665
Delta Air Lines,3674,dest,LGA,2155684.513057,-122316.28523641168
Delta Air Lines,3675,origin,LGA,2155684.513057,-122316.28523641168
Delta Air Lines,3675,dest,LEX,1341000.798647487,-649583.9025673885
Delta Air Lines,3676,origin,RDU,1892329.2704660424,-772779.4700067013
Delta Air Lines,3676,dest,IND,1166867.010981104,-490339.71160834696
United Airlines,3677,origin,IAH,452316.2866359444,-1652751.7266989667
United Airlines,3677,dest,STT,NA,NA
United Airlines,3678,origin,STT,NA,NA
United Airlines,3678,dest,IAH,452316.2866359444,-1652751.7266989667
Delta Air Lines,3679,origin,MSP,533284.8020873081,9198.64416372486
Delta Air Lines,3679,dest,FAI,NA,NA
Delta Air Lines,3680,origin,FAI,NA,NA
Delta Air Lines,3680,dest,MSP,533284.8020873081,9198.64416372486
Delta Air Lines,3681,origin,ATL,1438837.9937618312,-1129310.979486318
Delta Air Lines,3681,dest,ANC,NA,NA
Delta Air Lines,3682,origin,ATL,1438837.9937618312,-1129310.979486318
Delta Air Lines,3682,dest,OAK,-1929816.947397706,-549399.1884917811
Delta Air Lines,3683,origin,OAK,-1929816.947397706,-549399.1884917811
Delta Air Lines,3683,dest,ATL,1438837.9937618312,-1129310.979486318
Delta Air Lines,3684,origin,SEA,-1650755.3926562539,505066.6320739882
Delta Air Lines,3684,dest,JNU,NA,NA
Delta Air Lines,3685,origin,JNU,NA,NA
Delta Air Lines,3685,dest,SEA,-1650755.3926562539,505066.6320739882
Delta Air Lines,3686,origin,ANC,NA,NA
Delta Air Lines,3686,dest,ATL,1438837.9937618312,-1129310.979486318
Delta Air Lines,3687,origin,MSP,533284.8020873081,9198.64416372486
Delta Air Lines,3687,dest,XNA,511251.36067402794,-951228.666706021
Delta Air Lines,3688,origin,XNA,511251.36067402794,-951228.666706021
Delta Air Lines,3688,dest,MSP,533284.8020873081,9198.64416372486
Delta Air Lines,3689,origin,JFK,2167729.4793459354,-134551.3799715436
Delta Air Lines,3689,dest,BGR,2383155.416950591,448230.00171095855
Delta Air Lines,3690,origin,IND,1166867.010981104,-490339.71160834696
Delta Air Lines,3690,dest,SLC,-1004609.4621734885,-395049.06406783813
Delta Air Lines,3691,origin,SLC,-1004609.4621734885,-395049.06406783813
Delta Air Lines,3691,dest,IND,1166867.010981104,-490339.71160834696
Delta Air Lines,3692,origin,SEA,-1650755.3926562539,505066.6320739882
Delta Air Lines,3692,dest,CVG,1316490.950820449,-539409.9479712159
Delta Air Lines,3693,origin,MSP,533284.8020873081,9198.64416372486
Delta Air Lines,3693,dest,GTF,-850982.6218190015,336557.8527662991
Delta Air Lines,3694,origin,CVG,1316490.950820449,-539409.9479712159
Delta Air Lines,3694,dest,SEA,-1650755.3926562539,505066.6320739882
Delta Air Lines,3695,origin,GTF,-850982.6218190015,336557.8527662991
Delta Air Lines,3695,dest,MSP,533284.8020873081,9198.64416372486
Delta Air Lines,3696,origin,MDW,1011185.7905791268,-281702.30650750065
Delta Air Lines,3696,dest,MSP,533284.8020873081,9198.64416372486
Delta Air Lines,3697,origin,MSP,533284.8020873081,9198.64416372486
Delta Air Lines,3697,dest,MDW,1011185.7905791268,-281702.30650750065
Delta Air Lines,3698,origin,BGR,2383155.416950591,448230.00171095855
Delta Air Lines,3698,dest,JFK,2167729.4793459354,-134551.3799715436
American Airlines,3699,origin,CLT,1718765.594159813,-891788.5105128315
American Airlines,3699,dest,DAB,1838701.06675774,-1551799.0940549509
American Airlines,3700,origin,DAB,1838701.06675774,-1551799.0940549509
American Airlines,3700,dest,CLT,1718765.594159813,-891788.5105128315
American Airlines,3701,origin,LAX,-1689593.4354288722,-1043456.7015018368
American Airlines,3701,dest,IAH,452316.2866359444,-1652751.7266989667
American Airlines,3702,origin,IAH,452316.2866359444,-1652751.7266989667
American Airlines,3702,dest,LAX,-1689593.4354288722,-1043456.7015018368
American Airlines,3703,origin,IAH,452316.2866359444,-1652751.7266989667
American Airlines,3703,dest,PHL,2075929.4181951769,-255080.32292677445
American Airlines,3704,origin,PHL,2075929.4181951769,-255080.32292677445
American Airlines,3704,dest,IAH,452316.2866359444,-1652751.7266989667
American Airlines,3705,origin,IAD,1922328.2460675351,-409030.73296909296
American Airlines,3705,dest,CLT,1718765.594159813,-891788.5105128315
American Airlines,3706,origin,CLT,1718765.594159813,-891788.5105128315
American Airlines,3706,dest,IAD,1922328.2460675351,-409030.73296909296
Delta Air Lines,3707,origin,LGA,2155684.513057,-122316.28523641168
Delta Air Lines,3707,dest,BZN,-861247.8507503188,146078.48264388298
Delta Air Lines,3708,origin,ANC,NA,NA
Delta Air Lines,3708,dest,SLC,-1004609.4621734885,-395049.06406783813
Delta Air Lines,3709,origin,ATL,1438837.9937618312,-1129310.979486318
Delta Air Lines,3709,dest,MSO,-1063417.7421266043,306790.99797850905
Delta Air Lines,3710,origin,ATL,1438837.9937618312,-1129310.979486318
Delta Air Lines,3710,dest,FCA,NA,NA
Delta Air Lines,3711,origin,FCA,NA,NA
Delta Air Lines,3711,dest,ATL,1438837.9937618312,-1129310.979486318
Delta Air Lines,3712,origin,SLC,-1004609.4621734885,-395049.06406783813
Delta Air Lines,3712,dest,ANC,NA,NA
Delta Air Lines,3713,origin,MSO,-1063417.7421266043,306790.99797850905
Delta Air Lines,3713,dest,ATL,1438837.9937618312,-1129310.979486318
Southwest Airlines,3714,origin,ALB,2093896.6988834653,90839.80353075745
Southwest Airlines,3714,dest,RSW,1822839.8385921961,-1854169.26849232
Southwest Airlines,3715,origin,BDL,2208123.028463688,33971.4893617478
Southwest Airlines,3715,dest,PBI,1982322.2831828392,-1802085.774986376
Southwest Airlines,3716,origin,BWI,1980887.5167152977,-365563.636502196
Southwest Airlines,3716,dest,ECP,1366547.510727577,-1511044.3472759733
Southwest Airlines,3717,origin,DAL,295794.1446696455,-1343507.98461109
Southwest Airlines,3717,dest,JAX,1752547.7524868262,-1421732.3716896002
Southwest Airlines,3718,origin,DAY,1337337.3311413545,-438530.28268780926
Southwest Airlines,3718,dest,MCO,1829771.2698870576,-1638824.7811905802
Southwest Airlines,3719,origin,DAY,1337337.3311413545,-438530.28268780926
Southwest Airlines,3719,dest,TPA,1720329.790563932,-1713285.848456208
Southwest Airlines,3720,origin,DEN,-398957.8437938119,-559911.2634607605
Southwest Airlines,3720,dest,RSW,1822839.8385921961,-1854169.26849232
Southwest Airlines,3721,origin,ECP,1366547.510727577,-1511044.3472759733
Southwest Airlines,3721,dest,BWI,1980887.5167152977,-365563.636502196
Southwest Airlines,3722,origin,JAX,1752547.7524868262,-1421732.3716896002
Southwest Airlines,3722,dest,DAL,295794.1446696455,-1343507.98461109
Southwest Airlines,3723,origin,LAS,-1356682.4796960566,-868251.8410072095
Southwest Airlines,3723,dest,MSP,533284.8020873081,9198.64416372486
Southwest Airlines,3724,origin,MCO,1829771.2698870576,-1638824.7811905802
Southwest Airlines,3724,dest,DAY,1337337.3311413545,-438530.28268780926
Southwest Airlines,3725,origin,MCO,1829771.2698870576,-1638824.7811905802
Southwest Airlines,3725,dest,MSP,533284.8020873081,9198.64416372486
Southwest Airlines,3726,origin,MCO,1829771.2698870576,-1638824.7811905802
Southwest Airlines,3726,dest,PWM,2323046.368311461,282201.85932739975
Southwest Airlines,3727,origin,MDW,1011185.7905791268,-281702.30650750065
Southwest Airlines,3727,dest,PBI,1982322.2831828392,-1802085.774986376
Southwest Airlines,3728,origin,MSP,533284.8020873081,9198.64416372486
Southwest Airlines,3728,dest,LAS,-1356682.4796960566,-868251.8410072095
Southwest Airlines,3729,origin,MSP,533284.8020873081,9198.64416372486
Southwest Airlines,3729,dest,MCO,1829771.2698870576,-1638824.7811905802
Southwest Airlines,3730,origin,MSP,533284.8020873081,9198.64416372486
Southwest Airlines,3730,dest,RSW,1822839.8385921961,-1854169.26849232
Southwest Airlines,3731,origin,MSP,533284.8020873081,9198.64416372486
Southwest Airlines,3731,dest,TPA,1720329.790563932,-1713285.848456208
Southwest Airlines,3732,origin,PBI,1982322.2831828392,-1802085.774986376
Southwest Airlines,3732,dest,BDL,2208123.028463688,33971.4893617478
Southwest Airlines,3733,origin,PBI,1982322.2831828392,-1802085.774986376
Southwest Airlines,3733,dest,MDW,1011185.7905791268,-281702.30650750065
Southwest Airlines,3734,origin,PBI,1982322.2831828392,-1802085.774986376
Southwest Airlines,3734,dest,PIT,1653058.7188770992,-301571.10045485134
Southwest Airlines,3735,origin,PIT,1653058.7188770992,-301571.10045485134
Southwest Airlines,3735,dest,PBI,1982322.2831828392,-1802085.774986376
Southwest Airlines,3736,origin,PWM,2323046.368311461,282201.85932739975
Southwest Airlines,3736,dest,MCO,1829771.2698870576,-1638824.7811905802
Southwest Airlines,3737,origin,RSW,1822839.8385921961,-1854169.26849232
Southwest Airlines,3737,dest,ALB,2093896.6988834653,90839.80353075745
Southwest Airlines,3738,origin,RSW,1822839.8385921961,-1854169.26849232
Southwest Airlines,3738,dest,DEN,-398957.8437938119,-559911.2634607605
Southwest Airlines,3739,origin,RSW,1822839.8385921961,-1854169.26849232
Southwest Airlines,3739,dest,MSP,533284.8020873081,9198.64416372486
Southwest Airlines,3740,origin,TPA,1720329.790563932,-1713285.848456208
Southwest Airlines,3740,dest,DAY,1337337.3311413545,-438530.28268780926
Southwest Airlines,3741,origin,TPA,1720329.790563932,-1713285.848456208
Southwest Airlines,3741,dest,MSP,533284.8020873081,9198.64416372486
Southwest Airlines,3742,origin,IND,1166867.010981104,-490339.71160834696
Southwest Airlines,3742,dest,MSY,943779.1568939897,-1610813.662288556
Southwest Airlines,3743,origin,MSY,943779.1568939897,-1610813.662288556
Southwest Airlines,3743,dest,IND,1166867.010981104,-490339.71160834696
Southwest Airlines,3744,origin,LGA,2155684.513057,-122316.28523641168
Southwest Airlines,3744,dest,MCO,1829771.2698870576,-1638824.7811905802
Southwest Airlines,3745,origin,MCO,1829771.2698870576,-1638824.7811905802
Southwest Airlines,3745,dest,LGA,2155684.513057,-122316.28523641168
American Airlines,3746,origin,CLT,1718765.594159813,-891788.5105128315
American Airlines,3746,dest,MKE,980769.513678976,-155418.02245427898
American Airlines,3747,origin,CLT,1718765.594159813,-891788.5105128315
American Airlines,3747,dest,CMH,1445821.7184349983,-405735.9494879742
American Airlines,3748,origin,CMH,1445821.7184349983,-405735.9494879742
American Airlines,3748,dest,CLT,1718765.594159813,-891788.5105128315
American Airlines,3749,origin,CHS,1853007.6958618572,-1124845.6869020823
American Airlines,3749,dest,PHL,2075929.4181951769,-255080.32292677445
American Airlines,3750,origin,PHL,2075929.4181951769,-255080.32292677445
American Airlines,3750,dest,CHS,1853007.6958618572,-1124845.6869020823
American Airlines,3751,origin,CLT,1718765.594159813,-891788.5105128315
American Airlines,3751,dest,PNS,1232374.963107157,-1519383.0474165194
American Airlines,3752,origin,CLT,1718765.594159813,-891788.5105128315
American Airlines,3752,dest,OMA,343006.6325637459,-402442.5398354072
American Airlines,3753,origin,MYR,1934759.0351566628,-1014954.7170777966
American Airlines,3753,dest,CLT,1718765.594159813,-891788.5105128315
American Airlines,3754,origin,OMA,343006.6325637459,-402442.5398354072
American Airlines,3754,dest,CLT,1718765.594159813,-891788.5105128315
American Airlines,3755,origin,LGA,2155684.513057,-122316.28523641168
American Airlines,3755,dest,PIT,1653058.7188770992,-301571.10045485134
American Airlines,3756,origin,PIT,1653058.7188770992,-301571.10045485134
American Airlines,3756,dest,LGA,2155684.513057,-122316.28523641168
American Airlines,3757,origin,CLT,1718765.594159813,-891788.5105128315
American Airlines,3757,dest,MYR,1934759.0351566628,-1014954.7170777966
American Airlines,3758,origin,CLT,1718765.594159813,-891788.5105128315
American Airlines,3758,dest,SAV,1763892.708823169,-1233594.0048643088
American Airlines,3759,origin,SAV,1763892.708823169,-1233594.0048643088
American Airlines,3759,dest,CLT,1718765.594159813,-891788.5105128315
American Airlines,3760,origin,CVG,1316490.950820449,-539409.9479712159
American Airlines,3760,dest,DFW,278083.31647186854,-1338465.2155458855
American Airlines,3761,origin,ORF,2086513.5755781755,-600723.1638676772
American Airlines,3761,dest,ORD,995411.7016669,-262546.73068444384
American Airlines,3762,origin,DTW,1359641.697254995,-170996.60408534826
American Airlines,3762,dest,LGA,2155684.513057,-122316.28523641168
American Airlines,3763,origin,LGA,2155684.513057,-122316.28523641168
American Airlines,3763,dest,DTW,1359641.697254995,-170996.60408534826
American Airlines,3764,origin,LGA,2155684.513057,-122316.28523641168
American Airlines,3764,dest,MSP,533284.8020873081,9198.64416372486
American Airlines,3765,origin,MSP,533284.8020873081,9198.64416372486
American Airlines,3765,dest,LGA,2155684.513057,-122316.28523641168
American Airlines,3766,origin,JAX,1752547.7524868262,-1421732.3716896002
American Airlines,3766,dest,DCA,1959959.090984065,-409479.41835946374
American Airlines,3767,origin,CLT,1718765.594159813,-891788.5105128315
American Airlines,3767,dest,MHT,2266652.2564188894,174443.80657271238
American Airlines,3768,origin,MHT,2266652.2564188894,174443.80657271238
American Airlines,3768,dest,CLT,1718765.594159813,-891788.5105128315
American Airlines,3769,origin,OKC,218240.3077465392,-1063902.9710996167
American Airlines,3769,dest,CLT,1718765.594159813,-891788.5105128315
American Airlines,3770,origin,ORD,995411.7016669,-262546.73068444384
American Airlines,3770,dest,IND,1166867.010981104,-490339.71160834696
American Airlines,3771,origin,IND,1166867.010981104,-490339.71160834696
American Airlines,3771,dest,ORD,995411.7016669,-262546.73068444384
American Airlines,3772,origin,ILM,2011109.1479966196,-926704.3084000075
American Airlines,3772,dest,PHL,2075929.4181951769,-255080.32292677445
American Airlines,3773,origin,PHL,2075929.4181951769,-255080.32292677445
American Airlines,3773,dest,ILM,2011109.1479966196,-926704.3084000075
American Airlines,3774,origin,MKE,980769.513678976,-155418.02245427898
American Airlines,3774,dest,CLT,1718765.594159813,-891788.5105128315
American Airlines,3775,origin,CLT,1718765.594159813,-891788.5105128315
American Airlines,3775,dest,SJC,-1914820.4720456952,-595055.2286396603
American Airlines,3776,origin,SJC,-1914820.4720456952,-595055.2286396603
American Airlines,3776,dest,CLT,1718765.594159813,-891788.5105128315
American Airlines,3777,origin,MCI,455074.4312943624,-619331.8913740775
American Airlines,3777,dest,PHL,2075929.4181951769,-255080.32292677445
American Airlines,3778,origin,PHL,2075929.4181951769,-255080.32292677445
American Airlines,3778,dest,MCI,455074.4312943624,-619331.8913740775
American Airlines,3779,origin,ORD,995411.7016669,-262546.73068444384
American Airlines,3779,dest,ABQ,-603104.745800889,-1082686.4778323667
American Airlines,3780,origin,ABQ,-603104.745800889,-1082686.4778323667
American Airlines,3780,dest,ORD,995411.7016669,-262546.73068444384
Southwest Airlines,3781,origin,ABQ,-603104.745800889,-1082686.4778323667
Southwest Airlines,3781,dest,MCO,1829771.2698870576,-1638824.7811905802
Southwest Airlines,3782,origin,CHS,1853007.6958618572,-1124845.6869020823
Southwest Airlines,3782,dest,DEN,-398957.8437938119,-559911.2634607605
Southwest Airlines,3783,origin,DEN,-398957.8437938119,-559911.2634607605
Southwest Airlines,3783,dest,CHS,1853007.6958618572,-1124845.6869020823
Southwest Airlines,3784,origin,MCO,1829771.2698870576,-1638824.7811905802
Southwest Airlines,3784,dest,ABQ,-603104.745800889,-1082686.4778323667
Southwest Airlines,3785,origin,MCO,1829771.2698870576,-1638824.7811905802
Southwest Airlines,3785,dest,OKC,218240.3077465392,-1063902.9710996167
Southwest Airlines,3786,origin,OKC,218240.3077465392,-1063902.9710996167
Southwest Airlines,3786,dest,MCO,1829771.2698870576,-1638824.7811905802
United Airlines,3787,origin,SAV,1763892.708823169,-1233594.0048643088
United Airlines,3787,dest,ORD,995411.7016669,-262546.73068444384
United Airlines,3788,origin,ORD,995411.7016669,-262546.73068444384
United Airlines,3788,dest,ICT,226443.7486944286,-813259.0022928995
United Airlines,3789,origin,CHS,1853007.6958618572,-1124845.6869020823
United Airlines,3789,dest,IAD,1922328.2460675351,-409030.73296909296
United Airlines,3790,origin,ORD,995411.7016669,-262546.73068444384
United Airlines,3790,dest,SAV,1763892.708823169,-1233594.0048643088
United Airlines,3791,origin,IAD,1922328.2460675351,-409030.73296909296
United Airlines,3791,dest,CHS,1853007.6958618572,-1124845.6869020823
United Airlines,3792,origin,EWR,2135095.905011877,-139210.669492847
United Airlines,3792,dest,STL,834066.6669227502,-646449.0468188728
United Airlines,3793,origin,STL,834066.6669227502,-646449.0468188728
United Airlines,3793,dest,EWR,2135095.905011877,-139210.669492847
United Airlines,3794,origin,RNO,-1678096.5663649472,-409666.019399356
United Airlines,3794,dest,IAH,452316.2866359444,-1652751.7266989667
United Airlines,3795,origin,IAH,452316.2866359444,-1652751.7266989667
United Airlines,3795,dest,RNO,-1678096.5663649472,-409666.019399356
United Airlines,3796,origin,DFW,278083.31647186854,-1338465.2155458855
United Airlines,3796,dest,LAX,-1689593.4354288722,-1043456.7015018368
United Airlines,3797,origin,IAH,452316.2866359444,-1652751.7266989667
United Airlines,3797,dest,PIT,1653058.7188770992,-301571.10045485134
United Airlines,3798,origin,CVG,1316490.950820449,-539409.9479712159
United Airlines,3798,dest,EWR,2135095.905011877,-139210.669492847
American Airlines,3799,origin,ANC,NA,NA
American Airlines,3799,dest,DFW,278083.31647186854,-1338465.2155458855
American Airlines,3800,origin,DFW,278083.31647186854,-1338465.2155458855
American Airlines,3800,dest,ANC,NA,NA
American Airlines,3801,origin,PHX,-1115699.3885834513,-1205089.0053395256
American Airlines,3801,dest,ANC,NA,NA
American Airlines,3802,origin,ONT,-1614545.9907031525,-1046821.4894757676
American Airlines,3802,dest,ORD,995411.7016669,-262546.73068444384
American Airlines,3803,origin,ANC,NA,NA
American Airlines,3803,dest,PHX,-1115699.3885834513,-1205089.0053395256
American Airlines,3804,origin,CMH,1445821.7184349983,-405735.9494879742
American Airlines,3804,dest,PHL,2075929.4181951769,-255080.32292677445
American Airlines,3805,origin,PHL,2075929.4181951769,-255080.32292677445
American Airlines,3805,dest,CMH,1445821.7184349983,-405735.9494879742
American Airlines,3806,origin,DFW,278083.31647186854,-1338465.2155458855
American Airlines,3806,dest,BZN,-861247.8507503188,146078.48264388298
Delta Air Lines,3807,origin,MSP,533284.8020873081,9198.64416372486
Delta Air Lines,3807,dest,TVC,1131251.581673923,72331.77434956355
Delta Air Lines,3808,origin,TVC,1131251.581673923,72331.77434956355
Delta Air Lines,3808,dest,MSP,533284.8020873081,9198.64416372486
Delta Air Lines,3809,origin,BZN,-861247.8507503188,146078.48264388298
Delta Air Lines,3809,dest,LGA,2155684.513057,-122316.28523641168
Delta Air Lines,3810,origin,FCA,NA,NA
Delta Air Lines,3810,dest,LAX,-1689593.4354288722,-1043456.7015018368
Delta Air Lines,3811,origin,LAX,-1689593.4354288722,-1043456.7015018368
Delta Air Lines,3811,dest,FCA,NA,NA
Delta Air Lines,3812,origin,CVG,1316490.950820449,-539409.9479712159
Delta Air Lines,3812,dest,JFK,2167729.4793459354,-134551.3799715436
Delta Air Lines,3813,origin,SBN,1129761.4317361645,-271516.7521662423
Delta Air Lines,3813,dest,LGA,2155684.513057,-122316.28523641168
Delta Air Lines,3814,origin,LGA,2155684.513057,-122316.28523641168
Delta Air Lines,3814,dest,SBN,1129761.4317361645,-271516.7521662423
Delta Air Lines,3815,origin,DTW,1359641.697254995,-170996.60408534826
Delta Air Lines,3815,dest,MHT,2266652.2564188894,174443.80657271238
Delta Air Lines,3816,origin,MHT,2266652.2564188894,174443.80657271238
Delta Air Lines,3816,dest,DTW,1359641.697254995,-170996.60408534826
Delta Air Lines,3817,origin,FLL,1989416.8668556917,-1869685.279595282
Delta Air Lines,3817,dest,RDU,1892329.2704660424,-772779.4700067013
Delta Air Lines,3818,origin,RDU,1892329.2704660424,-772779.4700067013
Delta Air Lines,3818,dest,FLL,1989416.8668556917,-1869685.279595282
Delta Air Lines,3819,origin,MSN,862184.7227999782,-150397.75067967636
Delta Air Lines,3819,dest,SLC,-1004609.4621734885,-395049.06406783813
Delta Air Lines,3820,origin,SLC,-1004609.4621734885,-395049.06406783813
Delta Air Lines,3820,dest,MSN,862184.7227999782,-150397.75067967636
United Airlines,3821,origin,ORD,995411.7016669,-262546.73068444384
United Airlines,3821,dest,TUS,-1033490.7270596127,-1363482.3767388165
United Airlines,3822,origin,TUS,-1033490.7270596127,-1363482.3767388165
United Airlines,3822,dest,ORD,995411.7016669,-262546.73068444384
United Airlines,3823,origin,PIT,1653058.7188770992,-301571.10045485134
United Airlines,3823,dest,EWR,2135095.905011877,-139210.669492847
United Airlines,3824,origin,EWR,2135095.905011877,-139210.669492847
United Airlines,3824,dest,PIT,1653058.7188770992,-301571.10045485134
United Airlines,3825,origin,EWR,2135095.905011877,-139210.669492847
United Airlines,3825,dest,CVG,1316490.950820449,-539409.9479712159
United Airlines,3826,origin,HDN,-609905.1545202036,-475672.5575641322
United Airlines,3826,dest,ORD,995411.7016669,-262546.73068444384
United Airlines,3827,origin,ORD,995411.7016669,-262546.73068444384
United Airlines,3827,dest,HDN,-609905.1545202036,-475672.5575641322
Delta Air Lines,3828,origin,TPA,1720329.790563932,-1713285.848456208
Delta Air Lines,3828,dest,RDU,1892329.2704660424,-772779.4700067013
Delta Air Lines,3829,origin,RDU,1892329.2704660424,-772779.4700067013
Delta Air Lines,3829,dest,TPA,1720329.790563932,-1713285.848456208
Delta Air Lines,3830,origin,RDU,1892329.2704660424,-772779.4700067013
Delta Air Lines,3830,dest,LGA,2155684.513057,-122316.28523641168
United Airlines,3831,origin,AGS,1668087.5351537075,-1113377.2711774665
United Airlines,3831,dest,ATL,1438837.9937618312,-1129310.979486318
United Airlines,3832,origin,IAH,452316.2866359444,-1652751.7266989667
United Airlines,3832,dest,AGS,1668087.5351537075,-1113377.2711774665
Southwest Airlines,3833,origin,STL,834066.6669227502,-646449.0468188728
Southwest Airlines,3833,dest,CHS,1853007.6958618572,-1124845.6869020823
Southwest Airlines,3834,origin,AUS,225823.07315140465,-1638702.7618488022
Southwest Airlines,3834,dest,PDX,-1729571.0771865274,310444.7043324455
Southwest Airlines,3835,origin,BNA,1193955.4135102862,-891176.9680870201
Southwest Airlines,3835,dest,SEA,-1650755.3926562539,505066.6320739882
Southwest Airlines,3836,origin,BOI,-1296364.617988922,-29797.04410178459
Southwest Airlines,3836,dest,MDW,1011185.7905791268,-281702.30650750065
Southwest Airlines,3837,origin,BWI,1980887.5167152977,-365563.636502196
Southwest Airlines,3837,dest,PDX,-1729571.0771865274,310444.7043324455
Southwest Airlines,3838,origin,CHS,1853007.6958618572,-1124845.6869020823
Southwest Airlines,3838,dest,STL,834066.6669227502,-646449.0468188728
Southwest Airlines,3839,origin,EWR,2135095.905011877,-139210.669492847
Southwest Airlines,3839,dest,OAK,-1929816.947397706,-549399.1884917811
Southwest Airlines,3840,origin,EWR,2135095.905011877,-139210.669492847
Southwest Airlines,3840,dest,SAN,-1603701.5452417962,-1199220.2306533586
Southwest Airlines,3841,origin,GEG,-1301359.421680582,434754.4516689109
Southwest Airlines,3841,dest,MDW,1011185.7905791268,-281702.30650750065
Southwest Airlines,3842,origin,GEG,-1301359.421680582,434754.4516689109
Southwest Airlines,3842,dest,SAN,-1603701.5452417962,-1199220.2306533586
Southwest Airlines,3843,origin,IND,1166867.010981104,-490339.71160834696
Southwest Airlines,3843,dest,SAN,-1603701.5452417962,-1199220.2306533586
Southwest Airlines,3844,origin,LAX,-1689593.4354288722,-1043456.7015018368
Southwest Airlines,3844,dest,OMA,343006.6325637459,-402442.5398354072
Southwest Airlines,3845,origin,MCI,455074.4312943624,-619331.8913740775
Southwest Airlines,3845,dest,PNS,1232374.963107157,-1519383.0474165194
Southwest Airlines,3846,origin,MDW,1011185.7905791268,-281702.30650750065
Southwest Airlines,3846,dest,BOI,-1296364.617988922,-29797.04410178459
Southwest Airlines,3847,origin,MDW,1011185.7905791268,-281702.30650750065
Southwest Airlines,3847,dest,GEG,-1301359.421680582,434754.4516689109
Southwest Airlines,3848,origin,OAK,-1929816.947397706,-549399.1884917811
Southwest Airlines,3848,dest,EWR,2135095.905011877,-139210.669492847
Southwest Airlines,3849,origin,OMA,343006.6325637459,-402442.5398354072
Southwest Airlines,3849,dest,LAX,-1689593.4354288722,-1043456.7015018368
Southwest Airlines,3850,origin,PDX,-1729571.0771865274,310444.7043324455
Southwest Airlines,3850,dest,AUS,225823.07315140465,-1638702.7618488022
Southwest Airlines,3851,origin,PDX,-1729571.0771865274,310444.7043324455
Southwest Airlines,3851,dest,BWI,1980887.5167152977,-365563.636502196
Southwest Airlines,3852,origin,PNS,1232374.963107157,-1519383.0474165194
Southwest Airlines,3852,dest,MCI,455074.4312943624,-619331.8913740775
Southwest Airlines,3853,origin,SAN,-1603701.5452417962,-1199220.2306533586
Southwest Airlines,3853,dest,EWR,2135095.905011877,-139210.669492847
Southwest Airlines,3854,origin,SAN,-1603701.5452417962,-1199220.2306533586
Southwest Airlines,3854,dest,GEG,-1301359.421680582,434754.4516689109
Southwest Airlines,3855,origin,SAN,-1603701.5452417962,-1199220.2306533586
Southwest Airlines,3855,dest,IND,1166867.010981104,-490339.71160834696
Southwest Airlines,3856,origin,SEA,-1650755.3926562539,505066.6320739882
Southwest Airlines,3856,dest,BNA,1193955.4135102862,-891176.9680870201
Southwest Airlines,3857,origin,STL,834066.6669227502,-646449.0468188728
Southwest Airlines,3857,dest,PNS,1232374.963107157,-1519383.0474165194
Southwest Airlines,3858,origin,BOI,-1296364.617988922,-29797.04410178459
Southwest Airlines,3858,dest,SJC,-1914820.4720456952,-595055.2286396603
Southwest Airlines,3859,origin,DEN,-398957.8437938119,-559911.2634607605
Southwest Airlines,3859,dest,ORF,2086513.5755781755,-600723.1638676772
Southwest Airlines,3860,origin,DEN,-398957.8437938119,-559911.2634607605
Southwest Airlines,3860,dest,PNS,1232374.963107157,-1519383.0474165194
Southwest Airlines,3861,origin,ORF,2086513.5755781755,-600723.1638676772
Southwest Airlines,3861,dest,DEN,-398957.8437938119,-559911.2634607605
Southwest Airlines,3862,origin,PNS,1232374.963107157,-1519383.0474165194
Southwest Airlines,3862,dest,DEN,-398957.8437938119,-559911.2634607605
Southwest Airlines,3863,origin,SJC,-1914820.4720456952,-595055.2286396603
Southwest Airlines,3863,dest,BOI,-1296364.617988922,-29797.04410178459
Southwest Airlines,3864,origin,AUS,225823.07315140465,-1638702.7618488022
Southwest Airlines,3864,dest,ECP,1366547.510727577,-1511044.3472759733
Southwest Airlines,3865,origin,AUS,225823.07315140465,-1638702.7618488022
Southwest Airlines,3865,dest,PNS,1232374.963107157,-1519383.0474165194
Southwest Airlines,3866,origin,ECP,1366547.510727577,-1511044.3472759733
Southwest Airlines,3866,dest,AUS,225823.07315140465,-1638702.7618488022
Southwest Airlines,3867,origin,ECP,1366547.510727577,-1511044.3472759733
Southwest Airlines,3867,dest,MDW,1011185.7905791268,-281702.30650750065
Southwest Airlines,3868,origin,MDW,1011185.7905791268,-281702.30650750065
Southwest Airlines,3868,dest,ECP,1366547.510727577,-1511044.3472759733
Southwest Airlines,3869,origin,PNS,1232374.963107157,-1519383.0474165194
Southwest Airlines,3869,dest,AUS,225823.07315140465,-1638702.7618488022
Southwest Airlines,3870,origin,PNS,1232374.963107157,-1519383.0474165194
Southwest Airlines,3870,dest,STL,834066.6669227502,-646449.0468188728
United Airlines,3871,origin,DEN,-398957.8437938119,-559911.2634607605
United Airlines,3871,dest,STL,834066.6669227502,-646449.0468188728
United Airlines,3872,origin,BTR,852622.9227781038,-1560726.580584646
United Airlines,3872,dest,DCA,1959959.090984065,-409479.41835946374
United Airlines,3873,origin,IAH,452316.2866359444,-1652751.7266989667
United Airlines,3873,dest,BTR,852622.9227781038,-1560726.580584646
United Airlines,3874,origin,ROC,1784302.386940441,37810.92949343497
United Airlines,3874,dest,EWR,2135095.905011877,-139210.669492847
United Airlines,3875,origin,CLT,1718765.594159813,-891788.5105128315
United Airlines,3875,dest,IAD,1922328.2460675351,-409030.73296909296
United Airlines,3876,origin,EWR,2135095.905011877,-139210.669492847
United Airlines,3876,dest,ROC,1784302.386940441,37810.92949343497
American Airlines,3877,origin,BZN,-861247.8507503188,146078.48264388298
American Airlines,3877,dest,DFW,278083.31647186854,-1338465.2155458855
American Airlines,3878,origin,LAX,-1689593.4354288722,-1043456.7015018368
American Airlines,3878,dest,ANC,NA,NA
American Airlines,3879,origin,ANC,NA,NA
American Airlines,3879,dest,LAX,-1689593.4354288722,-1043456.7015018368
American Airlines,3880,origin,JAC,-861423.9636510183,-97950.92206649132
American Airlines,3880,dest,PHX,-1115699.3885834513,-1205089.0053395256
American Airlines,3881,origin,PHX,-1115699.3885834513,-1205089.0053395256
American Airlines,3881,dest,JAC,-861423.9636510183,-97950.92206649132
American Airlines,3882,origin,DCA,1959959.090984065,-409479.41835946374
American Airlines,3882,dest,PWM,2323046.368311461,282201.85932739975
American Airlines,3883,origin,PWM,2323046.368311461,282201.85932739975
American Airlines,3883,dest,DCA,1959959.090984065,-409479.41835946374
American Airlines,3884,origin,DCA,1959959.090984065,-409479.41835946374
American Airlines,3884,dest,JAX,1752547.7524868262,-1421732.3716896002
American Airlines,3885,origin,PHL,2075929.4181951769,-255080.32292677445
American Airlines,3885,dest,PDX,-1729571.0771865274,310444.7043324455
American Airlines,3886,origin,PDX,-1729571.0771865274,310444.7043324455
American Airlines,3886,dest,PHL,2075929.4181951769,-255080.32292677445
United Airlines,3887,origin,LAX,-1689593.4354288722,-1043456.7015018368
United Airlines,3887,dest,DFW,278083.31647186854,-1338465.2155458855
United Airlines,3888,origin,BTR,852622.9227781038,-1560726.580584646
United Airlines,3888,dest,IAH,452316.2866359444,-1652751.7266989667
United Airlines,3889,origin,DCA,1959959.090984065,-409479.41835946374
United Airlines,3889,dest,BTR,852622.9227781038,-1560726.580584646
United Airlines,3890,origin,ORD,995411.7016669,-262546.73068444384
United Airlines,3890,dest,OKC,218240.3077465392,-1063902.9710996167
American Airlines,3891,origin,BZN,-861247.8507503188,146078.48264388298
American Airlines,3891,dest,ORD,995411.7016669,-262546.73068444384
American Airlines,3892,origin,ORD,995411.7016669,-262546.73068444384
American Airlines,3892,dest,BZN,-861247.8507503188,146078.48264388298
American Airlines,3893,origin,ORD,995411.7016669,-262546.73068444384
American Airlines,3893,dest,ONT,-1614545.9907031525,-1046821.4894757676
United Airlines,3894,origin,BZN,-861247.8507503188,146078.48264388298
United Airlines,3894,dest,SFO,-1945640.7538789264,-556902.5127197708
United Airlines,3895,origin,FCA,NA,NA
United Airlines,3895,dest,DEN,-398957.8437938119,-559911.2634607605
United Airlines,3896,origin,MCI,455074.4312943624,-619331.8913740775
United Airlines,3896,dest,SFO,-1945640.7538789264,-556902.5127197708
United Airlines,3897,origin,SFO,-1945640.7538789264,-556902.5127197708
United Airlines,3897,dest,MCI,455074.4312943624,-619331.8913740775
United Airlines,3898,origin,SFO,-1945640.7538789264,-556902.5127197708
United Airlines,3898,dest,BZN,-861247.8507503188,146078.48264388298
United Airlines,3899,origin,ORD,995411.7016669,-262546.73068444384
United Airlines,3899,dest,FCA,NA,NA
United Airlines,3900,origin,FCA,NA,NA
United Airlines,3900,dest,ORD,995411.7016669,-262546.73068444384
United Airlines,3901,origin,DEN,-398957.8437938119,-559911.2634607605
United Airlines,3901,dest,FCA,NA,NA
United Airlines,3902,origin,STL,834066.6669227502,-646449.0468188728
United Airlines,3902,dest,DEN,-398957.8437938119,-559911.2634607605
United Airlines,3903,origin,GEG,-1301359.421680582,434754.4516689109
United Airlines,3903,dest,ORD,995411.7016669,-262546.73068444384
United Airlines,3904,origin,ORD,995411.7016669,-262546.73068444384
United Airlines,3904,dest,RNO,-1678096.5663649472,-409666.019399356
United Airlines,3905,origin,BDL,2208123.028463688,33971.4893617478
United Airlines,3905,dest,SFO,-1945640.7538789264,-556902.5127197708
United Airlines,3906,origin,SFO,-1945640.7538789264,-556902.5127197708
United Airlines,3906,dest,BDL,2208123.028463688,33971.4893617478
United Airlines,3907,origin,ORD,995411.7016669,-262546.73068444384
United Airlines,3907,dest,GEG,-1301359.421680582,434754.4516689109
United Airlines,3908,origin,MSO,-1063417.7421266043,306790.99797850905
United Airlines,3908,dest,ORD,995411.7016669,-262546.73068444384
United Airlines,3909,origin,JAC,-861423.9636510183,-97950.92206649132
United Airlines,3909,dest,SFO,-1945640.7538789264,-556902.5127197708
United Airlines,3910,origin,PWM,2323046.368311461,282201.85932739975
United Airlines,3910,dest,IAD,1922328.2460675351,-409030.73296909296
United Airlines,3911,origin,SFO,-1945640.7538789264,-556902.5127197708
United Airlines,3911,dest,JAC,-861423.9636510183,-97950.92206649132
United Airlines,3912,origin,IAD,1922328.2460675351,-409030.73296909296
United Airlines,3912,dest,PWM,2323046.368311461,282201.85932739975
United Airlines,3913,origin,EWR,2135095.905011877,-139210.669492847
United Airlines,3913,dest,ANC,NA,NA
United Airlines,3914,origin,ANC,NA,NA
United Airlines,3914,dest,EWR,2135095.905011877,-139210.669492847
United Airlines,3915,origin,ANC,NA,NA
United Airlines,3915,dest,IAH,452316.2866359444,-1652751.7266989667
United Airlines,3916,origin,MYR,1934759.0351566628,-1014954.7170777966
United Airlines,3916,dest,ORD,995411.7016669,-262546.73068444384
United Airlines,3917,origin,FAI,NA,NA
United Airlines,3917,dest,ORD,995411.7016669,-262546.73068444384
United Airlines,3918,origin,IAH,452316.2866359444,-1652751.7266989667
United Airlines,3918,dest,ANC,NA,NA
United Airlines,3919,origin,ORD,995411.7016669,-262546.73068444384
United Airlines,3919,dest,MYR,1934759.0351566628,-1014954.7170777966
United Airlines,3920,origin,ORD,995411.7016669,-262546.73068444384
United Airlines,3920,dest,FAI,NA,NA
United Airlines,3921,origin,LAX,-1689593.4354288722,-1043456.7015018368
United Airlines,3921,dest,SEA,-1650755.3926562539,505066.6320739882
United Airlines,3922,origin,ORD,995411.7016669,-262546.73068444384
United Airlines,3922,dest,MSO,-1063417.7421266043,306790.99797850905
United Airlines,3923,origin,SEA,-1650755.3926562539,505066.6320739882
United Airlines,3923,dest,LAX,-1689593.4354288722,-1043456.7015018368
United Airlines,3924,origin,CLE,1498726.2792607923,-232627.15593650908
United Airlines,3924,dest,IAD,1922328.2460675351,-409030.73296909296
Delta Air Lines,3925,origin,ATL,1438837.9937618312,-1129310.979486318
Delta Air Lines,3925,dest,TVC,1131251.581673923,72331.77434956355
Delta Air Lines,3926,origin,TVC,1131251.581673923,72331.77434956355
Delta Air Lines,3926,dest,ATL,1438837.9937618312,-1129310.979486318
Delta Air Lines,3927,origin,SLC,-1004609.4621734885,-395049.06406783813
Delta Air Lines,3927,dest,RAP,-244254.86787282676,-101558.09433123024
Delta Air Lines,3928,origin,JFK,2167729.4793459354,-134551.3799715436
Delta Air Lines,3928,dest,CVG,1316490.950820449,-539409.9479712159
Delta Air Lines,3929,origin,JAC,-861423.9636510183,-97950.92206649132
Delta Air Lines,3929,dest,LAX,-1689593.4354288722,-1043456.7015018368
Delta Air Lines,3930,origin,LAX,-1689593.4354288722,-1043456.7015018368
Delta Air Lines,3930,dest,JAC,-861423.9636510183,-97950.92206649132
American Airlines,3931,origin,ABQ,-603104.745800889,-1082686.4778323667
American Airlines,3931,dest,PHX,-1115699.3885834513,-1205089.0053395256
American Airlines,3932,origin,PHX,-1115699.3885834513,-1205089.0053395256
American Airlines,3932,dest,ABQ,-603104.745800889,-1082686.4778323667
American Airlines,3933,origin,FAT,-1740731.0681842598,-707419.3398996206
American Airlines,3933,dest,PHX,-1115699.3885834513,-1205089.0053395256
American Airlines,3934,origin,PHX,-1115699.3885834513,-1205089.0053395256
American Airlines,3934,dest,FAT,-1740731.0681842598,-707419.3398996206
United Airlines,3935,origin,BNA,1193955.4135102862,-891176.9680870201
United Airlines,3935,dest,IAD,1922328.2460675351,-409030.73296909296
United Airlines,3936,origin,ORF,2086513.5755781755,-600723.1638676772
United Airlines,3936,dest,EWR,2135095.905011877,-139210.669492847
United Airlines,3937,origin,DTW,1359641.697254995,-170996.60408534826
United Airlines,3937,dest,IAD,1922328.2460675351,-409030.73296909296
United Airlines,3938,origin,EWR,2135095.905011877,-139210.669492847
United Airlines,3938,dest,ORF,2086513.5755781755,-600723.1638676772
United Airlines,3939,origin,IAD,1922328.2460675351,-409030.73296909296
United Airlines,3939,dest,BNA,1193955.4135102862,-891176.9680870201
United Airlines,3940,origin,IAD,1922328.2460675351,-409030.73296909296
United Airlines,3940,dest,DTW,1359641.697254995,-170996.60408534826
United Airlines,3941,origin,EWR,2135095.905011877,-139210.669492847
United Airlines,3941,dest,MEM,913341.2595404746,-1051685.0479322155
United Airlines,3942,origin,MEM,913341.2595404746,-1051685.0479322155
United Airlines,3942,dest,EWR,2135095.905011877,-139210.669492847
Southwest Airlines,3943,origin,LAX,-1689593.4354288722,-1043456.7015018368
Southwest Airlines,3943,dest,OKC,218240.3077465392,-1063902.9710996167
United Airlines,3944,origin,MKE,980769.513678976,-155418.02245427898
United Airlines,3944,dest,IAH,452316.2866359444,-1652751.7266989667
United Airlines,3945,origin,OMA,343006.6325637459,-402442.5398354072
United Airlines,3945,dest,EWR,2135095.905011877,-139210.669492847
United Airlines,3946,origin,CMH,1445821.7184349983,-405735.9494879742
United Airlines,3946,dest,IAH,452316.2866359444,-1652751.7266989667
United Airlines,3947,origin,CVG,1316490.950820449,-539409.9479712159
United Airlines,3947,dest,IAH,452316.2866359444,-1652751.7266989667
United Airlines,3948,origin,IAD,1922328.2460675351,-409030.73296909296
United Airlines,3948,dest,SAV,1763892.708823169,-1233594.0048643088
United Airlines,3949,origin,SAV,1763892.708823169,-1233594.0048643088
United Airlines,3949,dest,IAD,1922328.2460675351,-409030.73296909296
United Airlines,3950,origin,BOI,-1296364.617988922,-29797.04410178459
United Airlines,3950,dest,SFO,-1945640.7538789264,-556902.5127197708
United Airlines,3951,origin,SFO,-1945640.7538789264,-556902.5127197708
United Airlines,3951,dest,BOI,-1296364.617988922,-29797.04410178459
Southwest Airlines,3952,origin,OKC,218240.3077465392,-1063902.9710996167
Southwest Airlines,3952,dest,LAX,-1689593.4354288722,-1043456.7015018368
United Airlines,3953,origin,IAH,452316.2866359444,-1652751.7266989667
United Airlines,3953,dest,ORF,2086513.5755781755,-600723.1638676772
United Airlines,3954,origin,ORF,2086513.5755781755,-600723.1638676772
United Airlines,3954,dest,IAH,452316.2866359444,-1652751.7266989667
United Airlines,3955,origin,PWM,2323046.368311461,282201.85932739975
United Airlines,3955,dest,EWR,2135095.905011877,-139210.669492847
United Airlines,3956,origin,DEN,-398957.8437938119,-559911.2634607605
United Airlines,3956,dest,EGE,-591915.5806713243,-570781.3448486088
United Airlines,3957,origin,BTV,2081633.9139069868,291754.6637769176
United Airlines,3957,dest,EWR,2135095.905011877,-139210.669492847
United Airlines,3958,origin,EGE,-591915.5806713243,-570781.3448486088
United Airlines,3958,dest,DEN,-398957.8437938119,-559911.2634607605
United Airlines,3959,origin,EWR,2135095.905011877,-139210.669492847
United Airlines,3959,dest,PWM,2323046.368311461,282201.85932739975
United Airlines,3960,origin,IAD,1922328.2460675351,-409030.73296909296
United Airlines,3960,dest,CLT,1718765.594159813,-891788.5105128315
United Airlines,3961,origin,EWR,2135095.905011877,-139210.669492847
United Airlines,3961,dest,BTV,2081633.9139069868,291754.6637769176
United Airlines,3962,origin,TUL,369902.00173730054,-968710.335093024
United Airlines,3962,dest,ORD,995411.7016669,-262546.73068444384
United Airlines,3963,origin,ORD,995411.7016669,-262546.73068444384
United Airlines,3963,dest,TUL,369902.00173730054,-968710.335093024
United Airlines,3964,origin,OKC,218240.3077465392,-1063902.9710996167
United Airlines,3964,dest,IAH,452316.2866359444,-1652751.7266989667
United Airlines,3965,origin,IND,1166867.010981104,-490339.71160834696
United Airlines,3965,dest,EWR,2135095.905011877,-139210.669492847
United Airlines,3966,origin,RIC,1974576.5147112373,-562009.3202353421
United Airlines,3966,dest,IAD,1922328.2460675351,-409030.73296909296
United Airlines,3967,origin,IAH,452316.2866359444,-1652751.7266989667
United Airlines,3967,dest,ICT,226443.7486944286,-813259.0022928995
Delta Air Lines,3968,origin,LGA,2155684.513057,-122316.28523641168
Delta Air Lines,3968,dest,ROC,1784302.386940441,37810.92949343497
Delta Air Lines,3969,origin,ROC,1784302.386940441,37810.92949343497
Delta Air Lines,3969,dest,JFK,2167729.4793459354,-134551.3799715436
Delta Air Lines,3970,origin,MSP,533284.8020873081,9198.64416372486
Delta Air Lines,3970,dest,SDF,1241535.522119959,-652005.0450171886
American Airlines,3971,origin,JAX,1752547.7524868262,-1421732.3716896002
American Airlines,3971,dest,ORD,995411.7016669,-262546.73068444384
American Airlines,3972,origin,ORD,995411.7016669,-262546.73068444384
American Airlines,3972,dest,JAX,1752547.7524868262,-1421732.3716896002
American Airlines,3973,origin,DFW,278083.31647186854,-1338465.2155458855
American Airlines,3973,dest,XNA,511251.36067402794,-951228.666706021
American Airlines,3974,origin,XNA,511251.36067402794,-951228.666706021
American Airlines,3974,dest,DFW,278083.31647186854,-1338465.2155458855
Delta Air Lines,3975,origin,JAX,1752547.7524868262,-1421732.3716896002
Delta Air Lines,3975,dest,DTW,1359641.697254995,-170996.60408534826
Delta Air Lines,3976,origin,SDF,1241535.522119959,-652005.0450171886
Delta Air Lines,3976,dest,LGA,2155684.513057,-122316.28523641168
Delta Air Lines,3977,origin,LGA,2155684.513057,-122316.28523641168
Delta Air Lines,3977,dest,SDF,1241535.522119959,-652005.0450171886
Delta Air Lines,3978,origin,BOS,2320658.4485041024,126152.13380139158
Delta Air Lines,3978,dest,SDF,1241535.522119959,-652005.0450171886
Delta Air Lines,3979,origin,DTW,1359641.697254995,-170996.60408534826
Delta Air Lines,3979,dest,SDF,1241535.522119959,-652005.0450171886
Delta Air Lines,3980,origin,SDF,1241535.522119959,-652005.0450171886
Delta Air Lines,3980,dest,DTW,1359641.697254995,-170996.60408534826
Delta Air Lines,3981,origin,CVG,1316490.950820449,-539409.9479712159
Delta Air Lines,3981,dest,ORD,995411.7016669,-262546.73068444384
Delta Air Lines,3982,origin,XNA,511251.36067402794,-951228.666706021
Delta Air Lines,3982,dest,CVG,1316490.950820449,-539409.9479712159
Delta Air Lines,3983,origin,SDF,1241535.522119959,-652005.0450171886
Delta Air Lines,3983,dest,BOS,2320658.4485041024,126152.13380139158
Delta Air Lines,3984,origin,STL,834066.6669227502,-646449.0468188728
Delta Air Lines,3984,dest,LGA,2155684.513057,-122316.28523641168
Delta Air Lines,3985,origin,DTW,1359641.697254995,-170996.60408534826
Delta Air Lines,3985,dest,TYS,1437259.8790258272,-883549.1515317184
Delta Air Lines,3986,origin,TYS,1437259.8790258272,-883549.1515317184
Delta Air Lines,3986,dest,DTW,1359641.697254995,-170996.60408534826
American Airlines,3987,origin,SMF,-1850472.0747063856,-458086.04301328777
American Airlines,3987,dest,LAX,-1689593.4354288722,-1043456.7015018368
American Airlines,3988,origin,LAX,-1689593.4354288722,-1043456.7015018368
American Airlines,3988,dest,SMF,-1850472.0747063856,-458086.04301328777
American Airlines,3989,origin,ORD,995411.7016669,-262546.73068444384
American Airlines,3989,dest,XNA,511251.36067402794,-951228.666706021
American Airlines,3990,origin,XNA,511251.36067402794,-951228.666706021
American Airlines,3990,dest,ORD,995411.7016669,-262546.73068444384
United Airlines,3991,origin,ICT,226443.7486944286,-813259.0022928995
United Airlines,3991,dest,IAH,452316.2866359444,-1652751.7266989667
United Airlines,3992,origin,IAD,1922328.2460675351,-409030.73296909296
United Airlines,3992,dest,MCI,455074.4312943624,-619331.8913740775
United Airlines,3993,origin,DEN,-398957.8437938119,-559911.2634607605
United Airlines,3993,dest,SDF,1241535.522119959,-652005.0450171886
United Airlines,3994,origin,EWR,2135095.905011877,-139210.669492847
United Airlines,3994,dest,OMA,343006.6325637459,-402442.5398354072
United Airlines,3995,origin,ORD,995411.7016669,-262546.73068444384
United Airlines,3995,dest,SDF,1241535.522119959,-652005.0450171886
United Airlines,3996,origin,SDF,1241535.522119959,-652005.0450171886
United Airlines,3996,dest,DEN,-398957.8437938119,-559911.2634607605
United Airlines,3997,origin,SDF,1241535.522119959,-652005.0450171886
United Airlines,3997,dest,LAX,-1689593.4354288722,-1043456.7015018368
United Airlines,3998,origin,SDF,1241535.522119959,-652005.0450171886
United Airlines,3998,dest,ORD,995411.7016669,-262546.73068444384
United Airlines,3999,origin,EWR,2135095.905011877,-139210.669492847
United Airlines,3999,dest,SDF,1241535.522119959,-652005.0450171886
United Airlines,4000,origin,SDF,1241535.522119959,-652005.0450171886
United Airlines,4000,dest,EWR,2135095.905011877,-139210.669492847
United Airlines,4001,origin,SDF,1241535.522119959,-652005.0450171886
United Airlines,4001,dest,SFO,-1945640.7538789264,-556902.5127197708
United Airlines,4002,origin,OMA,343006.6325637459,-402442.5398354072
United Airlines,4002,dest,SFO,-1945640.7538789264,-556902.5127197708
United Airlines,4003,origin,SFO,-1945640.7538789264,-556902.5127197708
United Airlines,4003,dest,OMA,343006.6325637459,-402442.5398354072
United Airlines,4004,origin,SFO,-1945640.7538789264,-556902.5127197708
United Airlines,4004,dest,SDF,1241535.522119959,-652005.0450171886
United Airlines,4005,origin,LAX,-1689593.4354288722,-1043456.7015018368
United Airlines,4005,dest,SDF,1241535.522119959,-652005.0450171886
United Airlines,4006,origin,SDF,1241535.522119959,-652005.0450171886
United Airlines,4006,dest,IAH,452316.2866359444,-1652751.7266989667
American Airlines,4007,origin,ORD,995411.7016669,-262546.73068444384
American Airlines,4007,dest,SDF,1241535.522119959,-652005.0450171886
American Airlines,4008,origin,SDF,1241535.522119959,-652005.0450171886
American Airlines,4008,dest,ORD,995411.7016669,-262546.73068444384
American Airlines,4009,origin,SDF,1241535.522119959,-652005.0450171886
American Airlines,4009,dest,CLT,1718765.594159813,-891788.5105128315
American Airlines,4010,origin,CLT,1718765.594159813,-891788.5105128315
American Airlines,4010,dest,SDF,1241535.522119959,-652005.0450171886
United Airlines,4011,origin,PHL,2075929.4181951769,-255080.32292677445
United Airlines,4011,dest,IAD,1922328.2460675351,-409030.73296909296
United Airlines,4012,origin,IAH,452316.2866359444,-1652751.7266989667
United Airlines,4012,dest,CVG,1316490.950820449,-539409.9479712159
United Airlines,4013,origin,MSN,862184.7227999782,-150397.75067967636
United Airlines,4013,dest,IAD,1922328.2460675351,-409030.73296909296
United Airlines,4014,origin,EWR,2135095.905011877,-139210.669492847
United Airlines,4014,dest,MSN,862184.7227999782,-150397.75067967636
United Airlines,4015,origin,MSN,862184.7227999782,-150397.75067967636
United Airlines,4015,dest,IAH,452316.2866359444,-1652751.7266989667
United Airlines,4016,origin,MSN,862184.7227999782,-150397.75067967636
United Airlines,4016,dest,EWR,2135095.905011877,-139210.669492847
United Airlines,4017,origin,IAH,452316.2866359444,-1652751.7266989667
United Airlines,4017,dest,MSN,862184.7227999782,-150397.75067967636
United Airlines,4018,origin,MSN,862184.7227999782,-150397.75067967636
United Airlines,4018,dest,SFO,-1945640.7538789264,-556902.5127197708
United Airlines,4019,origin,LAX,-1689593.4354288722,-1043456.7015018368
United Airlines,4019,dest,MSN,862184.7227999782,-150397.75067967636
United Airlines,4020,origin,BOS,2320658.4485041024,126152.13380139158
United Airlines,4020,dest,MSN,862184.7227999782,-150397.75067967636
United Airlines,4021,origin,SFO,-1945640.7538789264,-556902.5127197708
United Airlines,4021,dest,MSN,862184.7227999782,-150397.75067967636
United Airlines,4022,origin,IAD,1922328.2460675351,-409030.73296909296
United Airlines,4022,dest,MSN,862184.7227999782,-150397.75067967636
United Airlines,4023,origin,BWI,1980887.5167152977,-365563.636502196
United Airlines,4023,dest,EWR,2135095.905011877,-139210.669492847
United Airlines,4024,origin,BOS,2320658.4485041024,126152.13380139158
United Airlines,4024,dest,CLE,1498726.2792607923,-232627.15593650908
United Airlines,4025,origin,EWR,2135095.905011877,-139210.669492847
United Airlines,4025,dest,BWI,1980887.5167152977,-365563.636502196
United Airlines,4026,origin,IAD,1922328.2460675351,-409030.73296909296
United Airlines,4026,dest,MSP,533284.8020873081,9198.64416372486
